Part;TimeStep [s];Steps;DTsMin;PartRuntime [s];NpSave;NpSim;NpNew;NpOut;NctSim;NpAlloc [X];NctAlloc [X];SimRuntime [s];NpbSim;NpfSim;NpNormal;NpOutPos;NpOutRho;NpOutMov;DtMin [s];DtMax [s];MemCPU [MiB];MemGPU [MiB];MemGPU_Cells [MiB];NpAlloc;NctAlloc
0;0;0;0;0.000000;1,011,911;1,011,911;0;0;13,392;1.000126;16.532258;0.000000;395,911;616,000;1,011,911;0;0;0;0;0;86.907949;131.647266;3.378334;1,012,039;221,400
1;0.001040367988994012;9;0;0.057813;1,011,911;1,011,911;0;0;13,392;1.000126;16.532258;0.057813;395,911;616,000;1,011,911;0;0;0;8.651606209795324e-05;8.673081257771229e-05;86.907949;181.835358;3.378334;1,012,039;221,400
2;0.002078251004085494;12;0;0.079375;1,011,911;1,011,911;0;0;13,392;1.000126;16.532258;0.158819;395,911;616,000;1,011,911;0;0;0;8.645985673493379e-05;8.651988763561753e-05;86.907949;181.835358;3.378334;1,012,039;221,400
3;0.003029592080895625;11;0;0.073118;1,011,911;1,011,911;0;0;13,392;1.000126;16.532258;0.254190;395,911;616,000;1,011,911;0;0;0;8.646090453360139e-05;8.654074942204793e-05;86.907949;181.835358;3.378334;1,012,039;221,400
4;0.004068184744165798;12;0;0.077826;1,011,911;1,011,911;0;0;13,392;1.000126;16.532258;0.354603;395,911;616,000;1,011,911;0;0;0;8.648968053091193e-05;8.656409979154937e-05;86.907949;181.835358;3.378334;1,012,039;221,400
5;0.005018223743340179;11;0;0.078346;1,011,911;1,011,911;0;0;13,392;1.000126;16.532258;0.456346;395,911;616,000;1,011,911;0;0;0;8.626536792497998e-05;8.645960921648019e-05;86.907949;181.835358;3.378334;1,012,039;221,400
6;0.006052993352891097;12;0;0.077496;1,011,911;1,011,911;0;0;13,392;1.000126;16.532258;0.556740;395,911;616,000;1,011,911;0;0;0;8.619608832823234e-05;8.625632683450238e-05;86.907949;181.835358;3.378334;1,012,039;221,400
7;0.007000789287050184;11;0;0.072918;1,011,911;1,011,911;0;0;13,392;1.000126;16.532258;0.652662;395,911;616,000;1,011,911;0;0;0;8.612593357314633e-05;8.618988513974066e-05;86.907949;181.835358;3.378334;1,012,039;221,400
8;0.008034059147889943;12;0;0.079666;1,011,911;1,011,911;0;0;13,392;1.000126;16.532258;0.756256;395,911;616,000;1,011,911;0;0;0;8.608828554474028e-05;8.612099765643551e-05;86.907949;181.835358;3.378334;1,012,039;221,400
9;0.009066938546989969;12;0;0.080461;1,011,911;1,011,911;0;0;13,392;1.000126;16.532258;0.860588;395,911;616,000;1,011,911;0;0;0;8.605543244714396e-05;8.608579779906662e-05;86.907949;181.835358;3.378334;1,012,039;221,400
10;0.01001346870622876;11;0;0.074037;1,011,911;1,011,911;0;0;13,392;1.000126;16.532258;0.958599;395,911;616,000;1,011,911;0;0;0;0.000086045007878736;8.605316015714324e-05;86.907949;181.835358;3.378334;1,012,039;221,400
11;0.01104605421041358;12;0;0.079620;1,011,911;1,011,911;0;0;13,392;1.000126;16.532258;1.061940;395,911;616,000;1,011,911;0;0;0;8.604609037745575e-05;8.605233156917441e-05;86.907949;181.835358;3.378334;1,012,039;221,400
12;0.01207868240675496;12;0;0.080675;1,011,911;1,011,911;0;0;13,392;1.000126;16.532258;1.166526;395,911;616,000;1,011,911;0;0;0;8.605216518967357e-05;8.605256419082846e-05;86.907949;181.835358;3.378334;1,012,039;221,400
13;0.01302525656380862;11;0;0.073859;1,011,911;1,011,911;0;0;13,392;1.000126;16.532258;1.264411;395,911;616,000;1,011,911;0;0;0;8.605123683776661e-05;8.605239646865329e-05;86.907949;181.835358;3.378334;1,012,039;221,400
14;0.01405781044045364;12;0;0.080771;1,011,911;1,011,911;0;0;13,392;1.000126;16.532258;1.369169;395,911;616,000;1,011,911;0;0;0;8.603722628357604e-05;8.605071222116329e-05;86.907949;181.835358;3.378334;1,012,039;221,400
15;0.01500410717750117;11;0;0.089079;1,011,911;1,011,911;0;0;13,392;1.000126;16.532258;1.483738;395,911;616,000;1,011,911;0;0;0;8.601298859034267e-05;8.603540031649101e-05;86.907949;181.835358;3.378334;1,012,039;221,400
16;0.01603606088564216;12;0;0.130577;1,011,911;1,011,911;0;0;13,392;1.000126;16.532258;1.640843;395,911;616,000;1,011,911;0;0;0;8.597334187735262e-05;8.601028592260356e-05;86.907949;181.835358;3.378334;1,012,039;221,400
17;0.01706745916654251;12;0;0.092500;1,011,911;1,011,911;0;0;13,392;1.000126;16.532258;1.759432;395,911;616,000;1,011,911;0;0;0;8.592039518395541e-05;8.596933541068458e-05;86.907949;181.835358;3.378334;1,012,039;221,400
18;0.0180123146062552;11;0;0.072054;1,011,911;1,011,911;0;0;13,392;1.000126;16.532258;1.855578;395,911;616,000;1,011,911;0;0;0;8.586591195292539e-05;8.591561668931075e-05;86.907949;181.835358;3.378334;1,012,039;221,400
19;0.01904236679641141;12;0;0.082383;1,011,911;1,011,911;0;0;13,392;1.000126;16.532258;4.259255;395,911;616,000;1,011,911;0;0;0;8.580449846977569e-05;0.0000858607974782918;86.907949;181.835358;3.378334;1,012,039;221,400
20;0.02007170031037808;12;0;0.080582;1,011,911;1,011,911;0;0;13,392;1.000126;16.532258;4.364013;395,911;616,000;1,011,911;0;0;0;8.574757694322157e-05;8.579949380784303e-05;86.907949;181.835358;3.378334;1,012,039;221,400
21;0.02101469372669814;11;0;0.074589;1,011,911;1,011,911;0;0;13,392;1.000126;16.532258;4.463165;395,911;616,000;1,011,911;0;0;0;8.570309138057624e-05;0.0000857431999767004;86.907949;181.835358;3.378334;1,012,039;221,400
22;0.02204290817572947;12;0;0.081437;1,011,911;1,011,911;0;0;13,392;1.000126;16.532258;4.570059;395,911;616,000;1,011,911;0;0;0;8.566440476845265e-05;8.569947063466242e-05;86.907949;181.835358;3.378334;1,012,039;221,400
23;0.02307071198187326;12;0;0.079965;1,011,911;1,011,911;0;0;13,392;1.000126;16.532258;4.675429;395,911;616,000;1,011,911;0;0;0;8.563548776455565e-05;8.566161430366057e-05;86.907949;181.835358;3.378334;1,012,039;221,400
24;0.02401250897607705;11;0;0.075364;1,011,911;1,011,911;0;0;13,392;1.000126;16.532258;4.776927;395,911;616,000;1,011,911;0;0;0;8.558367294197273e-05;8.563353782265331e-05;86.907949;181.835358;3.378334;1,012,039;221,400
25;0.02503914864873294;12;0;0.084689;1,011,911;1,011,911;0;0;13,392;1.000126;16.532258;4.888871;395,911;616,000;1,011,911;0;0;0;8.552149047782972e-05;8.557762148934936e-05;86.907949;181.835358;3.378334;1,012,039;221,400
26;0.02606516505404636;12;0;0.081924;1,011,911;1,011,911;0;0;13,392;1.000126;16.532258;5.012286;395,911;616,000;1,011,911;0;0;0;8.548153316754865e-05;8.551731998828125e-05;86.907949;181.835358;3.378334;1,012,039;221,400
27;0.02700535749258994;11;0;0.082977;1,011,911;1,011,911;0;0;13,392;1.000126;16.532258;5.126362;395,911;616,000;1,011,911;0;0;0;8.546402107445084e-05;0.0000854791818917829;86.907949;181.835358;3.378334;1,012,039;221,400
28;0.02803091166048041;12;0;0.088119;1,011,911;1,011,911;0;0;13,392;1.000126;16.532258;5.250520;395,911;616,000;1,011,911;0;0;0;8.546208366980531e-05;8.546553391880235e-05;86.907949;181.835358;3.378334;1,012,039;221,400
29;0.02905660201347256;12;0;0.088226;1,011,911;1,011,911;0;0;13,392;1.000126;16.532258;5.389923;395,911;616,000;1,011,911;0;0;0;8.546668137012597e-05;8.549163239984648e-05;86.907949;181.835358;3.378334;1,012,039;221,400
30;0.03008274772552684;12;0;0.087885;1,011,911;1,011,911;0;0;13,392;1.000126;16.532258;5.517248;395,911;616,000;1,011,911;0;0;0;8.549511040887426e-05;8.554557531343634e-05;86.907949;181.835358;3.378334;1,012,039;221,400
31;0.03102389639332204;11;0;0.078236;1,011,911;1,011,911;0;0;13,392;1.000126;16.532258;5.634896;395,911;616,000;1,011,911;0;0;0;8.555105867158825e-05;0.0000855651561186583;86.907949;181.835358;3.378334;1,012,039;221,400
32;0.03205067156853034;12;0;0.079511;1,011,911;1,011,911;0;0;13,392;1.000126;16.532258;5.780395;395,911;616,000;1,011,911;0;0;0;8.556242419999949e-05;8.557055134654995e-05;86.907949;181.835358;3.378334;1,012,039;221,400
33;0.03307736182567769;12;0;0.125607;1,011,911;1,011,911;0;0;13,392;1.000126;16.532258;5.933978;395,911;616,000;1,011,911;0;0;0;8.549821085445162e-05;8.557748864889615e-05;86.907949;181.835358;3.378334;1,012,039;221,400
34;0.03401727760663048;11;0;0.092904;1,011,911;1,011,911;0;0;13,392;1.000126;16.532258;6.053553;395,911;616,000;1,011,911;0;0;0;8.539278109050212e-05;8.548685122670557e-05;86.907949;181.835358;3.378334;1,012,039;221,400
35;0.03504153358794854;12;0;0.080411;1,011,911;1,011,911;0;0;13,824;1.000126;16.015625;6.162977;395,911;616,000;1,011,911;0;0;0;0.0000853147574994223;8.538508496023559e-05;86.907949;181.835358;3.378334;1,012,039;221,400
36;0.03606498432679809;12;0;0.081197;1,011,911;1,011,911;0;0;13,824;1.000126;16.015625;6.271848;395,911;616,000;1,011,911;0;0;0;8.525857220547482e-05;8.530938850906972e-05;86.907949;181.835358;3.378334;1,012,039;221,400
37;0.03700263672484576;11;0;0.074565;1,011,911;1,011,911;0;0;13,824;1.000126;16.015625;6.376969;395,911;616,000;1,011,911;0;0;0;0.0000852235437805469;8.525467048000536e-05;86.907949;181.835358;3.378334;1,012,039;221,400
38;0.03802519335753112;12;0;0.094970;1,011,911;1,011,911;0;0;13,824;1.000126;16.015625;6.501877;395,911;616,000;1,011,911;0;0;0;8.519062847539178e-05;8.522131583296379e-05;86.907949;181.835358;3.378334;1,012,039;221,400
39;0.03904709215410311;12;0;0.079663;1,011,911;1,011,911;0;0;13,824;1.000126;16.015625;6.610341;395,911;616,000;1,011,911;0;0;0;8.512945340171762e-05;8.518357175129429e-05;86.907949;181.835358;3.378334;1,012,039;221,400
40;0.04006778618052786;12;0;0.080847;1,011,911;1,011,911;0;0;13,824;1.000126;16.015625;6.719796;395,911;616,000;1,011,911;0;0;0;0.0000844791055975689;8.512676982833035e-05;86.907949;181.835358;3.378334;1,012,039;221,400
41;0.04107156424690962;12;0;0.082361;1,011,911;1,011,911;0;0;13,824;1.000126;16.015625;6.832543;395,911;616,000;1,011,911;0;0;0;0.0000828791134740357;8.429987732833994e-05;86.907949;181.835358;3.378334;1,012,039;221,400
42;0.04206202704297595;12;0;0.081574;1,011,911;1,011,911;0;0;13,824;1.000126;16.015625;6.942777;395,911;616,000;1,011,911;0;0;0;8.227850814208302e-05;8.279651323986505e-05;86.907949;181.835358;3.378334;1,012,039;221,400
43;0.04304887400532895;12;0;0.082162;1,011,911;1,011,911;0;0;13,824;1.000126;16.015625;7.052960;395,911;616,000;1,011,911;0;0;0;8.222099885606453e-05;8.226504232285121e-05;86.907949;181.835358;3.378334;1,012,039;221,400
44;0.04403724914151722;12;0;0.081567;1,011,911;1,011,911;0;0;13,824;1.000126;16.015625;7.162425;395,911;616,000;1,011,911;0;0;0;8.227989959279293e-05;8.254014641552279e-05;86.907949;181.835358;3.378334;1,012,039;221,400
45;0.04502966850252615;12;0;0.081824;1,011,911;1,011,911;0;0;13,824;1.000126;16.015625;7.274802;395,911;616,000;1,011,911;0;0;0;8.257033048659941e-05;8.294192602882795e-05;86.907949;181.835358;3.378334;1,012,039;221,400
46;0.0460271798398026;12;0;0.082909;1,011,911;1,011,911;0;0;13,824;1.000126;16.015625;7.390247;395,911;616,000;1,011,911;0;0;0;8.297813390602027e-05;8.338656019916657e-05;86.907949;181.835358;3.378334;1,012,039;221,400
47;0.04703004515824586;12;0;0.081911;1,011,911;1,011,911;0;0;13,824;1.000126;16.015625;7.512195;395,911;616,000;1,011,911;0;0;0;8.342396952219219e-05;8.382779418261848e-05;86.907949;181.835358;3.378334;1,012,039;221,400
48;0.04803806560873375;12;0;0.081476;1,011,911;1,011,911;0;0;13,824;1.000126;16.015625;7.623804;395,911;616,000;1,011,911;0;0;0;8.386338950200978e-05;8.423764924918036e-05;86.907949;181.835358;3.378334;1,012,039;221,400
49;0.04905079945708611;12;0;0.081080;1,011,911;1,011,911;0;0;13,824;1.000126;16.015625;7.735070;395,911;616,000;1,011,911;0;0;0;8.426996825045463e-05;8.458276603236453e-05;86.907949;181.835358;3.378334;1,012,039;221,400
50;0.05006448651486078;12;0;0.081189;1,011,911;1,011,911;0;0;13,824;1.000126;16.015625;7.845986;395,911;616,000;1,011,911;0;0;0;8.411897041876443e-05;8.457681954491279e-05;86.907949;181.835358;3.378334;1,012,039;221,400
51;0.05107040094211208;12;0;0.081364;1,011,911;1,011,911;0;0;13,824;1.000126;16.015625;7.957495;395,911;616,000;1,011,911;0;0;0;8.356589251954592e-05;8.405386858462059e-05;86.907949;181.835358;3.378334;1,012,039;221,400
52;0.05207198058542963;12;0;0.096456;1,011,911;1,011,911;0;0;13,824;1.000126;16.015625;8.082192;395,911;616,000;1,011,911;0;0;0;8.340001044435893e-05;8.353969566739018e-05;86.907949;181.835358;3.378334;1,012,039;221,400
53;0.05307293140163425;12;0;0.142215;1,011,911;1,011,911;0;0;13,824;1.000126;16.015625;8.252660;395,911;616,000;1,011,911;0;0;0;8.339820382685187e-05;8.346134227462336e-05;86.907949;181.835358;3.378334;1,012,039;221,400
54;0.05407526808707699;12;0;0.081768;1,011,911;1,011,911;0;0;13,824;1.000126;16.015625;8.367111;395,911;616,000;1,011,911;0;0;0;8.347273887360328e-05;8.363521488496066e-05;86.907949;181.835358;3.378334;1,012,039;221,400
55;0.05507528538492706;12;0;0.081681;1,011,911;1,011,911;0;0;13,824;1.000126;16.015625;8.478392;395,911;616,000;1,011,911;0;0;0;0.0000829481418127394;8.363731811019648e-05;86.907949;181.835358;3.378334;1,012,039;221,400
56;0.0560674256346153;12;0;0.084672;1,011,911;1,011,911;0;0;13,824;1.000126;16.015625;8.591968;395,911;616,000;1,011,911;0;0;0;8.229786355194308e-05;8.289548176164789e-05;86.907949;181.835358;3.378334;1,012,039;221,400
57;0.05705103335191402;12;0;0.082760;1,011,911;1,011,911;0;0;13,824;1.000126;16.015625;8.703602;395,911;616,000;1,011,911;0;0;0;8.166686854839973e-05;8.222665775157862e-05;86.907949;181.835358;3.378334;1,012,039;221,400
58;0.05802982150070236;12;0;0.081982;1,011,911;1,011,911;0;0;13,824;1.000126;16.015625;8.817911;395,911;616,000;1,011,911;0;0;0;8.151345430538239e-05;8.163731102309235e-05;86.907949;181.835358;3.378334;1,012,039;221,400
59;0.0590085962690186;12;0;0.081200;1,011,911;1,011,911;0;0;13,824;1.000126;16.015625;8.932542;395,911;616,000;1,011,911;0;0;0;8.126825864444181e-05;8.163083715636559e-05;86.907949;181.835358;3.378334;1,012,039;221,400
60;0.06005127830833843;13;0;0.089195;1,011,911;1,011,911;0;0;13,824;1.000126;16.015625;9.050542;395,911;616,000;1,011,911;0;0;0;0.0000797499831305463;8.096899247311523e-05;86.907949;181.835358;3.378334;1,012,039;221,400
61;0.06107503073272474;13;0;0.088757;1,011,911;1,011,911;0;0;13,824;1.000126;16.015625;9.167766;395,911;616,000;1,011,911;0;0;0;7.807835101681363e-05;7.981885408181493e-05;86.907949;181.835358;3.378334;1,012,039;221,400
62;0.06201883893990001;12;0;0.081468;1,011,911;1,011,911;0;0;13,824;1.000126;16.015625;9.278409;395,911;616,000;1,011,911;0;0;0;7.818655217015408e-05;7.965471606743735e-05;86.907949;181.835358;3.378334;1,012,039;221,400
63;0.0630668784901484;13;0;0.089240;1,011,911;1,011,911;0;0;14,256;1.000126;15.530303;9.459972;395,911;616,000;1,011,911;0;0;0;7.982894573658088e-05;8.156262328226313e-05;86.907949;181.835358;3.378334;1,012,039;221,400
64;0.06404928098065624;12;0;0.081451;1,011,911;1,011,911;0;0;14,256;1.000126;15.530303;9.572574;395,911;616,000;1,011,911;0;0;0;8.161753725104594e-05;8.232748876548835e-05;86.907949;181.835358;3.378334;1,012,039;221,400
65;0.0650331429865546;12;0;0.081572;1,011,911;1,011,911;0;0;14,256;1.000126;15.530303;9.683874;395,911;616,000;1,011,911;0;0;0;8.057254019835775e-05;8.267580136176106e-05;86.907949;181.835358;3.378334;1,012,039;221,400
66;0.06607289197770544;13;0;0.087194;1,011,911;1,011,911;0;0;14,256;1.000126;15.530303;9.801028;395,911;616,000;1,011,911;0;0;0;7.975835817929661e-05;8.039184509265923e-05;86.907949;181.835358;3.378334;1,012,039;221,400
67;0.06703355452533674;12;0;0.082184;1,011,911;1,011,911;0;0;14,256;1.000126;15.530303;9.911924;395,911;616,000;1,011,911;0;0;0;7.983901611389142e-05;8.050246194298183e-05;86.907949;181.835358;3.378334;1,012,039;221,400
68;0.06800412520360816;12;0;0.082480;1,011,911;1,011,911;0;0;14,256;1.000126;15.530303;10.023039;395,911;616,000;1,011,911;0;0;0;8.057667711689322e-05;8.141155037926829e-05;86.907949;181.835358;3.378334;1,012,039;221,400
69;0.06905937877826465;13;0;0.087400;1,011,911;1,011,911;0;0;14,256;1.000126;15.530303;10.140092;395,911;616,000;1,011,911;0;0;0;8.034459623667622e-05;8.170472654082494e-05;86.907949;181.835358;3.378334;1,012,039;221,400
70;0.07002148087752384;12;0;0.082193;1,011,911;1,011,911;0;0;14,256;1.000126;15.530303;10.248632;395,911;616,000;1,011,911;0;0;0;8.011189026785232e-05;8.027081317519313e-05;86.907949;181.835358;3.378334;1,012,039;221,400
71;0.07106414238904106;13;0;0.137457;1,011,911;1,011,911;0;0;14,256;1.000126;15.530303;10.411235;395,911;616,000;1,011,911;0;0;0;8.014060225443209e-05;8.034404070411948e-05;86.907949;181.835358;3.378334;1,012,039;221,400
72;0.07202829470802898;12;0;0.081451;1,011,911;1,011,911;0;0;14,256;1.000126;15.530303;10.515483;395,911;616,000;1,011,911;0;0;0;8.020331580635664e-05;0.0000806439735410553;86.907949;181.835358;3.378334;1,012,039;221,400
73;0.07308042421347938;13;0;0.086052;1,011,911;1,011,911;0;0;14,256;1.000126;15.530303;10.644717;395,911;616,000;1,011,911;0;0;0;8.069444863264439e-05;8.133641943538608e-05;86.907949;181.835358;3.378334;1,012,039;221,400
74;0.07405099583829618;12;0;0.081822;1,011,911;1,011,911;0;0;14,256;1.000126;15.530303;10.750622;395,911;616,000;1,011,911;0;0;0;7.996910871948824e-05;8.149768167179281e-05;86.907949;181.835358;3.378334;1,012,039;221,400
75;0.07500854731895001;12;0;0.080293;1,011,911;1,011,911;0;0;14,256;1.000126;15.530303;10.857511;395,911;616,000;1,011,911;0;0;0;7.973374468334433e-05;7.989313182737449e-05;86.907949;181.835358;3.378334;1,012,039;221,400
76;0.07605094181902486;13;0;0.088015;1,011,911;1,011,911;0;0;14,256;1.000126;15.530303;10.970730;395,911;616,000;1,011,911;0;0;0;7.991709392614742e-05;8.068196361727847e-05;86.907949;181.835358;3.378334;1,012,039;221,400
77;0.07701996247142144;12;0;0.082075;1,011,911;1,011,911;0;0;14,256;1.000126;15.530303;11.080673;395,911;616,000;1,011,911;0;0;0;7.997093010746947e-05;8.112152600057101e-05;86.907949;181.835358;3.378334;1,012,039;221,400
78;0.07805349406341168;13;0;0.089201;1,011,911;1,011,911;0;0;14,256;1.000126;15.530303;11.195340;395,911;616,000;1,011,911;0;0;0;7.933338708508094e-05;7.982517352459515e-05;86.907949;181.835358;3.378334;1,012,039;221,400
79;0.07900881996821886;12;0;0.081402;1,011,911;1,011,911;0;0;14,256;1.000126;15.530303;11.303051;395,911;616,000;1,011,911;0;0;0;7.941266338841083e-05;8.002524439841049e-05;86.907949;181.835358;3.378334;1,012,039;221,400
80;0.08005030423255255;13;0;0.088071;1,011,911;1,011,911;0;0;14,256;1.000126;15.530303;11.416759;395,911;616,000;1,011,911;0;0;0;7.955801947197511e-05;8.046048265890225e-05;86.907949;181.835358;3.378334;1,012,039;221,400
81;0.08100344361939588;12;0;0.081258;1,011,911;1,011,911;0;0;14,256;1.000126;15.530303;11.524254;395,911;616,000;1,011,911;0;0;0;0.0000793669637966165;7.957723535797932e-05;86.907949;181.835358;3.378334;1,012,039;221,400
82;0.08204263726202235;13;0;0.087566;1,011,911;1,011,911;0;0;14,256;1.000126;15.530303;11.637121;395,911;616,000;1,011,911;0;0;0;7.962960724574474e-05;8.048950590007959e-05;86.907949;181.835358;3.378334;1,012,039;221,400
83;0.08300953071390209;12;0;0.096674;1,011,911;1,011,911;0;0;14,688;1.000126;15.073529;11.759956;395,911;616,000;1,011,911;0;0;0;8.046723262215942e-05;8.069258867428901e-05;86.907949;181.835358;3.378334;1,012,039;221,400
84;0.08404457595917636;13;0;0.086777;1,011,911;1,011,911;0;0;14,688;1.000126;15.073529;11.871337;395,911;616,000;1,011,911;0;0;0;7.854713460105355e-05;8.043546605589717e-05;86.907949;181.835358;3.378334;1,012,039;221,400
85;0.08506491416313038;13;0;0.086558;1,011,911;1,011,911;0;0;14,688;1.000126;15.073529;11.982655;395,911;616,000;1,011,911;0;0;0;7.839553059077741e-05;7.879937873848907e-05;86.907949;181.835358;3.378334;1,012,039;221,400
86;0.08601447272775434;12;0;0.082048;1,011,911;1,011,911;0;0;14,688;1.000126;15.073529;12.090194;395,911;616,000;1,011,911;0;0;0;7.887942505048495e-05;7.952393934308646e-05;86.907949;181.835358;3.378334;1,012,039;221,400
87;0.08703807020884138;13;0;0.087717;1,011,911;1,011,911;0;0;14,688;1.000126;15.073529;12.202572;395,911;616,000;1,011,911;0;0;0;7.865417267492999e-05;7.892010581612952e-05;86.907949;181.835358;3.378334;1,012,039;221,400
88;0.0880571437330223;13;0;0.088098;1,011,911;1,011,911;0;0;14,688;1.000126;15.073529;12.315526;395,911;616,000;1,011,911;0;0;0;7.786191126036841e-05;7.905830490441954e-05;86.907949;181.835358;3.378334;1,012,039;221,400
89;0.08906933544792967;13;0;0.089494;1,011,911;1,011,911;0;0;14,688;1.000126;15.073529;12.429504;395,911;616,000;1,011,911;0;0;0;7.728928231604833e-05;7.823769833703344e-05;86.907949;181.835358;3.378334;1,012,039;221,400
90;0.09007562091099876;13;0;0.152077;1,011,911;1,011,911;0;0;14,688;1.000126;15.073529;12.608104;395,911;616,000;1,011,911;0;0;0;7.722535858068322e-05;7.797889972705771e-05;86.907949;181.835358;3.378334;1,012,039;221,400
91;0.09100696567448463;12;0;0.082867;1,011,911;1,011,911;0;0;14,688;1.000126;15.073529;12.718253;395,911;616,000;1,011,911;0;0;0;7.708839350028783e-05;7.821353358660763e-05;86.907949;181.835358;3.378334;1,012,039;221,400
92;0.09201392693621874;13;0;0.091264;1,011,911;1,011,911;0;0;14,688;1.000126;15.073529;12.842061;395,911;616,000;1,011,911;0;0;0;7.711283240122608e-05;7.819387339681894e-05;86.907949;181.835358;3.378334;1,012,039;221,400
93;0.09301771785827913;13;0;0.089435;1,011,911;1,011,911;0;0;14,688;1.000126;15.073529;12.962452;395,911;616,000;1,011,911;0;0;0;7.688905594655003e-05;7.787809763492597e-05;86.907949;181.835358;3.378334;1,012,039;221,400
94;0.09402320267007022;13;0;0.089139;1,011,911;1,011,911;0;0;14,688;1.000126;15.073529;13.081219;395,911;616,000;1,011,911;0;0;0;7.680444845608068e-05;0.0000778896840822952;86.907949;181.835358;3.378334;1,012,039;221,400
95;0.09502164185761128;13;0;0.088972;1,011,911;1,011,911;0;0;14,688;1.000126;15.073529;13.198545;395,911;616,000;1,011,911;0;0;0;7.663795871426529e-05;7.735832382941237e-05;86.907949;181.835358;3.378334;1,012,039;221,400
96;0.09602500046990456;13;0;0.088728;1,011,911;1,011,911;0;0;14,688;1.000126;15.073529;13.315559;395,911;616,000;1,011,911;0;0;0;7.656111357323175e-05;7.786933928058504e-05;86.907949;181.835358;3.378334;1,012,039;221,400
97;0.0970252816754259;13;0;0.090011;1,011,911;1,011,911;0;0;14,688;1.000126;15.073529;13.434536;395,911;616,000;1,011,911;0;0;0;0.0000765781916651207;7.776443307988564e-05;86.907949;181.835358;3.378334;1,012,039;221,400
98;0.0980276968510123;13;0;0.089659;1,011,911;1,011,911;0;0;14,688;1.000126;15.073529;13.552992;395,911;616,000;1,011,911;0;0;0;7.660339509082078e-05;7.795964247298485e-05;86.907949;181.835358;3.378334;1,012,039;221,400
99;0.09903101782400583;13;0;0.089477;1,011,911;1,011,911;0;0;15,120;1.000126;14.642857;13.673159;395,911;616,000;1,011,911;0;0;0;7.672094665508002e-05;7.796117175972073e-05;86.907949;181.835358;3.378334;1,012,039;221,400
100;0.1000316910125431;13;0;0.089213;1,011,911;1,011,911;0;0;15,120;1.000126;14.642857;13.792061;395,911;616,000;1,011,911;0;0;0;7.665210435422266e-05;7.763282349901586e-05;86.907949;181.835358;3.378334;1,012,039;221,400
101;0.1010382272353541;13;0;0.090448;1,011,911;1,011,911;0;0;15,120;1.000126;14.642857;13.911861;395,911;616,000;1,011,911;0;0;0;0.0000769270544443927;7.811472617112699e-05;86.907949;181.835358;3.378334;1,012,039;221,400
102;0.1020390055677021;13;0;0.089589;1,011,911;1,011,911;0;0;15,120;1.000126;14.642857;14.031943;395,911;616,000;1,011,911;0;0;0;7.676347058167687e-05;7.741982930103206e-05;86.907949;181.835358;3.378334;1,012,039;221,400
103;0.103046881538243;13;0;0.088396;1,011,911;1,011,911;0;0;15,120;1.000126;14.642857;14.149027;395,911;616,000;1,011,911;0;0;0;7.712970185579893e-05;7.800730669229571e-05;86.907949;181.835358;3.378334;1,012,039;221,400
104;0.1040497654160637;13;0;0.090448;1,011,911;1,011,911;0;0;15,120;1.000126;14.642857;14.270032;395,911;616,000;1,011,911;0;0;0;0.0000769553579359579;7.752096444896999e-05;86.907949;181.835358;3.378334;1,012,039;221,400
105;0.1050600110952928;13;0;0.090416;1,011,911;1,011,911;0;0;15,120;1.000126;14.642857;14.389720;395,911;616,000;1,011,911;0;0;0;7.728407159852534e-05;7.829872611001726e-05;86.907949;181.835358;3.378334;1,012,039;221,400
106;0.106060272346621;13;0;0.089736;1,011,911;1,011,911;0;0;15,120;1.000126;14.642857;14.508900;395,911;616,000;1,011,911;0;0;0;7.679935780379948e-05;7.727290696936784e-05;86.907949;181.835358;3.378334;1,012,039;221,400
107;0.1070688207323294;13;0;0.093148;1,011,911;1,011,911;0;0;15,120;1.000126;14.642857;14.630714;395,911;616,000;1,011,911;0;0;0;7.704847722420737e-05;7.830537832840886e-05;86.907949;181.835358;3.378334;1,012,039;221,400
108;0.1080763836965009;13;0;0.130101;1,011,911;1,011,911;0;0;15,120;1.000126;14.642857;14.816610;395,911;616,000;1,011,911;0;0;0;7.727467184501326e-05;7.796201201193128e-05;86.907949;181.835358;3.378334;1,012,039;221,400
109;0.1090111343952551;12;0;0.084858;1,011,911;1,011,911;0;0;15,120;1.000126;14.642857;14.928792;395,911;616,000;1,011,911;0;0;0;7.751777716825409e-05;7.850004882698287e-05;86.907949;181.835358;3.378334;1,012,039;221,400
110;0.1100206889057599;13;0;0.090927;1,011,911;1,011,911;0;0;15,120;1.000126;14.642857;15.046619;395,911;616,000;1,011,911;0;0;0;7.653706597711548e-05;7.829161672244999e-05;86.907949;181.835358;3.378334;1,012,039;221,400
111;0.111005345547554;13;0;0.091259;1,011,911;1,011,911;0;0;15,120;1.000126;14.642857;15.166618;395,911;616,000;1,011,911;0;0;0;7.547436046926188e-05;7.618726196008471e-05;86.907949;181.835358;3.378334;1,012,039;221,400
112;0.1120050871340742;13;0;0.089968;1,011,911;1,011,911;0;0;15,120;1.000126;14.642857;15.288149;395,911;616,000;1,011,911;0;0;0;7.620691885860243e-05;7.756535044076432e-05;86.907949;181.835358;3.378334;1,012,039;221,400
113;0.1130192825562175;13;0;0.089477;1,011,911;1,011,911;0;0;15,120;1.000126;14.642857;15.406710;395,911;616,000;1,011,911;0;0;0;7.762113222636107e-05;0.0000786603458561402;86.907949;181.835358;3.378334;1,012,039;221,400
114;0.1140308690518463;13;0;0.090100;1,011,911;1,011,911;0;0;15,552;1.000126;14.236111;15.526127;395,911;616,000;1,011,911;0;0;0;7.752498651840062e-05;7.836995572868832e-05;86.907949;181.835358;3.378334;1,012,039;221,400
115;0.1150259099873194;13;0;0.091352;1,011,911;1,011,911;0;0;15,552;1.000126;14.236111;15.646458;395,911;616,000;1,011,911;0;0;0;7.615151698140006e-05;0.0000773819994877996;86.907949;181.835358;3.378334;1,012,039;221,400
116;0.1160226164440984;13;0;0.089325;1,011,911;1,011,911;0;0;15,552;1.000126;14.236111;15.765389;395,911;616,000;1,011,911;0;0;0;7.643185472432447e-05;7.742488546191894e-05;86.907949;181.835358;3.378334;1,012,039;221,400
117;0.1170371599744495;13;0;0.089661;1,011,911;1,011,911;0;0;15,552;1.000126;14.236111;15.883924;395,911;616,000;1,011,911;0;0;0;7.756531188363768e-05;7.879879178494115e-05;86.907949;181.835358;3.378334;1,012,039;221,400
118;0.1180478200719265;13;0;0.089694;1,011,911;1,011,911;0;0;15,552;1.000126;14.236111;16.002289;395,911;616,000;1,011,911;0;0;0;7.654232127052231e-05;7.864903963711339e-05;86.907949;181.835358;3.378334;1,012,039;221,400
119;0.119043218450184;13;0;0.089614;1,011,911;1,011,911;0;0;15,552;1.000126;14.236111;16.120016;395,911;616,000;1,011,911;0;0;0;7.641637259442932e-05;7.683782171533084e-05;86.907949;181.835358;3.378334;1,012,039;221,400
120;0.120045401571651;13;0;0.110671;1,011,911;1,011,911;0;0;15,552;1.000126;14.236111;16.258809;395,911;616,000;1,011,911;0;0;0;7.677279224067568e-05;7.762900080557117e-05;86.907949;181.835358;3.378334;1,012,039;221,400
121;0.121057757630531;13;0;0.088850;1,011,911;1,011,911;0;0;15,552;1.000126;14.236111;16.380106;395,911;616,000;1,011,911;0;0;0;7.765598380842557e-05;7.815113616610867e-05;86.907949;181.835358;3.378334;1,012,039;221,400
122;0.1220706919551535;13;0;0.089164;1,011,911;1,011,911;0;0;15,552;1.000126;14.236111;16.498278;395,911;616,000;1,011,911;0;0;0;7.766879566298575e-05;7.816814974416488e-05;86.907949;181.835358;3.378334;1,012,039;221,400
123;0.1230048622426093;12;0;0.084355;1,011,911;1,011,911;0;0;15,552;1.000126;14.236111;16.611518;395,911;616,000;1,011,911;0;0;0;7.766207307671622e-05;0.0000783518912187603;86.907949;181.835358;3.378334;1,012,039;221,400
124;0.1240261108703702;13;0;0.089272;1,011,911;1,011,911;0;0;15,552;1.000126;14.236111;16.729188;395,911;616,000;1,011,911;0;0;0;7.793410881977256e-05;7.908078731392365e-05;86.907949;181.835358;3.378334;1,012,039;221,400
125;0.1250099476375923;13;0;0.107871;1,011,911;1,011,911;0;0;15,552;1.000126;14.236111;16.865378;395,911;616,000;1,011,911;0;0;0;7.395339803076047e-05;7.785461044159445e-05;86.907949;181.835358;3.378334;1,012,039;221,400
126;0.1260505775172441;14;0;0.130258;1,011,911;1,011,911;0;0;15,552;1.000126;14.236111;17.023058;395,911;616,000;1,011,911;0;0;0;7.402036619610095e-05;7.467812530611612e-05;86.907949;181.835358;3.378334;1,012,039;221,400
127;0.127032046063105;13;0;0.089582;1,011,911;1,011,911;0;0;15,552;1.000126;14.236111;17.137402;395,911;616,000;1,011,911;0;0;0;7.480362203781836e-05;7.631404122632906e-05;86.907949;181.835358;3.378334;1,012,039;221,400
128;0.1280257904116056;13;0;0.088692;1,011,911;1,011,911;0;0;15,552;1.000126;14.236111;17.249042;395,911;616,000;1,011,911;0;0;0;0.0000761299350397543;7.702184135467586e-05;86.907949;181.835358;3.378334;1,012,039;221,400
129;0.1290292948095341;13;0;0.087105;1,011,911;1,011,911;0;0;15,984;1.000126;13.851351;17.359950;395,911;616,000;1,011,911;0;0;0;7.698517078576248e-05;7.779456409662741e-05;86.907949;181.835358;3.378334;1,012,039;221,400
130;0.1300432133238138;13;0;0.089670;1,011,911;1,011,911;0;0;15,984;1.000126;13.851351;17.474523;395,911;616,000;1,011,911;0;0;0;7.774793880651391e-05;7.814098300376355e-05;86.907949;181.835358;3.378334;1,012,039;221,400
131;0.1310520592810984;13;0;0.089788;1,011,911;1,011,911;0;0;15,984;1.000126;13.851351;17.590226;395,911;616,000;1,011,911;0;0;0;7.747005525111225e-05;0.0000780207836830658;86.907949;181.835358;3.378334;1,012,039;221,400
132;0.1320679229301868;13;0;0.089129;1,011,911;1,011,911;0;0;15,984;1.000126;13.851351;17.705953;395,911;616,000;1,011,911;0;0;0;7.811516936659984e-05;7.831962445402527e-05;86.907949;181.835358;3.378334;1,012,039;221,400
133;0.1330096054539457;12;0;0.083392;1,011,911;1,011,911;0;0;15,984;1.000126;13.851351;17.814507;395,911;616,000;1,011,911;0;0;0;7.821102039476982e-05;0.0000790073301931856;86.907949;181.835358;3.378334;1,012,039;221,400
134;0.1340349806139545;13;0;0.094492;1,011,911;1,011,911;0;0;15,984;1.000126;13.851351;17.939949;395,911;616,000;1,011,911;0;0;0;7.840821851284123e-05;7.914302901159183e-05;86.907949;181.835358;3.378334;1,012,039;221,400
135;0.1350298418643388;13;0;0.091408;1,011,911;1,011,911;0;0;15,984;1.000126;13.851351;18.065804;395,911;616,000;1,011,911;0;0;0;7.394513971646286e-05;7.809995927854452e-05;86.907949;181.835358;3.378334;1,012,039;221,400
136;0.1360692965974219;14;0;0.098919;1,011,911;1,011,911;0;0;15,984;1.000126;13.851351;18.191189;395,911;616,000;1,011,911;0;0;0;7.381385067385413e-05;7.508812747369231e-05;86.907949;181.835358;3.378334;1,012,039;221,400
137;0.1370409293089429;13;0;0.092759;1,011,911;1,011,911;0;0;15,984;1.000126;13.851351;18.344391;395,911;616,000;1,011,911;0;0;0;0.0000744771782230176;0.0000755727723703045;86.907949;181.835358;3.378334;1,012,039;221,400
138;0.1380330179813969;13;0;0.094553;1,011,911;1,011,911;0;0;15,984;1.000126;13.851351;18.560339;395,911;616,000;1,011,911;0;0;0;7.574518449301294e-05;7.697903619698956e-05;86.907949;181.835358;3.378334;1,012,039;221,400
139;0.1390236204099868;13;0;0.093491;1,011,911;1,011,911;0;0;15,984;1.000126;13.851351;18.687686;395,911;616,000;1,011,911;0;0;0;7.609744235124651e-05;7.638561677992541e-05;86.907949;181.835358;3.378334;1,012,039;221,400
140;0.1400203178652459;13;0;0.093466;1,011,911;1,011,911;0;0;15,984;1.000126;13.851351;18.819291;395,911;616,000;1,011,911;0;0;0;7.648790821905243e-05;7.693720166937758e-05;86.907949;181.835358;3.378334;1,012,039;221,400
141;0.1410273145643494;13;0;0.088539;1,011,911;1,011,911;0;0;15,984;1.000126;13.851351;18.943251;395,911;616,000;1,011,911;0;0;0;7.692073590726776e-05;7.846886441447276e-05;86.907949;181.835358;3.378334;1,012,039;221,400
142;0.1420466069371354;13;0;0.119570;1,011,911;1,011,911;0;0;15,984;1.000126;13.851351;19.095096;395,911;616,000;1,011,911;0;0;0;7.724977605684713e-05;0.0000791917134294449;86.907949;181.835358;3.378334;1,012,039;221,400
143;0.1430511402359896;13;0;0.088214;1,011,911;1,011,911;0;0;15,984;1.000126;13.851351;19.237295;395,911;616,000;1,011,911;0;0;0;7.710896911150319e-05;7.764484118109714e-05;86.907949;181.835358;3.378334;1,012,039;221,400
144;0.1440399306834157;13;0;0.092127;1,011,911;1,011,911;0;0;15,984;1.000126;13.851351;19.361580;395,911;616,000;1,011,911;0;0;0;7.534234931001205e-05;0.0000772005609391045;86.907949;181.835358;3.378334;1,012,039;221,400
145;0.1450728656966829;14;0;0.095872;1,011,911;1,011,911;0;0;16,416;1.000126;13.486842;19.491649;395,911;616,000;1,011,911;0;0;0;7.302267055509788e-05;0.0000755798833358475;86.907949;181.835358;3.378334;1,012,039;221,400
146;0.1460375246322518;13;0;0.089136;1,011,911;1,011,911;0;0;16,416;1.000126;13.486842;19.610476;395,911;616,000;1,011,911;0;0;0;0.0000737501045642674;7.502649107601184e-05;86.907949;181.835358;3.378334;1,012,039;221,400
147;0.1470068757176963;13;0;0.091310;1,011,911;1,011,911;0;0;16,416;1.000126;13.486842;19.734519;395,911;616,000;1,011,911;0;0;0;7.402237690595292e-05;7.524244734221542e-05;86.907949;181.835358;3.378334;1,012,039;221,400
148;0.1480702056479944;14;0;0.095169;1,011,911;1,011,911;0;0;16,416;1.000126;13.486842;19.861509;395,911;616,000;1,011,911;0;0;0;0.0000753152006330463;7.712221460264169e-05;86.907949;181.835358;3.378334;1,012,039;221,400
149;0.1490036581328534;12;0;0.088261;1,011,911;1,011,911;0;0;16,416;1.000126;13.486842;19.979953;395,911;616,000;1,011,911;0;0;0;7.727976465108742e-05;7.848807282240575e-05;86.907949;181.835358;3.378334;1,012,039;221,400
150;0.1500738894757242;14;0;0.098125;1,011,911;1,011,911;0;0;16,416;1.000126;13.486842;20.115228;395,911;616,000;1,011,911;0;0;0;7.616444971469656e-05;7.699174684118713e-05;86.907949;181.835358;3.378334;1,012,039;221,400
151;0.1510017438426425;12;0;0.081847;1,011,911;1,011,911;0;0;16,416;1.000126;13.486842;20.230930;395,911;616,000;1,011,911;0;0;0;7.675987327493704e-05;7.822718791732047e-05;86.907949;181.835358;3.378334;1,012,039;221,400
152;0.1520087942689179;13;0;0.092994;1,011,911;1,011,911;0;0;16,416;1.000126;13.486842;20.355384;395,911;616,000;1,011,911;0;0;0;7.593986044527186e-05;7.818149956962241e-05;86.907949;181.835358;3.378334;1,012,039;221,400
153;0.1530706967264754;14;0;0.097037;1,011,911;1,011,911;0;0;16,416;1.000126;13.486842;20.486594;395,911;616,000;1,011,911;0;0;0;7.553718449484955e-05;7.648527305881877e-05;86.907949;181.835358;3.378334;1,012,039;221,400
154;0.1540292604280973;13;0;0.089668;1,011,911;1,011,911;0;0;16,416;1.000126;13.486842;20.608569;395,911;616,000;1,011,911;0;0;0;7.112373457796239e-05;7.679005938526034e-05;86.907949;181.835358;3.378334;1,012,039;221,400
155;0.1550325244380465;14;0;0.098868;1,011,911;1,011,911;0;0;16,416;1.000126;13.486842;20.739536;395,911;616,000;1,011,911;0;0;0;7.130496305323749e-05;7.247587293527672e-05;86.907949;181.835358;3.378334;1,012,039;221,400
156;0.1560536786387076;14;0;0.096033;1,011,911;1,011,911;0;0;16,416;1.000126;13.486842;20.865082;395,911;616,000;1,011,911;0;0;0;7.175380919319654e-05;7.432980888042232e-05;86.907949;181.835358;3.378334;1,012,039;221,400
157;0.1570316743592012;13;0;0.090106;1,011,911;1,011,911;0;0;16,416;1.000126;13.486842;20.985815;395,911;616,000;1,011,911;0;0;0;7.446968510939189e-05;7.613191960399421e-05;86.907949;181.835358;3.378334;1,012,039;221,400
158;0.1580117686511189;13;0;0.090716;1,011,911;1,011,911;0;0;16,416;1.000126;13.486842;21.109105;395,911;616,000;1,011,911;0;0;0;7.519199691961844e-05;7.598988528793353e-05;86.907949;181.835358;3.378334;1,012,039;221,400
159;0.1590107682500596;13;0;0.106035;1,011,911;1,011,911;0;0;16,848;1.000126;13.141026;21.246985;395,911;616,000;1,011,911;0;0;0;7.613832061708923e-05;7.800979798742462e-05;86.907949;181.835358;3.378334;1,012,039;221,400
160;0.1600297350616225;13;0;0.131218;1,011,911;1,011,911;0;0;16,848;1.000126;13.141026;21.441561;395,911;616,000;1,011,911;0;0;0;7.815124799976633e-05;7.903237305382535e-05;86.907949;181.835358;3.378334;1,012,039;221,400
161;0.1610110168720248;13;0;0.098075;1,011,911;1,011,911;0;0;16,848;1.000126;13.141026;21.574077;395,911;616,000;1,011,911;0;0;0;7.379817680657414e-05;7.885906290901239e-05;86.907949;181.835358;3.378334;1,012,039;221,400
162;0.1620617575661172;14;0;0.100491;1,011,911;1,011,911;0;0;16,848;1.000126;13.141026;21.706274;395,911;616,000;1,011,911;0;0;0;7.403974294798376e-05;7.685646287908826e-05;86.907949;181.835358;3.378334;1,012,039;221,400
163;0.1630659983626233;13;0;0.091050;1,011,911;1,011,911;0;0;16,848;1.000126;13.141026;21.844260;395,911;616,000;1,011,911;0;0;0;7.708876074466234e-05;7.760682704764595e-05;86.907949;181.835358;3.378334;1,012,039;221,400
164;0.1640616407658304;13;0;0.091797;1,011,911;1,011,911;0;0;16,848;1.000126;13.141026;21.971450;395,911;616,000;1,011,911;0;0;0;7.441105413061332e-05;7.776412303852388e-05;86.907949;181.835358;3.378334;1,012,039;221,400
165;0.1650324705399808;13;0;0.091373;1,011,911;1,011,911;0;0;16,848;1.000126;13.141026;22.095873;395,911;616,000;1,011,911;0;0;0;7.428490642063032e-05;7.581852075715339e-05;86.907949;181.835358;3.378334;1,012,039;221,400
166;0.1660603702751099;14;0;0.123286;1,011,911;1,011,911;0;0;16,848;1.000126;13.141026;22.252712;395,911;616,000;1,011,911;0;0;0;7.263706733453727e-05;7.527263511837425e-05;86.907949;181.835358;3.378334;1,012,039;221,400
167;0.1670332811293977;13;0;0.093362;1,011,911;1,011,911;0;0;16,848;1.000126;13.141026;22.381164;395,911;616,000;1,011,911;0;0;0;7.372975181745571e-05;7.650638443380857e-05;86.907949;181.835358;3.378334;1,012,039;221,400
168;0.1680254007149116;13;0;0.090440;1,011,911;1,011,911;0;0;16,848;1.000126;13.141026;22.503878;395,911;616,000;1,011,911;0;0;0;7.602813161881747e-05;7.691124380056224e-05;86.907949;181.835358;3.378334;1,012,039;221,400
169;0.1690237365733008;13;0;0.090174;1,011,911;1,011,911;0;0;16,848;1.000126;13.141026;22.626034;395,911;616,000;1,011,911;0;0;0;7.628179876828266e-05;7.743510406900311e-05;86.907949;181.835358;3.378334;1,012,039;221,400
170;0.170011752477724;13;0;0.090476;1,011,911;1,011,911;0;0;16,848;1.000126;13.141026;22.749526;395,911;616,000;1,011,911;0;0;0;7.573529497812071e-05;7.646205097460357e-05;86.907949;181.835358;3.378334;1,012,039;221,400
171;0.1710686283463975;14;0;0.097156;1,011,911;1,011,911;0;0;16,848;1.000126;13.141026;22.879033;395,911;616,000;1,011,911;0;0;0;7.521894632560049e-05;7.603596282354416e-05;86.907949;181.835358;3.378334;1,012,039;221,400
172;0.1720691872738542;13;0;0.089360;1,011,911;1,011,911;0;0;16,848;1.000126;13.141026;22.999781;395,911;616,000;1,011,911;0;0;0;7.619915074425324e-05;7.785320093911013e-05;86.907949;181.835358;3.378334;1,012,039;221,400
173;0.1730078157118664;12;0;0.084047;1,011,911;1,011,911;0;0;17,280;1.000126;12.812500;23.116435;395,911;616,000;1,011,911;0;0;0;7.790429654652837e-05;7.857146074516906e-05;86.907949;181.835358;3.378334;1,012,039;221,400
174;0.1740689620827321;14;0;0.096907;1,011,911;1,011,911;0;0;17,280;1.000126;12.812500;23.245121;395,911;616,000;1,011,911;0;0;0;7.407960039451765e-05;7.845992337108984e-05;86.907949;181.835358;3.378334;1,012,039;221,400
175;0.1750453236669995;13;0;0.089231;1,011,911;1,011,911;0;0;17,280;1.000126;12.812500;23.365755;395,911;616,000;1,011,911;0;0;0;7.428553372912818e-05;7.665442017934382e-05;86.907949;181.835358;3.378334;1,012,039;221,400
176;0.1760410938506139;13;0;0.149547;1,011,911;1,011,911;0;0;17,280;1.000126;12.812500;23.545058;395,911;616,000;1,011,911;0;0;0;7.566689106346595e-05;0.0000775840248564964;86.907949;181.835358;3.378334;1,012,039;221,400
177;0.177018779287244;13;0;0.088832;1,011,911;1,011,911;0;0;17,280;1.000126;12.812500;23.661357;395,911;616,000;1,011,911;0;0;0;7.454629354458098e-05;7.578610136477112e-05;86.907949;181.835358;3.378334;1,012,039;221,400
178;0.1780710497166278;14;0;0.095322;1,011,911;1,011,911;0;0;17,280;1.000126;12.812500;23.785610;395,911;616,000;1,011,911;0;0;0;7.468326883580006e-05;0.0000757470632500247;86.907949;181.835358;3.378334;1,012,039;221,400
179;0.1790495706394691;13;0;0.091182;1,011,911;1,011,911;0;0;17,280;1.000126;12.812500;23.904759;395,911;616,000;1,011,911;0;0;0;7.514346821019605e-05;7.559439354194222e-05;86.907949;181.835358;3.378334;1,012,039;221,400
180;0.1800255997715243;13;0;0.088745;1,011,911;1,011,911;0;0;17,280;1.000126;12.812500;24.022248;395,911;616,000;1,011,911;0;0;0;7.460516594736445e-05;0.000075752700080302;86.907949;181.835358;3.378334;1,012,039;221,400
181;0.1810096550927172;13;0;0.089571;1,011,911;1,011,911;0;0;17,280;1.000126;12.812500;24.141111;395,911;616,000;1,011,911;0;0;0;7.489710885333174e-05;7.717001494685993e-05;86.907949;181.835358;3.378334;1,012,039;221,400
182;0.1820103911197376;13;0;0.089736;1,011,911;1,011,911;0;0;17,280;1.000126;12.812500;24.261933;395,911;616,000;1,011,911;0;0;0;7.557145647855615e-05;7.775775481915489e-05;86.907949;181.835358;3.378334;1,012,039;221,400
183;0.1830681012550129;14;0;0.095312;1,011,911;1,011,911;0;0;17,280;1.000126;12.812500;24.386883;395,911;616,000;1,011,911;0;0;0;7.525378036658094e-05;7.646311526083616e-05;86.907949;181.835358;3.378334;1,012,039;221,400
184;0.1840654106760914;13;0;0.089492;1,011,911;1,011,911;0;0;17,280;1.000126;12.812500;24.507309;395,911;616,000;1,011,911;0;0;0;7.664162347650702e-05;7.704724802829306e-05;86.907949;181.835358;3.378334;1,012,039;221,400
185;0.1850565254743152;13;0;0.090907;1,011,911;1,011,911;0;0;17,280;1.000126;12.812500;24.628918;395,911;616,000;1,011,911;0;0;0;0.0000741661707687992;7.747479649771164e-05;86.907949;181.835358;3.378334;1,012,039;221,400
186;0.1860242771767835;13;0;0.091058;1,011,911;1,011,911;0;0;17,280;1.000126;12.812500;24.754103;395,911;616,000;1,011,911;0;0;0;7.408227086330347e-05;7.527580645200607e-05;86.907949;181.835358;3.378334;1,012,039;221,400
187;0.1870665864500401;14;0;0.098445;1,011,911;1,011,911;0;0;17,712;1.000126;12.500000;24.885469;395,911;616,000;1,011,911;0;0;0;7.417638260145929e-05;7.477519387459845e-05;86.907949;181.835358;3.378334;1,012,039;221,400
188;0.1880268225719797;13;0;0.089883;1,011,911;1,011,911;0;0;17,712;1.000126;12.500000;25.005833;395,911;616,000;1,011,911;0;0;0;7.350125130270853e-05;7.492263437971672e-05;86.907949;181.835358;3.378334;1,012,039;221,400
189;0.1890000025848479;13;0;0.090307;1,011,911;1,011,911;0;0;17,712;1.000126;12.500000;25.129755;395,911;616,000;1,011,911;0;0;0;7.461762546691531e-05;7.567643939161936e-05;86.907949;181.835358;3.378334;1,012,039;221,400
190;0.1900614940899336;14;0;0.101114;1,011,911;1,011,911;0;0;17,712;1.000126;12.500000;25.273102;395,911;616,000;1,011,911;0;0;0;7.532419549605433e-05;7.610856950048366e-05;86.907949;181.835358;3.378334;1,012,039;221,400
191;0.1910410856568728;13;0;0.091351;1,011,911;1,011,911;0;0;17,712;1.000126;12.500000;25.396610;395,911;616,000;1,011,911;0;0;0;7.513175150077912e-05;7.606009815854612e-05;86.907949;181.835358;3.378334;1,012,039;221,400
192;0.1920144997924169;13;0;0.089508;1,011,911;1,011,911;0;0;17,712;1.000126;12.500000;25.519321;395,911;616,000;1,011,911;0;0;0;7.354023633175167e-05;7.635742026091189e-05;86.907949;181.835358;3.378334;1,012,039;221,400
193;0.1930547457115299;14;0;0.158566;1,011,911;1,011,911;0;0;17,712;1.000126;12.500000;25.709537;395,911;616,000;1,011,911;0;0;0;7.360406804492334e-05;7.503581659804685e-05;86.907949;181.835358;3.378334;1,012,039;221,400
194;0.1940304685985673;13;0;0.090533;1,011,911;1,011,911;0;0;17,712;1.000126;12.500000;25.831197;395,911;616,000;1,011,911;0;0;0;7.455370115685014e-05;7.630095904009926e-05;86.907949;181.835358;3.378334;1,012,039;221,400
195;0.1950132767992193;13;0;0.091446;1,011,911;1,011,911;0;0;17,712;1.000126;12.500000;25.953674;395,911;616,000;1,011,911;0;0;0;7.515269615078035e-05;7.651046268980351e-05;86.907949;181.835358;3.378334;1,012,039;221,400
196;0.1960651107432359;14;0;0.096432;1,011,911;1,011,911;0;0;17,712;1.000126;12.500000;26.085431;395,911;616,000;1,011,911;0;0;0;0.0000748265019652059;7.570645524693022e-05;86.907949;181.835358;3.378334;1,012,039;221,400
197;0.1970549834136106;13;0;0.091430;1,011,911;1,011,911;0;0;17,712;1.000126;12.500000;26.209452;395,911;616,000;1,011,911;0;0;0;7.547748971348757e-05;7.683849378266096e-05;86.907949;181.835358;3.378334;1,012,039;221,400
198;0.1980258481018406;13;0;0.088500;1,011,911;1,011,911;0;0;17,712;1.000126;12.500000;26.363228;395,911;616,000;1,011,911;0;0;0;7.429490588486643e-05;7.538900100112208e-05;86.907949;181.835358;3.378334;1,012,039;221,400
199;0.1990656120637201;14;0;0.096783;1,011,911;1,011,911;0;0;18,144;1.000126;12.202381;26.492845;395,911;616,000;1,011,911;0;0;0;7.352735359297563e-05;7.554593201839223e-05;86.907949;181.835358;3.378334;1,012,039;221,400
200;0.2000370865287918;13;0;0.089642;1,011,911;1,011,911;0;0;18,144;1.000126;12.202381;26.614077;395,911;616,000;1,011,911;0;0;0;7.389933403414653e-05;7.620608676970844e-05;86.907949;181.835358;3.378334;1,012,039;221,400
201;0.2010374940380536;13;0;0.091050;1,011,911;1,011,911;0;0;18,144;1.000126;12.202381;26.736405;395,911;616,000;1,011,911;0;0;0;7.572770233977338e-05;7.789484439108331e-05;86.907949;181.835358;3.378334;1,012,039;221,400
202;0.2020113918153714;13;0;0.090835;1,011,911;1,011,911;0;0;18,144;1.000126;12.202381;26.858068;395,911;616,000;1,011,911;0;0;0;7.462780054282965e-05;7.534803088529436e-05;86.907949;181.835358;3.378334;1,012,039;221,400
203;0.2030552341060628;14;0;0.097700;1,011,911;1,011,911;0;0;18,144;1.000126;12.202381;26.988445;395,911;616,000;1,011,911;0;0;0;7.427758579806856e-05;7.509988393659228e-05;86.907949;181.835358;3.378334;1,012,039;221,400
204;0.2040446091280225;13;0;0.090275;1,011,911;1,011,911;0;0;18,144;1.000126;12.202381;27.112120;395,911;616,000;1,011,911;0;0;0;7.525526582726513e-05;7.757143652111047e-05;86.907949;181.835358;3.378334;1,012,039;221,400
205;0.2050479776015705;13;0;0.089280;1,011,911;1,011,911;0;0;18,144;1.000126;12.202381;27.232654;395,911;616,000;1,011,911;0;0;0;7.690425824015602e-05;7.776435833754549e-05;86.907949;181.835358;3.378334;1,012,039;221,400
206;0.2060511710336732;13;0;0.089593;1,011,911;1,011,911;0;0;18,144;1.000126;12.202381;27.376743;395,911;616,000;1,011,911;0;0;0;7.642629284128855e-05;7.756479136617989e-05;86.907949;181.835358;3.378334;1,012,039;221,400
207;0.2070458372864132;13;0;0.091214;1,011,911;1,011,911;0;0;18,144;1.000126;12.202381;27.500493;395,911;616,000;1,011,911;0;0;0;7.621990764914119e-05;7.743074276326372e-05;86.907949;181.835358;3.378334;1,012,039;221,400
208;0.208040242630908;13;0;0.089975;1,011,911;1,011,911;0;0;18,144;1.000126;12.202381;27.639858;395,911;616,000;1,011,911;0;0;0;7.480590863240879e-05;7.809119561855827e-05;86.907949;181.835358;3.378334;1,012,039;221,400
209;0.2090196439395892;13;0;0.091307;1,011,911;1,011,911;0;0;18,144;1.000126;12.202381;27.764790;395,911;616,000;1,011,911;0;0;0;7.480975551562875e-05;0.0000765507791686526;86.907949;181.835358;3.378334;1,012,039;221,400
210;0.2100053342470259;13;0;0.168964;1,011,911;1,011,911;0;0;18,144;1.000126;12.202381;27.965325;395,911;616,000;1,011,911;0;0;0;7.508836062253124e-05;7.694460696763997e-05;86.907949;181.835358;3.378334;1,012,039;221,400
211;0.2110636294885777;14;0;0.097268;1,011,911;1,011,911;0;0;18,576;1.000126;11.918605;28.093642;395,911;616,000;1,011,911;0;0;0;7.511254283435283e-05;7.611856028281113e-05;86.907949;181.835358;3.378334;1,012,039;221,400
212;0.2120335115663113;13;0;0.089400;1,011,911;1,011,911;0;0;18,576;1.000126;11.918605;28.217835;395,911;616,000;1,011,911;0;0;0;7.377654837955072e-05;7.611693887866041e-05;86.907949;181.835358;3.378334;1,012,039;221,400
213;0.2130056284932611;13;0;0.090158;1,011,911;1,011,911;0;0;18,576;1.000126;11.918605;28.345278;395,911;616,000;1,011,911;0;0;0;7.427247442588895e-05;7.557775225894735e-05;86.907949;181.835358;3.378334;1,012,039;221,400
214;0.2140617475633683;14;0;0.096755;1,011,911;1,011,911;0;0;18,576;1.000126;11.918605;28.475439;395,911;616,000;1,011,911;0;0;0;7.418303754537259e-05;7.580635322027428e-05;86.907949;181.835358;3.378334;1,012,039;221,400
215;0.215019348236118;13;0;0.090634;1,011,911;1,011,911;0;0;18,576;1.000126;11.918605;28.681244;395,911;616,000;1,011,911;0;0;0;7.329222203646559e-05;7.466497270091347e-05;86.907949;181.835358;3.378334;1,012,039;221,400
216;0.2160015332527035;13;0;0.090442;1,011,911;1,011,911;0;0;18,576;1.000126;11.918605;28.805335;395,911;616,000;1,011,911;0;0;0;7.491951243230125e-05;7.644529393412052e-05;86.907949;181.835358;3.378334;1,012,039;221,400
217;0.2170734740690814;14;0;0.097564;1,011,911;1,011,911;0;0;18,576;1.000126;11.918605;28.935415;395,911;616,000;1,011,911;0;0;0;7.543479444680395e-05;7.750635517550428e-05;86.907949;181.835358;3.378334;1,012,039;221,400
218;0.2180579747788528;13;0;0.092168;1,011,911;1,011,911;0;0;18,576;1.000126;11.918605;29.060101;395,911;616,000;1,011,911;0;0;0;7.537917305799019e-05;7.672198133569204e-05;86.907949;181.835358;3.378334;1,012,039;221,400
219;0.2190406809603704;13;0;0.094506;1,011,911;1,011,911;0;0;18,576;1.000126;11.918605;29.197774;395,911;616,000;1,011,911;0;0;0;7.376844825304508e-05;7.694080116363934e-05;86.907949;181.835358;3.378334;1,012,039;221,400
220;0.2200682281555611;14;0;0.099758;1,011,911;1,011,911;0;0;18,576;1.000126;11.918605;29.340694;395,911;616,000;1,011,911;0;0;0;7.280566947446415e-05;7.414707761290323e-05;86.907949;181.835358;3.378334;1,012,039;221,400
221;0.2210178428309496;13;0;0.095365;1,011,911;1,011,911;0;0;18,576;1.000126;11.918605;29.477083;395,911;616,000;1,011,911;0;0;0;7.226921756666668e-05;7.378781876864463e-05;86.907949;181.835358;3.378334;1,012,039;221,400
222;0.2220456590049755;14;0;0.098957;1,011,911;1,011,911;0;0;18,576;1.000126;11.918605;29.619911;395,911;616,000;1,011,911;0;0;0;7.242043830300287e-05;0.0000749857071448279;86.907949;181.835358;3.378334;1,012,039;221,400
223;0.2230161019659441;13;0;0.090790;1,011,911;1,011,911;0;0;19,008;1.000126;11.647727;29.745141;395,911;616,000;1,011,911;0;0;0;7.435439741127258e-05;7.551959457560231e-05;86.907949;181.835358;3.378334;1,012,039;221,400
224;0.2240483282395401;14;0;0.097993;1,011,911;1,011,911;0;0;19,008;1.000126;11.647727;29.875901;395,911;616,000;1,011,911;0;0;0;0.000072528322970031;7.592797325633572e-05;86.907949;181.835358;3.378334;1,012,039;221,400
225;0.225007493295231;13;0;0.101934;1,011,911;1,011,911;0;0;19,008;1.000126;11.647727;30.008568;395,911;616,000;1,011,911;0;0;0;7.303781564760816e-05;7.501269001913377e-05;86.907949;181.835358;3.378334;1,012,039;221,400
226;0.2260602373831084;14;0;0.146602;1,011,911;1,011,911;0;0;19,008;1.000126;11.647727;30.186546;395,911;616,000;1,011,911;0;0;0;7.360691515099326e-05;7.585708468195478e-05;86.907949;181.835358;3.378334;1,012,039;221,400
227;0.2270196250537074;13;0;0.092064;1,011,911;1,011,911;0;0;19,008;1.000126;11.647727;30.310614;395,911;616,000;1,011,911;0;0;0;7.337265859758286e-05;7.507984345654677e-05;86.907949;181.835358;3.378334;1,012,039;221,400
228;0.2280734875139463;14;0;0.098180;1,011,911;1,011,911;0;0;19,008;1.000126;11.647727;30.439673;395,911;616,000;1,011,911;0;0;0;7.345378645474061e-05;0.0000760219343083096;86.907949;181.835358;3.378334;1,012,039;221,400
229;0.2290292445027822;13;0;0.091084;1,011,911;1,011,911;0;0;19,008;1.000126;11.647727;30.564288;395,911;616,000;1,011,911;0;0;0;7.315443702434072e-05;7.462821100286011e-05;86.907949;181.835358;3.378334;1,012,039;221,400
230;0.2300115375766867;13;0;0.090963;1,011,911;1,011,911;0;0;19,008;1.000126;11.647727;30.686871;395,911;616,000;1,011,911;0;0;0;0.0000748461928576069;7.669324699305724e-05;86.907949;181.835358;3.378334;1,012,039;221,400
231;0.2310298558665443;14;0;0.097185;1,011,911;1,011,911;0;0;19,008;1.000126;11.647727;30.815258;395,911;616,000;1,011,911;0;0;0;7.143045322110314e-05;7.599925619986044e-05;86.907949;181.835358;3.378334;1,012,039;221,400
232;0.2320476807120198;14;0;0.097257;1,011,911;1,011,911;0;0;19,008;1.000126;11.647727;30.943379;395,911;616,000;1,011,911;0;0;0;7.243789983634652e-05;7.390641025767712e-05;86.907949;181.835358;3.378334;1,012,039;221,400
233;0.2330622824301158;14;0;0.097702;1,011,911;1,011,911;0;0;19,008;1.000126;11.647727;31.075687;395,911;616,000;1,011,911;0;0;0;7.152237962410742e-05;7.445188337604287e-05;86.907949;181.835358;3.378334;1,012,039;221,400
234;0.2340077960395387;13;0;0.091011;1,011,911;1,011,911;0;0;19,008;1.000126;11.647727;31.200290;395,911;616,000;1,011,911;0;0;0;7.207341009245034e-05;7.434047397236426e-05;86.907949;181.835358;3.378334;1,012,039;221,400
235;0.2350538745346286;14;0;0.097025;1,011,911;1,011,911;0;0;19,440;1.000126;11.388889;31.324743;395,911;616,000;1,011,911;0;0;0;7.460150057611231e-05;7.511841366607928e-05;86.907949;181.835358;3.378334;1,012,039;221,400
236;0.2360472433344891;14;0;0.095758;1,011,911;1,011,911;0;0;19,440;1.000126;11.388889;31.447502;395,911;616,000;1,011,911;0;0;0;6.987030524655071e-05;7.312308135591256e-05;86.907949;181.835358;3.378334;1,012,039;221,400
237;0.237070808887362;14;0;0.097446;1,011,911;1,011,911;0;0;19,440;1.000126;11.388889;31.576322;395,911;616,000;1,011,911;0;0;0;7.189564275350637e-05;0.000074573095973214;86.907949;181.835358;3.378334;1,012,039;221,400
238;0.2380503047191371;13;0;0.089789;1,011,911;1,011,911;0;0;19,440;1.000126;11.388889;31.694926;395,911;616,000;1,011,911;0;0;0;0.0000748225166794015;0.0000760539918390702;86.907949;181.835358;3.378334;1,012,039;221,400
239;0.2390379369563727;13;0;0.088577;1,011,911;1,011,911;0;0;19,440;1.000126;11.388889;31.813291;395,911;616,000;1,011,911;0;0;0;7.540614316651643e-05;7.668756444593645e-05;86.907949;181.835358;3.378334;1,012,039;221,400
240;0.2400177026386242;13;0;0.089459;1,011,911;1,011,911;0;0;19,440;1.000126;11.388889;31.932034;395,911;616,000;1,011,911;0;0;0;7.253406490073066e-05;7.598293217979495e-05;86.907949;181.835358;3.378334;1,012,039;221,400
241;0.2410189714050517;14;0;0.094932;1,011,911;1,011,911;0;0;19,440;1.000126;11.388889;32.066398;395,911;616,000;1,011,911;0;0;0;7.124341166443246e-05;7.203000095123692e-05;86.907949;181.835358;3.378334;1,012,039;221,400
242;0.2420346209653445;14;0;0.098916;1,011,911;1,011,911;0;0;19,440;1.000126;11.388889;32.193746;395,911;616,000;1,011,911;0;0;0;0.0000701399469137581;7.410401525808709e-05;86.907949;181.835358;3.378334;1,012,039;221,400
243;0.2430262565105784;14;0;0.146273;1,011,911;1,011,911;0;0;19,440;1.000126;11.388889;32.386119;395,911;616,000;1,011,911;0;0;0;6.981478189981224e-05;7.340600793975901e-05;86.907949;181.835358;3.378334;1,012,039;221,400
244;0.2440080017352421;14;0;0.098854;1,011,911;1,011,911;0;0;19,440;1.000126;11.388889;32.516169;395,911;616,000;1,011,911;0;0;0;6.761061419165428e-05;7.331798247047879e-05;86.907949;181.835358;3.378334;1,012,039;221,400
245;0.2450014662661856;14;0;0.097263;1,011,911;1,011,911;0;0;19,440;1.000126;11.388889;32.642649;395,911;616,000;1,011,911;0;0;0;6.878052461146816e-05;7.364724055192309e-05;86.907949;181.835358;3.378334;1,012,039;221,400
246;0.2460228042558455;14;0;0.096090;1,011,911;1,011,911;0;0;19,872;1.000126;11.141304;32.769376;395,911;616,000;1,011,911;0;0;0;7.286798957865537e-05;7.310423111033365e-05;86.907949;181.835358;3.378334;1,012,039;221,400
247;0.2470611529243945;14;0;0.097947;1,011,911;1,011,911;0;0;19,872;1.000126;11.141304;32.897760;395,911;616,000;1,011,911;0;0;0;7.322672880638698e-05;7.556423121949263e-05;86.907949;181.835358;3.378334;1,012,039;221,400
248;0.2480030542298304;13;0;0.090969;1,011,911;1,011,911;0;0;19,872;1.000126;11.141304;33.019068;395,911;616,000;1,011,911;0;0;0;7.190489725786823e-05;7.333970148226829e-05;86.907949;181.835358;3.378334;1,012,039;221,400
249;0.2490189949885089;14;0;0.098551;1,011,911;1,011,911;0;0;19,872;1.000126;11.141304;33.148625;395,911;616,000;1,011,911;0;0;0;7.169648467595029e-05;7.307754662155567e-05;86.907949;181.835358;3.378334;1,012,039;221,400
250;0.2500236853973659;14;0;0.098575;1,011,911;1,011,911;0;0;19,872;1.000126;11.141304;33.277727;395,911;616,000;1,011,911;0;0;0;7.156053949267789e-05;7.254582452746307e-05;86.907949;181.835358;3.378334;1,012,039;221,400
251;0.2510554436491031;14;0;0.096282;1,011,911;1,011,911;0;0;19,872;1.000126;11.141304;33.404876;395,911;616,000;1,011,911;0;0;0;7.281547447008582e-05;7.514593244913653e-05;86.907949;181.835358;3.378334;1,012,039;221,400
252;0.2520555861787795;14;0;0.097173;1,011,911;1,011,911;0;0;19,872;1.000126;11.141304;33.532534;395,911;616,000;1,011,911;0;0;0;7.027441407716132e-05;7.282289569755154e-05;86.907949;181.835358;3.378334;1,012,039;221,400
253;0.2530721814385214;14;0;0.098325;1,011,911;1,011,911;0;0;19,872;1.000126;11.141304;33.675674;395,911;616,000;1,011,911;0;0;0;7.114643583324504e-05;7.432244231928605e-05;86.907949;181.835358;3.378334;1,012,039;221,400
254;0.2540686755028235;14;0;0.097229;1,011,911;1,011,911;0;0;19,872;1.000126;11.141304;33.805412;395,911;616,000;1,011,911;0;0;0;6.914217959455149e-05;7.305690692255042e-05;86.907949;181.835358;3.378334;1,012,039;221,400
255;0.255033432521947;14;0;0.097907;1,011,911;1,011,911;0;0;19,872;1.000126;11.141304;33.933308;395,911;616,000;1,011,911;0;0;0;6.677699850417257e-05;7.126619171814889e-05;86.907949;181.835358;3.378334;1,012,039;221,400
256;0.2560113282440338;14;0;0.097898;1,011,911;1,011,911;0;0;19,872;1.000126;11.141304;34.061247;395,911;616,000;1,011,911;0;0;0;6.754109944726802e-05;7.356469245040301e-05;86.907949;181.835358;3.378334;1,012,039;221,400
257;0.257026830381569;14;0;0.096853;1,011,911;1,011,911;0;0;20,304;1.000126;10.904255;34.187969;395,911;616,000;1,011,911;0;0;0;7.201397626578066e-05;7.369380975551717e-05;86.907949;181.835358;3.378334;1,012,039;221,400
258;0.258062502633765;14;0;0.097388;1,011,911;1,011,911;0;0;20,304;1.000126;10.904255;34.315203;395,911;616,000;1,011,911;0;0;0;7.250417715961872e-05;7.442593882218352e-05;86.907949;181.835358;3.378334;1,012,039;221,400
259;0.2590043530509431;13;0;0.165148;1,011,911;1,011,911;0;0;20,304;1.000126;10.904255;34.510896;395,911;616,000;1,011,911;0;0;0;7.226787474416368e-05;7.291664067837093e-05;86.907949;181.835358;3.378334;1,012,039;221,400
260;0.2600505951408721;15;0;0.105373;1,011,911;1,011,911;0;0;20,304;1.000126;10.904255;34.646470;395,911;616,000;1,011,911;0;0;0;6.879607692223504e-05;7.120346013643543e-05;86.907949;181.835358;3.378334;1,012,039;221,400
261;0.2610010707111336;13;0;0.090668;1,011,911;1,011,911;0;0;20,304;1.000126;10.904255;34.769153;395,911;616,000;1,011,911;0;0;0;7.156932260129035e-05;7.544997169016197e-05;86.907949;181.835358;3.378334;1,012,039;221,400
262;0.2620323290290296;14;0;0.098210;1,011,911;1,011,911;0;0;20,304;1.000126;10.904255;34.897583;395,911;616,000;1,011,911;0;0;0;0.0000724317288231228;0.0000759241450911097;86.907949;181.835358;3.378334;1,012,039;221,400
263;0.2630586871043287;14;0;0.112442;1,011,911;1,011,911;0;0;20,304;1.000126;10.904255;35.040005;395,911;616,000;1,011,911;0;0;0;7.290672650293024e-05;7.397980914381994e-05;86.907949;181.835358;3.378334;1,012,039;221,400
264;0.264011169440825;13;0;0.091218;1,011,911;1,011,911;0;0;20,304;1.000126;10.904255;35.161659;395,911;616,000;1,011,911;0;0;0;6.962862587769942e-05;7.477222752299726e-05;86.907949;181.835358;3.378334;1,012,039;221,400
265;0.2650635892098496;15;0;0.103002;1,011,911;1,011,911;0;0;20,304;1.000126;10.904255;35.295988;395,911;616,000;1,011,911;0;0;0;6.919492531800224e-05;7.255126562840559e-05;86.907949;181.835358;3.378334;1,012,039;221,400
266;0.2660231991452002;13;0;0.090683;1,011,911;1,011,911;0;0;20,304;1.000126;10.904255;35.415842;395,911;616,000;1,011,911;0;0;0;7.245620209571348e-05;7.533496255120452e-05;86.907949;181.835358;3.378334;1,012,039;221,400
267;0.2670144505627501;14;0;0.123316;1,011,911;1,011,911;0;0;20,304;1.000126;10.904255;35.568568;395,911;616,000;1,011,911;0;0;0;7.005831323687986e-05;7.212305494278561e-05;86.907949;181.835358;3.378334;1,012,039;221,400
268;0.2680465005710774;14;0;0.108515;1,011,911;1,011,911;0;0;20,304;1.000126;10.904255;35.710636;395,911;616,000;1,011,911;0;0;0;7.200660505761663e-05;7.625252809417371e-05;86.907949;181.835358;3.378334;1,012,039;221,400
269;0.2690159520546419;13;0;0.095260;1,011,911;1,011,911;0;0;20,736;1.000126;10.677083;35.835943;395,911;616,000;1,011,911;0;0;0;7.362906379720325e-05;7.617531224957383e-05;86.907949;181.835358;3.378334;1,012,039;221,400
270;0.2700540183200725;14;0;0.096385;1,011,911;1,011,911;0;0;20,736;1.000126;10.677083;35.962526;395,911;616,000;1,011,911;0;0;0;7.395620629453009e-05;7.435380858745398e-05;86.907949;181.835358;3.378334;1,012,039;221,400
271;0.271027675815023;13;0;0.090515;1,011,911;1,011,911;0;0;20,736;1.000126;10.677083;36.076123;395,911;616,000;1,011,911;0;0;0;7.434258475688831e-05;7.538154873315073e-05;86.907949;181.835358;3.378334;1,012,039;221,400
272;0.272065438692744;14;0;0.095671;1,011,911;1,011,911;0;0;20,736;1.000126;10.677083;36.195160;395,911;616,000;1,011,911;0;0;0;7.323139202364505e-05;7.528760619410017e-05;86.907949;181.835358;3.378334;1,012,039;221,400
273;0.2730356398954459;13;0;0.087810;1,011,911;1,011,911;0;0;20,736;1.000126;10.677083;36.324157;395,911;616,000;1,011,911;0;0;0;7.373543916700999e-05;0.000075538210129874;86.907949;181.835358;3.378334;1,012,039;221,400
274;0.2740082488095882;13;0;0.090955;1,011,911;1,011,911;0;0;20,736;1.000126;10.677083;36.439151;395,911;616,000;1,011,911;0;0;0;7.424866346084424e-05;7.550582204841173e-05;86.907949;181.835358;3.378334;1,012,039;221,400
275;0.2750615013854599;14;0;0.097364;1,011,911;1,011,911;0;0;20,736;1.000126;10.677083;36.560100;395,911;616,000;1,011,911;0;0;0;7.461602149938398e-05;7.626387192990732e-05;86.907949;181.835358;3.378334;1,012,039;221,400
276;0.2760346559277965;13;0;0.166140;1,011,911;1,011,911;0;0;20,736;1.000126;10.677083;36.750265;395,911;616,000;1,011,911;0;0;0;7.447834201666296e-05;7.575425258863472e-05;86.907949;181.835358;3.378334;1,012,039;221,400
277;0.2770005012858673;13;0;0.091360;1,011,911;1,011,911;0;0;20,736;1.000126;10.677083;36.868536;395,911;616,000;1,011,911;0;0;0;7.340753563958803e-05;0.0000758167489685508;86.907949;181.835358;3.378334;1,012,039;221,400
278;0.2780438013883727;14;0;0.098850;1,011,911;1,011,911;0;0;20,736;1.000126;10.677083;36.996046;395,911;616,000;1,011,911;0;0;0;7.371196128931579e-05;7.537153116252245e-05;86.907949;181.835358;3.378334;1,012,039;221,400
279;0.2790161765957687;13;0;0.091133;1,011,911;1,011,911;0;0;20,736;1.000126;10.677083;37.114975;395,911;616,000;1,011,911;0;0;0;7.363314964092734e-05;7.557089789200703e-05;86.907949;181.835358;3.378334;1,012,039;221,400
280;0.280059318583943;14;0;0.097377;1,011,911;1,011,911;0;0;21,168;1.000126;10.459184;37.241555;395,911;616,000;1,011,911;0;0;0;7.366041454254971e-05;7.600438941482894e-05;86.907949;181.835358;3.378334;1,012,039;221,400
281;0.2810354638029371;13;0;0.091018;1,011,911;1,011,911;0;0;21,168;1.000126;10.459184;37.360891;395,911;616,000;1,011,911;0;0;0;7.481094509811747e-05;7.559494898797252e-05;86.907949;181.835358;3.378334;1,012,039;221,400
282;0.2820147974922668;13;0;0.092518;1,011,911;1,011,911;0;0;21,168;1.000126;10.459184;37.484676;395,911;616,000;1,011,911;0;0;0;7.298214663529062e-05;7.612302347933759e-05;86.907949;181.835358;3.378334;1,012,039;221,400
283;0.283029029892383;14;0;0.097878;1,011,911;1,011,911;0;0;21,168;1.000126;10.459184;37.619064;395,911;616,000;1,011,911;0;0;0;7.194870387509075e-05;7.377866463756816e-05;86.907949;181.835358;3.378334;1,012,039;221,400
284;0.2840063237590503;13;0;0.089808;1,011,911;1,011,911;0;0;21,168;1.000126;10.459184;37.735430;395,911;616,000;1,011,911;0;0;0;7.406105645764151e-05;7.631003808440667e-05;86.907949;181.835358;3.378334;1,012,039;221,400
285;0.2850342265083399;14;0;0.098432;1,011,911;1,011,911;0;0;21,168;1.000126;10.459184;37.859479;395,911;616,000;1,011,911;0;0;0;7.218209660743893e-05;7.580484855484777e-05;86.907949;181.835358;3.378334;1,012,039;221,400
286;0.2860640515238453;14;0;0.097427;1,011,911;1,011,911;0;0;21,168;1.000126;10.459184;37.984010;395,911;616,000;1,011,911;0;0;0;7.286305091821268e-05;7.464337229319768e-05;86.907949;181.835358;3.378334;1,012,039;221,400
287;0.2870207131706514;13;0;0.090824;1,011,911;1,011,911;0;0;21,168;1.000126;10.459184;38.099373;395,911;616,000;1,011,911;0;0;0;7.303055400852797e-05;7.451779623657745e-05;86.907949;181.835358;3.378334;1,012,039;221,400
288;0.2880529892179646;14;0;0.097811;1,011,911;1,011,911;0;0;21,168;1.000126;10.459184;38.248604;395,911;616,000;1,011,911;0;0;0;7.339970130106543e-05;7.466285292672984e-05;86.907949;181.835358;3.378334;1,012,039;221,400
289;0.2890200544029923;13;0;0.090253;1,011,911;1,011,911;0;0;21,168;1.000126;10.459184;38.366126;395,911;616,000;1,011,911;0;0;0;0.0000741521339841543;7.478367619164397e-05;86.907949;181.835358;3.378334;1,012,039;221,400
290;0.2900525352144988;14;0;0.096770;1,011,911;1,011,911;0;0;21,168;1.000126;10.459184;38.488798;395,911;616,000;1,011,911;0;0;0;7.329164499757199e-05;7.470869051976966e-05;86.907949;181.835358;3.378334;1,012,039;221,400
291;0.2910123419455033;13;0;0.090822;1,011,911;1,011,911;0;0;21,600;1.000126;10.250000;38.605447;395,911;616,000;1,011,911;0;0;0;7.347423258168275e-05;7.433607906776553e-05;86.907949;181.835358;3.378334;1,012,039;221,400
292;0.2920681458854887;14;0;0.096131;1,011,911;1,011,911;0;0;21,600;1.000126;10.250000;38.726208;395,911;616,000;1,011,911;0;0;0;7.424831268364727e-05;7.691480114781007e-05;86.907949;181.835358;3.378334;1,012,039;221,400
293;0.2930177409798252;13;0;0.136304;1,011,911;1,011,911;0;0;21,600;1.000126;10.250000;38.888238;395,911;616,000;1,011,911;0;0;0;7.184514310737106e-05;7.577198529349755e-05;86.907949;181.835358;3.378334;1,012,039;221,400
294;0.2940506078298816;14;0;0.097721;1,011,911;1,011,911;0;0;21,600;1.000126;10.250000;39.013672;395,911;616,000;1,011,911;0;0;0;7.253925934969391e-05;7.514422297390401e-05;86.907949;181.835358;3.378334;1,012,039;221,400
295;0.2950090371365684;13;0;0.090744;1,011,911;1,011,911;0;0;21,600;1.000126;10.250000;39.135759;395,911;616,000;1,011,911;0;0;0;7.322524871297549e-05;7.440171008744098e-05;86.907949;181.835358;3.378334;1,012,039;221,400
296;0.2960582276263736;14;0;0.098070;1,011,911;1,011,911;0;0;21,600;1.000126;10.250000;39.264850;395,911;616,000;1,011,911;0;0;0;0.0000737739464123773;7.661739719702499e-05;86.907949;181.835358;3.378334;1,012,039;221,400
297;0.2970434088045914;13;0;0.092081;1,011,911;1,011,911;0;0;21,600;1.000126;10.250000;39.387142;395,911;616,000;1,011,911;0;0;0;7.515487485794088e-05;7.640449343149463e-05;86.907949;181.835358;3.378334;1,012,039;221,400
298;0.2980291408561624;13;0;0.091511;1,011,911;1,011,911;0;0;21,600;1.000126;10.250000;39.510353;395,911;616,000;1,011,911;0;0;0;0.0000752769866920996;7.688875916059264e-05;86.907949;181.835358;3.378334;1,012,039;221,400
299;0.299005549102681;13;0;0.091184;1,011,911;1,011,911;0;0;21,600;1.000126;10.250000;39.635598;395,911;616,000;1,011,911;0;0;0;7.438179139894531e-05;0.0000767837633318297;86.907949;181.835358;3.378334;1,012,039;221,400
300;0.3000502425490904;14;0;0.096095;1,011,911;1,011,911;0;0;21,600;1.000126;10.250000;39.773495;395,911;616,000;1,011,911;0;0;0;0.0000719724779058116;7.576294360729869e-05;86.907949;181.835358;3.378334;1,012,039;221,400
301;0.3010576760786563;14;0;0.097741;1,011,911;1,011,911;0;0;22,032;1.000126;10.049020;39.904520;395,911;616,000;1,011,911;0;0;0;7.152253963841368e-05;7.279220434724155e-05;86.907949;181.835358;3.378334;1,012,039;221,400
302;0.3020043004343147;13;0;0.091551;1,011,911;1,011,911;0;0;22,032;1.000126;10.049020;40.028031;395,911;616,000;1,011,911;0;0;0;7.207570799852223e-05;7.456735757894865e-05;86.907949;181.835358;3.378334;1,012,039;221,400
303;0.3030238512011551;14;0;0.097167;1,011,911;1,011,911;0;0;22,032;1.000126;10.049020;40.157709;395,911;616,000;1,011,911;0;0;0;7.170343478491783e-05;7.512692925115335e-05;86.907949;181.835358;3.378334;1,012,039;221,400
304;0.3040527914194913;14;0;0.098242;1,011,911;1,011,911;0;0;22,032;1.000126;10.049020;40.288140;395,911;616,000;1,011,911;0;0;0;7.249299715644265e-05;7.482745542126698e-05;86.907949;181.835358;3.378334;1,012,039;221,400
305;0.3050286735246671;13;0;0.092483;1,011,911;1,011,911;0;0;22,032;1.000126;10.049020;40.412213;395,911;616,000;1,011,911;0;0;0;7.470562554893016e-05;7.600888507300007e-05;86.907949;181.835358;3.378334;1,012,039;221,400
306;0.306013816914168;13;0;0.090547;1,011,911;1,011,911;0;0;22,032;1.000126;10.049020;40.534737;395,911;616,000;1,011,911;0;0;0;7.559182743493097e-05;7.610170512041922e-05;86.907949;181.835358;3.378334;1,012,039;221,400
307;0.3070056791996323;13;0;0.091524;1,011,911;1,011,911;0;0;22,032;1.000126;10.049020;40.657195;395,911;616,000;1,011,911;0;0;0;7.590366410531507e-05;7.730566642836904e-05;86.907949;181.835358;3.378334;1,012,039;221,400
308;0.3080111913926132;13;0;0.090960;1,011,911;1,011,911;0;0;22,032;1.000126;10.049020;40.778310;395,911;616,000;1,011,911;0;0;0;7.725081594463412e-05;7.759889405101848e-05;86.907949;181.835358;3.378334;1,012,039;221,400
309;0.3090147402086085;13;0;0.090677;1,011,911;1,011,911;0;0;22,032;1.000126;10.049020;40.899574;395,911;616,000;1,011,911;0;0;0;0.000074445829579436;7.775737102471304e-05;86.907949;181.835358;3.378334;1,012,039;221,400
310;0.3100457022775328;14;0;0.167625;1,011,911;1,011,911;0;0;22,032;1.000126;10.049020;41.097111;395,911;616,000;1,011,911;0;0;0;7.321936165899807e-05;7.459428638405668e-05;86.907949;181.835358;3.378334;1,012,039;221,400
311;0.3110188383486136;13;0;0.089148;1,011,911;1,011,911;0;0;22,032;1.000126;10.049020;41.216059;395,911;616,000;1,011,911;0;0;0;7.426183977386812e-05;7.584183538322875e-05;86.907949;181.835358;3.378334;1,012,039;221,400
312;0.3120531102398285;14;0;0.095120;1,011,911;1,011,911;0;0;22,464;1.000126;9.855769;41.340716;395,911;616,000;1,011,911;0;0;0;7.257265967609605e-05;7.496028438833478e-05;86.907949;181.835358;3.378334;1,012,039;221,400
313;0.3130071840220998;13;0;0.091223;1,011,911;1,011,911;0;0;22,464;1.000126;9.855769;41.461981;395,911;616,000;1,011,911;0;0;0;7.264467126457163e-05;7.434112077214391e-05;86.907949;181.835358;3.378334;1,012,039;221,400
314;0.3140496286129786;14;0;0.096200;1,011,911;1,011,911;0;0;22,464;1.000126;9.855769;41.589886;395,911;616,000;1,011,911;0;0;0;7.407636828783443e-05;7.540936046815966e-05;86.907949;181.835358;3.378334;1,012,039;221,400
315;0.3150429231625661;13;0;0.090361;1,011,911;1,011,911;0;0;22,464;1.000126;9.855769;41.712797;395,911;616,000;1,011,911;0;0;0;7.560088849810477e-05;7.712055741954599e-05;86.907949;181.835358;3.378334;1,012,039;221,400
316;0.3160455695986991;13;0;0.090767;1,011,911;1,011,911;0;0;22,464;1.000126;9.855769;41.836130;395,911;616,000;1,011,911;0;0;0;0.0000754649586515487;0.0000774745427983908;86.907949;181.835358;3.378334;1,012,039;221,400
317;0.3170155250754215;13;0;0.092398;1,011,911;1,011,911;0;0;22,464;1.000126;9.855769;41.960780;395,911;616,000;1,011,911;0;0;0;7.428924306503433e-05;7.504205867388803e-05;86.907949;181.835358;3.378334;1,012,039;221,400
318;0.3180680176108813;14;0;0.096907;1,011,911;1,011,911;0;0;22,464;1.000126;9.855769;42.089005;395,911;616,000;1,011,911;0;0;0;7.496335742912706e-05;7.546291833713887e-05;86.907949;181.835358;3.378334;1,012,039;221,400
319;0.3190506225664294;13;0;0.091545;1,011,911;1,011,911;0;0;22,464;1.000126;9.855769;42.211364;395,911;616,000;1,011,911;0;0;0;7.521094414977467e-05;7.661641997314913e-05;86.907949;181.835358;3.378334;1,012,039;221,400
320;0.3200530799177231;13;0;0.090782;1,011,911;1,011,911;0;0;22,464;1.000126;9.855769;42.332617;395,911;616,000;1,011,911;0;0;0;7.671815171988867e-05;0.0000777129631877071;86.907949;181.835358;3.378334;1,012,039;221,400
321;0.3210380244729296;13;0;0.090137;1,011,911;1,011,911;0;0;22,464;1.000126;9.855769;42.453429;395,911;616,000;1,011,911;0;0;0;7.509692618955169e-05;7.671779338656382e-05;86.907949;181.835358;3.378334;1,012,039;221,400
322;0.3220177348103733;13;0;0.090588;1,011,911;1,011,911;0;0;22,464;1.000126;9.855769;42.574203;395,911;616,000;1,011,911;0;0;0;7.469957554589667e-05;7.590294499628754e-05;86.907949;181.835358;3.378334;1,012,039;221,400
323;0.3230714524796907;14;0;0.096019;1,011,911;1,011,911;0;0;22,896;1.000126;9.669811;42.702052;395,911;616,000;1,011,911;0;0;0;7.467885117826958e-05;7.641511091509706e-05;86.907949;181.835358;3.378334;1,012,039;221,400
324;0.3240666344214903;13;0;0.092153;1,011,911;1,011,911;0;0;22,896;1.000126;9.669811;42.933324;395,911;616,000;1,011,911;0;0;0;7.633641679157738e-05;7.699385166947595e-05;86.907949;181.835358;3.378334;1,012,039;221,400
325;0.3250567123864948;13;0;0.130872;1,011,911;1,011,911;0;0;22,896;1.000126;9.669811;43.217693;395,911;616,000;1,011,911;0;0;0;7.597813129562049e-05;7.657694879576647e-05;86.907949;181.835358;3.378334;1,012,039;221,400
326;0.3260423762192952;13;0;0.108834;1,011,911;1,011,911;0;0;22,896;1.000126;9.669811;43.365400;395,911;616,000;1,011,911;0;0;0;7.380680629338571e-05;7.728653331751173e-05;86.907949;181.835358;3.378334;1,012,039;221,400
327;0.327007918224364;13;0;0.091445;1,011,911;1,011,911;0;0;22,896;1.000126;9.669811;43.487737;395,911;616,000;1,011,911;0;0;0;7.377028005137043e-05;7.553624507939732e-05;86.907949;181.835358;3.378334;1,012,039;221,400
328;0.3280047621944476;13;0;0.088891;1,011,911;1,011,911;0;0;22,896;1.000126;9.669811;43.647199;395,911;616,000;1,011,911;0;0;0;7.574840540145567e-05;7.815521084564217e-05;86.907949;181.835358;3.378334;1,012,039;221,400
329;0.3290082040184942;13;0;0.091538;1,011,911;1,011,911;0;0;22,896;1.000126;9.669811;43.808574;395,911;616,000;1,011,911;0;0;0;0.0000767367204807163;0.0000781644466189349;86.907949;181.835358;3.378334;1,012,039;221,400
330;0.3300057213446458;13;0;0.091884;1,011,911;1,011,911;0;0;22,896;1.000126;9.669811;43.966195;395,911;616,000;1,011,911;0;0;0;0.0000766008298615404;7.699733434116112e-05;86.907949;181.835358;3.378334;1,012,039;221,400
331;0.3310098829494058;13;0;0.089070;1,011,911;1,011,911;0;0;22,896;1.000126;9.669811;44.119150;395,911;616,000;1,011,911;0;0;0;7.693045521854307e-05;7.747809290816275e-05;86.907949;181.835358;3.378334;1,012,039;221,400
332;0.3320058897731865;13;0;0.087256;1,011,911;1,011,911;0;0;22,896;1.000126;9.669811;44.273578;395,911;616,000;1,011,911;0;0;0;7.632556426624993e-05;7.726216638263984e-05;86.907949;181.835358;3.378334;1,012,039;221,400
333;0.3330109121870842;13;0;0.090377;1,011,911;1,011,911;0;0;23,328;1.000126;9.490741;44.432797;395,911;616,000;1,011,911;0;0;0;7.671959676217594e-05;7.824389646099936e-05;86.907949;181.835358;3.378334;1,012,039;221,400
334;0.3340231007525986;13;0;0.092083;1,011,911;1,011,911;0;0;23,328;1.000126;9.490741;44.563002;395,911;616,000;1,011,911;0;0;0;7.616149603055711e-05;7.872337545270553e-05;86.907949;181.835358;3.378334;1,012,039;221,400
335;0.335013361869389;13;0;0.091727;1,011,911;1,011,911;0;0;23,328;1.000126;9.490741;44.688737;395,911;616,000;1,011,911;0;0;0;7.594248015682336e-05;0.0000769289886768316;86.907949;181.835358;3.378334;1,012,039;221,400
336;0.3360169344552493;13;0;0.091320;1,011,911;1,011,911;0;0;23,328;1.000126;9.490741;44.811780;395,911;616,000;1,011,911;0;0;0;0.0000770762700531762;7.750279147675273e-05;86.907949;181.835358;3.378334;1,012,039;221,400
337;0.337070767333588;14;0;0.102241;1,011,911;1,011,911;0;0;23,328;1.000126;9.490741;44.947740;395,911;616,000;1,011,911;0;0;0;7.433669374975603e-05;7.715182628998144e-05;86.907949;181.835358;3.378334;1,012,039;221,400
338;0.3380458750739577;13;0;0.091285;1,011,911;1,011,911;0;0;23,328;1.000126;9.490741;45.070464;395,911;616,000;1,011,911;0;0;0;7.462250575830399e-05;7.619077567911625e-05;86.907949;181.835358;3.378334;1,012,039;221,400
339;0.3390188269660558;13;0;0.090083;1,011,911;1,011,911;0;0;23,328;1.000126;9.490741;45.187536;395,911;616,000;1,011,911;0;0;0;7.440135955198273e-05;7.582094350510467e-05;86.907949;181.835358;3.378334;1,012,039;221,400
340;0.3400047949238211;13;0;0.091321;1,011,911;1,011,911;0;0;23,328;1.000126;9.490741;45.305865;395,911;616,000;1,011,911;0;0;0;7.501099346912024e-05;7.717755692805301e-05;86.907949;181.835358;3.378334;1,012,039;221,400
341;0.3410087689389484;13;0;0.151369;1,011,911;1,011,911;0;0;23,328;1.000126;9.490741;45.484579;395,911;616,000;1,011,911;0;0;0;7.628600140984179e-05;7.788547968603969e-05;86.907949;181.835358;3.378334;1,012,039;221,400
342;0.3420676136596668;14;0;0.095305;1,011,911;1,011,911;0;0;23,328;1.000126;9.490741;45.607395;395,911;616,000;1,011,911;0;0;0;7.534310720809306e-05;7.609652164168277e-05;86.907949;181.835358;3.378334;1,012,039;221,400
343;0.3430637536379478;13;0;0.090335;1,011,911;1,011,911;0;0;23,328;1.000126;9.490741;45.725863;395,911;616,000;1,011,911;0;0;0;7.620494721844889e-05;7.694796231338636e-05;86.907949;181.835358;3.378334;1,012,039;221,400
344;0.3440387404910702;13;0;0.090214;1,011,911;1,011,911;0;0;23,760;1.000126;9.318182;45.844626;395,911;616,000;1,011,911;0;0;0;7.445984834990505e-05;7.610691582023634e-05;86.907949;181.835358;3.378334;1,012,039;221,400
345;0.3450126886300234;13;0;0.090387;1,011,911;1,011,911;0;0;23,760;1.000126;9.318182;45.961458;395,911;616,000;1,011,911;0;0;0;0.0000747106016763944;7.538082647737842e-05;86.907949;181.835358;3.378334;1,012,039;221,400
346;0.3460026122457084;13;0;0.090875;1,011,911;1,011,911;0;0;23,760;1.000126;9.318182;46.078471;395,911;616,000;1,011,911;0;0;0;7.530511675304577e-05;7.760197038723948e-05;86.907949;181.835358;3.378334;1,012,039;221,400
347;0.3470109948693068;13;0;0.088743;1,011,911;1,011,911;0;0;23,760;1.000126;9.318182;46.194510;395,911;616,000;1,011,911;0;0;0;7.717509760219665e-05;7.816820288824384e-05;86.907949;181.835358;3.378334;1,012,039;221,400
348;0.3480163955621632;13;0;0.089974;1,011,911;1,011,911;0;0;23,760;1.000126;9.318182;46.315951;395,911;616,000;1,011,911;0;0;0;7.724862966308922e-05;0.0000775781103646208;86.907949;181.835358;3.378334;1,012,039;221,400
349;0.3490024637458746;13;0;0.090944;1,011,911;1,011,911;0;0;23,760;1.000126;9.318182;46.439572;395,911;616,000;1,011,911;0;0;0;7.484858805619434e-05;7.745928634287231e-05;86.907949;181.835358;3.378334;1,012,039;221,400
350;0.3500617141731707;14;0;0.093941;1,011,911;1,011,911;0;0;23,760;1.000126;9.318182;46.598252;395,911;616,000;1,011,911;0;0;0;0.0000750436131251575;7.652596152663994e-05;86.907949;181.835358;3.378334;1,012,039;221,400
351;0.3510400441794487;13;0;0.092838;1,011,911;1,011,911;0;0;23,760;1.000126;9.318182;46.720380;395,911;616,000;1,011,911;0;0;0;7.505302198019928e-05;7.588127174930431e-05;86.907949;181.835358;3.378334;1,012,039;221,400
352;0.3520374671182985;13;0;0.094527;1,011,911;1,011,911;0;0;23,760;1.000126;9.318182;46.852153;395,911;616,000;1,011,911;0;0;0;7.602823481298607e-05;7.787032929689185e-05;86.907949;181.835358;3.378334;1,012,039;221,400
353;0.3530426927972775;13;0;0.090808;1,011,911;1,011,911;0;0;23,760;1.000126;9.318182;46.977203;395,911;616,000;1,011,911;0;0;0;7.644929790275319e-05;7.794389217830278e-05;86.907949;181.835358;3.378334;1,012,039;221,400
354;0.3540389902535349;13;0;0.091945;1,011,911;1,011,911;0;0;24,192;1.000126;9.151786;47.104034;395,911;616,000;1,011,911;0;0;0;7.639280050957572e-05;7.734906394023682e-05;86.907949;181.835358;3.378334;1,012,039;221,400
355;0.3550449679262018;13;0;0.094993;1,011,911;1,011,911;0;0;24,192;1.000126;9.151786;47.518407;395,911;616,000;1,011,911;0;0;0;7.726176560428729e-05;0.000077705646048629;86.907949;181.835358;3.378334;1,012,039;221,400
356;0.3560514552845365;13;0;0.091919;1,011,911;1,011,911;0;0;24,192;1.000126;9.151786;47.833466;395,911;616,000;1,011,911;0;0;0;7.606889481793834e-05;7.806612066208855e-05;86.907949;181.835358;3.378334;1,012,039;221,400
357;0.3570388668351827;13;0;0.094038;1,011,911;1,011,911;0;0;24,192;1.000126;9.151786;48.147574;395,911;616,000;1,011,911;0;0;0;7.571495510248098e-05;7.671869326758138e-05;86.907949;181.835358;3.378334;1,012,039;221,400
358;0.3580369810459659;13;0;0.097034;1,011,911;1,011,911;0;0;24,192;1.000126;9.151786;48.502925;395,911;616,000;1,011,911;0;0;0;7.663781980256167e-05;0.0000771570001133097;86.907949;181.835358;3.378334;1,012,039;221,400
359;0.3590032559600297;13;0;0.095428;1,011,911;1,011,911;0;0;24,192;1.000126;9.151786;48.851845;395,911;616,000;1,011,911;0;0;0;0.0000715434663108986;7.711233427097259e-05;86.907949;181.835358;3.378334;1,012,039;221,400
360;0.3600216001594766;14;0;0.102300;1,011,911;1,011,911;0;0;24,192;1.000126;9.151786;49.217658;395,911;616,000;1,011,911;0;0;0;7.163271488288776e-05;7.481711137958435e-05;86.907949;181.835358;3.378334;1,012,039;221,400
361;0.3610002301596504;13;0;0.095295;1,011,911;1,011,911;0;0;24,192;1.000126;9.151786;49.562579;395,911;616,000;1,011,911;0;0;0;7.481827386313268e-05;7.614155647031395e-05;86.907949;181.835358;3.378334;1,012,039;221,400
362;0.3620531348582198;14;0;0.149005;1,011,911;1,011,911;0;0;24,192;1.000126;9.151786;49.936058;395,911;616,000;1,011,911;0;0;0;7.461472597214004e-05;7.588503408433972e-05;86.907949;181.835358;3.378334;1,012,039;221,400
363;0.3630188712296873;13;0;0.095178;1,011,911;1,011,911;0;0;24,192;1.000126;9.151786;50.167578;395,911;616,000;1,011,911;0;0;0;7.376086212224679e-05;7.472282125183049e-05;86.907949;181.835358;3.378334;1,012,039;221,400
364;0.3640681748271726;14;0;0.099085;1,011,911;1,011,911;0;0;24,624;1.000126;8.991228;50.299211;395,911;616,000;1,011,911;0;0;0;7.398071609024219e-05;7.667540795158805e-05;86.907949;181.835358;3.378334;1,012,039;221,400
365;0.3650569561845637;13;0;0.091233;1,011,911;1,011,911;0;0;24,624;1.000126;8.991228;50.421651;395,911;616,000;1,011,911;0;0;0;0.0000750854906697124;7.732752880265794e-05;86.907949;181.835358;3.378334;1,012,039;221,400
366;0.366032353457092;13;0;0.091388;1,011,911;1,011,911;0;0;24,624;1.000126;8.991228;50.543493;395,911;616,000;1,011,911;0;0;0;7.482046312015759e-05;7.568373856739112e-05;86.907949;181.835358;3.378334;1,012,039;221,400
367;0.3670285813101964;13;0;0.091394;1,011,911;1,011,911;0;0;24,624;1.000126;8.991228;50.666643;395,911;616,000;1,011,911;0;0;0;7.585263505608997e-05;7.750274381633591e-05;86.907949;181.835358;3.378334;1,012,039;221,400
368;0.3680275017467747;13;0;0.092300;1,011,911;1,011,911;0;0;24,624;1.000126;8.991228;50.791410;395,911;616,000;1,011,911;0;0;0;7.498176064556233e-05;7.755253139068297e-05;86.907949;181.835358;3.378334;1,012,039;221,400
369;0.3690606543632601;14;0;0.102329;1,011,911;1,011,911;0;0;24,624;1.000126;8.991228;50.966786;395,911;616,000;1,011,911;0;0;0;7.237929764687143e-05;7.478725963360047e-05;86.907949;181.835358;3.378334;1,012,039;221,400
370;0.3700132966804279;13;0;0.089334;1,011,911;1,011,911;0;0;24,624;1.000126;8.991228;51.144977;395,911;616,000;1,011,911;0;0;0;7.248549950376868e-05;7.443979367788551e-05;86.907949;181.835358;3.378334;1,012,039;221,400
371;0.371049936706896;14;0;0.095530;1,011,911;1,011,911;0;0;24,624;1.000126;8.991228;51.346336;395,911;616,000;1,011,911;0;0;0;7.378530074079049e-05;0.0000745144325851985;86.907949;181.835358;3.378334;1,012,039;221,400
372;0.3720246796846849;13;0;0.092888;1,011,911;1,011,911;0;0;24,624;1.000126;8.991228;51.547127;395,911;616,000;1,011,911;0;0;0;7.464901950791183e-05;0.0000758855463601194;86.907949;181.835358;3.378334;1,012,039;221,400
373;0.3730121598805435;13;0;0.094431;1,011,911;1,011,911;0;0;24,624;1.000126;8.991228;51.739940;395,911;616,000;1,011,911;0;0;0;0.0000755144413620986;7.645620551153756e-05;86.907949;181.835358;3.378334;1,012,039;221,400
374;0.3740529600556721;14;0;0.112631;1,011,911;1,011,911;0;0;25,056;1.000126;8.836207;51.957208;395,911;616,000;1,011,911;0;0;0;7.374772023112663e-05;7.559481819146926e-05;86.907949;181.835358;3.378334;1,012,039;221,400
375;0.3750319055462847;13;0;0.092280;1,011,911;1,011,911;0;0;25,056;1.000126;8.836207;52.132115;395,911;616,000;1,011,911;0;0;0;7.449526810967283e-05;7.615655662304869e-05;86.907949;181.835358;3.378334;1,012,039;221,400
376;0.3760112692748372;13;0;0.094340;1,011,911;1,011,911;0;0;25,056;1.000126;8.836207;53.496663;395,911;616,000;1,011,911;0;0;0;7.510629677427622e-05;7.559957598747736e-05;86.907949;181.835358;3.378334;1,012,039;221,400
377;0.3770525750821355;14;0;0.101747;1,011,911;1,011,911;0;0;25,056;1.000126;8.836207;54.002381;395,911;616,000;1,011,911;0;0;0;7.375051870536919e-05;7.508621071819316e-05;86.907949;181.835358;3.378334;1,012,039;221,400
378;0.3780057485982924;13;0;0.097272;1,011,911;1,011,911;0;0;25,056;1.000126;8.836207;54.493267;395,911;616,000;1,011,911;0;0;0;0.0000726083302630147;7.436267820667294e-05;86.907949;181.835358;3.378334;1,012,039;221,400
379;0.379029097773879;14;0;0.102711;1,011,911;1,011,911;0;0;25,056;1.000126;8.836207;54.925431;395,911;616,000;1,011,911;0;0;0;7.141394786897603e-05;7.446205306073021e-05;86.907949;181.835358;3.378334;1,012,039;221,400
380;0.38003943947088;14;0;0.100315;1,011,911;1,011,911;0;0;25,056;1.000126;8.836207;55.205532;395,911;616,000;1,011,911;0;0;0;7.136796384720011e-05;7.396536279904656e-05;86.907949;181.835358;3.378334;1,012,039;221,400
381;0.3810607555438045;14;0;0.102091;1,011,911;1,011,911;0;0;25,056;1.000126;8.836207;55.519673;395,911;616,000;1,011,911;0;0;0;7.082049358245856e-05;7.522988279604866e-05;86.907949;181.835358;3.378334;1,012,039;221,400
382;0.3820710075920678;14;0;0.102553;1,011,911;1,011,911;0;0;25,056;1.000126;8.836207;55.864156;395,911;616,000;1,011,911;0;0;0;7.098404851614185e-05;0.0000742741217395996;86.907949;181.835358;3.378334;1,012,039;221,400
383;0.3830467568579504;13;0;0.095614;1,011,911;1,011,911;0;0;25,056;1.000126;8.836207;56.207219;395,911;616,000;1,011,911;0;0;0;7.266968592801361e-05;7.622446607558086e-05;86.907949;181.835358;3.378334;1,012,039;221,400
384;0.384053395062779;14;0;0.160272;1,011,911;1,011,911;0;0;25,056;1.000126;8.836207;56.485532;395,911;616,000;1,011,911;0;0;0;7.142621192892071e-05;7.303340168165128e-05;86.907949;181.835358;3.378334;1,012,039;221,400
385;0.385017188711538;13;0;0.097433;1,011,911;1,011,911;0;0;25,488;1.000126;8.686441;57.054025;395,911;616,000;1,011,911;0;0;0;7.259240586956327e-05;7.547029718518326e-05;86.907949;181.835358;3.378334;1,012,039;221,400
386;0.3860232795615797;14;0;0.103123;1,011,911;1,011,911;0;0;25,488;1.000126;8.686441;58.418095;395,911;616,000;1,011,911;0;0;0;7.138520839802618e-05;7.302310260367928e-05;86.907949;181.835358;3.378334;1,012,039;221,400
387;0.387067438745323;14;0;0.099860;1,011,911;1,011,911;0;0;25,488;1.000126;8.686441;59.655544;395,911;616,000;1,011,911;0;0;0;7.328592018207632e-05;7.653510134957044e-05;86.907949;181.835358;3.378334;1,012,039;221,400
388;0.3880447705314389;13;0;0.095412;1,011,911;1,011,911;0;0;25,488;1.000126;8.686441;60.418659;395,911;616,000;1,011,911;0;0;0;7.475287565966739e-05;7.610118461989772e-05;86.907949;181.835358;3.378334;1,012,039;221,400
389;0.3890253012919257;13;0;0.094183;1,011,911;1,011,911;0;0;25,488;1.000126;8.686441;61.098712;395,911;616,000;1,011,911;0;0;0;0.0000753483999271368;7.573056909070916e-05;86.907949;181.835358;3.378334;1,012,039;221,400
390;0.390008647648932;13;0;0.094717;1,011,911;1,011,911;0;0;25,488;1.000126;8.686441;61.624763;395,911;616,000;1,011,911;0;0;0;7.523636708762422e-05;0.0000761876977251277;86.907949;181.835358;3.378334;1,012,039;221,400
391;0.3910679746352621;14;0;0.107942;1,011,911;1,011,911;0;0;25,488;1.000126;8.686441;64.147509;395,911;616,000;1,011,911;0;0;0;7.534175772702037e-05;7.600948806054381e-05;86.907949;181.835358;3.378334;1,012,039;221,400
392;0.3920368989452979;13;0;0.102344;1,011,911;1,011,911;0;0;25,488;1.000126;8.686441;65.430186;395,911;616,000;1,011,911;0;0;0;0.0000734659944573921;7.591717498660637e-05;86.907949;181.835358;3.378334;1,012,039;221,400
393;0.3930026365314807;13;0;0.102947;1,011,911;1,011,911;0;0;25,488;1.000126;8.686441;66.715370;395,911;616,000;1,011,911;0;0;0;7.359467680199416e-05;7.546984090787859e-05;86.907949;181.835358;3.378334;1,012,039;221,400
394;0.3940647853945045;14;0;0.106074;1,011,911;1,011,911;0;0;25,488;1.000126;8.686441;68.003137;395,911;616,000;1,011,911;0;0;0;7.566109054737483e-05;7.634456154618592e-05;86.907949;181.835358;3.378334;1,012,039;221,400
395;0.3950569605061576;13;0;0.101289;1,011,911;1,011,911;0;0;25,920;1.000126;8.541667;69.310737;395,911;616,000;1,011,911;0;0;0;0.0000761513541665243;7.673885631625301e-05;86.907949;181.835358;3.378334;1,012,039;221,400
396;0.3960540387994674;13;0;0.143090;1,011,911;1,011,911;0;0;25,920;1.000126;8.541667;71.786852;395,911;616,000;1,011,911;0;0;0;7.641564284685438e-05;0.0000769620454892126;86.907949;181.835358;3.378334;1,012,039;221,400
397;0.3970301327234112;13;0;0.099440;1,011,911;1,011,911;0;0;25,920;1.000126;8.541667;72.913966;395,911;616,000;1,011,911;0;0;0;7.462716149189367e-05;7.601919271544971e-05;86.907949;181.835358;3.378334;1,012,039;221,400
398;0.3980155144502926;13;0;0.095746;1,011,911;1,011,911;0;0;25,920;1.000126;8.541667;74.065078;395,911;616,000;1,011,911;0;0;0;7.520468430333145e-05;7.646114550712839e-05;86.907949;181.835358;3.378334;1,012,039;221,400
399;0.3990480320118518;14;0;0.103399;1,011,911;1,011,911;0;0;25,920;1.000126;8.541667;75.248818;395,911;616,000;1,011,911;0;0;0;7.033134597441539e-05;0.000075849856499671;86.907949;181.835358;3.378334;1,012,039;221,400
400;0.4000483322755119;14;0;0.105828;1,011,911;1,011,911;0;0;25,920;1.000126;8.541667;76.336478;395,911;616,000;1,011,911;0;0;0;7.036644243621838e-05;0.0000735678263797259;86.907949;181.835358;3.378334;1,012,039;221,400
401;0.401022683446139;13;0;0.100378;1,011,911;1,011,911;0;0;25,920;1.000126;8.541667;77.385632;395,911;616,000;1,011,911;0;0;0;7.385137296353969e-05;7.614592769726876e-05;86.907949;181.835358;3.378334;1,012,039;221,400
402;0.4020075500551368;13;0;0.100841;1,011,911;1,011,911;0;0;25,920;1.000126;8.541667;78.438081;395,911;616,000;1,011,911;0;0;0;7.553222039707018e-05;7.647495108541153e-05;86.907949;181.835358;3.378334;1,012,039;221,400
403;0.4030036096957628;13;0;0.096727;1,011,911;1,011,911;0;0;25,920;1.000126;8.541667;79.507063;395,911;616,000;1,011,911;0;0;0;7.437281340636531e-05;7.767307611958839e-05;86.907949;181.835358;3.378334;1,012,039;221,400
404;0.4040397441429192;14;0;0.103154;1,011,911;1,011,911;0;0;25,920;1.000126;8.541667;80.567211;395,911;616,000;1,011,911;0;0;0;7.367419370884774e-05;0.0000747378104893105;86.907949;181.835358;3.378334;1,012,039;221,400
405;0.4050572834082517;14;0;0.108738;1,011,911;1,011,911;0;0;26,352;1.000126;8.401639;81.625925;395,911;616,000;1,011,911;0;0;0;7.216752759346026e-05;7.347797419956194e-05;86.907949;181.835358;3.378334;1,012,039;221,400
406;0.4060037197217003;13;0;0.171616;1,011,911;1,011,911;0;0;26,352;1.000126;8.401639;82.711890;395,911;616,000;1,011,911;0;0;0;7.198017970433724e-05;7.409773807885283e-05;86.907949;181.835358;3.378334;1,012,039;221,400
407;0.4070252861264705;14;0;0.102573;1,011,911;1,011,911;0;0;26,352;1.000126;8.401639;83.722126;395,911;616,000;1,011,911;0;0;0;7.235750534244351e-05;7.399200383820211e-05;86.907949;181.835358;3.378334;1,012,039;221,400
408;0.4080484294696333;14;0;0.186751;1,011,911;1,011,911;0;0;26,352;1.000126;8.401639;84.859411;395,911;616,000;1,011,911;0;0;0;0.0000723445672284767;7.425920935404783e-05;86.907949;181.835358;3.378334;1,012,039;221,400
409;0.4090139516982062;13;0;0.110440;1,011,911;1,011,911;0;0;26,352;1.000126;8.401639;85.810409;395,911;616,000;1,011,911;0;0;0;0.0000739610697270741;7.477232307048767e-05;86.907949;181.835358;3.378334;1,012,039;221,400
410;0.4100694192963054;14;0;0.100975;1,011,911;1,011,911;0;0;26,352;1.000126;8.401639;86.814765;395,911;616,000;1,011,911;0;0;0;7.474762705339956e-05;7.664482695757171e-05;86.907949;181.835358;3.378334;1,012,039;221,400
411;0.4110667251483398;13;0;0.094470;1,011,911;1,011,911;0;0;26,352;1.000126;8.401639;87.847806;395,911;616,000;1,011,911;0;0;0;7.666425704706103e-05;7.694236481299994e-05;86.907949;181.835358;3.378334;1,012,039;221,400
412;0.412074785873966;13;0;0.095452;1,011,911;1,011,911;0;0;26,352;1.000126;8.401639;88.863056;395,911;616,000;1,011,911;0;0;0;7.703343608483817e-05;7.844372805707193e-05;86.907949;181.835358;3.378334;1,012,039;221,400
413;0.4130039089148143;12;0;0.090935;1,011,911;1,011,911;0;0;26,352;1.000126;8.401639;89.850718;395,911;616,000;1,011,911;0;0;0;7.644406785834525e-05;7.861702943748101e-05;86.907949;181.835358;3.378334;1,012,039;221,400
414;0.4140027243589547;13;0;0.098111;1,011,911;1,011,911;0;0;26,352;1.000126;8.401639;90.833255;395,911;616,000;1,011,911;0;0;0;7.645515301281142e-05;7.755564902397886e-05;86.907949;181.835358;3.378334;1,012,039;221,400
415;0.4150575068231498;14;0;0.103463;1,011,911;1,011,911;0;0;26,784;1.000126;8.266129;91.837536;395,911;616,000;1,011,911;0;0;0;7.389158954930235e-05;7.672283460892975e-05;86.907949;181.835358;3.378334;1,012,039;221,400
416;0.4160035879056836;13;0;0.092566;1,011,911;1,011,911;0;0;26,784;1.000126;8.266129;92.840963;395,911;616,000;1,011,911;0;0;0;7.174602440521654e-05;7.408684064942044e-05;86.907949;181.835358;3.378334;1,012,039;221,400
417;0.4170287940661134;14;0;0.103714;1,011,911;1,011,911;0;0;26,784;1.000126;8.266129;93.863131;395,911;616,000;1,011,911;0;0;0;7.211900005849504e-05;7.510621108932927e-05;86.907949;181.835358;3.378334;1,012,039;221,400
418;0.4180204658678427;13;0;0.096681;1,011,911;1,011,911;0;0;26,784;1.000126;8.266129;94.831988;395,911;616,000;1,011,911;0;0;0;7.533677729096332e-05;7.772924338683721e-05;86.907949;181.835358;3.378334;1,012,039;221,400
419;0.4190306839300423;13;0;0.134646;1,011,911;1,011,911;0;0;26,784;1.000126;8.266129;95.868697;395,911;616,000;1,011,911;0;0;0;7.699474742163638e-05;7.835283213949715e-05;86.907949;181.835358;3.378334;1,012,039;221,400
420;0.420032884842427;13;0;0.096964;1,011,911;1,011,911;0;0;26,784;1.000126;8.266129;96.806490;395,911;616,000;1,011,911;0;0;0;7.685655234716631e-05;7.737811096346947e-05;86.907949;181.835358;3.378334;1,012,039;221,400
421;0.4210178904867292;13;0;0.096843;1,011,911;1,011,911;0;0;26,784;1.000126;8.266129;97.819825;395,911;616,000;1,011,911;0;0;0;7.543238726216989e-05;7.645547267308248e-05;86.907949;181.835358;3.378334;1,012,039;221,400
422;0.4220003091824764;13;0;0.096908;1,011,911;1,011,911;0;0;26,784;1.000126;8.266129;98.835230;395,911;616,000;1,011,911;0;0;0;7.535603562722978e-05;7.623037414710451e-05;86.907949;181.835358;3.378334;1,012,039;221,400
423;0.4230021820040858;13;0;0.096177;1,011,911;1,011,911;0;0;26,784;1.000126;8.266129;99.873547;395,911;616,000;1,011,911;0;0;0;7.640399824240818e-05;7.772468342123634e-05;86.907949;181.835358;3.378334;1,012,039;221,400
424;0.4240120463048728;13;0;0.103426;1,011,911;1,011,911;0;0;26,784;1.000126;8.266129;100.878430;395,911;616,000;1,011,911;0;0;0;7.740260377756201e-05;7.813145872987386e-05;86.907949;181.835358;3.378334;1,012,039;221,400
425;0.4250149916471253;13;0;0.096468;1,011,911;1,011,911;0;0;27,216;1.000126;8.134921;101.628463;395,911;616,000;1,011,911;0;0;0;7.608981167290635e-05;7.763579930242022e-05;86.907949;181.835358;3.378334;1,012,039;221,400
426;0.4260678421169652;14;0;0.101800;1,011,911;1,011,911;0;0;25,515;1.000126;8.677249;102.122103;395,911;616,000;1,011,911;0;0;0;7.444530612573497e-05;0.0000760289601139816;86.907949;181.835358;3.378334;1,012,039;221,400
427;0.4270418026485503;13;0;0.097311;1,011,911;1,011,911;0;0;25,515;1.000126;8.677249;102.997533;395,911;616,000;1,011,911;0;0;0;7.465159503856794e-05;0.0000758744020927858;86.907949;181.835358;3.378334;1,012,039;221,400
428;0.4280424415439912;13;0;0.092116;1,011,911;1,011,911;0;0;25,515;1.000126;8.677249;103.118925;395,911;616,000;1,011,911;0;0;0;7.606844348317143e-05;7.826692403448414e-05;86.907949;181.835358;3.378334;1,012,039;221,400
429;0.4290557915515393;13;0;0.092097;1,011,911;1,011,911;0;0;25,515;1.000126;8.677249;103.239769;395,911;616,000;1,011,911;0;0;0;7.770626671477371e-05;7.837074959536028e-05;86.907949;181.835358;3.378334;1,012,039;221,400
430;0.43004973220272;13;0;0.091882;1,011,911;1,011,911;0;0;25,515;1.000126;8.677249;103.364515;395,911;616,000;1,011,911;0;0;0;7.589901914740576e-05;7.728165651386204e-05;86.907949;181.835358;3.378334;1,012,039;221,400
431;0.4310309218348891;13;0;0.090988;1,011,911;1,011,911;0;0;25,515;1.000126;8.677249;103.483004;395,911;616,000;1,011,911;0;0;0;7.529509612808419e-05;7.582527448703872e-05;86.907949;181.835358;3.378334;1,012,039;221,400
432;0.4320269083405547;13;0;0.093334;1,011,911;1,011,911;0;0;25,515;1.000126;8.677249;103.735850;395,911;616,000;1,011,911;0;0;0;7.595564480915929e-05;7.771309313829502e-05;86.907949;181.835358;3.378334;1,012,039;221,400
433;0.4330430087572628;13;0;0.093567;1,011,911;1,011,911;0;0;25,515;1.000126;8.677249;104.009535;395,911;616,000;1,011,911;0;0;0;7.734683131452914e-05;7.842126656070679e-05;86.907949;181.835358;3.378334;1,012,039;221,400
434;0.434025234662327;13;0;0.092052;1,011,911;1,011,911;0;0;25,920;1.000126;8.541667;104.184814;395,911;616,000;1,011,911;0;0;0;7.499537145341141e-05;7.671347059461431e-05;86.907949;181.835358;3.378334;1,012,039;221,400
435;0.4350075837644198;13;0;0.089831;1,011,911;1,011,911;0;0;25,920;1.000126;8.541667;104.309125;395,911;616,000;1,011,911;0;0;0;7.543172643576678e-05;7.619374509968454e-05;86.907949;181.835358;3.378334;1,012,039;221,400
436;0.4360014183528536;13;0;0.090377;1,011,911;1,011,911;0;0;25,920;1.000126;8.541667;104.427152;395,911;616,000;1,011,911;0;0;0;7.610535529612841e-05;7.697393865992866e-05;86.907949;181.835358;3.378334;1,012,039;221,400
437;0.437072619205956;14;0;0.157177;1,011,911;1,011,911;0;0;25,920;1.000126;8.541667;104.608759;395,911;616,000;1,011,911;0;0;0;7.611989094112034e-05;7.735738960036347e-05;86.907949;181.835358;3.378334;1,012,039;221,400
438;0.4380027294147714;12;0;0.082466;1,011,911;1,011,911;0;0;25,920;1.000126;8.541667;104.716313;395,911;616,000;1,011,911;0;0;0;7.697321845010468e-05;7.798700592091768e-05;86.907949;181.835358;3.378334;1,012,039;221,400
439;0.4390026110527505;13;0;0.088461;1,011,911;1,011,911;0;0;25,920;1.000126;8.541667;104.866092;395,911;616,000;1,011,911;0;0;0;7.597075519961686e-05;7.728504223924245e-05;86.907949;181.835358;3.378334;1,012,039;221,400
440;0.4400531332930515;14;0;0.095787;1,011,911;1,011,911;0;0;25,920;1.000126;8.541667;105.001231;395,911;616,000;1,011,911;0;0;0;7.447181530321029e-05;7.582111626589931e-05;86.907949;181.835358;3.378334;1,012,039;221,400
441;0.4410337353406723;13;0;0.094841;1,011,911;1,011,911;0;0;25,920;1.000126;8.541667;105.925417;395,911;616,000;1,011,911;0;0;0;0.000074872585905561;7.611545982183097e-05;86.907949;181.835358;3.378334;1,012,039;221,400
442;0.4420287927026191;13;0;0.163720;1,011,911;1,011,911;0;0;25,920;1.000126;8.541667;106.781586;395,911;616,000;1,011,911;0;0;0;7.622364735014614e-05;7.695287141655586e-05;86.907949;181.835358;3.378334;1,012,039;221,400
443;0.4430170981368249;13;0;0.096205;1,011,911;1,011,911;0;0;26,325;1.000126;8.410256;107.388352;395,911;616,000;1,011,911;0;0;0;7.390392507410456e-05;7.681075375844167e-05;86.907949;181.835358;3.378334;1,012,039;221,400
444;0.4440510856304202;14;0;0.099272;1,011,911;1,011,911;0;0;26,325;1.000126;8.410256;107.915639;395,911;616,000;1,011,911;0;0;0;7.355749549172298e-05;7.474910757530677e-05;86.907949;181.835358;3.378334;1,012,039;221,400
445;0.4450295985869206;13;0;0.094807;1,011,911;1,011,911;0;0;26,325;1.000126;8.410256;108.469860;395,911;616,000;1,011,911;0;0;0;7.488008144697674e-05;7.595068981831571e-05;86.907949;181.835358;3.378334;1,012,039;221,400
446;0.4460738306697465;14;0;0.143923;1,011,911;1,011,911;0;0;26,325;1.000126;8.410256;109.007128;395,911;616,000;1,011,911;0;0;0;7.439040028288575e-05;0.0000750337747800879;86.907949;181.835358;3.378334;1,012,039;221,400
447;0.4470339077194419;13;0;0.095282;1,011,911;1,011,911;0;0;26,325;1.000126;8.410256;109.539502;395,911;616,000;1,011,911;0;0;0;7.329430184073349e-05;0.0000748266694717117;86.907949;181.835358;3.378334;1,012,039;221,400
448;0.4480017022700789;13;0;0.096654;1,011,911;1,011,911;0;0;26,325;1.000126;8.410256;110.094966;395,911;616,000;1,011,911;0;0;0;7.368357828329712e-05;7.579417348209761e-05;86.907949;181.835358;3.378334;1,012,039;221,400
449;0.4490574155275345;14;0;0.102717;1,011,911;1,011,911;0;0;26,325;1.000126;8.410256;110.297320;395,911;616,000;1,011,911;0;0;0;7.287706903076922e-05;7.684633209636206e-05;86.907949;181.835358;3.378334;1,012,039;221,400
450;0.4500069931968668;13;0;0.096170;1,011,911;1,011,911;0;0;26,325;1.000126;8.410256;110.482112;395,911;616,000;1,011,911;0;0;0;7.269644205256898e-05;7.408961438915979e-05;86.907949;181.835358;3.378334;1,012,039;221,400
451;0.4510605179257166;14;0;0.104312;1,011,911;1,011,911;0;0;26,325;1.000126;8.410256;110.688395;395,911;616,000;1,011,911;0;0;0;7.428641450519536e-05;7.639923572688359e-05;86.907949;181.835358;3.378334;1,012,039;221,400
452;0.4520483139853405;13;0;0.090038;1,011,911;1,011,911;0;0;26,730;1.000126;8.282828;110.869132;395,911;616,000;1,011,911;0;0;0;7.581079029201253e-05;7.652662999208773e-05;86.907949;181.835358;3.378334;1,012,039;221,400
453;0.4530393973628883;13;0;0.175207;1,011,911;1,011,911;0;0;26,730;1.000126;8.282828;111.149925;395,911;616,000;1,011,911;0;0;0;7.581517767100601e-05;7.695380810258683e-05;86.907949;181.835358;3.378334;1,012,039;221,400
454;0.4540098386193327;13;0;0.088970;1,011,911;1,011,911;0;0;26,730;1.000126;8.282828;111.268416;395,911;616,000;1,011,911;0;0;0;7.427357948263344e-05;7.539008765937899e-05;86.907949;181.835358;3.378334;1,012,039;221,400
455;0.4550538020653235;14;0;0.100401;1,011,911;1,011,911;0;0;26,730;1.000126;8.282828;111.553677;395,911;616,000;1,011,911;0;0;0;7.390333794121985e-05;7.540245679433681e-05;86.907949;181.835358;3.378334;1,012,039;221,400
456;0.4560150671169217;13;0;0.093606;1,011,911;1,011,911;0;0;26,730;1.000126;8.282828;111.937081;395,911;616,000;1,011,911;0;0;0;0.0000735344223877917;7.449871196410301e-05;86.907949;181.835358;3.378334;1,012,039;221,400
457;0.4570498918871139;14;0;0.101512;1,011,911;1,011,911;0;0;26,730;1.000126;8.282828;112.710488;395,911;616,000;1,011,911;0;0;0;7.364073294927802e-05;7.451419869585439e-05;86.907949;181.835358;3.378334;1,012,039;221,400
458;0.458018192261505;13;0;0.098454;1,011,911;1,011,911;0;0;26,730;1.000126;8.282828;113.852799;395,911;616,000;1,011,911;0;0;0;7.379576173249991e-05;7.559159032924977e-05;86.907949;181.835358;3.378334;1,012,039;221,400
459;0.4590112221404117;13;0;0.097439;1,011,911;1,011,911;0;0;26,730;1.000126;8.282828;114.563594;395,911;616,000;1,011,911;0;0;0;7.572352839125875e-05;7.750505077105885e-05;86.907949;181.835358;3.378334;1,012,039;221,400
460;0.4600194622806351;13;0;0.098958;1,011,911;1,011,911;0;0;27,135;1.000126;8.159204;115.062945;395,911;616,000;1,011,911;0;0;0;7.746139821215957e-05;7.781125230509188e-05;86.907949;181.835358;3.378334;1,012,039;221,400
461;0.4610655695154761;14;0;0.196202;1,011,911;1,011,911;0;0;27,135;1.000126;8.159204;115.559247;395,911;616,000;1,011,911;0;0;0;6.965670266062341e-05;0.0000775971672762154;86.907949;181.835358;3.378334;1,012,039;221,400
462;0.462042109287321;14;0;0.102617;1,011,911;1,011,911;0;0;27,135;1.000126;8.159204;115.817307;395,911;616,000;1,011,911;0;0;0;6.908843913712579e-05;7.155869921943659e-05;86.907949;181.835358;3.378334;1,012,039;221,400
463;0.4630680745581853;14;0;0.107352;1,011,911;1,011,911;0;0;27,135;1.000126;8.159204;116.183567;395,911;616,000;1,011,911;0;0;0;7.186325886708502e-05;7.535702286585465e-05;86.907949;181.835358;3.378334;1,012,039;221,400
464;0.4640607607115592;13;0;0.095341;1,011,911;1,011,911;0;0;27,135;1.000126;8.159204;116.519899;395,911;616,000;1,011,911;0;0;0;7.557904657611783e-05;7.702482831006558e-05;86.907949;181.835358;3.378334;1,012,039;221,400
465;0.4650516381403114;13;0;0.093430;1,011,911;1,011,911;0;0;27,135;1.000126;8.159204;116.923253;395,911;616,000;1,011,911;0;0;0;7.354909175444974e-05;7.718293491654814e-05;86.907949;181.835358;3.378334;1,012,039;221,400
466;0.4660054281728464;13;0;0.094281;1,011,911;1,011,911;0;0;27,135;1.000126;8.159204;117.048380;395,911;616,000;1,011,911;0;0;0;7.307494666596935e-05;7.425590859888278e-05;86.907949;181.835358;3.378334;1,012,039;221,400
467;0.4670571324791371;14;0;0.101131;1,011,911;1,011,911;0;0;27,135;1.000126;8.159204;117.192152;395,911;616,000;1,011,911;0;0;0;7.330086543497178e-05;7.609864446098644e-05;86.907949;181.835358;3.378334;1,012,039;221,400
468;0.468067549731461;14;0;0.100478;1,011,911;1,011,911;0;0;27,135;1.000126;8.159204;117.332311;395,911;616,000;1,011,911;0;0;0;7.175529771597844e-05;7.282225435754431e-05;86.907949;181.835358;3.378334;1,012,039;221,400
469;0.4690297620666528;13;0;0.094415;1,011,911;1,011,911;0;0;27,540;1.000126;8.039216;117.468794;395,911;616,000;1,011,911;0;0;0;7.303247101184597e-05;7.560793965791124e-05;86.907949;181.835358;3.378334;1,012,039;221,400
470;0.4700633683062336;14;0;0.138959;1,011,911;1,011,911;0;0;27,540;1.000126;8.039216;117.649819;395,911;616,000;1,011,911;0;0;0;7.156815801218625e-05;7.552386840185429e-05;86.907949;181.835358;3.378334;1,012,039;221,400
471;0.4710033634712415;13;0;0.095525;1,011,911;1,011,911;0;0;27,540;1.000126;8.039216;117.787415;395,911;616,000;1,011,911;0;0;0;7.159871995635914e-05;7.379603927396353e-05;86.907949;181.835358;3.378334;1,012,039;221,400
472;0.4720482266387496;14;0;0.097392;1,011,911;1,011,911;0;0;27,540;1.000126;8.039216;117.915840;395,911;616,000;1,011,911;0;0;0;7.387418028346707e-05;7.563953394939724e-05;86.907949;181.835358;3.378334;1,012,039;221,400
473;0.4730054113186914;13;0;0.089949;1,011,911;1,011,911;0;0;27,540;1.000126;8.039216;118.035148;395,911;616,000;1,011,911;0;0;0;0.0000734760335753015;7.376800593467609e-05;86.907949;181.835358;3.378334;1,012,039;221,400
474;0.4740487257773989;14;0;0.095694;1,011,911;1,011,911;0;0;27,540;1.000126;8.039216;118.164472;395,911;616,000;1,011,911;0;0;0;7.374689476166566e-05;7.587646870994507e-05;86.907949;181.835358;3.378334;1,012,039;221,400
475;0.4750380837428716;13;0;0.090495;1,011,911;1,011,911;0;0;27,540;1.000126;8.039216;118.285033;395,911;616,000;1,011,911;0;0;0;7.593504162790701e-05;7.673690512307686e-05;86.907949;181.835358;3.378334;1,012,039;221,400
476;0.4760345731329662;13;0;0.091106;1,011,911;1,011,911;0;0;27,540;1.000126;8.039216;118.406924;395,911;616,000;1,011,911;0;0;0;7.651139310523227e-05;7.699036235632309e-05;86.907949;181.835358;3.378334;1,012,039;221,400
477;0.4770312420321108;13;0;0.088784;1,011,911;1,011,911;0;0;27,540;1.000126;8.039216;118.526703;395,911;616,000;1,011,911;0;0;0;7.653809307538116e-05;0.0000769247819328523;86.907949;181.835358;3.378334;1,012,039;221,400
478;0.4780292407304705;13;0;0.089821;1,011,911;1,011,911;0;0;27,945;1.000126;7.922705;118.643511;395,911;616,000;1,011,911;0;0;0;7.661145351062504e-05;7.696403548398945e-05;86.907949;181.835358;3.378334;1,012,039;221,400
479;0.4790261710969175;13;0;0.087868;1,011,911;1,011,911;0;0;27,945;1.000126;7.922705;118.757592;395,911;616,000;1,011,911;0;0;0;7.651630919191962e-05;0.0000772427674454519;86.907949;181.835358;3.378334;1,012,039;221,400
480;0.480026981933914;13;0;0.087580;1,011,911;1,011,911;0;0;27,945;1.000126;7.922705;118.890237;395,911;616,000;1,011,911;0;0;0;7.674696107036916e-05;7.747627762493648e-05;86.907949;181.835358;3.378334;1,012,039;221,400
481;0.4810255377828668;13;0;0.086662;1,011,911;1,011,911;0;0;27,945;1.000126;7.922705;119.043376;395,911;616,000;1,011,911;0;0;0;7.638671917101187e-05;7.703305482215664e-05;86.907949;181.835358;3.378334;1,012,039;221,400
482;0.482022151706446;13;0;0.088674;1,011,911;1,011,911;0;0;27,945;1.000126;7.922705;119.155287;395,911;616,000;1,011,911;0;0;0;7.638762387829513e-05;7.724912688094518e-05;86.907949;181.835358;3.378334;1,012,039;221,400
483;0.4830071881674719;13;0;0.086153;1,011,911;1,011,911;0;0;27,945;1.000126;7.922705;119.287417;395,911;616,000;1,011,911;0;0;0;7.489029544174868e-05;7.729915807238218e-05;86.907949;181.835358;3.378334;1,012,039;221,400
484;0.4840679025501126;14;0;0.093197;1,011,911;1,011,911;0;0;27,945;1.000126;7.922705;119.404692;395,911;616,000;1,011,911;0;0;0;7.505324551061157e-05;7.707969559336349e-05;86.907949;181.835358;3.378334;1,012,039;221,400
485;0.4850756646266033;13;0;0.088057;1,011,911;1,011,911;0;0;27,945;1.000126;7.922705;119.516855;395,911;616,000;1,011,911;0;0;0;7.717471090556196e-05;7.798379846519728e-05;86.907949;181.835358;3.378334;1,012,039;221,400
486;0.4860014633727004;12;0;0.083118;1,011,911;1,011,911;0;0;28,350;1.000126;7.809524;119.623862;395,911;616,000;1,011,911;0;0;0;7.686242357303838e-05;7.737710674846348e-05;86.907949;181.835358;3.378334;1,012,039;221,400
487;0.4870018259324959;13;0;0.089179;1,011,911;1,011,911;0;0;28,350;1.000126;7.809524;119.736795;395,911;616,000;1,011,911;0;0;0;7.625243405261742e-05;7.736237772881282e-05;86.907949;181.835358;3.378334;1,012,039;221,400
488;0.4880625938019268;14;0;0.164166;1,011,911;1,011,911;0;0;28,350;1.000126;7.809524;119.925807;395,911;616,000;1,011,911;0;0;0;7.504894023251069e-05;7.602354004057414e-05;86.907949;181.835358;3.378334;1,012,039;221,400
489;0.4890321186342129;13;0;0.089414;1,011,911;1,011,911;0;0;28,350;1.000126;7.809524;120.040543;395,911;616,000;1,011,911;0;0;0;7.431151713368204e-05;7.524511969750567e-05;86.907949;181.835358;3.378334;1,012,039;221,400
490;0.4900071425596644;13;0;0.088526;1,011,911;1,011,911;0;0;28,350;1.000126;7.809524;120.153885;395,911;616,000;1,011,911;0;0;0;7.372962423460525e-05;0.0000756466884337282;86.907949;181.835358;3.378334;1,012,039;221,400
491;0.4910458174033996;14;0;0.095710;1,011,911;1,011,911;0;0;28,350;1.000126;7.809524;120.274581;395,911;616,000;1,011,911;0;0;0;7.370598458070329e-05;7.478232241033837e-05;86.907949;181.835358;3.378334;1,012,039;221,400
492;0.492017405012217;13;0;0.092485;1,011,911;1,011,911;0;0;28,350;1.000126;7.809524;120.394352;395,911;616,000;1,011,911;0;0;0;7.459772257844152e-05;7.487902211030365e-05;86.907949;181.835358;3.378334;1,012,039;221,400
493;0.493067446755881;14;0;0.106892;1,011,911;1,011,911;0;0;28,350;1.000126;7.809524;120.526780;395,911;616,000;1,011,911;0;0;0;7.459536341455566e-05;7.549929780674571e-05;86.907949;181.835358;3.378334;1,012,039;221,400
494;0.4940582248113521;13;0;0.089286;1,011,911;1,011,911;0;0;28,350;1.000126;7.809524;120.641378;395,911;616,000;1,011,911;0;0;0;7.559529298458322e-05;7.719015087487784e-05;86.907949;181.835358;3.378334;1,012,039;221,400
495;0.4950299283552165;13;0;0.089028;1,011,911;1,011,911;0;0;28,755;1.000126;7.699531;120.755730;395,911;616,000;1,011,911;0;0;0;0.0000740783626767319;7.608068662638988e-05;86.907949;181.835358;3.378334;1,012,039;221,400
496;0.4960020502489743;13;0;0.088677;1,011,911;1,011,911;0;0;28,755;1.000126;7.699531;120.869649;395,911;616,000;1,011,911;0;0;0;0.0000743914560190477;7.512669494616341e-05;86.907949;181.835358;3.378334;1,012,039;221,400
497;0.4970301398069772;14;0;0.095038;1,011,911;1,011,911;0;0;28,755;1.000126;7.699531;120.989245;395,911;616,000;1,011,911;0;0;0;7.200142451207194e-05;7.532463935246641e-05;86.907949;181.835358;3.378334;1,012,039;221,400
498;0.4980538612007195;14;0;0.095304;1,011,911;1,011,911;0;0;28,755;1.000126;7.699531;121.109220;395,911;616,000;1,011,911;0;0;0;7.221835021023441e-05;7.472089051179288e-05;86.907949;181.835358;3.378334;1,012,039;221,400
499;0.4990358363304162;13;0;0.088090;1,011,911;1,011,911;0;0;28,755;1.000126;7.699531;121.222594;395,911;616,000;1,011,911;0;0;0;7.482019954300941e-05;7.643113726849384e-05;86.907949;181.835358;3.378334;1,012,039;221,400
500;0.5000011269170328;13;0;0.090475;1,011,911;1,011,911;0;0;28,755;1.000126;7.699531;121.336076;395,911;616,000;1,011,911;0;0;0;7.404248012939843e-05;7.457978256110815e-05;86.907949;181.835358;3.378334;1,012,039;221,400
501;0.5010546030637295;14;0;0.095429;1,011,911;1,011,911;0;0;28,755;1.000126;7.699531;121.464430;395,911;616,000;1,011,911;0;0;0;7.462888156508454e-05;7.624896104513313e-05;86.907949;181.835358;3.378334;1,012,039;221,400
502;0.5020557488106347;13;0;0.096008;1,011,911;1,011,911;0;0;28,755;1.000126;7.699531;121.592323;395,911;616,000;1,011,911;0;0;0;7.637991896792493e-05;7.778969550600921e-05;86.907949;181.835358;3.378334;1,012,039;221,400
503;0.503043065961438;13;0;0.089626;1,011,911;1,011,911;0;0;28,755;1.000126;7.699531;121.715908;395,911;616,000;1,011,911;0;0;0;7.385057575451475e-05;7.795462106345665e-05;86.907949;181.835358;3.378334;1,012,039;221,400
504;0.5040092636682253;13;0;0.088698;1,011,911;1,011,911;0;0;29,160;1.000126;7.592593;121.830730;395,911;616,000;1,011,911;0;0;0;7.384152980573249e-05;7.547519452372312e-05;86.907949;181.835358;3.378334;1,012,039;221,400
505;0.5050634733291897;14;0;0.096504;1,011,911;1,011,911;0;0;29,160;1.000126;7.592593;121.955068;395,911;616,000;1,011,911;0;0;0;7.504551658350493e-05;7.566776301446036e-05;86.907949;181.835358;3.378334;1,012,039;221,400
506;0.5060273585948711;13;0;0.171002;1,011,911;1,011,911;0;0;29,160;1.000126;7.592593;122.154120;395,911;616,000;1,011,911;0;0;0;7.386022544049943e-05;7.466911168497084e-05;86.907949;181.835358;3.378334;1,012,039;221,400
507;0.5070046364847491;13;0;0.115793;1,011,911;1,011,911;0;0;29,160;1.000126;7.592593;122.384503;395,911;616,000;1,011,911;0;0;0;7.447583286495926e-05;7.636663070585638e-05;86.907949;181.835358;3.378334;1,012,039;221,400
508;0.5080529576448219;14;0;0.096503;1,011,911;1,011,911;0;0;29,160;1.000126;7.592593;122.511951;395,911;616,000;1,011,911;0;0;0;7.334473559405918e-05;7.682811925994303e-05;86.907949;181.835358;3.378334;1,012,039;221,400
509;0.5090151906467986;13;0;0.099854;1,011,911;1,011,911;0;0;29,160;1.000126;7.592593;123.857936;395,911;616,000;1,011,911;0;0;0;7.341891136165758e-05;7.522550131347147e-05;86.907949;181.835358;3.378334;1,012,039;221,400
510;0.5100674555726886;14;0;0.101707;1,011,911;1,011,911;0;0;29,160;1.000126;7.592593;125.326552;395,911;616,000;1,011,911;0;0;0;7.470195710828927e-05;7.570394781974498e-05;86.907949;181.835358;3.378334;1,012,039;221,400
511;0.5110336546385718;13;0;0.099166;1,011,911;1,011,911;0;0;29,160;1.000126;7.592593;126.784857;395,911;616,000;1,011,911;0;0;0;7.409158870507628e-05;0.0000748167432494681;86.907949;181.835358;3.378334;1,012,039;221,400
512;0.5120139038136572;13;0;0.248053;1,011,911;1,011,911;0;0;29,565;1.000126;7.488584;128.389546;395,911;616,000;1,011,911;0;0;0;7.473385813174994e-05;7.654568274328239e-05;86.907949;181.835358;3.378334;1,012,039;221,400
513;0.5130017229705006;13;0;0.098257;1,011,911;1,011,911;0;0;29,565;1.000126;7.488584;128.525000;395,911;616,000;1,011,911;0;0;0;7.515254565153988e-05;0.0000769851675019155;86.907949;181.835358;3.378334;1,012,039;221,400
514;0.5140586252535465;14;0;0.144458;1,011,911;1,011,911;0;0;29,565;1.000126;7.488584;128.701961;395,911;616,000;1,011,911;0;0;0;7.490286610913939e-05;7.614700735777139e-05;86.907949;181.835358;3.378334;1,012,039;221,400
515;0.5150320848661137;13;0;0.091393;1,011,911;1,011,911;0;0;29,565;1.000126;7.488584;128.824294;395,911;616,000;1,011,911;0;0;0;7.471228763682586e-05;7.537985061932874e-05;86.907949;181.835358;3.378334;1,012,039;221,400
516;0.5160077784755513;13;0;0.097872;1,011,911;1,011,911;0;0;29,565;1.000126;7.488584;128.952845;395,911;616,000;1,011,911;0;0;0;7.450164266804681e-05;7.550925398570546e-05;86.907949;181.835358;3.378334;1,012,039;221,400
517;0.5170565707901498;14;0;0.098000;1,011,911;1,011,911;0;0;29,565;1.000126;7.488584;129.080947;395,911;616,000;1,011,911;0;0;0;7.453971001730004e-05;7.568299590954317e-05;86.907949;181.835358;3.378334;1,012,039;221,400
518;0.5180471775603852;13;0;0.092190;1,011,911;1,011,911;0;0;29,565;1.000126;7.488584;129.554609;395,911;616,000;1,011,911;0;0;0;7.580483171588393e-05;7.669248758702452e-05;86.907949;181.835358;3.378334;1,012,039;221,400
519;0.5190376048647733;13;0;0.099141;1,011,911;1,011,911;0;0;29,565;1.000126;7.488584;130.030232;395,911;616,000;1,011,911;0;0;0;7.593115065868564e-05;7.677412021173077e-05;86.907949;181.835358;3.378334;1,012,039;221,400
520;0.5200273636720047;13;0;0.097113;1,011,911;1,011,911;0;0;29,565;1.000126;7.488584;130.496494;395,911;616,000;1,011,911;0;0;0;7.578298501849517e-05;7.636992614019352e-05;86.907949;181.835358;3.378334;1,012,039;221,400
521;0.5210122894982471;13;0;0.097685;1,011,911;1,011,911;0;0;29,970;1.000126;7.387387;130.973757;395,911;616,000;1,011,911;0;0;0;0.0000756247090339092;7.623120407498554e-05;86.907949;181.835358;3.378334;1,012,039;221,400
522;0.5220110209094604;13;0;0.110660;1,011,911;1,011,911;0;0;29,970;1.000126;7.387387;131.249392;395,911;616,000;1,011,911;0;0;0;7.633719780196507e-05;7.742305332904846e-05;86.907949;181.835358;3.378334;1,012,039;221,400
523;0.5230583013951475;14;0;0.098177;1,011,911;1,011,911;0;0;29,970;1.000126;7.387387;131.392575;395,911;616,000;1,011,911;0;0;0;7.424023319242709e-05;7.602456231054396e-05;86.907949;181.835358;3.378334;1,012,039;221,400
524;0.5240286184708064;13;0;0.094009;1,011,911;1,011,911;0;0;29,970;1.000126;7.387387;131.541265;395,911;616,000;1,011,911;0;0;0;0.0000740383410313624;7.514314940034285e-05;86.907949;181.835358;3.378334;1,012,039;221,400
525;0.5250604911485592;14;0;0.097858;1,011,911;1,011,911;0;0;29,970;1.000126;7.387387;131.707903;395,911;616,000;1,011,911;0;0;0;0.0000734732350250997;0.0000743199099316431;86.907949;181.835358;3.378334;1,012,039;221,400
526;0.5260362575139055;13;0;0.094366;1,011,911;1,011,911;0;0;29,970;1.000126;7.387387;131.872184;395,911;616,000;1,011,911;0;0;0;0.0000744704846605521;7.555677849186855e-05;86.907949;181.835358;3.378334;1,012,039;221,400
527;0.5270205595240822;13;0;0.094541;1,011,911;1,011,911;0;0;29,970;1.000126;7.387387;132.088233;395,911;616,000;1,011,911;0;0;0;0.0000756125264093824;7.598740187343163e-05;86.907949;181.835358;3.378334;1,012,039;221,400
528;0.5280061016337668;13;0;0.101855;1,011,911;1,011,911;0;0;29,970;1.000126;7.387387;133.617168;395,911;616,000;1,011,911;0;0;0;7.497548359554626e-05;7.631107223954981e-05;86.907949;181.835358;3.378334;1,012,039;221,400
529;0.5290517651951736;14;0;0.200288;1,011,911;1,011,911;0;0;29,970;1.000126;7.387387;135.274640;395,911;616,000;1,011,911;0;0;0;7.452249963929213e-05;0.0000751238882949389;86.907949;181.835358;3.378334;1,012,039;221,400
530;0.5300373237624263;13;0;0.096221;1,011,911;1,011,911;0;0;30,375;1.000126;7.288889;136.180627;395,911;616,000;1,011,911;0;0;0;7.523962382806205e-05;7.678096980954037e-05;86.907949;181.835358;3.378334;1,012,039;221,400
531;0.5310357982414925;13;0;0.102105;1,011,911;1,011,911;0;0;30,375;1.000126;7.288889;136.780152;395,911;616,000;1,011,911;0;0;0;7.606514786508796e-05;7.740392463789161e-05;86.907949;181.835358;3.378334;1,012,039;221,400
532;0.5320228194218617;13;0;0.131929;1,011,911;1,011,911;0;0;30,375;1.000126;7.288889;137.336347;395,911;616,000;1,011,911;0;0;0;7.550009406923548e-05;7.609267367745382e-05;86.907949;181.835358;3.378334;1,012,039;221,400
533;0.5330718250550577;14;0;0.107035;1,011,911;1,011,911;0;0;30,375;1.000126;7.288889;137.710267;395,911;616,000;1,011,911;0;0;0;7.472917739287451e-05;7.525959673411718e-05;86.907949;181.835358;3.378334;1,012,039;221,400
534;0.5340347740525824;13;0;0.098574;1,011,911;1,011,911;0;0;30,375;1.000126;7.288889;138.056658;395,911;616,000;1,011,911;0;0;0;7.181671911029494e-05;7.565484449831076e-05;86.907949;181.835358;3.378334;1,012,039;221,400
535;0.535048520909688;14;0;0.104752;1,011,911;1,011,911;0;0;30,375;1.000126;7.288889;138.297032;395,911;616,000;1,011,911;0;0;0;7.178756314967945e-05;7.385240282627247e-05;86.907949;181.835358;3.378334;1,012,039;221,400
536;0.5360193691285916;13;0;0.097100;1,011,911;1,011,911;0;0;30,375;1.000126;7.288889;138.530215;395,911;616,000;1,011,911;0;0;0;7.406914859311488e-05;7.541362348960647e-05;86.907949;181.835358;3.378334;1,012,039;221,400
537;0.5370651069193204;14;0;0.102977;1,011,911;1,011,911;0;0;30,375;1.000126;7.288889;139.197119;395,911;616,000;1,011,911;0;0;0;7.447022576815585e-05;7.536585306292021e-05;86.907949;181.835358;3.378334;1,012,039;221,400
538;0.5380434585129517;13;0;0.093748;1,011,911;1,011,911;0;0;30,375;1.000126;7.288889;140.709404;395,911;616,000;1,011,911;0;0;0;7.403941398742049e-05;7.597541298696664e-05;86.907949;181.835358;3.378334;1,012,039;221,400
539;0.5390059596595199;13;0;0.100867;1,011,911;1,011,911;0;0;30,780;1.000126;7.192982;142.237902;395,911;616,000;1,011,911;0;0;0;7.384893009943242e-05;7.465480798283963e-05;86.907949;181.835358;3.378334;1,012,039;221,400
540;0.5400376256803188;14;0;0.105995;1,011,911;1,011,911;0;0;30,780;1.000126;7.192982;143.763967;395,911;616,000;1,011,911;0;0;0;7.333773731238914e-05;7.452818457180625e-05;86.907949;181.835358;3.378334;1,012,039;221,400
541;0.541002138262068;13;0;0.096153;1,011,911;1,011,911;0;0;30,780;1.000126;7.192982;145.177241;395,911;616,000;1,011,911;0;0;0;0.0000736677224193899;7.481484153585758e-05;86.907949;181.835358;3.378334;1,012,039;221,400
542;0.5420327707965559;14;0;0.107532;1,011,911;1,011,911;0;0;30,780;1.000126;7.192982;146.377386;395,911;616,000;1,011,911;0;0;0;7.353348038860268e-05;7.376785469483425e-05;86.907949;181.835358;3.378334;1,012,039;221,400
543;0.5430711082741739;14;0;0.105818;1,011,911;1,011,911;0;0;30,780;1.000126;7.192982;146.750741;395,911;616,000;1,011,911;0;0;0;7.317495706237828e-05;7.488847080038699e-05;86.907949;181.835358;3.378334;1,012,039;221,400
544;0.5440181351750543;13;0;0.103035;1,011,911;1,011,911;0;0;30,780;1.000126;7.192982;147.165297;395,911;616,000;1,011,911;0;0;0;7.257823585224829e-05;7.362559150170097e-05;86.907949;181.835358;3.378334;1,012,039;221,400
545;0.5450431639573743;14;0;0.110978;1,011,911;1,011,911;0;0;30,780;1.000126;7.192982;147.632453;395,911;616,000;1,011,911;0;0;0;7.285864173392369e-05;7.402094868978195e-05;86.907949;181.835358;3.378334;1,012,039;221,400
546;0.5460102804289416;13;0;0.103530;1,011,911;1,011,911;0;0;30,780;1.000126;7.192982;148.091193;395,911;616,000;1,011,911;0;0;0;7.354115263316272e-05;7.584013418303319e-05;86.907949;181.835358;3.378334;1,012,039;221,400
547;0.5470634883061593;14;0;0.101580;1,011,911;1,011,911;0;0;31,185;1.000126;7.099567;148.639282;395,911;616,000;1,011,911;0;0;0;7.278856194101295e-05;7.614275747672181e-05;86.907949;181.835358;3.378334;1,012,039;221,400
548;0.5480059001307327;13;0;0.102871;1,011,911;1,011,911;0;0;31,185;1.000126;7.099567;149.299297;395,911;616,000;1,011,911;0;0;0;7.225080989460518e-05;7.273499588324711e-05;86.907949;181.835358;3.378334;1,012,039;221,400
549;0.5490316241522188;14;0;0.105954;1,011,911;1,011,911;0;0;31,185;1.000126;7.099567;150.003990;395,911;616,000;1,011,911;0;0;0;7.241724541326972e-05;7.481083668580514e-05;86.907949;181.835358;3.378334;1,012,039;221,400
550;0.5500088395412256;13;0;0.094444;1,011,911;1,011,911;0;0;31,185;1.000126;7.099567;150.762509;395,911;616,000;1,011,911;0;0;0;7.501390349547877e-05;7.568327789439089e-05;86.907949;181.835358;3.378334;1,012,039;221,400
551;0.5510558932280298;14;0;0.105538;1,011,911;1,011,911;0;0;31,185;1.000126;7.099567;151.617627;395,911;616,000;1,011,911;0;0;0;7.314903463499968e-05;7.616465744441749e-05;86.907949;181.835358;3.378334;1,012,039;221,400
552;0.5520136859737673;13;0;0.103050;1,011,911;1,011,911;0;0;31,185;1.000126;7.099567;152.445367;395,911;616,000;1,011,911;0;0;0;7.316382389741261e-05;7.479997528595749e-05;86.907949;181.835358;3.378334;1,012,039;221,400
553;0.5530752656836093;14;0;0.108114;1,011,911;1,011,911;0;0;31,185;1.000126;7.099567;153.409463;395,911;616,000;1,011,911;0;0;0;7.497727923921634e-05;7.682334994601636e-05;86.907949;181.835358;3.378334;1,012,039;221,400
554;0.5540745383146979;13;0;0.099097;1,011,911;1,011,911;0;0;31,185;1.000126;7.099567;154.522314;395,911;616,000;1,011,911;0;0;0;7.682137132576392e-05;7.699497236030169e-05;86.907949;181.835358;3.378334;1,012,039;221,400
555;0.5550596355242163;13;0;0.097269;1,011,911;1,011,911;0;0;31,185;1.000126;7.099567;157.362506;395,911;616,000;1,011,911;0;0;0;7.538878413479777e-05;7.657413179207323e-05;86.907949;181.835358;3.378334;1,012,039;221,400
556;0.556070690513958;14;0;0.100518;1,011,911;1,011,911;0;0;31,590;1.000126;7.008547;161.645774;395,911;616,000;1,011,911;0;0;0;7.129424858343427e-05;7.429183297389487e-05;86.907949;181.835358;3.378334;1,012,039;221,400
557;0.557022833072731;13;0;0.095678;1,011,911;1,011,911;0;0;31,590;1.000126;7.008547;163.378258;395,911;616,000;1,011,911;0;0;0;7.217738849385523e-05;7.501424164087255e-05;86.907949;181.835358;3.378334;1,012,039;221,400
558;0.5580720864617638;14;0;0.103148;1,011,911;1,011,911;0;0;31,590;1.000126;7.008547;164.830113;395,911;616,000;1,011,911;0;0;0;7.462636481533181e-05;7.567421733916654e-05;86.907949;181.835358;3.378334;1,012,039;221,400
559;0.5590303250700004;13;0;0.100473;1,011,911;1,011,911;0;0;31,590;1.000126;7.008547;167.909957;395,911;616,000;1,011,911;0;0;0;7.338158016376902e-05;7.421837282838896e-05;86.907949;181.835358;3.378334;1,012,039;221,400
560;0.5600697939762838;14;0;0.103251;1,011,911;1,011,911;0;0;31,590;1.000126;7.008547;173.232450;395,911;616,000;1,011,911;0;0;0;0.0000735610617702187;7.512822712172766e-05;86.907949;181.835358;3.378334;1,012,039;221,400
561;0.5610349108597763;13;0;0.096664;1,011,911;1,011,911;0;0;31,590;1.000126;7.008547;178.490424;395,911;616,000;1,011,911;0;0;0;7.363929239072329e-05;7.544242095009314e-05;86.907949;181.835358;3.378334;1,012,039;221,400
562;0.5620676824308842;14;0;0.143358;1,011,911;1,011,911;0;0;31,590;1.000126;7.008547;183.448856;395,911;616,000;1,011,911;0;0;0;7.159586764750036e-05;7.597788812775581e-05;86.907949;181.835358;3.378334;1,012,039;221,400
563;0.5630721180946777;14;0;0.102682;1,011,911;1,011,911;0;0;31,590;1.000126;7.008547;187.271947;395,911;616,000;1,011,911;0;0;0;7.123799914595219e-05;7.316923235073672e-05;86.907949;181.835358;3.378334;1,012,039;221,400
564;0.564040259568961;13;0;0.097973;1,011,911;1,011,911;0;0;31,590;1.000126;7.008547;190.261509;395,911;616,000;1,011,911;0;0;0;7.341369184221939e-05;7.612914431517942e-05;86.907949;181.835358;3.378334;1,012,039;221,400
565;0.5650117760789569;13;0;0.093597;1,011,911;1,011,911;0;0;31,995;1.000126;6.919831;193.254782;395,911;616,000;1,011,911;0;0;0;7.388063369299248e-05;7.619561332937029e-05;86.907949;181.835358;3.378334;1,012,039;221,400
566;0.5660584476165211;14;0;0.102513;1,011,911;1,011,911;0;0;31,995;1.000126;6.919831;195.454210;395,911;616,000;1,011,911;0;0;0;7.404779975271928e-05;7.605572646358158e-05;86.907949;181.835358;3.378334;1,012,039;221,400
567;0.5670428789092347;13;0;0.114403;1,011,911;1,011,911;0;0;31,995;1.000126;6.919831;196.576629;395,911;616,000;1,011,911;0;0;0;7.540190628894895e-05;7.639494573937378e-05;86.907949;181.835358;3.378334;1,012,039;221,400
568;0.5680282661665021;13;0;0.104039;1,011,911;1,011,911;0;0;31,995;1.000126;6.919831;197.684957;395,911;616,000;1,011,911;0;0;0;7.569841387998789e-05;7.611786046885822e-05;86.907949;181.835358;3.378334;1,012,039;221,400
569;0.5690631658226757;14;0;0.113233;1,011,911;1,011,911;0;0;31,995;1.000126;6.919831;198.181070;395,911;616,000;1,011,911;0;0;0;7.226750283703378e-05;7.608017055415475e-05;86.907949;181.835358;3.378334;1,012,039;221,400
570;0.5700154502828444;13;0;0.103739;1,011,911;1,011,911;0;0;31,995;1.000126;6.919831;199.280996;395,911;616,000;1,011,911;0;0;0;0.0000724553860636304;7.474585940657901e-05;86.907949;181.835358;3.378334;1,012,039;221,400
571;0.5710712986207587;14;0;0.098185;1,011,911;1,011,911;0;0;31,995;1.000126;6.919831;201.677407;395,911;616,000;1,011,911;0;0;0;7.389065285513542e-05;7.651904655753686e-05;86.907949;181.835358;3.378334;1,012,039;221,400
572;0.5720294463812334;13;0;0.152273;1,011,911;1,011,911;0;0;31,995;1.000126;6.919831;203.023703;395,911;616,000;1,011,911;0;0;0;7.338945229423722e-05;7.465625040462099e-05;86.907949;181.835358;3.378334;1,012,039;221,400
573;0.5730085941039391;13;0;0.096310;1,011,911;1,011,911;0;0;29,862;1.000126;7.414105;203.504193;395,911;616,000;1,011,911;0;0;0;7.487114560673791e-05;7.594313692903865e-05;86.907949;181.835358;3.378334;1,012,039;221,400
574;0.5740676254619177;14;0;0.097976;1,011,911;1,011,911;0;0;30,240;1.000126;7.321429;203.641904;395,911;616,000;1,011,911;0;0;0;7.535972990741315e-05;7.613942036206383e-05;86.907949;181.835358;3.378334;1,012,039;221,400
575;0.575050944848213;13;0;0.097343;1,011,911;1,011,911;0;0;30,240;1.000126;7.321429;204.084451;395,911;616,000;1,011,911;0;0;0;7.540094751938889e-05;7.609426856168054e-05;86.907949;181.835358;3.378334;1,012,039;221,400
576;0.5760330140717328;13;0;0.092465;1,011,911;1,011,911;0;0;30,240;1.000126;7.321429;204.493879;395,911;616,000;1,011,911;0;0;0;0.000075259764372147;7.616823957726239e-05;86.907949;181.835358;3.378334;1,012,039;221,400
577;0.5770083602229693;13;0;0.094014;1,011,911;1,011,911;0;0;30,240;1.000126;7.321429;204.789312;395,911;616,000;1,011,911;0;0;0;7.426978996677096e-05;7.590047618722115e-05;86.907949;181.835358;3.378334;1,012,039;221,400
578;0.5780599453928426;14;0;0.101951;1,011,911;1,011,911;0;0;30,240;1.000126;7.321429;205.125240;395,911;616,000;1,011,911;0;0;0;7.439225412829951e-05;7.645496275576164e-05;86.907949;181.835358;3.378334;1,012,039;221,400
579;0.5790622192558743;13;0;0.099545;1,011,911;1,011,911;0;0;30,240;1.000126;7.321429;205.444025;395,911;616,000;1,011,911;0;0;0;7.663506206496805e-05;7.767019424271182e-05;86.907949;181.835358;3.378334;1,012,039;221,400
580;0.5800622896873918;13;0;0.101818;1,011,911;1,011,911;0;0;30,240;1.000126;7.321429;205.797022;395,911;616,000;1,011,911;0;0;0;7.684276041614201e-05;7.705309697170071e-05;86.907949;181.835358;3.378334;1,012,039;221,400
581;0.5810531831287165;13;0;0.100629;1,011,911;1,011,911;0;0;30,240;1.000126;7.321429;206.157184;395,911;616,000;1,011,911;0;0;0;0.0000743403214497649;7.733456609739836e-05;86.907949;181.835358;3.378334;1,012,039;221,400
582;0.5820169698744644;13;0;0.099982;1,011,911;1,011,911;0;0;30,240;1.000126;7.321429;206.571053;395,911;616,000;1,011,911;0;0;0;7.384410831459563e-05;7.441639542759112e-05;86.907949;181.835358;3.378334;1,012,039;221,400
583;0.5830588136621694;14;0;0.108962;1,011,911;1,011,911;0;0;30,618;1.000126;7.231041;207.591018;395,911;616,000;1,011,911;0;0;0;7.399406856956268e-05;7.482627610564055e-05;86.907949;181.835358;3.378334;1,012,039;221,400
584;0.5840401476310985;13;0;0.093408;1,011,911;1,011,911;0;0;30,618;1.000126;7.231041;209.060307;395,911;616,000;1,011,911;0;0;0;7.487043786184893e-05;7.622283827992277e-05;86.907949;181.835358;3.378334;1,012,039;221,400
585;0.5850355692936039;13;0;0.099969;1,011,911;1,011,911;0;0;30,618;1.000126;7.231041;209.356640;395,911;616,000;1,011,911;0;0;0;7.627957055561367e-05;7.695677753970879e-05;86.907949;181.835358;3.378334;1,012,039;221,400
586;0.5860300169512092;13;0;0.193701;1,011,911;1,011,911;0;0;30,618;1.000126;7.231041;209.707317;395,911;616,000;1,011,911;0;0;0;7.613966716909594e-05;7.683119103832955e-05;86.907949;181.835358;3.378334;1,012,039;221,400
587;0.5870155126803448;13;0;0.091197;1,011,911;1,011,911;0;0;30,618;1.000126;7.231041;209.883431;395,911;616,000;1,011,911;0;0;0;7.562298793324869e-05;7.614764335741318e-05;86.907949;181.835358;3.378334;1,012,039;221,400
588;0.5880034580839116;13;0;0.097411;1,011,911;1,011,911;0;0;30,618;1.000126;7.231041;210.185954;395,911;616,000;1,011,911;0;0;0;7.560687529023864e-05;7.649126788663366e-05;86.907949;181.835358;3.378334;1,012,039;221,400
589;0.5890615612012231;14;0;0.099042;1,011,911;1,011,911;0;0;30,618;1.000126;7.231041;210.505153;395,911;616,000;1,011,911;0;0;0;7.535500226069922e-05;7.627147661395142e-05;86.907949;181.835358;3.378334;1,012,039;221,400
590;0.590059213908471;13;0;0.092632;1,011,911;1,011,911;0;0;30,618;1.000126;7.231041;210.818256;395,911;616,000;1,011,911;0;0;0;7.640948282716095e-05;7.752355655532422e-05;86.907949;181.835358;3.378334;1,012,039;221,400
591;0.5910667196068505;13;0;0.098371;1,011,911;1,011,911;0;0;30,996;1.000126;7.142857;211.126234;395,911;616,000;1,011,911;0;0;0;7.535021287787168e-05;7.819659502303766e-05;86.907949;181.835358;3.378334;1,012,039;221,400
592;0.5920383541400648;13;0;0.097840;1,011,911;1,011,911;0;0;30,996;1.000126;7.142857;211.483332;395,911;616,000;1,011,911;0;0;0;7.450147658779792e-05;0.0000751711632653695;86.907949;181.835358;3.378334;1,012,039;221,400
593;0.5930272206166018;13;0;0.170352;1,011,911;1,011,911;0;0;30,996;1.000126;7.142857;211.898100;395,911;616,000;1,011,911;0;0;0;7.532363370059675e-05;7.698088822967133e-05;86.907949;181.835358;3.378334;1,012,039;221,400
594;0.5940163032662064;13;0;0.095020;1,011,911;1,011,911;0;0;30,996;1.000126;7.142857;212.167293;395,911;616,000;1,011,911;0;0;0;7.563550498235512e-05;7.692904180109378e-05;86.907949;181.835358;3.378334;1,012,039;221,400
595;0.5950070805014601;13;0;0.095943;1,011,911;1,011,911;0;0;30,996;1.000126;7.142857;213.641431;395,911;616,000;1,011,911;0;0;0;7.587609268361332e-05;7.653037009164819e-05;86.907949;181.835358;3.378334;1,012,039;221,400
596;0.5960707208513929;14;0;0.101687;1,011,911;1,011,911;0;0;30,996;1.000126;7.142857;216.351678;395,911;616,000;1,011,911;0;0;0;7.578455107045369e-05;7.636120739900064e-05;86.907949;181.835358;3.378334;1,012,039;221,400
597;0.5970592740733296;13;0;0.098445;1,011,911;1,011,911;0;0;30,996;1.000126;7.142857;218.198585;395,911;616,000;1,011,911;0;0;0;7.512937185644972e-05;7.681817515065283e-05;86.907949;181.835358;3.378334;1,012,039;221,400
598;0.598041314060282;13;0;0.100467;1,011,911;1,011,911;0;0;30,996;1.000126;7.142857;218.560654;395,911;616,000;1,011,911;0;0;0;7.498356827607592e-05;7.625758756222098e-05;86.907949;181.835358;3.378334;1,012,039;221,400
599;0.5990141351195077;13;0;0.097931;1,011,911;1,011,911;0;0;30,996;1.000126;7.142857;219.215032;395,911;616,000;1,011,911;0;0;0;7.460357755039811e-05;0.0000755364031122643;86.907949;181.835358;3.378334;1,012,039;221,400
600;0.6000052089359406;13;0;0.094104;1,011,911;1,011,911;0;0;31,374;1.000126;7.056799;221.855130;395,911;616,000;1,011,911;0;0;0;7.570070272792314e-05;7.667890310203012e-05;86.907949;181.835358;3.378334;1,012,039;221,400
601;0.601007157653019;13;0;0.094937;1,011,911;1,011,911;0;0;31,374;1.000126;7.056799;224.592055;395,911;616,000;1,011,911;0;0;0;7.663979874064502e-05;7.790944641977346e-05;86.907949;181.835358;3.378334;1,012,039;221,400
602;0.6020282480644419;13;0;0.100359;1,011,911;1,011,911;0;0;31,374;1.000126;7.056799;227.333522;395,911;616,000;1,011,911;0;0;0;7.803223988790436e-05;7.921082169775009e-05;86.907949;181.835358;3.378334;1,012,039;221,400
603;0.6030298902438608;13;0;0.093842;1,011,911;1,011,911;0;0;31,374;1.000126;7.056799;230.063013;395,911;616,000;1,011,911;0;0;0;7.399338023097445e-05;7.887268100942089e-05;86.907949;181.835358;3.378334;1,012,039;221,400
604;0.6040386331688076;14;0;0.101530;1,011,911;1,011,911;0;0;31,374;1.000126;7.056799;232.838894;395,911;616,000;1,011,911;0;0;0;7.096516730812853e-05;7.359043827412187e-05;86.907949;181.835358;3.378334;1,012,039;221,400
605;0.6050442913781814;14;0;0.107618;1,011,911;1,011,911;0;0;31,374;1.000126;7.056799;237.302469;395,911;616,000;1,011,911;0;0;0;7.065601136332101e-05;7.391048433505771e-05;86.907949;181.835358;3.378334;1,012,039;221,400
606;0.6060390158809644;14;0;0.104029;1,011,911;1,011,911;0;0;31,374;1.000126;7.056799;240.034656;395,911;616,000;1,011,911;0;0;0;6.972331313090723e-05;7.237809541172293e-05;86.907949;181.835358;3.378334;1,012,039;221,400
607;0.6070283460792943;14;0;0.099545;1,011,911;1,011,911;0;0;31,374;1.000126;7.056799;242.765961;395,911;616,000;1,011,911;0;0;0;6.972214558610003e-05;7.214050119804376e-05;86.907949;181.835358;3.378334;1,012,039;221,400
608;0.6080221470498343;15;0;0.110203;1,011,911;1,011,911;0;0;31,374;1.000126;7.056799;245.512997;395,911;616,000;1,011,911;0;0;0;5.933983410478778e-05;7.084881935657228e-05;86.907949;181.835358;3.378334;1,012,039;221,400
609;0.6090038035384197;20;0;0.143571;1,011,911;1,011,911;0;0;31,374;1.000126;7.056799;248.282197;395,911;616,000;1,011,911;0;0;0;4.412878740562227e-05;5.878836259820585e-05;86.907949;181.835358;3.378334;1,012,039;221,400
610;0.6100047134178179;22;0;0.151039;1,011,911;1,011,911;0;0;31,374;1.000126;7.056799;251.048311;395,911;616,000;1,011,911;0;0;0;4.290456616752833e-05;4.888851813224418e-05;86.907949;181.835358;3.378334;1,012,039;221,400
611;0.6110086621297532;21;0;0.151179;1,011,911;1,011,911;0;0;31,374;1.000126;7.056799;253.729380;395,911;616,000;1,011,911;0;0;0;0.0000450712207884245;5.109710178689064e-05;86.907949;181.835358;3.378334;1,012,039;221,400
612;0.6120474988400211;21;0;0.148715;1,011,911;1,011,911;0;0;31,374;1.000126;7.056799;256.462504;395,911;616,000;1,011,911;0;0;0;0.0000450405660532613;5.722258533844051e-05;86.907949;181.835358;3.378334;1,012,039;221,400
613;0.6130101832230614;18;0;0.125098;1,011,911;1,011,911;0;0;31,374;1.000126;7.056799;259.095176;395,911;616,000;1,011,911;0;0;0;5.024643935317304e-05;5.831488976204503e-05;86.907949;181.835358;3.378334;1,012,039;221,400
614;0.6140186500180083;21;0;0.147551;1,011,911;1,011,911;0;0;31,374;1.000126;7.056799;260.609110;395,911;616,000;1,011,911;0;0;0;4.096159187081426e-05;5.031721769407674e-05;86.907949;181.835358;3.378334;1,012,039;221,400
615;0.6150134715047575;23;0;0.158149;1,011,911;1,011,911;0;0;31,374;1.000126;7.056799;261.212463;395,911;616,000;1,011,911;0;0;0;4.124608419500054e-05;4.909347270997287e-05;86.907949;181.835358;3.378334;1,012,039;221,400
616;0.616030778255685;19;0;0.214709;1,011,911;1,011,911;0;0;31,374;1.000126;7.056799;262.257849;395,911;616,000;1,011,911;0;0;0;5.001564786240124e-05;5.879872330040534e-05;86.907949;181.835358;3.378334;1,012,039;221,400
617;0.6170219570434059;21;0;0.145305;1,011,911;1,011,911;0;0;31,374;1.000126;7.056799;263.039801;395,911;616,000;1,011,911;0;0;0;4.509733312621709e-05;4.958252415880712e-05;86.907949;181.835358;3.378334;1,012,039;221,400
618;0.6180421871113418;20;0;0.140313;1,011,911;1,011,911;0;0;31,374;1.000126;7.056799;263.624381;395,911;616,000;1,011,911;0;0;0;4.820867591197079e-05;5.341409167620637e-05;86.907949;181.835358;3.378334;1,012,039;221,400
619;0.6190111069003463;19;0;0.128007;1,011,911;1,011,911;0;0;31,374;1.000126;7.056799;263.834322;395,911;616,000;1,011,911;0;0;0;4.950257529990165e-05;0.0000537117345631636;86.907949;181.835358;3.378334;1,012,039;221,400
620;0.6200041667542787;21;0;0.138456;1,011,911;1,011,911;0;0;31,374;1.000126;7.056799;264.072604;395,911;616,000;1,011,911;0;0;0;4.622013558417004e-05;4.964613580430822e-05;86.907949;181.835358;3.378334;1,012,039;221,400
621;0.6210246032529336;24;0;0.224522;1,011,911;1,011,911;0;0;31,374;1.000126;7.056799;264.386333;395,911;616,000;1,011,911;0;0;0;3.709840424754441e-05;4.679099458872368e-05;86.907949;181.835358;3.378334;1,012,039;221,400
622;0.6220428677089586;26;0;0.168127;1,011,911;1,011,911;0;0;31,374;1.000126;7.056799;264.586680;395,911;616,000;1,011,911;0;0;0;3.697197769088228e-05;4.353159827853688e-05;86.907949;181.835358;3.378334;1,012,039;221,400
623;0.6230000515200597;21;0;0.139402;1,011,911;1,011,911;0;0;31,374;1.000126;7.056799;264.790768;395,911;616,000;1,011,911;0;0;0;4.389093528899861e-05;4.648147658255622e-05;86.907949;181.835358;3.378334;1,012,039;221,400
624;0.6240466540243617;23;0;0.150048;1,011,911;1,011,911;0;0;31,374;1.000126;7.056799;265.063142;395,911;616,000;1,011,911;0;0;0;4.200982105994595e-05;4.975579757146727e-05;86.907949;181.835358;3.378334;1,012,039;221,400
625;0.6250212594410213;22;0;0.151662;1,011,911;1,011,911;0;0;31,374;1.000126;7.056799;265.359308;395,911;616,000;1,011,911;0;0;0;4.229855960281823e-05;0.0000463635154618165;86.907949;181.835358;3.378334;1,012,039;221,400
626;0.6260275657593629;24;0;0.157133;1,011,911;1,011,911;0;0;31,374;1.000126;7.056799;265.595846;395,911;616,000;1,011,911;0;0;0;3.995946882769469e-05;4.464433621736798e-05;86.907949;181.835358;3.378334;1,012,039;221,400
627;0.6270011075196863;24;0;0.160255;1,011,911;1,011,911;0;0;31,374;1.000126;7.056799;265.881699;395,911;616,000;1,011,911;0;0;0;3.942461546302575e-05;4.185060122682484e-05;86.907949;181.835358;3.378334;1,012,039;221,400
628;0.6280274203921175;26;0;0.176439;1,011,911;1,011,911;0;0;31,374;1.000126;7.056799;266.177572;395,911;616,000;1,011,911;0;0;0;3.683501401955311e-05;4.247873159403531e-05;86.907949;181.835358;3.378334;1,012,039;221,400
629;0.629008102818671;24;0;0.170792;1,011,911;1,011,911;0;0;31,374;1.000126;7.056799;266.477996;395,911;616,000;1,011,911;0;0;0;3.909519201281077e-05;4.488704087844576e-05;86.907949;181.835358;3.378334;1,012,039;221,400
630;0.6300185458569094;23;0;0.150575;1,011,911;1,011,911;0;0;31,374;1.000126;7.056799;266.744953;395,911;616,000;1,011,911;0;0;0;4.280513710383377e-05;4.509133167593206e-05;86.907949;181.835358;3.378334;1,012,039;221,400
631;0.6310041052592438;22;0;0.146109;1,011,911;1,011,911;0;0;31,374;1.000126;7.056799;267.053175;395,911;616,000;1,011,911;0;0;0;4.402525577687898e-05;4.625170616885881e-05;86.907949;181.835358;3.378334;1,012,039;221,400
632;0.6320101787438026;24;0;0.158010;1,011,911;1,011,911;0;0;31,374;1.000126;7.056799;267.354736;395,911;616,000;1,011,911;0;0;0;4.046220764643463e-05;4.452455990850455e-05;86.907949;181.835358;3.378334;1,012,039;221,400
633;0.6330136265715571;27;0;0.179541;1,011,911;1,011,911;0;0;31,374;1.000126;7.056799;267.681100;395,911;616,000;1,011,911;0;0;0;3.349619929950839e-05;4.114007766618126e-05;86.907949;181.835358;3.378334;1,012,039;221,400
634;0.6340030213779234;24;0;0.160666;1,011,911;1,011,911;0;0;31,374;1.000126;7.056799;268.020540;395,911;616,000;1,011,911;0;0;0;3.802796754114771e-05;4.392822083238454e-05;86.907949;181.835358;3.378334;1,012,039;221,400
635;0.6350140021036795;24;0;0.164272;1,011,911;1,011,911;0;0;31,374;1.000126;7.056799;268.329402;395,911;616,000;1,011,911;0;0;0;4.041349010991869e-05;4.538930963428414e-05;86.907949;181.835358;3.378334;1,012,039;221,400
636;0.6360095191991049;25;0;0.223171;1,011,911;1,011,911;0;0;31,374;1.000126;7.056799;268.738908;395,911;616,000;1,011,911;0;0;0;3.737279098029143e-05;0.0000442481013878526;86.907949;181.835358;3.378334;1,012,039;221,400
637;0.6370194959933566;23;0;0.154246;1,011,911;1,011,911;0;0;31,374;1.000126;7.056799;269.030005;395,911;616,000;1,011,911;0;0;0;4.181006618996839e-05;4.580394792727259e-05;86.907949;181.835358;3.378334;1,012,039;221,400
638;0.638008917674032;26;0;0.177937;1,011,911;1,011,911;0;0;31,374;1.000126;7.056799;269.438884;395,911;616,000;1,011,911;0;0;0;3.374162895543439e-05;4.373165459287818e-05;86.907949;181.835358;3.378334;1,012,039;221,400
639;0.6390009989980974;25;0;0.166415;1,011,911;1,011,911;0;0;31,374;1.000126;7.056799;272.239661;395,911;616,000;1,011,911;0;0;0;0.0000381552876497542;4.282396379689773e-05;86.907949;181.835358;3.378334;1,012,039;221,400
640;0.6400424436050357;26;0;0.173315;1,011,911;1,011,911;0;0;31,374;1.000126;7.056799;274.807440;395,911;616,000;1,011,911;0;0;0;3.700310524508046e-05;4.388074961268442e-05;86.907949;181.835358;3.378334;1,012,039;221,400
641;0.6410152991689234;22;0;0.155330;1,011,911;1,011,911;0;0;31,374;1.000126;7.056799;276.882412;395,911;616,000;1,011,911;0;0;0;4.152231251853113e-05;4.683326665374341e-05;86.907949;181.835358;3.378334;1,012,039;221,400
642;0.6420025484584009;26;0;0.175286;1,011,911;1,011,911;0;0;31,374;1.000126;7.056799;278.108659;395,911;616,000;1,011,911;0;0;0;3.472799863519673e-05;4.258902303968245e-05;86.907949;181.835358;3.378334;1,012,039;221,400
643;0.6430180537083943;28;0;0.189216;1,011,911;1,011,911;0;0;31,374;1.000126;7.056799;279.041413;395,911;616,000;1,011,911;0;0;0;3.242161059509863e-05;4.130823760647555e-05;86.907949;181.835358;3.378334;1,012,039;221,400
644;0.6440082105016182;23;0;0.152885;1,011,911;1,011,911;0;0;31,374;1.000126;7.056799;279.343781;395,911;616,000;1,011,911;0;0;0;4.006543831443675e-05;4.584220739189857e-05;86.907949;181.835358;3.378334;1,012,039;221,400
645;0.6450319776025965;24;0;0.239906;1,011,911;1,011,911;0;0;31,374;1.000126;7.056799;279.768093;395,911;616,000;1,011,911;0;0;0;3.818021691828165e-05;4.460477255354965e-05;86.907949;181.835358;3.378334;1,012,039;221,400
646;0.6460278002706396;26;0;0.168755;1,011,911;1,011,911;0;0;31,374;1.000126;7.056799;280.036259;395,911;616,000;1,011,911;0;0;0;3.621210772316166e-05;4.111180336576074e-05;86.907949;181.835358;3.378334;1,012,039;221,400
647;0.6470250828431712;25;0;0.166835;1,011,911;1,011,911;0;0;31,374;1.000126;7.056799;280.307325;395,911;616,000;1,011,911;0;0;0;3.704725173844518e-05;4.487640163062214e-05;86.907949;181.835358;3.378334;1,012,039;221,400
648;0.6480074212112563;22;0;0.146407;1,011,911;1,011,911;0;0;31,374;1.000126;7.056799;280.595466;395,911;616,000;1,011,911;0;0;0;4.295796422084964e-05;4.564008697942654e-05;86.907949;181.835358;3.378334;1,012,039;221,400
649;0.6490301689929564;24;0;0.162419;1,011,911;1,011,911;0;0;31,374;1.000126;7.056799;280.941975;395,911;616,000;1,011,911;0;0;0;4.154109884577242e-05;4.371493470051393e-05;86.907949;181.835358;3.378334;1,012,039;221,400
650;0.6500265276182672;24;0;0.160718;1,011,911;1,011,911;0;0;31,374;1.000126;7.056799;281.293489;395,911;616,000;1,011,911;0;0;0;3.856396824543444e-05;4.557441107590318e-05;86.907949;181.835358;3.378334;1,012,039;221,400
651;0.6510139182958612;24;0;0.165202;1,011,911;1,011,911;0;0;31,374;1.000126;7.056799;283.843848;395,911;616,000;1,011,911;0;0;0;3.510734490031266e-05;4.509814268611878e-05;86.907949;181.835358;3.378334;1,012,039;221,400
652;0.6520240961274221;24;0;0.162044;1,011,911;1,011,911;0;0;31,374;1.000126;7.056799;284.687926;395,911;616,000;1,011,911;0;0;0;3.910117066694636e-05;4.642897892692339e-05;86.907949;181.835358;3.378334;1,012,039;221,400
653;0.653039780052977;23;0;0.154306;1,011,911;1,011,911;0;0;31,374;1.000126;7.056799;285.108176;395,911;616,000;1,011,911;0;0;0;4.118416066655645e-05;4.687630273657903e-05;86.907949;181.835358;3.378334;1,012,039;221,400
654;0.6540339201426337;22;0;0.158808;1,011,911;1,011,911;0;0;31,374;1.000126;7.056799;285.773896;395,911;616,000;1,011,911;0;0;0;4.272020181100118e-05;4.744322362357606e-05;86.907949;181.835358;3.378334;1,012,039;221,400
655;0.6550234895948054;23;0;0.153414;1,011,911;1,011,911;0;0;31,374;1.000126;7.056799;287.175594;395,911;616,000;1,011,911;0;0;0;3.910699186490923e-05;0.0000466978814480668;86.907949;181.835358;3.378334;1,012,039;221,400
656;0.6560023713564864;22;0;0.147545;1,011,911;1,011,911;0;0;31,374;1.000126;7.056799;288.287551;395,911;616,000;1,011,911;0;0;0;3.772160377015316e-05;4.689643916813875e-05;86.907949;181.835358;3.378334;1,012,039;221,400
657;0.6570321039667116;26;0;0.171631;1,011,911;1,011,911;0;0;31,374;1.000126;7.056799;288.722437;395,911;616,000;1,011,911;0;0;0;0.0000376448123927728;4.129077039982624e-05;86.907949;181.835358;3.378334;1,012,039;221,400
658;0.6580375332793871;26;0;0.168500;1,011,911;1,011,911;0;0;31,374;1.000126;7.056799;289.180954;395,911;616,000;1,011,911;0;0;0;3.771966833938778e-05;4.118129435983404e-05;86.907949;181.835358;3.378334;1,012,039;221,400
659;0.6590006327610473;23;0;0.155836;1,011,911;1,011,911;0;0;31,374;1.000126;7.056799;289.642465;395,911;616,000;1,011,911;0;0;0;4.074356614097553e-05;4.462351060970335e-05;86.907949;181.835358;3.378334;1,012,039;221,400
660;0.6600283227944632;27;0;0.181454;1,011,911;1,011,911;0;0;31,374;1.000126;7.056799;290.356038;395,911;616,000;1,011,911;0;0;0;3.579737119676833e-05;4.194828749408868e-05;86.907949;181.835358;3.378334;1,012,039;221,400
661;0.6610001271521021;27;0;0.205204;1,011,911;1,011,911;0;0;31,374;1.000126;7.056799;290.847657;395,911;616,000;1,011,911;0;0;0;3.462172579962076e-05;3.747305719010008e-05;86.907949;181.835358;3.378334;1,012,039;221,400
662;0.6620095740956237;30;0;0.202481;1,011,911;1,011,911;0;0;31,374;1.000126;7.056799;291.383970;395,911;616,000;1,011,911;0;0;0;3.282053977733293e-05;3.501067146177159e-05;86.907949;181.835358;3.378334;1,012,039;221,400
663;0.6630210220278366;30;0;0.197992;1,011,911;1,011,911;0;0;31,374;1.000126;7.056799;292.017272;395,911;616,000;1,011,911;0;0;0;3.130519400612496e-05;3.444434890446719e-05;86.907949;181.835358;3.378334;1,012,039;221,400
664;0.6640319996574277;30;0;0.258665;1,011,911;1,011,911;0;0;31,374;1.000126;7.056799;292.874647;395,911;616,000;1,011,911;0;0;0;3.129410046448646e-05;3.762683767250872e-05;86.907949;181.835358;3.378334;1,012,039;221,400
665;0.6650273211225716;26;0;0.173239;1,011,911;1,011,911;0;0;31,374;1.000126;7.056799;298.007354;395,911;616,000;1,011,911;0;0;0;3.669138402255026e-05;4.000715281490201e-05;86.907949;181.835358;3.378334;1,012,039;221,400
666;0.666015633784337;28;0;0.190278;1,011,911;1,011,911;0;0;31,374;1.000126;7.056799;298.973396;395,911;616,000;1,011,911;0;0;0;3.433306576213203e-05;3.655642509542208e-05;86.907949;181.835358;3.378334;1,012,039;221,400
667;0.667005628608502;27;0;0.189278;1,011,911;1,011,911;0;0;31,374;1.000126;7.056799;299.920358;395,911;616,000;1,011,911;0;0;0;3.442061574958841e-05;4.048347147073616e-05;86.907949;181.835358;3.378334;1,012,039;221,400
668;0.668020936053294;27;0;0.181018;1,011,911;1,011,911;0;0;31,374;1.000126;7.056799;300.854335;395,911;616,000;1,011,911;0;0;0;3.523398105135252e-05;3.910757629077038e-05;86.907949;181.835358;3.378334;1,012,039;221,400
669;0.669034913237091;25;0;0.166093;1,011,911;1,011,911;0;0;31,374;1.000126;7.056799;302.137618;395,911;616,000;1,011,911;0;0;0;3.862186863300154e-05;4.220617576808323e-05;86.907949;181.835358;3.378334;1,012,039;221,400
670;0.6700230080925358;24;0;0.177155;1,011,911;1,011,911;0;0;31,374;1.000126;7.056799;306.529214;395,911;616,000;1,011,911;0;0;0;3.757606519094618e-05;4.609853895729534e-05;86.907949;181.835358;3.378334;1,012,039;221,400
671;0.6710366682198254;22;0;0.153158;1,011,911;1,011,911;0;0;31,374;1.000126;7.056799;310.848252;395,911;616,000;1,011,911;0;0;0;0.0000425915161514921;4.740173783857816e-05;86.907949;181.835358;3.378334;1,012,039;221,400
672;0.6720185131568676;22;0;0.150310;1,011,911;1,011,911;0;0;31,374;1.000126;7.056799;311.865377;395,911;616,000;1,011,911;0;0;0;0.0000431249217014061;4.709735077967942e-05;86.907949;181.835358;3.378334;1,012,039;221,400
673;0.6730059817849963;21;0;0.146020;1,011,911;1,011,911;0;0;31,374;1.000126;7.056799;312.897980;395,911;616,000;1,011,911;0;0;0;4.389399616409527e-05;4.954485420294316e-05;86.907949;181.835358;3.378334;1,012,039;221,400
674;0.6740413657597312;22;0;0.152392;1,011,911;1,011,911;0;0;31,374;1.000126;7.056799;313.858999;395,911;616,000;1,011,911;0;0;0;0.0000461651066637158;4.886468374355818e-05;86.907949;181.835358;3.378334;1,012,039;221,400
675;0.6750138456671109;21;0;0.184372;1,011,911;1,011,911;0;0;31,374;1.000126;7.056799;314.815400;395,911;616,000;1,011,911;0;0;0;4.549501788215869e-05;4.755464852215957e-05;86.907949;181.835358;3.378334;1,012,039;221,400
676;0.6760053623661584;22;0;0.151229;1,011,911;1,011,911;0;0;31,374;1.000126;7.056799;315.578523;395,911;616,000;1,011,911;0;0;0;4.321127261043076e-05;4.662816473057148e-05;86.907949;181.835358;3.378334;1,012,039;221,400
677;0.677010788935274;22;0;0.153125;1,011,911;1,011,911;0;0;31,374;1.000126;7.056799;316.318028;395,911;616,000;1,011,911;0;0;0;4.421768855595334e-05;4.716041991744973e-05;86.907949;181.835358;3.378334;1,012,039;221,400
678;0.6780020328679567;21;0;0.141600;1,011,911;1,011,911;0;0;31,374;1.000126;7.056799;317.061932;395,911;616,000;1,011,911;0;0;0;4.630073801953477e-05;4.840427373465181e-05;86.907949;181.835358;3.378334;1,012,039;221,400
679;0.6790195882652058;23;0;0.161760;1,011,911;1,011,911;0;0;31,374;1.000126;7.056799;317.840686;395,911;616,000;1,011,911;0;0;0;0.0000412904282696107;0.0000464672968877865;86.907949;181.835358;3.378334;1,012,039;221,400
680;0.6800459623950367;23;0;0.157997;1,011,911;1,011,911;0;0;31,374;1.000126;7.056799;318.664453;395,911;616,000;1,011,911;0;0;0;4.282562519244973e-05;4.681930263400458e-05;86.907949;181.835358;3.378334;1,012,039;221,400
681;0.6810421278788892;23;0;0.187321;1,011,911;1,011,911;0;0;31,374;1.000126;7.056799;319.566563;395,911;616,000;1,011,911;0;0;0;4.186408490230586e-05;4.483793584327643e-05;86.907949;181.835358;3.378334;1,012,039;221,400
682;0.682032783246266;22;0;0.152382;1,011,911;1,011,911;0;0;31,374;1.000126;7.056799;320.419246;395,911;616,000;1,011,911;0;0;0;4.419826562909057e-05;4.674568112111532e-05;86.907949;181.835358;3.378334;1,012,039;221,400
683;0.6830420346260248;22;0;0.221118;1,011,911;1,011,911;0;0;29,133;1.000126;7.599629;321.373962;395,911;616,000;1,011,911;0;0;0;4.413049266359956e-05;4.769836395489188e-05;86.907949;181.835358;3.378334;1,012,039;221,400
684;0.6840003542561484;21;0;0.143219;1,011,911;1,011,911;0;0;29,133;1.000126;7.599629;322.143309;395,911;616,000;1,011,911;0;0;0;4.450352541344995e-05;4.804522445312423e-05;86.907949;181.835358;3.378334;1,012,039;221,400
685;0.6850018745356856;21;0;0.228679;1,011,911;1,011,911;0;0;29,133;1.000126;7.599629;323.487213;395,911;616,000;1,011,911;0;0;0;0.0000453172131790477;4.995410537431384e-05;86.907949;181.835358;3.378334;1,012,039;221,400
686;0.6860218376879959;21;0;0.145526;1,011,911;1,011,911;0;0;29,133;1.000126;7.599629;324.259090;395,911;616,000;1,011,911;0;0;0;4.751438855331549e-05;5.057744756781208e-05;86.907949;181.835358;3.378334;1,012,039;221,400
687;0.6870305044911253;19;0;0.131838;1,011,911;1,011,911;0;0;29,133;1.000126;7.599629;325.135099;395,911;616,000;1,011,911;0;0;0;5.097904560074824e-05;5.444053895924757e-05;86.907949;181.835358;3.378334;1,012,039;221,400
688;0.688041585911475;19;0;0.134564;1,011,911;1,011,911;0;0;29,133;1.000126;7.599629;326.328026;395,911;616,000;1,011,911;0;0;0;5.263157256659419e-05;5.402475776712475e-05;86.907949;181.835358;3.378334;1,012,039;221,400
689;0.6890517980340563;19;0;0.180064;1,011,911;1,011,911;0;0;29,133;1.000126;7.599629;327.949694;395,911;616,000;1,011,911;0;0;0;5.212838569717128e-05;5.427174581963979e-05;86.907949;181.835358;3.378334;1,012,039;221,400
690;0.6900172100252561;19;0;0.135441;1,011,911;1,011,911;0;0;29,133;1.000126;7.599629;331.592577;395,911;616,000;1,011,911;0;0;0;4.864336111523855e-05;5.398531889098939e-05;86.907949;181.835358;3.378334;1,012,039;221,400
691;0.6910194206151914;18;0;0.140417;1,011,911;1,011,911;0;0;29,133;1.000126;7.599629;334.937820;395,911;616,000;1,011,911;0;0;0;5.429611394944418e-05;5.656550596618533e-05;86.907949;181.835358;3.378334;1,012,039;221,400
692;0.6920297163618243;19;0;0.138929;1,011,911;1,011,911;0;0;29,133;1.000126;7.599629;338.228982;395,911;616,000;1,011,911;0;0;0;5.247435553774429e-05;5.480208476271627e-05;86.907949;181.835358;3.378334;1,012,039;221,400
693;0.6930405784319137;19;0;0.135411;1,011,911;1,011,911;0;0;29,133;1.000126;7.599629;341.489435;395,911;616,000;1,011,911;0;0;0;4.982665560497982e-05;5.494676812718073e-05;86.907949;181.835358;3.378334;1,012,039;221,400
694;0.6940315750305878;19;0;0.130362;1,011,911;1,011,911;0;0;29,133;1.000126;7.599629;344.639034;395,911;616,000;1,011,911;0;0;0;4.986142104744531e-05;0.0000553210273474084;86.907949;181.835358;3.378334;1,012,039;221,400
695;0.6950531862798308;19;0;0.135922;1,011,911;1,011,911;0;0;29,133;1.000126;7.599629;347.836271;395,911;616,000;1,011,911;0;0;0;5.322612379815124e-05;5.437768350980377e-05;86.907949;181.835358;3.378334;1,012,039;221,400
696;0.6960141246207004;18;0;0.126193;1,011,911;1,011,911;0;0;29,133;1.000126;7.599629;351.018335;395,911;616,000;1,011,911;0;0;0;5.300747752201821e-05;5.440022905697785e-05;86.907949;181.835358;3.378334;1,012,039;221,400
697;0.6970104196835057;18;0;0.140410;1,011,911;1,011,911;0;0;29,133;1.000126;7.599629;354.187036;395,911;616,000;1,011,911;0;0;0;5.429649550212559e-05;5.663089367241277e-05;86.907949;181.835358;3.378334;1,012,039;221,400
698;0.6980161597495581;19;0;0.137690;1,011,911;1,011,911;0;0;29,133;1.000126;7.599629;357.376041;395,911;616,000;1,011,911;0;0;0;5.194742393784997e-05;5.404215004232163e-05;86.907949;181.835358;3.378334;1,012,039;221,400
699;0.6990346843615328;19;0;0.132603;1,011,911;1,011,911;0;0;29,133;1.000126;7.599629;360.151530;395,911;616,000;1,011,911;0;0;0;5.251142054172413e-05;5.626474620840148e-05;86.907949;181.835358;3.378334;1,012,039;221,400
700;0.7000153983037789;18;0;0.126651;1,011,911;1,011,911;0;0;29,133;1.000126;7.599629;361.389077;395,911;616,000;1,011,911;0;0;0;5.338956872572231e-05;0.0000564339206784039;86.907949;181.835358;3.378334;1,012,039;221,400
701;0.701008937707121;18;0;0.120067;1,011,911;1,011,911;0;0;29,133;1.000126;7.599629;362.266553;395,911;616,000;1,011,911;0;0;0;0.000054422124035921;5.661089408022797e-05;86.907949;181.835358;3.378334;1,012,039;221,400
702;0.702033418343745;19;0;0.131976;1,011,911;1,011,911;0;0;29,133;1.000126;7.599629;362.541569;395,911;616,000;1,011,911;0;0;0;5.272535706634464e-05;5.564293670159003e-05;86.907949;181.835358;3.378334;1,012,039;221,400
703;0.7030091977479747;17;0;0.192716;1,011,911;1,011,911;0;0;29,133;1.000126;7.599629;362.878191;395,911;616,000;1,011,911;0;0;0;0.0000560612135073997;5.830371113327437e-05;86.907949;181.835358;3.378334;1,012,039;221,400
704;0.7040220784060739;18;0;0.127317;1,011,911;1,011,911;0;0;29,133;1.000126;7.599629;363.113654;395,911;616,000;1,011,911;0;0;0;5.323265297670956e-05;5.865581917382505e-05;86.907949;181.835358;3.378334;1,012,039;221,400
705;0.7050024490256749;18;0;0.128936;1,011,911;1,011,911;0;0;29,133;1.000126;7.599629;363.422082;395,911;616,000;1,011,911;0;0;0;0.0000534945959654256;0.0000563700776494722;86.907949;181.835358;3.378334;1,012,039;221,400
706;0.7060331277333648;18;0;0.124327;1,011,911;1,011,911;0;0;29,133;1.000126;7.599629;363.706867;395,911;616,000;1,011,911;0;0;0;5.637760151646035e-05;5.849342837067098e-05;86.907949;181.835358;3.378334;1,012,039;221,400
707;0.7070354983116569;18;0;0.122496;1,011,911;1,011,911;0;0;29,133;1.000126;7.599629;364.694012;395,911;616,000;1,011,911;0;0;0;0.0000546504107944668;5.776868710008394e-05;86.907949;181.835358;3.378334;1,012,039;221,400
708;0.7080346371313373;17;0;0.119443;1,011,911;1,011,911;0;0;29,133;1.000126;7.599629;367.806125;395,911;616,000;1,011,911;0;0;0;5.818529899385111e-05;0.0000601779310194439;86.907949;181.835358;3.378334;1,012,039;221,400
709;0.7090126735632887;17;0;0.119385;1,011,911;1,011,911;0;0;29,133;1.000126;7.599629;370.965053;395,911;616,000;1,011,911;0;0;0;5.398077339880092e-05;5.945092752441977e-05;86.907949;181.835358;3.378334;1,012,039;221,400
710;0.7100290619629637;18;0;0.134570;1,011,911;1,011,911;0;0;29,133;1.000126;7.599629;374.112232;395,911;616,000;1,011,911;0;0;0;0.0000539006466139764;6.065603944933703e-05;86.907949;181.835358;3.378334;1,012,039;221,400
711;0.7110525590538459;17;0;0.119002;1,011,911;1,011,911;0;0;29,133;1.000126;7.599629;377.232516;395,911;616,000;1,011,911;0;0;0;5.886393008982233e-05;6.140740472797175e-05;86.907949;181.835358;3.378334;1,012,039;221,400
712;0.7120298117384734;17;0;0.120098;1,011,911;1,011,911;0;0;29,133;1.000126;7.599629;380.074277;395,911;616,000;1,011,911;0;0;0;0.0000561740000628509;6.009430527249826e-05;86.907949;181.835358;3.378334;1,012,039;221,400
713;0.7130575134925349;17;0;0.225427;1,011,911;1,011,911;0;0;29,133;1.000126;7.599629;382.545488;395,911;616,000;1,011,911;0;0;0;6.015648114194877e-05;6.096047635513383e-05;86.907949;181.835358;3.378334;1,012,039;221,400
714;0.714023001890025;16;0;0.211314;1,011,911;1,011,911;0;0;29,133;1.000126;7.599629;384.746314;395,911;616,000;1,011,911;0;0;0;5.931576209822022e-05;6.190030217183565e-05;86.907949;181.835358;3.378334;1,012,039;221,400
715;0.7150015986627047;16;0;0.176109;1,011,911;1,011,911;0;0;29,133;1.000126;7.599629;386.966898;395,911;616,000;1,011,911;0;0;0;6.063217547576437e-05;6.208200129677778e-05;86.907949;181.835358;3.378334;1,012,039;221,400
716;0.7160186883461257;17;0;0.164966;1,011,911;1,011,911;0;0;29,133;1.000126;7.599629;389.175604;395,911;616,000;1,011,911;0;0;0;5.802375897267554e-05;6.152817606186735e-05;86.907949;181.835358;3.378334;1,012,039;221,400
717;0.7170478014527868;18;0;0.125136;1,011,911;1,011,911;0;0;29,133;1.000126;7.599629;391.393280;395,911;616,000;1,011,911;0;0;0;5.411306566964544e-05;5.896625706280166e-05;86.907949;181.835358;3.378334;1,012,039;221,400
718;0.7180031867434801;17;0;0.124177;1,011,911;1,011,911;0;0;29,133;1.000126;7.599629;393.611662;395,911;616,000;1,011,911;0;0;0;5.392283349477366e-05;5.987277593629677e-05;86.907949;181.835358;3.378334;1,012,039;221,400
719;0.7190202377728326;18;0;0.127369;1,011,911;1,011,911;0;0;29,133;1.000126;7.599629;395.835261;395,911;616,000;1,011,911;0;0;0;5.560290582812938e-05;5.752121152581284e-05;86.907949;181.835358;3.378334;1,012,039;221,400
720;0.7200023259336926;17;0;0.118789;1,011,911;1,011,911;0;0;29,133;1.000126;7.599629;398.043855;395,911;616,000;1,011,911;0;0;0;5.668673195423742e-05;6.010611090881174e-05;86.907949;181.835358;3.378334;1,012,039;221,400
721;0.7210405722608991;18;0;0.124003;1,011,911;1,011,911;0;0;29,133;1.000126;7.599629;400.431118;395,911;616,000;1,011,911;0;0;0;5.582893744867783e-05;6.141479148723912e-05;86.907949;181.835358;3.378334;1,012,039;221,400
722;0.7220161617002632;16;0;0.113161;1,011,911;1,011,911;0;0;29,133;1.000126;7.599629;402.448604;395,911;616,000;1,011,911;0;0;0;6.052418261608808e-05;6.195317382548558e-05;86.907949;181.835358;3.378334;1,012,039;221,400
723;0.723038174135773;18;0;0.136269;1,011,911;1,011,911;0;0;29,133;1.000126;7.599629;404.649040;395,911;616,000;1,011,911;0;0;0;5.440605255606159e-05;5.986242988059438e-05;86.907949;181.835358;3.378334;1,012,039;221,400
724;0.7240117192504072;16;0;0.119130;1,011,911;1,011,911;0;0;29,133;1.000126;7.599629;406.840293;395,911;616,000;1,011,911;0;0;0;5.918915026073562e-05;6.240925393789149e-05;86.907949;181.835358;3.378334;1,012,039;221,400
725;0.7250608214272569;17;0;0.118583;1,011,911;1,011,911;0;0;29,133;1.000126;7.599629;409.001045;395,911;616,000;1,011,911;0;0;0;6.083756233167211e-05;6.309213093550369e-05;86.907949;181.835358;3.378334;1,012,039;221,400
726;0.7260340116106921;16;0;0.114037;1,011,911;1,011,911;0;0;29,133;1.000126;7.599629;411.155560;395,911;616,000;1,011,911;0;0;0;5.935908734079127e-05;6.348229308034423e-05;86.907949;181.835358;3.378334;1,012,039;221,400
727;0.7270504709198536;17;0;0.115981;1,011,911;1,011,911;0;0;29,133;1.000126;7.599629;413.366165;395,911;616,000;1,011,911;0;0;0;5.866730453671959e-05;6.201407420836345e-05;86.907949;181.835358;3.378334;1,012,039;221,400
728;0.7280481081316708;17;0;0.124608;1,011,911;1,011,911;0;0;29,133;1.000126;7.599629;415.542139;395,911;616,000;1,011,911;0;0;0;5.658546312171533e-05;6.244639036084404e-05;86.907949;181.835358;3.378334;1,012,039;221,400
729;0.7290167605120139;16;0;0.116471;1,011,911;1,011,911;0;0;29,133;1.000126;7.599629;417.107563;395,911;616,000;1,011,911;0;0;0;5.863647299697512e-05;6.304126874116711e-05;86.907949;181.835358;3.378334;1,012,039;221,400
730;0.7300207413356021;16;0;0.116595;1,011,911;1,011,911;0;0;29,133;1.000126;7.599629;418.225162;395,911;616,000;1,011,911;0;0;0;6.222512955207978e-05;6.372570743063841e-05;86.907949;181.835358;3.378334;1,012,039;221,400
731;0.7310598861139517;16;0;0.116884;1,011,911;1,011,911;0;0;29,133;1.000126;7.599629;419.278854;395,911;616,000;1,011,911;0;0;0;6.280101294933481e-05;6.724126738210924e-05;86.907949;181.835358;3.378334;1,012,039;221,400
732;0.7320618930302627;15;0;0.107932;1,011,911;1,011,911;0;0;29,133;1.000126;7.599629;419.923309;395,911;616,000;1,011,911;0;0;0;0.0000656983221346719;6.773888909565481e-05;86.907949;181.835358;3.378334;1,012,039;221,400
733;0.73303336491636;15;0;0.111451;1,011,911;1,011,911;0;0;29,133;1.000126;7.599629;420.421221;395,911;616,000;1,011,911;0;0;0;6.403207464241483e-05;6.563940727319642e-05;86.907949;181.835358;3.378334;1,012,039;221,400
734;0.7340543252332732;17;0;0.122775;1,011,911;1,011,911;0;0;29,133;1.000126;7.599629;421.248968;395,911;616,000;1,011,911;0;0;0;5.710043909331208e-05;6.432624049906385e-05;86.907949;181.835358;3.378334;1,012,039;221,400
735;0.7350118175283188;15;0;0.111469;1,011,911;1,011,911;0;0;29,133;1.000126;7.599629;422.014087;395,911;616,000;1,011,911;0;0;0;6.165527577273054e-05;6.672380752709236e-05;86.907949;181.835358;3.378334;1,012,039;221,400
736;0.7360064530495029;15;0;0.107170;1,011,911;1,011,911;0;0;29,133;1.000126;7.599629;422.358104;395,911;616,000;1,011,911;0;0;0;6.569465458540003e-05;6.745743227476572e-05;86.907949;181.835358;3.378334;1,012,039;221,400
737;0.7370541435053839;16;0;0.107579;1,011,911;1,011,911;0;0;29,133;1.000126;7.599629;422.495502;395,911;616,000;1,011,911;0;0;0;6.469337512886855e-05;6.722146191472457e-05;86.907949;181.835358;3.378334;1,012,039;221,400
738;0.7380556950261397;15;0;0.100313;1,011,911;1,011,911;0;0;29,133;1.000126;7.599629;422.626116;395,911;616,000;1,011,911;0;0;0;6.549772867176651e-05;6.848154325976577e-05;86.907949;181.835358;3.378334;1,012,039;221,400
739;0.7390355518959985;16;0;0.107372;1,011,911;1,011,911;0;0;29,133;1.000126;7.599629;422.760513;395,911;616,000;1,011,911;0;0;0;5.775389695811506e-05;6.485275853482121e-05;86.907949;181.835358;3.378334;1,012,039;221,400
740;0.740003799079801;15;0;0.101468;1,011,911;1,011,911;0;0;29,133;1.000126;7.599629;422.892081;395,911;616,000;1,011,911;0;0;0;6.140403831606879e-05;6.782896954082287e-05;86.907949;181.835358;3.378334;1,012,039;221,400
741;0.7410447677358193;15;0;0.101845;1,011,911;1,011,911;0;0;29,133;1.000126;7.599629;423.024138;395,911;616,000;1,011,911;0;0;0;6.817741740305566e-05;7.043913751849789e-05;86.907949;181.835358;3.378334;1,012,039;221,400
742;0.7420060835998579;14;0;0.095861;1,011,911;1,011,911;0;0;29,133;1.000126;7.599629;423.150155;395,911;616,000;1,011,911;0;0;0;6.715103346301127e-05;7.044412833720229e-05;86.907949;181.835358;3.378334;1,012,039;221,400
743;0.7430276647374837;15;0;0.102407;1,011,911;1,011,911;0;0;31,374;1.000126;7.056799;423.282269;395,911;616,000;1,011,911;0;0;0;6.752260004566636e-05;6.988218415310514e-05;86.907949;181.835358;3.378334;1,012,039;221,400
744;0.7440576740182009;15;0;0.102131;1,011,911;1,011,911;0;0;31,374;1.000126;7.056799;423.412449;395,911;616,000;1,011,911;0;0;0;6.597790689697196e-05;7.141002444596737e-05;86.907949;181.835358;3.378334;1,012,039;221,400
745;0.7450565663035352;15;0;0.100663;1,011,911;1,011,911;0;0;31,374;1.000126;7.056799;423.543907;395,911;616,000;1,011,911;0;0;0;6.415186206041923e-05;6.942020934820205e-05;86.907949;181.835358;3.378334;1,012,039;221,400
746;0.7460653531607204;15;0;0.100787;1,011,911;1,011,911;0;0;31,374;1.000126;7.056799;423.672682;395,911;616,000;1,011,911;0;0;0;6.474642262659311e-05;7.064402967323102e-05;86.907949;181.835358;3.378334;1,012,039;221,400
747;0.7470388671881589;14;0;0.102749;1,011,911;1,011,911;0;0;31,374;1.000126;7.056799;423.923947;395,911;616,000;1,011,911;0;0;0;6.889084362243477e-05;7.012361006467625e-05;86.907949;181.835358;3.378334;1,012,039;221,400
748;0.7480170536027075;14;0;0.102378;1,011,911;1,011,911;0;0;31,374;1.000126;7.056799;424.160854;395,911;616,000;1,011,911;0;0;0;0.0000690116649210255;7.113258372676614e-05;86.907949;181.835358;3.378334;1,012,039;221,400
749;0.7490568495737864;15;0;0.106615;1,011,911;1,011,911;0;0;31,374;1.000126;7.056799;424.411716;395,911;616,000;1,011,911;0;0;0;6.673769502668569e-05;6.974731506072013e-05;86.907949;181.835358;3.378334;1,012,039;221,400
750;0.7500219689147318;15;0;0.106292;1,011,911;1,011,911;0;0;31,374;1.000126;7.056799;424.648623;395,911;616,000;1,011,911;0;0;0;0.0000627728220468198;0.0000675374633448426;86.907949;181.835358;3.378334;1,012,039;221,400
751;0.751014010851164;15;0;0.107832;1,011,911;1,011,911;0;0;31,374;1.000126;7.056799;424.893664;395,911;616,000;1,011,911;0;0;0;6.476133661922829e-05;6.841280790442306e-05;86.907949;181.835358;3.378334;1,012,039;221,400
752;0.7520008638117048;14;0;0.098838;1,011,911;1,011,911;0;0;31,374;1.000126;7.056799;425.125074;395,911;616,000;1,011,911;0;0;0;6.880286033618512e-05;7.238951905801277e-05;86.907949;181.835358;3.378334;1,012,039;221,400
753;0.7530285044386439;15;0;0.101454;1,011,911;1,011,911;0;0;31,374;1.000126;7.056799;425.308311;395,911;616,000;1,011,911;0;0;0;0.0000677196303911663;6.939399239204559e-05;86.907949;181.835358;3.378334;1,012,039;221,400
754;0.7540108022522294;14;0;0.100955;1,011,911;1,011,911;0;0;31,374;1.000126;7.056799;427.596003;395,911;616,000;1,011,911;0;0;0;6.950716694661137e-05;7.223332598611284e-05;86.907949;181.835358;3.378334;1,012,039;221,400
755;0.7550313560934966;15;0;0.115667;1,011,911;1,011,911;0;0;33,615;1.000126;6.586345;429.183084;395,911;616,000;1,011,911;0;0;0;6.538844450763683e-05;7.242315135635915e-05;86.907949;181.835358;3.378334;1,012,039;221,400
756;0.7560318674661906;15;0;0.110366;1,011,911;1,011,911;0;0;33,615;1.000126;6.586345;430.150263;395,911;616,000;1,011,911;0;0;0;6.571484169925741e-05;6.830630432366305e-05;86.907949;181.835358;3.378334;1,012,039;221,400
757;0.7570024879684025;15;0;0.104051;1,011,911;1,011,911;0;0;33,615;1.000126;6.586345;431.286578;395,911;616,000;1,011,911;0;0;0;6.316072236247738e-05;6.745438247504782e-05;86.907949;181.835358;3.378334;1,012,039;221,400
758;0.7580574189406655;16;0;0.112331;1,011,911;1,011,911;0;0;33,615;1.000126;6.586345;431.430079;395,911;616,000;1,011,911;0;0;0;6.425808034895279e-05;6.980559805228536e-05;86.907949;181.835358;3.378334;1,012,039;221,400
759;0.7590176172422702;14;0;0.098600;1,011,911;1,011,911;0;0;33,615;1.000126;6.586345;431.559805;395,911;616,000;1,011,911;0;0;0;6.756194359296245e-05;7.084585435378487e-05;86.907949;181.835358;3.378334;1,012,039;221,400
760;0.7600104491462134;14;0;0.114275;1,011,911;1,011,911;0;0;33,615;1.000126;6.586345;431.738904;395,911;616,000;1,011,911;0;0;0;0.0000698684340760817;7.239132939212628e-05;86.907949;181.835358;3.378334;1,012,039;221,400
761;0.7610421753325034;15;0;0.106324;1,011,911;1,011,911;0;0;33,615;1.000126;6.586345;431.877580;395,911;616,000;1,011,911;0;0;0;6.687841573542325e-05;7.231786774833668e-05;86.907949;181.835358;3.378334;1,012,039;221,400
762;0.762009505704527;14;0;0.094939;1,011,911;1,011,911;0;0;33,615;1.000126;6.586345;432.002012;395,911;616,000;1,011,911;0;0;0;6.743165771633306e-05;7.096746829601161e-05;86.907949;181.835358;3.378334;1,012,039;221,400
763;0.7630374886468851;15;0;0.100799;1,011,911;1,011,911;0;0;33,615;1.000126;6.586345;432.158184;395,911;616,000;1,011,911;0;0;0;6.775630648118431e-05;0.000070161086236056;86.907949;181.835358;3.378334;1,012,039;221,400
764;0.7640564495622749;15;0;0.107102;1,011,911;1,011,911;0;0;33,615;1.000126;6.586345;432.379032;395,911;616,000;1,011,911;0;0;0;6.682975325659835e-05;6.978241791469175e-05;86.907949;181.835358;3.378334;1,012,039;221,400
765;0.7650393136716385;14;0;0.099144;1,011,911;1,011,911;0;0;33,615;1.000126;6.586345;432.608256;395,911;616,000;1,011,911;0;0;0;6.939889820343394e-05;7.085924103877116e-05;86.907949;181.835358;3.378334;1,012,039;221,400
766;0.7660667952879169;15;0;0.124662;1,011,911;1,011,911;0;0;33,615;1.000126;6.586345;432.877451;395,911;616,000;1,011,911;0;0;0;6.736384387704861e-05;7.006591716786705e-05;86.907949;181.835358;3.378334;1,012,039;221,400
767;0.7670328974331935;14;0;0.098444;1,011,911;1,011,911;0;0;35,856;1.000126;6.174699;433.091308;395,911;616,000;1,011,911;0;0;0;6.794333995955097e-05;7.038468866350386e-05;86.907949;181.835358;3.378334;1,012,039;221,400
768;0.76800440070623;14;0;0.107350;1,011,911;1,011,911;0;0;35,856;1.000126;6.174699;433.390342;395,911;616,000;1,011,911;0;0;0;6.757873632620866e-05;7.049274237236294e-05;86.907949;181.835358;3.378334;1,012,039;221,400
769;0.7690205807120689;15;0;0.107190;1,011,911;1,011,911;0;0;35,856;1.000126;6.174699;433.689835;395,911;616,000;1,011,911;0;0;0;6.740291107606017e-05;6.874161401313154e-05;86.907949;181.835358;3.378334;1,012,039;221,400
770;0.7700572779266017;15;0;0.111848;1,011,911;1,011,911;0;0;35,856;1.000126;6.174699;434.194278;395,911;616,000;1,011,911;0;0;0;6.866571900140516e-05;0.000070422763828509;86.907949;181.835358;3.378334;1,012,039;221,400
771;0.7710335227454224;14;0;0.101474;1,011,911;1,011,911;0;0;35,856;1.000126;6.174699;434.484290;395,911;616,000;1,011,911;0;0;0;6.924955159999843e-05;7.057764954068956e-05;86.907949;181.835358;3.378334;1,012,039;221,400
772;0.7720312389906681;14;0;0.105106;1,011,911;1,011,911;0;0;35,856;1.000126;6.174699;435.704400;395,911;616,000;1,011,911;0;0;0;7.034887170433449e-05;7.213912662705808e-05;86.907949;181.835358;3.378334;1,012,039;221,400
773;0.7730095851013247;14;0;0.102226;1,011,911;1,011,911;0;0;35,856;1.000126;6.174699;437.981997;395,911;616,000;1,011,911;0;0;0;6.934021653606582e-05;7.081555460958968e-05;86.907949;181.835358;3.378334;1,012,039;221,400
774;0.774042891121735;15;0;0.108320;1,011,911;1,011,911;0;0;35,856;1.000126;6.174699;440.260302;395,911;616,000;1,011,911;0;0;0;6.765822478552678e-05;7.050674840158142e-05;86.907949;181.835358;3.378334;1,012,039;221,400
775;0.7750306125367591;14;0;0.100047;1,011,911;1,011,911;0;0;35,856;1.000126;6.174699;441.014168;395,911;616,000;1,011,911;0;0;0;6.886653009019146e-05;7.230163576832329e-05;86.907949;181.835358;3.378334;1,012,039;221,400
776;0.7760318425089482;14;0;0.101621;1,011,911;1,011,911;0;0;35,856;1.000126;6.174699;441.696974;395,911;616,000;1,011,911;0;0;0;7.083897454258273e-05;7.194953958726919e-05;86.907949;181.835358;3.378334;1,012,039;221,400
777;0.7770641174447691;15;0;0.108436;1,011,911;1,011,911;0;0;35,856;1.000126;6.174699;442.280803;395,911;616,000;1,011,911;0;0;0;6.689035586448593e-05;0.0000709831197575338;86.907949;181.835358;3.378334;1,012,039;221,400
778;0.7780246678042178;14;0;0.109130;1,011,911;1,011,911;0;0;35,856;1.000126;6.174699;442.785690;395,911;616,000;1,011,911;0;0;0;6.721328336305144e-05;7.088646049517952e-05;86.907949;181.835358;3.378334;1,012,039;221,400
779;0.7790545946643662;15;0;0.108831;1,011,911;1,011,911;0;0;35,856;1.000126;6.174699;443.285590;395,911;616,000;1,011,911;0;0;0;6.751233316058526e-05;7.043047735866605e-05;86.907949;181.835358;3.378334;1,012,039;221,400
780;0.7800406499425858;14;0;0.162015;1,011,911;1,011,911;0;0;38,097;1.000126;5.811481;443.672060;395,911;616,000;1,011,911;0;0;0;0.0000698196759810908;7.108807853460914e-05;86.907949;181.835358;3.378334;1,012,039;221,400
781;0.781021733674935;14;0;0.097430;1,011,911;1,011,911;0;0;38,097;1.000126;5.811481;443.880049;395,911;616,000;1,011,911;0;0;0;6.917598068812054e-05;7.101263356278769e-05;86.907949;181.835358;3.378334;1,012,039;221,400
782;0.7820626700892628;15;0;0.108611;1,011,911;1,011,911;0;0;38,097;1.000126;5.811481;444.246235;395,911;616,000;1,011,911;0;0;0;6.865836126552159e-05;7.066964979367882e-05;86.907949;181.835358;3.378334;1,012,039;221,400
783;0.7830386987005741;14;0;0.100579;1,011,911;1,011,911;0;0;38,097;1.000126;5.811481;444.597216;395,911;616,000;1,011,911;0;0;0;6.910743499827608e-05;7.166152865488325e-05;86.907949;181.835358;3.378334;1,012,039;221,400
784;0.7840379258615087;14;0;0.101891;1,011,911;1,011,911;0;0;38,097;1.000126;5.811481;444.958030;395,911;616,000;1,011,911;0;0;0;7.102922411853341e-05;7.202425305804154e-05;86.907949;181.835358;3.378334;1,012,039;221,400
785;0.7850358561013827;14;0;0.104944;1,011,911;1,011,911;0;0;38,097;1.000126;5.811481;445.316358;395,911;616,000;1,011,911;0;0;0;7.062482524810728e-05;7.252903413985563e-05;86.907949;181.835358;3.378334;1,012,039;221,400
786;0.7860086745193786;14;0;0.102150;1,011,911;1,011,911;0;0;38,097;1.000126;5.811481;445.667431;395,911;616,000;1,011,911;0;0;0;6.489108392682708e-05;7.208029711524762e-05;86.907949;181.835358;3.378334;1,012,039;221,400
787;0.7870198120257396;15;0;0.109695;1,011,911;1,011,911;0;0;38,097;1.000126;5.811481;446.080244;395,911;616,000;1,011,911;0;0;0;6.509887803092668e-05;7.118130541648958e-05;86.907949;181.835358;3.378334;1,012,039;221,400
788;0.788006176812746;14;0;0.103417;1,011,911;1,011,911;0;0;38,097;1.000126;5.811481;446.492747;395,911;616,000;1,011,911;0;0;0;6.779590609611743e-05;7.214740660909783e-05;86.907949;181.835358;3.378334;1,012,039;221,400
789;0.7890520707169189;15;0;0.106378;1,011,911;1,011,911;0;0;38,097;1.000126;5.811481;446.967883;395,911;616,000;1,011,911;0;0;0;6.799180138803862e-05;7.187529311874039e-05;86.907949;181.835358;3.378334;1,012,039;221,400
790;0.7900403608996557;14;0;0.101841;1,011,911;1,011,911;0;0;38,097;1.000126;5.811481;447.330512;395,911;616,000;1,011,911;0;0;0;6.966226755249959e-05;7.203209736755268e-05;86.907949;181.835358;3.378334;1,012,039;221,400
791;0.7910104625393266;14;0;0.102607;1,011,911;1,011,911;0;0;38,097;1.000126;5.811481;447.743965;395,911;616,000;1,011,911;0;0;0;6.864733049398809e-05;7.043388208161735e-05;86.907949;181.835358;3.378334;1,012,039;221,400
792;0.7920652584067289;15;0;0.107620;1,011,911;1,011,911;0;0;38,097;1.000126;5.811481;448.167193;395,911;616,000;1,011,911;0;0;0;6.951426090961069e-05;7.154433168728227e-05;86.907949;181.835358;3.378334;1,012,039;221,400
793;0.7930480054294958;14;0;0.098644;1,011,911;1,011,911;0;0;38,097;1.000126;5.811481;448.629700;395,911;616,000;1,011,911;0;0;0;6.976017542177724e-05;7.086023244904411e-05;86.907949;181.835358;3.378334;1,012,039;221,400
794;0.7940267448425335;14;0;0.099267;1,011,911;1,011,911;0;0;40,338;1.000126;5.488621;450.326216;395,911;616,000;1,011,911;0;0;0;6.917955876165607e-05;7.057064845654093e-05;86.907949;181.835358;3.378334;1,012,039;221,400
795;0.7950506102987458;15;0;0.187117;1,011,911;1,011,911;0;0;40,338;1.000126;5.488621;452.451783;395,911;616,000;1,011,911;0;0;0;6.653132735882232e-05;6.986400981209773e-05;86.907949;181.835358;3.378334;1,012,039;221,400
796;0.7960239982948927;14;0;0.100782;1,011,911;1,011,911;0;0;40,338;1.000126;5.488621;452.885246;395,911;616,000;1,011,911;0;0;0;6.746295803677766e-05;7.214870921549837e-05;86.907949;181.835358;3.378334;1,012,039;221,400
797;0.7970165583888087;14;0;0.105359;1,011,911;1,011,911;0;0;40,338;1.000126;5.488621;453.461193;395,911;616,000;1,011,911;0;0;0;7.034615175221642e-05;7.157508878739129e-05;86.907949;181.835358;3.378334;1,012,039;221,400
798;0.7980636991664916;15;0;0.115114;1,011,911;1,011,911;0;0;40,338;1.000126;5.488621;455.437934;395,911;616,000;1,011,911;0;0;0;6.904686175978154e-05;7.050011934019478e-05;86.907949;181.835358;3.378334;1,012,039;221,400
799;0.7990470960009959;14;0;0.102365;1,011,911;1,011,911;0;0;40,338;1.000126;5.488621;456.281209;395,911;616,000;1,011,911;0;0;0;6.922889794760118e-05;7.156181396079999e-05;86.907949;181.835358;3.378334;1,012,039;221,400
800;0.8000394837644106;14;0;0.102854;1,011,911;1,011,911;0;0;40,338;1.000126;5.488621;457.049325;395,911;616,000;1,011,911;0;0;0;7.044315931317758e-05;7.144332264619753e-05;86.907949;181.835358;3.378334;1,012,039;221,400
801;0.8010272879151524;14;0;0.103913;1,011,911;1,011,911;0;0;40,338;1.000126;5.488621;457.775275;395,911;616,000;1,011,911;0;0;0;0.0000701855529233394;7.139536328217423e-05;86.907949;181.835358;3.378334;1,012,039;221,400
802;0.8020164435926971;14;0;0.103714;1,011,911;1,011,911;0;0;40,338;1.000126;5.488621;458.607145;395,911;616,000;1,011,911;0;0;0;7.004695086338037e-05;7.163269061095062e-05;86.907949;181.835358;3.378334;1,012,039;221,400
803;0.8030621945469842;15;0;0.111032;1,011,911;1,011,911;0;0;40,338;1.000126;5.488621;459.275666;395,911;616,000;1,011,911;0;0;0;0.0000653214517631235;7.272241857472519e-05;86.907949;181.835358;3.378334;1,012,039;221,400
804;0.8040078426908434;14;0;0.100134;1,011,911;1,011,911;0;0;40,338;1.000126;5.488621;460.721093;395,911;616,000;1,011,911;0;0;0;6.554814876557962e-05;0.0000705072278053831;86.907949;181.835358;3.378334;1,012,039;221,400
805;0.8050385680585723;15;0;0.106149;1,011,911;1,011,911;0;0;40,338;1.000126;5.488621;464.427901;395,911;616,000;1,011,911;0;0;0;6.797178249438068e-05;0.000069888402371166;86.907949;181.835358;3.378334;1,012,039;221,400
806;0.8060631137973389;15;0;0.126716;1,011,911;1,011,911;0;0;40,338;1.000126;5.488621;465.894162;395,911;616,000;1,011,911;0;0;0;6.645393896422107e-05;7.108353238921458e-05;86.907949;181.835358;3.378334;1,012,039;221,400
807;0.8070229300706916;14;0;0.105717;1,011,911;1,011,911;0;0;40,338;1.000126;5.488621;467.307922;395,911;616,000;1,011,911;0;0;0;6.787265888906953e-05;6.969582019506104e-05;86.907949;181.835358;3.378334;1,012,039;221,400
808;0.8080510977136427;15;0;0.109651;1,011,911;1,011,911;0;0;42,579;1.000126;5.199746;469.018509;395,911;616,000;1,011,911;0;0;0;6.745126248369015e-05;7.035449048350089e-05;86.907949;181.835358;3.378334;1,012,039;221,400
809;0.8090176684743159;14;0;0.101509;1,011,911;1,011,911;0;0;42,579;1.000126;5.199746;471.300130;395,911;616,000;1,011,911;0;0;0;6.858225944199653e-05;7.028676398742622e-05;86.907949;181.835358;3.378334;1,012,039;221,400
810;0.8100420086068483;15;0;0.110683;1,011,911;1,011,911;0;0;42,579;1.000126;5.199746;472.783789;395,911;616,000;1,011,911;0;0;0;0.0000673576306131904;6.978072976903088e-05;86.907949;181.835358;3.378334;1,012,039;221,400
811;0.8110462147077157;14;0;0.098652;1,011,911;1,011,911;0;0;42,579;1.000126;5.199746;477.076266;395,911;616,000;1,011,911;0;0;0;6.959027523062996e-05;7.433234819149027e-05;86.907949;181.835358;3.378334;1,012,039;221,400
812;0.8120386217672668;14;0;0.105538;1,011,911;1,011,911;0;0;42,579;1.000126;5.199746;481.459194;395,911;616,000;1,011,911;0;0;0;6.783391603696748e-05;7.208226564410532e-05;86.907949;181.835358;3.378334;1,012,039;221,400
813;0.813068409814815;15;0;0.103253;1,011,911;1,011,911;0;0;42,579;1.000126;5.199746;485.832666;395,911;616,000;1,011,911;0;0;0;6.763233322732772e-05;7.025646146629565e-05;86.907949;181.835358;3.378334;1,012,039;221,400
814;0.8140586760311506;14;0;0.097660;1,011,911;1,011,911;0;0;42,579;1.000126;5.199746;490.211161;395,911;616,000;1,011,911;0;0;0;6.970620887530445e-05;7.190558757592259e-05;86.907949;181.835358;3.378334;1,012,039;221,400
815;0.8150287963127867;14;0;0.098949;1,011,911;1,011,911;0;0;42,579;1.000126;5.199746;494.589194;395,911;616,000;1,011,911;0;0;0;6.871896062735245e-05;7.064780235516754e-05;86.907949;181.835358;3.378334;1,012,039;221,400
816;0.8160577771488606;15;0;0.110690;1,011,911;1,011,911;0;0;42,579;1.000126;5.199746;498.984288;395,911;616,000;1,011,911;0;0;0;6.732586077537953e-05;0.0000713279540581722;86.907949;181.835358;3.378334;1,012,039;221,400
817;0.8170297467450003;14;0;0.108870;1,011,911;1,011,911;0;0;42,579;1.000126;5.199746;503.421899;395,911;616,000;1,011,911;0;0;0;6.873179773081161e-05;7.052342061438309e-05;86.907949;181.835358;3.378334;1,012,039;221,400
818;0.8180635550846436;15;0;0.108525;1,011,911;1,011,911;0;0;42,579;1.000126;5.199746;504.080733;395,911;616,000;1,011,911;0;0;0;6.783649995188852e-05;7.005439656823218e-05;86.907949;181.835358;3.378334;1,012,039;221,400
819;0.8190458323255951;14;0;0.100054;1,011,911;1,011,911;0;0;42,579;1.000126;5.199746;504.365656;395,911;616,000;1,011,911;0;0;0;6.849391814946387e-05;7.217714396127308e-05;86.907949;181.835358;3.378334;1,012,039;221,400
820;0.8200169728935973;14;0;0.110224;1,011,911;1,011,911;0;0;42,579;1.000126;5.199746;504.677725;395,911;616,000;1,011,911;0;0;0;6.817368352114959e-05;7.241776146286048e-05;86.907949;181.835358;3.378334;1,012,039;221,400
821;0.8210148217140039;14;0;0.105906;1,011,911;1,011,911;0;0;42,579;1.000126;5.199746;505.598273;395,911;616,000;1,011,911;0;0;0;6.993191612839789e-05;7.288068847663384e-05;86.907949;181.835358;3.378334;1,012,039;221,400
822;0.8220219373189461;14;0;0.104995;1,011,911;1,011,911;0;0;42,579;1.000126;5.199746;506.437843;395,911;616,000;1,011,911;0;0;0;7.155921428151127e-05;7.262719603395123e-05;86.907949;181.835358;3.378334;1,012,039;221,400
823;0.823022951615467;14;0;0.100037;1,011,911;1,011,911;0;0;42,579;1.000126;5.199746;506.723288;395,911;616,000;1,011,911;0;0;0;7.105831708641304e-05;7.218933282647611e-05;86.907949;181.835358;3.378334;1,012,039;221,400
824;0.824021714209706;14;0;0.148232;1,011,911;1,011,911;0;0;42,579;1.000126;5.199746;507.059981;395,911;616,000;1,011,911;0;0;0;7.079846560123145e-05;7.238668379617133e-05;86.907949;181.835358;3.378334;1,012,039;221,400
825;0.8250288733654146;14;0;0.101225;1,011,911;1,011,911;0;0;44,820;1.000126;4.939759;507.400269;395,911;616,000;1,011,911;0;0;0;7.059755230350449e-05;7.259750734903207e-05;86.907949;181.835358;3.378334;1,012,039;221,400
826;0.8260381058679096;15;0;0.113863;1,011,911;1,011,911;0;0;44,820;1.000126;4.939759;507.787585;395,911;616,000;1,011,911;0;0;0;6.622436124850116e-05;6.881057419456413e-05;86.907949;181.835358;3.378334;1,012,039;221,400
827;0.8270499686711602;15;0;0.108400;1,011,911;1,011,911;0;0;44,820;1.000126;4.939759;508.162375;395,911;616,000;1,011,911;0;0;0;6.640490829769983e-05;6.971317296677114e-05;86.907949;181.835358;3.378334;1,012,039;221,400
828;0.8280241434772591;14;0;0.099386;1,011,911;1,011,911;0;0;44,820;1.000126;4.939759;508.533138;395,911;616,000;1,011,911;0;0;0;6.919788283755982e-05;7.047936645687235e-05;86.907949;181.835358;3.378334;1,012,039;221,400
829;0.8290544949231123;15;0;0.110131;1,011,911;1,011,911;0;0;44,820;1.000126;4.939759;508.924521;395,911;616,000;1,011,911;0;0;0;6.778819085997771e-05;6.955224877722311e-05;86.907949;181.835358;3.378334;1,012,039;221,400
830;0.8300296643988069;14;0;0.104444;1,011,911;1,011,911;0;0;44,820;1.000126;4.939759;509.316170;395,911;616,000;1,011,911;0;0;0;6.801573120583468e-05;7.225637792306568e-05;86.907949;181.835358;3.378334;1,012,039;221,400
831;0.8310317413668532;14;0;0.104196;1,011,911;1,011,911;0;0;44,820;1.000126;4.939759;509.765670;395,911;616,000;1,011,911;0;0;0;6.914448041295066e-05;7.209911551170503e-05;86.907949;181.835358;3.378334;1,012,039;221,400
832;0.8320481213729594;15;0;0.105168;1,011,911;1,011,911;0;0;44,820;1.000126;4.939759;510.236266;395,911;616,000;1,011,911;0;0;0;6.655093510865872e-05;6.884562980608776e-05;86.907949;181.835358;3.378334;1,012,039;221,400
833;0.8330239069375757;14;0;0.105679;1,011,911;1,011,911;0;0;44,820;1.000126;4.939759;510.702526;395,911;616,000;1,011,911;0;0;0;6.768695896344528e-05;7.279619702920552e-05;86.907949;181.835358;3.378334;1,012,039;221,400
834;0.8340260175298109;14;0;0.104693;1,011,911;1,011,911;0;0;44,820;1.000126;4.939759;511.191452;395,911;616,000;1,011,911;0;0;0;6.812486342179607e-05;7.259288752021636e-05;86.907949;181.835358;3.378334;1,012,039;221,400
835;0.8350535538508466;15;0;0.110011;1,011,911;1,011,911;0;0;44,820;1.000126;4.939759;511.696039;395,911;616,000;1,011,911;0;0;0;0.0000674045305003522;0.0000711834230798308;86.907949;181.835358;3.378334;1,012,039;221,400
836;0.8360411033192318;14;0;0.102522;1,011,911;1,011,911;0;0;44,820;1.000126;4.939759;512.191809;395,911;616,000;1,011,911;0;0;0;7.001175944218555e-05;7.174485979320183e-05;86.907949;181.835358;3.378334;1,012,039;221,400
837;0.8370226164358111;14;0;0.105434;1,011,911;1,011,911;0;0;44,820;1.000126;4.939759;512.850703;395,911;616,000;1,011,911;0;0;0;0.000066376889053884;7.200688512961583e-05;86.907949;181.835358;3.378334;1,012,039;221,400
838;0.8380112789227856;15;0;0.190498;1,011,911;1,011,911;0;0;44,820;1.000126;4.939759;515.817934;395,911;616,000;1,011,911;0;0;0;6.458705094934007e-05;6.904941086691717e-05;86.907949;181.835358;3.378334;1,012,039;221,400
839;0.8390572663445292;15;0;0.110798;1,011,911;1,011,911;0;0;44,820;1.000126;4.939759;516.499014;395,911;616,000;1,011,911;0;0;0;6.942062408598907e-05;7.061591555462062e-05;86.907949;181.835358;3.378334;1,012,039;221,400
840;0.8400436147421971;14;0;0.103108;1,011,911;1,011,911;0;0;44,820;1.000126;4.939759;517.253275;395,911;616,000;1,011,911;0;0;0;6.882701327023942e-05;7.163836599414137e-05;86.907949;181.835358;3.378334;1,012,039;221,400
841;0.8410168829922829;14;0;0.168260;1,011,911;1,011,911;0;0;44,820;1.000126;4.939759;518.019056;395,911;616,000;1,011,911;0;0;0;0.0000688602637373628;7.026885177982571e-05;86.907949;181.835358;3.378334;1,012,039;221,400
842;0.8420416556766135;15;0;0.107667;1,011,911;1,011,911;0;0;47,061;1.000126;4.704532;518.563011;395,911;616,000;1,011,911;0;0;0;0.0000673414028825078;6.935667626993819e-05;86.907949;181.835358;3.378334;1,012,039;221,400
843;0.8430218023693111;14;0;0.099254;1,011,911;1,011,911;0;0;47,061;1.000126;4.704532;518.973327;395,911;616,000;1,011,911;0;0;0;6.865530439861761e-05;7.111750220194309e-05;86.907949;181.835358;3.378334;1,012,039;221,400
844;0.8440124417640064;14;0;0.097965;1,011,911;1,011,911;0;0;47,061;1.000126;4.704532;519.412681;395,911;616,000;1,011,911;0;0;0;7.019911380128756e-05;7.140052893228496e-05;86.907949;181.835358;3.378334;1,012,039;221,400
845;0.8450006073107008;14;0;0.095266;1,011,911;1,011,911;0;0;47,061;1.000126;4.704532;519.871721;395,911;616,000;1,011,911;0;0;0;6.980615719399895e-05;7.167667563192735e-05;86.907949;181.835358;3.378334;1,012,039;221,400
846;0.8460617198459356;15;0;0.108540;1,011,911;1,011,911;0;0;47,061;1.000126;4.704532;520.377625;395,911;616,000;1,011,911;0;0;0;7.011113440328603e-05;7.146088649200382e-05;86.907949;181.835358;3.378334;1,012,039;221,400
847;0.8470514031623998;14;0;0.101666;1,011,911;1,011,911;0;0;47,061;1.000126;4.704532;520.840294;395,911;616,000;1,011,911;0;0;0;7.012987282464891e-05;0.0000714526121951834;86.907949;181.835358;3.378334;1,012,039;221,400
848;0.8480466230621314;15;0;0.111681;1,011,911;1,011,911;0;0;47,061;1.000126;4.704532;521.340059;395,911;616,000;1,011,911;0;0;0;6.423017869903388e-05;7.078085124537319e-05;86.907949;181.835358;3.378334;1,012,039;221,400
849;0.8490051354399616;14;0;0.102656;1,011,911;1,011,911;0;0;47,061;1.000126;4.704532;521.814824;395,911;616,000;1,011,911;0;0;0;6.658329944308777e-05;7.023122128939737e-05;86.907949;181.835358;3.378334;1,012,039;221,400
850;0.8500073881799834;15;0;0.159844;1,011,911;1,011,911;0;0;47,061;1.000126;4.704532;522.341136;395,911;616,000;1,011,911;0;0;0;6.638484987093211e-05;6.786678293391409e-05;86.907949;181.835358;3.378334;1,012,039;221,400
851;0.8510392263375955;15;0;0.103288;1,011,911;1,011,911;0;0;47,061;1.000126;4.704532;522.766464;395,911;616,000;1,011,911;0;0;0;6.608843995066997e-05;7.135283673747361e-05;86.907949;181.835358;3.378334;1,012,039;221,400
852;0.8520533162125618;15;0;0.109514;1,011,911;1,011,911;0;0;47,061;1.000126;4.704532;523.309174;395,911;616,000;1,011,911;0;0;0;6.595465914288009e-05;7.094444716980103e-05;86.907949;181.835358;3.378334;1,012,039;221,400
853;0.8530626716708686;14;0;0.103095;1,011,911;1,011,911;0;0;47,061;1.000126;4.704532;523.927409;395,911;616,000;1,011,911;0;0;0;7.135248637549815e-05;7.306701676746273e-05;86.907949;181.835358;3.378334;1,012,039;221,400
854;0.8540057976023315;13;0;0.162448;1,011,911;1,011,911;0;0;47,061;1.000126;4.704532;524.601195;395,911;616,000;1,011,911;0;0;0;7.212736193434768e-05;7.316010619692679e-05;86.907949;181.835358;3.378334;1,012,039;221,400
855;0.8550603501617938;15;0;0.111326;1,011,911;1,011,911;0;0;47,061;1.000126;4.704532;527.148650;395,911;616,000;1,011,911;0;0;0;6.962161210124072e-05;7.171422188836209e-05;86.907949;181.835358;3.378334;1,012,039;221,400
856;0.8560594780883465;14;0;0.104405;1,011,911;1,011,911;0;0;47,061;1.000126;4.704532;529.754774;395,911;616,000;1,011,911;0;0;0;6.996190491922906e-05;7.318789310815612e-05;86.907949;181.835358;3.378334;1,012,039;221,400
857;0.8570103686387113;13;0;0.095561;1,011,911;1,011,911;0;0;47,061;1.000126;4.704532;532.358942;395,911;616,000;1,011,911;0;0;0;7.238013699694671e-05;0.0000739127359200619;86.907949;181.835358;3.378334;1,012,039;221,400
858;0.8580152036881572;14;0;0.106791;1,011,911;1,011,911;0;0;47,061;1.000126;4.704532;534.983237;395,911;616,000;1,011,911;0;0;0;7.151695829416959e-05;7.206550765063751e-05;86.907949;181.835358;3.378334;1,012,039;221,400
859;0.8590020248154605;14;0;0.182829;1,011,911;1,011,911;0;0;49,302;1.000126;4.490690;537.672398;395,911;616,000;1,011,911;0;0;0;6.967660774200771e-05;7.141418288340437e-05;86.907949;181.835358;3.378334;1,012,039;221,400
860;0.8600464599524615;15;0;0.105802;1,011,911;1,011,911;0;0;49,302;1.000126;4.490690;540.166630;395,911;616,000;1,011,911;0;0;0;6.879114476420637e-05;7.086657537307783e-05;86.907949;181.835358;3.378334;1,012,039;221,400
861;0.8610489905246822;14;0;0.100054;1,011,911;1,011,911;0;0;49,302;1.000126;4.490690;542.645614;395,911;616,000;1,011,911;0;0;0;7.031757250566561e-05;7.337949135061444e-05;86.907949;181.835358;3.378334;1,012,039;221,400
862;0.8620329320595458;14;0;0.102419;1,011,911;1,011,911;0;0;49,302;1.000126;4.490690;545.155662;395,911;616,000;1,011,911;0;0;0;6.853872263691491e-05;7.354785390776042e-05;86.907949;181.835358;3.378334;1,012,039;221,400
863;0.8630273358190085;14;0;0.130041;1,011,911;1,011,911;0;0;49,302;1.000126;4.490690;547.653519;395,911;616,000;1,011,911;0;0;0;6.966235344867125e-05;7.213030949576006e-05;86.907949;181.835358;3.378334;1,012,039;221,400
864;0.864014396323564;14;0;0.102638;1,011,911;1,011,911;0;0;49,302;1.000126;4.490690;550.136871;395,911;616,000;1,011,911;0;0;0;6.979666638308987e-05;7.179025275174423e-05;86.907949;181.835358;3.378334;1,012,039;221,400
865;0.865029542850183;14;0;0.099699;1,011,911;1,011,911;0;0;49,302;1.000126;4.490690;552.639908;395,911;616,000;1,011,911;0;0;0;7.123202864635293e-05;7.387251985638624e-05;86.907949;181.835358;3.378334;1,012,039;221,400
866;0.8660361283767248;14;0;0.143567;1,011,911;1,011,911;0;0;49,302;1.000126;4.490690;555.180974;395,911;616,000;1,011,911;0;0;0;0.0000698938360202475;7.282618929113771e-05;86.907949;181.835358;3.378334;1,012,039;221,400
867;0.86700408740279;14;0;0.103670;1,011,911;1,011,911;0;0;49,302;1.000126;4.490690;557.635190;395,911;616,000;1,011,911;0;0;0;6.839933009528109e-05;0.0000704643348462522;86.907949;181.835358;3.378334;1,012,039;221,400
868;0.8680594133752089;15;0;0.105831;1,011,911;1,011,911;0;0;49,302;1.000126;4.490690;560.164196;395,911;616,000;1,011,911;0;0;0;6.996560509446309e-05;7.106412066253068e-05;86.907949;181.835358;3.378334;1,012,039;221,400
869;0.8690490288175078;14;0;0.104580;1,011,911;1,011,911;0;0;49,302;1.000126;4.490690;561.485268;395,911;616,000;1,011,911;0;0;0;7.030015738250823e-05;7.151873617503382e-05;86.907949;181.835358;3.378334;1,012,039;221,400
870;0.8700500930813704;14;0;0.105244;1,011,911;1,011,911;0;0;49,302;1.000126;4.490690;563.070646;395,911;616,000;1,011,911;0;0;0;7.092804664572246e-05;7.302572917851375e-05;86.907949;181.835358;3.378334;1,012,039;221,400
871;0.871056338445907;14;0;0.100995;1,011,911;1,011,911;0;0;49,302;1.000126;4.490690;563.310602;395,911;616,000;1,011,911;0;0;0;7.108325097293513e-05;7.254886582158776e-05;86.907949;181.835358;3.378334;1,012,039;221,400
872;0.8720548487190027;14;0;0.100873;1,011,911;1,011,911;0;0;49,302;1.000126;4.490690;564.443944;395,911;616,000;1,011,911;0;0;0;6.893496828439386e-05;7.178568004774243e-05;86.907949;181.835358;3.378334;1,012,039;221,400
873;0.8730069198971947;14;0;0.104920;1,011,911;1,011,911;0;0;49,302;1.000126;4.490690;565.651105;395,911;616,000;1,011,911;0;0;0;6.736573010012699e-05;6.913224275181854e-05;86.907949;181.835358;3.378334;1,012,039;221,400
874;0.8740600316825438;15;0;0.111167;1,011,911;1,011,911;0;0;49,302;1.000126;4.490690;566.334138;395,911;616,000;1,011,911;0;0;0;6.941638281702811e-05;7.185089001823272e-05;86.907949;181.835358;3.378334;1,012,039;221,400
875;0.8750492568702436;14;0;0.100836;1,011,911;1,011,911;0;0;49,302;1.000126;4.490690;566.587110;395,911;616,000;1,011,911;0;0;0;6.956860108418192e-05;7.198800809000657e-05;86.907949;181.835358;3.378334;1,012,039;221,400
876;0.876000771932881;14;0;0.099893;1,011,911;1,011,911;0;0;49,302;1.000126;4.490690;566.842697;395,911;616,000;1,011,911;0;0;0;6.451039446621032e-05;7.188748511525668e-05;86.907949;181.835358;3.378334;1,012,039;221,400
877;0.8770247138492447;15;0;0.105347;1,011,911;1,011,911;0;0;49,302;1.000126;4.490690;567.108223;395,911;616,000;1,011,911;0;0;0;6.565460248500891e-05;7.198344178598969e-05;86.907949;181.835358;3.378334;1,012,039;221,400
878;0.8780426647725891;14;0;0.102902;1,011,911;1,011,911;0;0;51,543;1.000126;4.295443;567.366922;395,911;616,000;1,011,911;0;0;0;0.0000722103150092059;7.388830862710912e-05;86.907949;181.835358;3.378334;1,012,039;221,400
879;0.879062080150955;14;0;0.101954;1,011,911;1,011,911;0;0;51,543;1.000126;4.295443;567.689830;395,911;616,000;1,011,911;0;0;0;7.228207373255927e-05;7.400265242522168e-05;86.907949;181.835358;3.378334;1,012,039;221,400
880;0.8800092193783459;13;0;0.095036;1,011,911;1,011,911;0;0;51,543;1.000126;4.295443;568.007634;395,911;616,000;1,011,911;0;0;0;7.240287400077512e-05;7.360502614923553e-05;86.907949;181.835358;3.378334;1,012,039;221,400
881;0.8810438268141232;14;0;0.123482;1,011,911;1,011,911;0;0;51,543;1.000126;4.295443;570.507133;395,911;616,000;1,011,911;0;0;0;0.0000735062034827611;7.447987997285479e-05;86.907949;181.835358;3.378334;1,012,039;221,400
882;0.8820652000748177;14;0;0.105507;1,011,911;1,011,911;0;0;51,543;1.000126;4.295443;572.305613;395,911;616,000;1,011,911;0;0;0;7.194161453080067e-05;7.390205652389106e-05;86.907949;181.835358;3.378334;1,012,039;221,400
883;0.8830666487380918;14;0;0.143941;1,011,911;1,011,911;0;0;51,543;1.000126;4.295443;572.681636;395,911;616,000;1,011,911;0;0;0;6.962954320247862e-05;7.345282158129933e-05;86.907949;181.835358;3.378334;1,012,039;221,400
884;0.8840417549219575;14;0;0.099194;1,011,911;1,011,911;0;0;51,543;1.000126;4.295443;572.927332;395,911;616,000;1,011,911;0;0;0;6.788837574227722e-05;7.137040430431731e-05;86.907949;181.835358;3.378334;1,012,039;221,400
885;0.8850093004717615;14;0;0.103038;1,011,911;1,011,911;0;0;51,543;1.000126;4.295443;573.251222;395,911;616,000;1,011,911;0;0;0;6.817843816381707e-05;7.085393202616334e-05;86.907949;181.835358;3.378334;1,012,039;221,400
886;0.8860643304949194;15;0;0.111506;1,011,911;1,011,911;0;0;51,543;1.000126;4.295443;573.588873;395,911;616,000;1,011,911;0;0;0;0.0000687492232722376;7.305527162563023e-05;86.907949;181.835358;3.378334;1,012,039;221,400
887;0.8870106944280517;13;0;0.110400;1,011,911;1,011,911;0;0;51,543;1.000126;4.295443;573.908304;395,911;616,000;1,011,911;0;0;0;6.848336380185823e-05;0.0000743256799196479;86.907949;181.835358;3.378334;1,012,039;221,400
888;0.8880474344286078;15;0;0.107337;1,011,911;1,011,911;0;0;51,543;1.000126;4.295443;574.256694;395,911;616,000;1,011,911;0;0;0;6.806153494966068e-05;7.165566626929672e-05;86.907949;181.835358;3.378334;1,012,039;221,400
889;0.8890637830911531;14;0;0.100096;1,011,911;1,011,911;0;0;51,543;1.000126;4.295443;574.632966;395,911;616,000;1,011,911;0;0;0;0.0000718972967463733;7.320690101498223e-05;86.907949;181.835358;3.378334;1,012,039;221,400
890;0.8900534319642133;14;0;0.108505;1,011,911;1,011,911;0;0;51,543;1.000126;4.295443;575.103524;395,911;616,000;1,011,911;0;0;0;6.945501896867288e-05;0.0000726382475945664;86.907949;181.835358;3.378334;1,012,039;221,400
891;0.8910580214656842;14;0;0.100964;1,011,911;1,011,911;0;0;51,543;1.000126;4.295443;575.479985;395,911;616,000;1,011,911;0;0;0;7.047744433262497e-05;0.0000732526380831826;86.907949;181.835358;3.378334;1,012,039;221,400
892;0.892053611715441;14;0;0.106401;1,011,911;1,011,911;0;0;51,543;1.000126;4.295443;575.858689;395,911;616,000;1,011,911;0;0;0;7.006765509854368e-05;7.225328861171326e-05;86.907949;181.835358;3.378334;1,012,039;221,400
893;0.8930118743628671;14;0;0.108115;1,011,911;1,011,911;0;0;51,543;1.000126;4.295443;576.238074;395,911;616,000;1,011,911;0;0;0;6.748822799574854e-05;7.066896395141803e-05;86.907949;181.835358;3.378334;1,012,039;221,400
894;0.8940572083958586;15;0;0.111666;1,011,911;1,011,911;0;0;51,543;1.000126;4.295443;576.616381;395,911;616,000;1,011,911;0;0;0;6.900191812135779e-05;7.099817048588191e-05;86.907949;181.835358;3.378334;1,012,039;221,400
895;0.8950425592456047;14;0;0.115258;1,011,911;1,011,911;0;0;51,543;1.000126;4.295443;577.065835;395,911;616,000;1,011,911;0;0;0;6.954428066318799e-05;7.205986580808194e-05;86.907949;181.835358;3.378334;1,012,039;221,400
896;0.8960444803898747;14;0;0.101503;1,011,911;1,011,911;0;0;51,543;1.000126;4.295443;577.489803;395,911;616,000;1,011,911;0;0;0;7.011508592434098e-05;7.329849956079582e-05;86.907949;181.835358;3.378334;1,012,039;221,400
897;0.8970003981560333;13;0;0.100276;1,011,911;1,011,911;0;0;51,543;1.000126;4.295443;577.977071;395,911;616,000;1,011,911;0;0;0;0.0000731732780425196;7.396701738837175e-05;86.907949;181.835358;3.378334;1,012,039;221,400
898;0.8980390618675219;15;0;0.108802;1,011,911;1,011,911;0;0;53,784;1.000126;4.116466;578.501655;395,911;616,000;1,011,911;0;0;0;6.781669870944462e-05;0.0000729810998370849;86.907949;181.835358;3.378334;1,012,039;221,400
899;0.899001381584314;14;0;0.105884;1,011,911;1,011,911;0;0;53,784;1.000126;4.116466;579.060798;395,911;616,000;1,011,911;0;0;0;6.681385377862302e-05;0.0000713091915095057;86.907949;181.835358;3.378334;1,012,039;221,400
900;0.9000483797592135;15;0;0.109275;1,011,911;1,011,911;0;0;53,784;1.000126;4.116466;579.697490;395,911;616,000;1,011,911;0;0;0;0.0000676626060093264;7.234123400563063e-05;86.907949;181.835358;3.378334;1,012,039;221,400
901;0.9010094809136296;14;0;0.095831;1,011,911;1,011,911;0;0;53,784;1.000126;4.116466;580.913055;395,911;616,000;1,011,911;0;0;0;6.735227541430294e-05;7.194608390896961e-05;86.907949;181.835358;3.378334;1,012,039;221,400
902;0.90200096225893;14;0;0.101995;1,011,911;1,011,911;0;0;53,784;1.000126;4.116466;582.469368;395,911;616,000;1,011,911;0;0;0;6.949312484632629e-05;7.217019868215792e-05;86.907949;181.835358;3.378334;1,012,039;221,400
903;0.9030073447172295;14;0;0.107115;1,011,911;1,011,911;0;0;53,784;1.000126;4.116466;589.127772;395,911;616,000;1,011,911;0;0;0;7.067865842435172e-05;7.296640475777173e-05;86.907949;181.835358;3.378334;1,012,039;221,400
904;0.904045650753043;15;0;0.106938;1,011,911;1,011,911;0;0;53,784;1.000126;4.116466;592.914351;395,911;616,000;1,011,911;0;0;0;6.625596119899585e-05;7.091385280250459e-05;86.907949;181.835358;3.378334;1,012,039;221,400
905;0.9050615601959029;15;0;0.105029;1,011,911;1,011,911;0;0;53,784;1.000126;4.116466;596.323095;395,911;616,000;1,011,911;0;0;0;6.652857041796773e-05;6.944688177816157e-05;86.907949;181.835358;3.378334;1,012,039;221,400
906;0.906047380242938;15;0;0.113798;1,011,911;1,011,911;0;0;53,784;1.000126;4.116466;603.399266;395,911;616,000;1,011,911;0;0;0;6.357772600077385e-05;7.015819452092639e-05;86.907949;181.835358;3.378334;1,012,039;221,400
907;0.9070673264849525;15;0;0.116500;1,011,911;1,011,911;0;0;53,784;1.000126;4.116466;604.686202;395,911;616,000;1,011,911;0;0;0;6.668798160477115e-05;7.111760098526625e-05;86.907949;181.835358;3.378334;1,012,039;221,400
908;0.9080658114886554;14;0;0.102179;1,011,911;1,011,911;0;0;53,784;1.000126;4.116466;605.778617;395,911;616,000;1,011,911;0;0;0;7.023920607749386e-05;7.214372223506784e-05;86.907949;181.835358;3.378334;1,012,039;221,400
909;0.9090537632911166;14;0;0.100649;1,011,911;1,011,911;0;0;53,784;1.000126;4.116466;606.999785;395,911;616,000;1,011,911;0;0;0;6.840386494654988e-05;7.188227084338768e-05;86.907949;181.835358;3.378334;1,012,039;221,400
910;0.9100631160871304;15;0;0.121278;1,011,911;1,011,911;0;0;53,784;1.000126;4.116466;607.404737;395,911;616,000;1,011,911;0;0;0;6.675876972133207e-05;6.804203447262511e-05;86.907949;181.835358;3.378334;1,012,039;221,400
911;0.9110168073801556;14;0;0.103410;1,011,911;1,011,911;0;0;53,784;1.000126;4.116466;607.997533;395,911;616,000;1,011,911;0;0;0;6.735346461578487e-05;6.924780718701028e-05;86.907949;181.835358;3.378334;1,012,039;221,400
912;0.9120706302824528;15;0;0.107519;1,011,911;1,011,911;0;0;53,784;1.000126;4.116466;608.637172;395,911;616,000;1,011,911;0;0;0;6.871342713286761e-05;7.177931225997705e-05;86.907949;181.835358;3.378334;1,012,039;221,400
913;0.9130357206455331;14;0;0.105599;1,011,911;1,011,911;0;0;53,784;1.000126;4.116466;609.258619;395,911;616,000;1,011,911;0;0;0;6.642992498702773e-05;7.148468070530122e-05;86.907949;181.835358;3.378334;1,012,039;221,400
914;0.914069018891295;15;0;0.105599;1,011,911;1,011,911;0;0;53,784;1.000126;4.116466;612.548834;395,911;616,000;1,011,911;0;0;0;6.727240857474095e-05;7.073658645215392e-05;86.907949;181.835358;3.378334;1,012,039;221,400
915;0.915041196038442;14;0;0.109512;1,011,911;1,011,911;0;0;53,784;1.000126;4.116466;614.503731;395,911;616,000;1,011,911;0;0;0;6.918578549204162e-05;6.988657345630841e-05;86.907949;181.835358;3.378334;1,012,039;221,400
916;0.9160183137618225;14;0;0.194462;1,011,911;1,011,911;0;0;53,784;1.000126;4.116466;616.275081;395,911;616,000;1,011,911;0;0;0;6.935733394101436e-05;7.079988822293841e-05;86.907949;181.835358;3.378334;1,012,039;221,400
917;0.9170114645177887;14;0;0.106986;1,011,911;1,011,911;0;0;53,784;1.000126;4.116466;617.575937;395,911;616,000;1,011,911;0;0;0;6.717181513592376e-05;7.264088117796302e-05;86.907949;181.835358;3.378334;1,012,039;221,400
918;0.9180098327416033;15;0;0.111235;1,011,911;1,011,911;0;0;53,784;1.000126;4.116466;617.999109;395,911;616,000;1,011,911;0;0;0;6.532931510408071e-05;6.945341875907256e-05;86.907949;181.835358;3.378334;1,012,039;221,400
919;0.9190661308237115;15;0;0.169387;1,011,911;1,011,911;0;0;53,784;1.000126;4.116466;618.507443;395,911;616,000;1,011,911;0;0;0;6.989956574558473e-05;7.166828232156938e-05;86.907949;181.835358;3.378334;1,012,039;221,400
920;0.9200397082874013;14;0;0.105544;1,011,911;1,011,911;0;0;56,025;1.000126;3.951807;618.913871;395,911;616,000;1,011,911;0;0;0;6.887338965292934e-05;7.074082106907933e-05;86.907949;181.835358;3.378334;1,012,039;221,400
921;0.9210199688940821;14;0;0.109385;1,011,911;1,011,911;0;0;56,025;1.000126;3.951807;619.425975;395,911;616,000;1,011,911;0;0;0;6.937130212024367e-05;7.090142423359319e-05;86.907949;181.835358;3.378334;1,012,039;221,400
922;0.9220096491643863;14;0;0.102677;1,011,911;1,011,911;0;0;56,025;1.000126;3.951807;619.999995;395,911;616,000;1,011,911;0;0;0;6.998587112871245e-05;7.186902055101342e-05;86.907949;181.835358;3.378334;1,012,039;221,400
923;0.9230469544774964;15;0;0.114278;1,011,911;1,011,911;0;0;56,025;1.000126;3.951807;621.599962;395,911;616,000;1,011,911;0;0;0;6.695055551228471e-05;7.083268708608544e-05;86.907949;181.835358;3.378334;1,012,039;221,400
924;0.9240132139931494;14;0;0.106068;1,011,911;1,011,911;0;0;56,025;1.000126;3.951807;624.484103;395,911;616,000;1,011,911;0;0;0;6.722492273075033e-05;7.207204045476817e-05;86.907949;181.835358;3.378334;1,012,039;221,400
925;0.9250292125236969;14;0;0.135367;1,011,911;1,011,911;0;0;56,025;1.000126;3.951807;625.704208;395,911;616,000;1,011,911;0;0;0;7.117250133933184e-05;0.0000734029749287085;86.907949;181.835358;3.378334;1,012,039;221,400
926;0.9260455371821632;15;0;0.116749;1,011,911;1,011,911;0;0;56,025;1.000126;3.951807;626.723480;395,911;616,000;1,011,911;0;0;0;6.588524590123427e-05;7.077925510040637e-05;86.907949;181.835358;3.378334;1,012,039;221,400
927;0.9270283722171438;14;0;0.104393;1,011,911;1,011,911;0;0;56,025;1.000126;3.951807;627.804390;395,911;616,000;1,011,911;0;0;0;6.805249561616773e-05;7.300962363207941e-05;86.907949;181.835358;3.378334;1,012,039;221,400
928;0.928027168978987;14;0;0.107331;1,011,911;1,011,911;0;0;56,025;1.000126;3.951807;629.547927;395,911;616,000;1,011,911;0;0;0;7.056703141931643e-05;7.188941000588851e-05;86.907949;181.835358;3.378334;1,012,039;221,400
929;0.9290127089541598;14;0;0.110424;1,011,911;1,011,911;0;0;56,025;1.000126;3.951807;630.763851;395,911;616,000;1,011,911;0;0;0;6.995410849575871e-05;0.0000711713357682684;86.907949;181.835358;3.378334;1,012,039;221,400
930;0.9300101124239458;14;0;0.159737;1,011,911;1,011,911;0;0;56,025;1.000126;3.951807;633.745755;395,911;616,000;1,011,911;0;0;0;7.024301093169932e-05;7.332987214032043e-05;86.907949;181.835358;3.378334;1,012,039;221,400
931;0.9310265035011542;14;0;0.109190;1,011,911;1,011,911;0;0;56,025;1.000126;3.951807;637.375157;395,911;616,000;1,011,911;0;0;0;0.0000714483519134628;7.445568378237286e-05;86.907949;181.835358;3.378334;1,012,039;221,400
932;0.9320508298677358;14;0;0.109512;1,011,911;1,011,911;0;0;56,025;1.000126;3.951807;640.807669;395,911;616,000;1,011,911;0;0;0;7.204506017343651e-05;7.431251970612159e-05;86.907949;181.835358;3.378334;1,012,039;221,400
933;0.933060345127292;14;0;0.109260;1,011,911;1,011,911;0;0;56,025;1.000126;3.951807;644.294594;395,911;616,000;1,011,911;0;0;0;7.165246359612216e-05;7.259962084533375e-05;86.907949;181.835358;3.378334;1,012,039;221,400
934;0.9340275437019697;14;0;0.099300;1,011,911;1,011,911;0;0;56,025;1.000126;3.951807;647.676627;395,911;616,000;1,011,911;0;0;0;6.810477601626498e-05;7.063852139792806e-05;86.907949;181.835358;3.378334;1,012,039;221,400
935;0.935035283707044;14;0;0.104323;1,011,911;1,011,911;0;0;56,025;1.000126;3.951807;651.391851;395,911;616,000;1,011,911;0;0;0;7.107102886259326e-05;0.0000731414433819113;86.907949;181.835358;3.378334;1,012,039;221,400
936;0.9360441614830382;14;0;0.100384;1,011,911;1,011,911;0;0;56,025;1.000126;3.951807;654.429998;395,911;616,000;1,011,911;0;0;0;7.101237963882055e-05;7.346787880036347e-05;86.907949;181.835358;3.378334;1,012,039;221,400
937;0.9370304397240953;14;0;0.118940;1,011,911;1,011,911;0;0;56,025;1.000126;3.951807;657.885558;395,911;616,000;1,011,911;0;0;0;6.978859906748586e-05;7.195761729582097e-05;86.907949;181.835358;3.378334;1,012,039;221,400
938;0.9380212921847657;14;0;0.100070;1,011,911;1,011,911;0;0;56,025;1.000126;3.951807;661.278315;395,911;616,000;1,011,911;0;0;0;6.702137606504287e-05;7.190981182217989e-05;86.907949;181.835358;3.378334;1,012,039;221,400
939;0.9390395181319275;15;0;0.108511;1,011,911;1,011,911;0;0;56,025;1.000126;3.951807;664.483887;395,911;616,000;1,011,911;0;0;0;6.660996722866931e-05;6.976244774847004e-05;86.907949;181.835358;3.378334;1,012,039;221,400
940;0.9400316803077572;14;0;0.101911;1,011,911;1,011,911;0;0;56,025;1.000126;3.951807;665.338513;395,911;616,000;1,011,911;0;0;0;6.974131636891278e-05;7.193278718593401e-05;86.907949;181.835358;3.378334;1,012,039;221,400
941;0.9410156707638533;14;0;0.095469;1,011,911;1,011,911;0;0;56,025;1.000126;3.951807;666.243224;395,911;616,000;1,011,911;0;0;0;6.768117662513024e-05;7.286708216301851e-05;86.907949;181.835358;3.378334;1,012,039;221,400
942;0.9420668987925404;15;0;0.100517;1,011,911;1,011,911;0;0;56,025;1.000126;3.951807;666.374554;395,911;616,000;1,011,911;0;0;0;6.815283447253065e-05;7.310014586114453e-05;86.907949;181.835358;3.378334;1,012,039;221,400
943;0.9430302203226615;13;0;0.163134;1,011,911;1,011,911;0;0;56,025;1.000126;3.951807;666.566616;395,911;616,000;1,011,911;0;0;0;7.342434124498232e-05;7.467762835137247e-05;86.907949;181.835358;3.378334;1,012,039;221,400
944;0.9440496417781993;14;0;0.092424;1,011,911;1,011,911;0;0;56,025;1.000126;3.951807;666.688582;395,911;616,000;1,011,911;0;0;0;0.0000701152434543439;7.402425561798637e-05;86.907949;181.835358;3.378334;1,012,039;221,400
945;0.9450285507730271;14;0;0.094152;1,011,911;1,011,911;0;0;56,025;1.000126;3.951807;666.812262;395,911;616,000;1,011,911;0;0;0;6.924737695100925e-05;7.175466473857601e-05;86.907949;181.835358;3.378334;1,012,039;221,400
946;0.946049157610766;14;0;0.093885;1,011,911;1,011,911;0;0;56,025;1.000126;3.951807;666.934935;395,911;616,000;1,011,911;0;0;0;7.030274255453164e-05;7.421425597826451e-05;86.907949;181.835358;3.378334;1,012,039;221,400
947;0.9470210509207934;14;0;0.093710;1,011,911;1,011,911;0;0;58,266;1.000126;3.799815;667.057363;395,911;616,000;1,011,911;0;0;0;6.871148917951004e-05;7.115405532386134e-05;86.907949;181.835358;3.378334;1,012,039;221,400
948;0.948041119232278;14;0;0.094988;1,011,911;1,011,911;0;0;58,266;1.000126;3.799815;667.184842;395,911;616,000;1,011,911;0;0;0;7.150356849372776e-05;7.453797943720259e-05;86.907949;181.835358;3.378334;1,012,039;221,400
949;0.9490462529725602;14;0;0.097482;1,011,911;1,011,911;0;0;58,266;1.000126;3.799815;667.314697;395,911;616,000;1,011,911;0;0;0;6.867135131012916e-05;7.474228115588485e-05;86.907949;181.835358;3.378334;1,012,039;221,400
950;0.9500176557480314;14;0;0.099189;1,011,911;1,011,911;0;0;58,266;1.000126;3.799815;667.640679;395,911;616,000;1,011,911;0;0;0;6.884415590715037e-05;7.018897159294041e-05;86.907949;181.835358;3.378334;1,012,039;221,400
951;0.951066194493828;15;0;0.171640;1,011,911;1,011,911;0;0;58,266;1.000126;3.799815;668.788865;395,911;616,000;1,011,911;0;0;0;6.915292048964207e-05;7.126927237325044e-05;86.907949;181.835358;3.378334;1,012,039;221,400
952;0.9520448957422345;14;0;0.194240;1,011,911;1,011,911;0;0;58,266;1.000126;3.799815;670.963740;395,911;616,000;1,011,911;0;0;0;6.915316712729042e-05;0.0000713451148116026;86.907949;181.835358;3.378334;1,012,039;221,400
953;0.9530099752343799;14;0;0.100513;1,011,911;1,011,911;0;0;58,266;1.000126;3.799815;673.630570;395,911;616,000;1,011,911;0;0;0;0.0000675929174408495;7.069680459992476e-05;86.907949;181.835358;3.378334;1,012,039;221,400
954;0.9540650886562316;15;0;0.111888;1,011,911;1,011,911;0;0;58,266;1.000126;3.799815;676.441344;395,911;616,000;1,011,911;0;0;0;6.851484607330246e-05;7.217951208401057e-05;86.907949;181.835358;3.378334;1,012,039;221,400
955;0.9550627375406751;14;0;0.102434;1,011,911;1,011,911;0;0;58,266;1.000126;3.799815;679.160463;395,911;616,000;1,011,911;0;0;0;7.050786803201892e-05;7.173955546243274e-05;86.907949;181.835358;3.378334;1,012,039;221,400
956;0.9560540205874548;14;0;0.133452;1,011,911;1,011,911;0;0;58,266;1.000126;3.799815;681.815796;395,911;616,000;1,011,911;0;0;0;7.041666957885975e-05;7.192047563588164e-05;86.907949;181.835358;3.378334;1,012,039;221,400
957;0.9570214932763014;14;0;0.098700;1,011,911;1,011,911;0;0;58,266;1.000126;3.799815;684.447312;395,911;616,000;1,011,911;0;0;0;6.818832262342467e-05;7.121667894910983e-05;86.907949;181.835358;3.378334;1,012,039;221,400
958;0.9580662212365711;15;0;0.106139;1,011,911;1,011,911;0;0;58,266;1.000126;3.799815;687.067534;395,911;616,000;1,011,911;0;0;0;6.840128617589277e-05;7.210296667891065e-05;86.907949;181.835358;3.378334;1,012,039;221,400
959;0.9590092904595203;13;0;0.100364;1,011,911;1,011,911;0;0;58,266;1.000126;3.799815;689.635714;395,911;616,000;1,011,911;0;0;0;7.174726325723219e-05;7.359413383298834e-05;86.907949;181.835358;3.378334;1,012,039;221,400
960;0.9600004648139997;14;0;0.100779;1,011,911;1,011,911;0;0;58,266;1.000126;3.799815;692.166125;395,911;616,000;1,011,911;0;0;0;7.011723139377966e-05;7.188209029316104e-05;86.907949;181.835358;3.378334;1,012,039;221,400
961;0.9610574284560682;15;0;0.110305;1,011,911;1,011,911;0;0;58,266;1.000126;3.799815;694.611399;395,911;616,000;1,011,911;0;0;0;6.668012974556205e-05;7.277177478449079e-05;86.907949;181.835358;3.378334;1,012,039;221,400
962;0.9620122150501486;14;0;0.100018;1,011,911;1,011,911;0;0;58,266;1.000126;3.799815;696.936117;395,911;616,000;1,011,911;0;0;0;6.667085944157507e-05;7.056429457161788e-05;86.907949;181.835358;3.378334;1,012,039;221,400
963;0.9630039246914092;14;0;0.103196;1,011,911;1,011,911;0;0;58,266;1.000126;3.799815;699.091865;395,911;616,000;1,011,911;0;0;0;7.005113326179732e-05;0.0000721921375396743;86.907949;181.835358;3.378334;1,012,039;221,400
964;0.9640595141239334;15;0;0.109047;1,011,911;1,011,911;0;0;58,266;1.000126;3.799815;701.208373;395,911;616,000;1,011,911;0;0;0;6.868197232280295e-05;7.228784531003193e-05;86.907949;181.835358;3.378334;1,012,039;221,400
965;0.9650369160995824;14;0;0.104442;1,011,911;1,011,911;0;0;58,266;1.000126;3.799815;703.174121;395,911;616,000;1,011,911;0;0;0;6.946028972958348e-05;7.086568340261055e-05;86.907949;181.835358;3.378334;1,012,039;221,400
966;0.9660294731091742;14;0;0.103110;1,011,911;1,011,911;0;0;58,266;1.000126;3.799815;705.098212;395,911;616,000;1,011,911;0;0;0;7.029194612231687e-05;7.231441649626658e-05;86.907949;181.835358;3.378334;1,012,039;221,400
967;0.9670417719089153;14;0;0.106004;1,011,911;1,011,911;0;0;58,266;1.000126;3.799815;706.410074;395,911;616,000;1,011,911;0;0;0;7.018590920713221e-05;7.314666722651459e-05;86.907949;181.835358;3.378334;1,012,039;221,400
968;0.968016738200443;14;0;0.100880;1,011,911;1,011,911;0;0;58,266;1.000126;3.799815;707.277474;395,911;616,000;1,011,911;0;0;0;6.903867300825848e-05;7.131816137609864e-05;86.907949;181.835358;3.378334;1,012,039;221,400
969;0.9690193300220676;14;0;0.102490;1,011,911;1,011,911;0;0;58,266;1.000126;3.799815;707.732684;395,911;616,000;1,011,911;0;0;0;7.109692112639312e-05;7.315446805458504e-05;86.907949;181.835358;3.378334;1,012,039;221,400
970;0.9700154140962972;14;0;0.112310;1,011,911;1,011,911;0;0;58,266;1.000126;3.799815;708.284612;395,911;616,000;1,011,911;0;0;0;6.758234760334507e-05;7.328023641121995e-05;86.907949;181.835358;3.378334;1,012,039;221,400
971;0.9710536947897345;15;0;0.112967;1,011,911;1,011,911;0;0;58,266;1.000126;3.799815;709.212607;395,911;616,000;1,011,911;0;0;0;6.764576738421334e-05;7.078065860336767e-05;86.907949;181.835358;3.378334;1,012,039;221,400
972;0.9720520593213604;14;0;0.106640;1,011,911;1,011,911;0;0;58,266;1.000126;3.799815;710.215790;395,911;616,000;1,011,911;0;0;0;7.053647617858368e-05;7.319024219602765e-05;86.907949;181.835358;3.378334;1,012,039;221,400
973;0.9730653470577572;14;0;0.105030;1,011,911;1,011,911;0;0;58,266;1.000126;3.799815;711.968256;395,911;616,000;1,011,911;0;0;0;0.0000686203876882772;7.480382439323991e-05;86.907949;181.835358;3.378334;1,012,039;221,400
974;0.9740363055565161;14;0;0.101256;1,011,911;1,011,911;0;0;58,266;1.000126;3.799815;712.877349;395,911;616,000;1,011,911;0;0;0;6.837357452612934e-05;7.156210230476534e-05;86.907949;181.835358;3.378334;1,012,039;221,400
975;0.9750443696539631;14;0;0.103140;1,011,911;1,011,911;0;0;58,266;1.000126;3.799815;713.628421;395,911;616,000;1,011,911;0;0;0;7.027158534829432e-05;7.336277771544506e-05;86.907949;181.835358;3.378334;1,012,039;221,400
976;0.9760310970263627;14;0;0.099927;1,011,911;1,011,911;0;0;58,266;1.000126;3.799815;714.055034;395,911;616,000;1,011,911;0;0;0;7.000585277445579e-05;0.0000713882293647016;86.907949;181.835358;3.378334;1,012,039;221,400
977;0.9770342385809279;14;0;0.101867;1,011,911;1,011,911;0;0;58,266;1.000126;3.799815;714.445674;395,911;616,000;1,011,911;0;0;0;7.031552490620964e-05;7.393845147509733e-05;86.907949;181.835358;3.378334;1,012,039;221,400
978;0.9780543652960362;14;0;0.122343;1,011,911;1,011,911;0;0;58,266;1.000126;3.799815;714.827534;395,911;616,000;1,011,911;0;0;0;7.233661160383367e-05;7.421820194511518e-05;86.907949;181.835358;3.378334;1,012,039;221,400
979;0.9790035535190337;13;0;0.097339;1,011,911;1,011,911;0;0;58,266;1.000126;3.799815;715.161946;395,911;616,000;1,011,911;0;0;0;7.226922234831964e-05;7.395912744896497e-05;86.907949;181.835358;3.378334;1,012,039;221,400
980;0.9800173272828042;14;0;0.104421;1,011,911;1,011,911;0;0;58,266;1.000126;3.799815;715.464674;395,911;616,000;1,011,911;0;0;0;7.179683327775478e-05;7.286687232636986e-05;86.907949;181.835358;3.378334;1,012,039;221,400
981;0.9810107477671542;14;0;0.105646;1,011,911;1,011,911;0;0;58,266;1.000126;3.799815;715.760867;395,911;616,000;1,011,911;0;0;0;7.039761577595689e-05;7.230319522187612e-05;86.907949;181.835358;3.378334;1,012,039;221,400
982;0.9820648916353764;15;0;0.103683;1,011,911;1,011,911;0;0;58,266;1.000126;3.799815;716.048674;395,911;616,000;1,011,911;0;0;0;6.919844982176839e-05;7.259784591835836e-05;86.907949;181.835358;3.378334;1,012,039;221,400
983;0.983059124532914;14;0;0.095659;1,011,911;1,011,911;0;0;58,266;1.000126;3.799815;716.334945;395,911;616,000;1,011,911;0;0;0;7.004865790445217e-05;7.221438654682874e-05;86.907949;181.835358;3.378334;1,012,039;221,400
984;0.9840431143987121;14;0;0.093773;1,011,911;1,011,911;0;0;58,266;1.000126;3.799815;716.458980;395,911;616,000;1,011,911;0;0;0;6.956084333784456e-05;7.173965912262037e-05;86.907949;181.835358;3.378334;1,012,039;221,400
985;0.9850401667502626;14;0;0.093383;1,011,911;1,011,911;0;0;58,266;1.000126;3.799815;716.582312;395,911;616,000;1,011,911;0;0;0;7.022814618505307e-05;7.222558504612802e-05;86.907949;181.835358;3.378334;1,012,039;221,400
986;0.9860162594867536;14;0;0.094102;1,011,911;1,011,911;0;0;58,266;1.000126;3.799815;716.708613;395,911;616,000;1,011,911;0;0;0;6.620956186296385e-05;7.072175936319854e-05;86.907949;181.835358;3.378334;1,012,039;221,400
987;0.9870217252928265;15;0;0.134032;1,011,911;1,011,911;0;0;58,266;1.000126;3.799815;716.872960;395,911;616,000;1,011,911;0;0;0;6.562405048526853e-05;7.027981898406397e-05;86.907949;181.835358;3.378334;1,012,039;221,400
988;0.9880090650637098;14;0;0.110524;1,011,911;1,011,911;0;0;58,266;1.000126;3.799815;717.014846;395,911;616,000;1,011,911;0;0;0;6.884105788765385e-05;7.193492216402626e-05;86.907949;181.835358;3.378334;1,012,039;221,400
989;0.9890627512479447;15;0;0.099972;1,011,911;1,011,911;0;0;58,266;1.000126;3.799815;717.144581;395,911;616,000;1,011,911;0;0;0;6.885868502786333e-05;7.224005329005303e-05;86.907949;181.835358;3.378334;1,012,039;221,400
990;0.9900651252563412;14;0;0.095639;1,011,911;1,011,911;0;0;58,266;1.000126;3.799815;717.271849;395,911;616,000;1,011,911;0;0;0;7.106676386916422e-05;7.278586854145701e-05;86.907949;181.835358;3.378334;1,012,039;221,400
991;0.9910171858034049;13;0;0.089908;1,011,911;1,011,911;0;0;58,266;1.000126;3.799815;717.393533;395,911;616,000;1,011,911;0;0;0;7.060781598572865e-05;7.446857743455222e-05;86.907949;181.835358;3.378334;1,012,039;221,400
992;0.9920671681154934;15;0;0.099464;1,011,911;1,011,911;0;0;58,266;1.000126;3.799815;717.524127;395,911;616,000;1,011,911;0;0;0;6.962291977267742e-05;7.046588954311163e-05;86.907949;181.835358;3.378334;1,012,039;221,400
993;0.9930636089888308;14;0;0.105414;1,011,911;1,011,911;0;0;58,266;1.000126;3.799815;718.970129;395,911;616,000;1,011,911;0;0;0;7.010014629583232e-05;7.197862466671767e-05;86.907949;181.835358;3.378334;1,012,039;221,400
994;0.9940475243426516;14;0;0.100953;1,011,911;1,011,911;0;0;58,266;1.000126;3.799815;720.032391;395,911;616,000;1,011,911;0;0;0;0.0000695595808186936;0.000072208412675586;86.907949;181.835358;3.378334;1,012,039;221,400
995;0.9950640879427154;14;0;0.098565;1,011,911;1,011,911;0;0;58,266;1.000126;3.799815;720.576235;395,911;616,000;1,011,911;0;0;0;7.021119805697368e-05;7.433919895804185e-05;86.907949;181.835358;3.378334;1,012,039;221,400
996;0.9960444300923237;14;0;0.102227;1,011,911;1,011,911;0;0;58,266;1.000126;3.799815;721.101556;395,911;616,000;1,011,911;0;0;0;6.963917953213558e-05;0.0000706317061534437;86.907949;181.835358;3.378334;1,012,039;221,400
997;0.9970557846513306;14;0;0.098823;1,011,911;1,011,911;0;0;58,266;1.000126;3.799815;721.830219;395,911;616,000;1,011,911;0;0;0;7.070460879486838e-05;7.457265896550254e-05;86.907949;181.835358;3.378334;1,012,039;221,400
998;0.9980633300294358;14;0;0.168079;1,011,911;1,011,911;0;0;58,266;1.000126;3.799815;723.534587;395,911;616,000;1,011,911;0;0;0;6.950774638252661e-05;7.441792279336732e-05;86.907949;181.835358;3.378334;1,012,039;221,400
999;0.9990610504704802;14;0;0.105753;1,011,911;1,011,911;0;0;58,266;1.000126;3.799815;725.195795;395,911;616,000;1,011,911;0;0;0;6.988978120074483e-05;7.276206880092038e-05;86.907949;181.835358;3.378334;1,012,039;221,400
1000;1.000051530740718;14;0;0.102453;1,011,911;1,011,911;0;0;58,266;1.000126;3.799815;725.922424;395,911;616,000;1,011,911;0;0;0;6.995271816680555e-05;7.159915937664678e-05;86.907949;181.835358;3.378334;1,012,039;221,400
1001;1.00102025198429;14;0;0.098745;1,011,911;1,011,911;0;0;58,266;1.000126;3.799815;726.908178;395,911;616,000;1,011,911;0;0;0;6.875879925582237e-05;7.027172700537813e-05;86.907949;181.835358;3.378334;1,012,039;221,400
1002;1.00207051061423;15;0;0.110013;1,011,911;1,011,911;0;0;58,266;1.000126;3.799815;727.513877;395,911;616,000;1,011,911;0;0;0;6.872442582780989e-05;7.229496557618136e-05;86.907949;181.835358;3.378334;1,012,039;221,400
1003;1.003012646525173;14;0;0.104554;1,011,911;1,011,911;0;0;58,266;1.000126;3.799815;728.136906;395,911;616,000;1,011,911;0;0;0;6.574384661321527e-05;7.002858896260225e-05;86.907949;181.835358;3.378334;1,012,039;221,400
1004;1.004039268084847;15;0;0.109923;1,011,911;1,011,911;0;0;58,266;1.000126;3.799815;728.493524;395,911;616,000;1,011,911;0;0;0;6.619283020263664e-05;7.172710114372209e-05;86.907949;181.835358;3.378334;1,012,039;221,400
1005;1.005032890190063;14;0;0.099519;1,011,911;1,011,911;0;0;58,266;1.000126;3.799815;728.841511;395,911;616,000;1,011,911;0;0;0;7.064277321742412e-05;7.134032294691931e-05;86.907949;181.835358;3.378334;1,012,039;221,400
1006;1.006031976401708;14;0;0.100733;1,011,911;1,011,911;0;0;58,266;1.000126;3.799815;729.210742;395,911;616,000;1,011,911;0;0;0;7.001602590568785e-05;7.223969575355974e-05;86.907949;181.835358;3.378334;1,012,039;221,400
1007;1.007016997943638;14;0;0.100851;1,011,911;1,011,911;0;0;58,266;1.000126;3.799815;729.531382;395,911;616,000;1,011,911;0;0;0;7.006311718332719e-05;7.139111760125326e-05;86.907949;181.835358;3.378334;1,012,039;221,400
1008;1.008015520382466;14;0;0.098806;1,011,911;1,011,911;0;0;58,266;1.000126;3.799815;729.837122;395,911;616,000;1,011,911;0;0;0;6.939577210144622e-05;7.267296487142127e-05;86.907949;181.835358;3.378334;1,012,039;221,400
1009;1.009067647257379;15;0;0.109994;1,011,911;1,011,911;0;0;58,266;1.000126;3.799815;730.165614;395,911;616,000;1,011,911;0;0;0;6.947521414914457e-05;7.177329931909728e-05;86.907949;181.835358;3.378334;1,012,039;221,400
1010;1.010057248308911;14;0;0.105005;1,011,911;1,011,911;0;0;58,266;1.000126;3.799815;730.468248;395,911;616,000;1,011,911;0;0;0;6.729583183731011e-05;7.312164705792399e-05;86.907949;181.835358;3.378334;1,012,039;221,400
1011;1.011013474369704;14;0;0.107124;1,011,911;1,011,911;0;0;58,266;1.000126;3.799815;731.419312;395,911;616,000;1,011,911;0;0;0;6.745258431394993e-05;6.913512927656289e-05;86.907949;181.835358;3.378334;1,012,039;221,400
1012;1.012048292751252;15;0;0.104143;1,011,911;1,011,911;0;0;58,266;1.000126;3.799815;732.335625;395,911;616,000;1,011,911;0;0;0;6.761556128761965e-05;7.057690771869792e-05;86.907949;181.835358;3.378334;1,012,039;221,400
1013;1.013018929844688;14;0;0.103376;1,011,911;1,011,911;0;0;58,266;1.000126;3.799815;733.911956;395,911;616,000;1,011,911;0;0;0;6.790406891867597e-05;7.110548972632791e-05;86.907949;181.835358;3.378334;1,012,039;221,400
1014;1.014053002063667;15;0;0.110638;1,011,911;1,011,911;0;0;58,266;1.000126;3.799815;734.713666;395,911;616,000;1,011,911;0;0;0;6.522535258906549e-05;7.096346007419623e-05;86.907949;181.835358;3.378334;1,012,039;221,400
1015;1.015053575282939;15;0;0.110131;1,011,911;1,011,911;0;0;58,266;1.000126;3.799815;735.309216;395,911;616,000;1,011,911;0;0;0;6.522650422239065e-05;6.861026265204956e-05;86.907949;181.835358;3.378334;1,012,039;221,400
1016;1.016009642781869;14;0;0.103883;1,011,911;1,011,911;0;0;58,266;1.000126;3.799815;735.856892;395,911;616,000;1,011,911;0;0;0;6.680259463603315e-05;7.008380549571832e-05;86.907949;181.835358;3.378334;1,012,039;221,400
1017;1.017048182364439;15;0;0.107623;1,011,911;1,011,911;0;0;58,266;1.000126;3.799815;736.337637;395,911;616,000;1,011,911;0;0;0;6.851133642761443e-05;7.058900531565326e-05;86.907949;181.835358;3.378334;1,012,039;221,400
1018;1.018054232069095;14;0;0.115819;1,011,911;1,011,911;0;0;58,266;1.000126;3.799815;736.881852;395,911;616,000;1,011,911;0;0;0;7.086047609198214e-05;0.0000731448017736315;86.907949;181.835358;3.378334;1,012,039;221,400
1019;1.019026776226178;14;0;0.102157;1,011,911;1,011,911;0;0;58,266;1.000126;3.799815;737.236269;395,911;616,000;1,011,911;0;0;0;6.780200547497094e-05;0.0000725923978287051;86.907949;181.835358;3.378334;1,012,039;221,400
1020;1.02006519953927;15;0;0.101359;1,011,911;1,011,911;0;0;58,266;1.000126;3.799815;737.388343;395,911;616,000;1,011,911;0;0;0;6.790183865267148e-05;7.045375230523555e-05;86.907949;181.835358;3.378334;1,012,039;221,400
1021;1.021056908900103;14;0;0.113837;1,011,911;1,011,911;0;0;58,266;1.000126;3.799815;737.557908;395,911;616,000;1,011,911;0;0;0;7.039902989607618e-05;7.181427235302003e-05;86.907949;181.835358;3.378334;1,012,039;221,400
1022;1.022038606710078;14;0;0.096044;1,011,911;1,011,911;0;0;58,266;1.000126;3.799815;737.697557;395,911;616,000;1,011,911;0;0;0;6.820182669937257e-05;7.135230536943974e-05;86.907949;181.835358;3.378334;1,012,039;221,400
1023;1.023017075351133;14;0;0.105979;1,011,911;1,011,911;0;0;58,266;1.000126;3.799815;739.098236;395,911;616,000;1,011,911;0;0;0;6.836838893690201e-05;7.227253459196412e-05;86.907949;181.835358;3.378334;1,012,039;221,400
1024;1.02406908605976;15;0;0.113961;1,011,911;1,011,911;0;0;58,266;1.000126;3.799815;740.773951;395,911;616,000;1,011,911;0;0;0;6.930771336154604e-05;7.166320715681082e-05;86.907949;181.835358;3.378334;1,012,039;221,400
1025;1.025043042514121;14;0;0.098208;1,011,911;1,011,911;0;0;58,266;1.000126;3.799815;742.025215;395,911;616,000;1,011,911;0;0;0;6.640225063325768e-05;7.105066262386629e-05;86.907949;181.835358;3.378334;1,012,039;221,400
1026;1.026059328783101;15;0;0.210107;1,011,911;1,011,911;0;0;58,266;1.000126;3.799815;743.227319;395,911;616,000;1,011,911;0;0;0;6.633566188269902e-05;7.000371261997685e-05;86.907949;181.835358;3.378334;1,012,039;221,400
1027;1.027064464925932;14;0;0.103151;1,011,911;1,011,911;0;0;58,266;1.000126;3.799815;743.484364;395,911;616,000;1,011,911;0;0;0;7.033880394939544e-05;0.0000737526650101206;86.907949;181.835358;3.378334;1,012,039;221,400
1028;1.028037583435525;14;0;0.104781;1,011,911;1,011,911;0;0;58,266;1.000126;3.799815;744.057958;395,911;616,000;1,011,911;0;0;0;6.567292549456303e-05;7.330038679908727e-05;86.907949;181.835358;3.378334;1,012,039;221,400
1029;1.02904077122612;15;0;0.105946;1,011,911;1,011,911;0;0;58,266;1.000126;3.799815;744.631060;395,911;616,000;1,011,911;0;0;0;0.000065332934856648;0.0000690813590437135;86.907949;181.835358;3.378334;1,012,039;221,400
1030;1.030028146688541;14;0;0.097712;1,011,911;1,011,911;0;0;58,266;1.000126;3.799815;745.489441;395,911;616,000;1,011,911;0;0;0;6.915449666586345e-05;7.298121930710123e-05;86.907949;181.835358;3.378334;1,012,039;221,400
1031;1.031041715001963;14;0;0.104554;1,011,911;1,011,911;0;0;58,266;1.000126;3.799815;746.875656;395,911;616,000;1,011,911;0;0;0;0.0000721671048150403;7.280176471364189e-05;86.907949;181.835358;3.378334;1,012,039;221,400
1032;1.032010134147347;14;0;0.105136;1,011,911;1,011,911;0;0;58,266;1.000126;3.799815;747.737089;395,911;616,000;1,011,911;0;0;0;6.775538881457265e-05;7.203057650353386e-05;86.907949;181.835358;3.378334;1,012,039;221,400
1033;1.033067141056484;15;0;0.106546;1,011,911;1,011,911;0;0;58,266;1.000126;3.799815;748.417515;395,911;616,000;1,011,911;0;0;0;6.696908080914771e-05;7.284668666920034e-05;86.907949;181.835358;3.378334;1,012,039;221,400
1034;1.034003774543819;14;0;0.103382;1,011,911;1,011,911;0;0;58,266;1.000126;3.799815;749.155018;395,911;616,000;1,011,911;0;0;0;6.565383557589462e-05;6.844914217551933e-05;86.907949;181.835358;3.378334;1,012,039;221,400
1035;1.035021709055144;15;0;0.106886;1,011,911;1,011,911;0;0;58,266;1.000126;3.799815;749.537878;395,911;616,000;1,011,911;0;0;0;6.576243460199205e-05;7.098266461318231e-05;86.907949;181.835358;3.378334;1,012,039;221,400
1036;1.036042857992966;15;0;0.139888;1,011,911;1,011,911;0;0;58,266;1.000126;3.799815;749.722404;395,911;616,000;1,011,911;0;0;0;6.517145052845442e-05;7.145568249924039e-05;86.907949;181.835358;3.378334;1,012,039;221,400
1037;1.037067592378146;15;0;0.100722;1,011,911;1,011,911;0;0;60,507;1.000126;3.659081;749.849600;395,911;616,000;1,011,911;0;0;0;6.587310701465243e-05;7.200981177498678e-05;86.907949;181.835358;3.378334;1,012,039;221,400
1038;1.038071579667047;14;0;0.095129;1,011,911;1,011,911;0;0;60,507;1.000126;3.659081;749.989445;395,911;616,000;1,011,911;0;0;0;7.131971439553712e-05;7.249496583799171e-05;86.907949;181.835358;3.378334;1,012,039;221,400
1039;1.039014699422744;13;0;0.087922;1,011,911;1,011,911;0;0;60,507;1.000126;3.659081;750.138243;395,911;616,000;1,011,911;0;0;0;0.0000721200532119514;0.0000735160760332316;86.907949;181.835358;3.378334;1,012,039;221,400
1040;1.040004650037217;14;0;0.093440;1,011,911;1,011,911;0;0;60,507;1.000126;3.659081;750.299796;395,911;616,000;1,011,911;0;0;0;6.797483942929575e-05;7.413213569152998e-05;86.907949;181.835358;3.378334;1,012,039;221,400
1041;1.041061606691347;15;0;0.097903;1,011,911;1,011,911;0;0;60,507;1.000126;3.659081;750.460089;395,911;616,000;1,011,911;0;0;0;6.862573661465485e-05;7.287914534579321e-05;86.907949;181.835358;3.378334;1,012,039;221,400
1042;1.042025748358829;13;0;0.089141;1,011,911;1,011,911;0;0;60,507;1.000126;3.659081;750.612273;395,911;616,000;1,011,911;0;0;0;7.313637454142888e-05;7.498229768821687e-05;86.907949;181.835358;3.378334;1,012,039;221,400
1043;1.043060849579604;15;0;0.100779;1,011,911;1,011,911;0;0;60,507;1.000126;3.659081;750.779978;395,911;616,000;1,011,911;0;0;0;6.702774407489368e-05;7.435541901741675e-05;86.907949;181.835358;3.378334;1,012,039;221,400
1044;1.044024262037242;14;0;0.092165;1,011,911;1,011,911;0;0;60,507;1.000126;3.659081;750.924730;395,911;616,000;1,011,911;0;0;0;6.714102782880599e-05;7.180402470950872e-05;86.907949;181.835358;3.378334;1,012,039;221,400
1045;1.045041905323893;14;0;0.093776;1,011,911;1,011,911;0;0;60,507;1.000126;3.659081;751.080417;395,911;616,000;1,011,911;0;0;0;7.040677604734442e-05;7.355836429621374e-05;86.907949;181.835358;3.378334;1,012,039;221,400
1046;1.046060262945288;15;0;0.099737;1,011,911;1,011,911;0;0;60,507;1.000126;3.659081;751.254741;395,911;616,000;1,011,911;0;0;0;6.683165739521326e-05;6.974749024218401e-05;86.907949;181.835358;3.378334;1,012,039;221,400
1047;1.047008354432283;14;0;0.095232;1,011,911;1,011,911;0;0;60,507;1.000126;3.659081;751.458348;395,911;616,000;1,011,911;0;0;0;6.666125810847783e-05;7.015255298272529e-05;86.907949;181.835358;3.378334;1,012,039;221,400
1048;1.048066777185004;15;0;0.106497;1,011,911;1,011,911;0;0;60,507;1.000126;3.659081;751.721834;395,911;616,000;1,011,911;0;0;0;0.0000691528095762435;7.232737575619122e-05;86.907949;181.835358;3.378334;1,012,039;221,400
1049;1.049038460234659;14;0;0.115908;1,011,911;1,011,911;0;0;60,507;1.000126;3.659081;752.147355;395,911;616,000;1,011,911;0;0;0;6.649652643795453e-05;7.312715611348567e-05;86.907949;181.835358;3.378334;1,012,039;221,400
1050;1.050065811683302;15;0;0.101203;1,011,911;1,011,911;0;0;60,507;1.000126;3.659081;752.340483;395,911;616,000;1,011,911;0;0;0;6.712675789929494e-05;7.031355739166996e-05;86.907949;181.835358;3.378334;1,012,039;221,400
1051;1.051035042587095;14;0;0.100436;1,011,911;1,011,911;0;0;60,507;1.000126;3.659081;752.595561;395,911;616,000;1,011,911;0;0;0;6.572542205274575e-05;7.120000536028247e-05;86.907949;181.835358;3.378334;1,012,039;221,400
1052;1.052030792623087;15;0;0.105411;1,011,911;1,011,911;0;0;60,507;1.000126;3.659081;752.856400;395,911;616,000;1,011,911;0;0;0;6.493946356117027e-05;6.974471861830562e-05;86.907949;181.835358;3.378334;1,012,039;221,400
1053;1.053041017124733;14;0;0.098804;1,011,911;1,011,911;0;0;60,507;1.000126;3.659081;753.108984;395,911;616,000;1,011,911;0;0;0;7.019510468488659e-05;7.462563444242566e-05;86.907949;181.835358;3.378334;1,012,039;221,400
1054;1.054045252214044;14;0;0.097653;1,011,911;1,011,911;0;0;60,507;1.000126;3.659081;753.367854;395,911;616,000;1,011,911;0;0;0;7.093491152281083e-05;7.338735589056972e-05;86.907949;181.835358;3.378334;1,012,039;221,400
1055;1.055026222677047;14;0;0.105682;1,011,911;1,011,911;0;0;60,507;1.000126;3.659081;755.313791;395,911;616,000;1,011,911;0;0;0;6.835177039465724e-05;7.243078981326048e-05;86.907949;181.835358;3.378334;1,012,039;221,400
1056;1.056014094059869;14;0;0.106647;1,011,911;1,011,911;0;0;60,507;1.000126;3.659081;757.238059;395,911;616,000;1,011,911;0;0;0;6.927634786688954e-05;7.219749708031712e-05;86.907949;181.835358;3.378334;1,012,039;221,400
1057;1.057002585117269;14;0;0.180911;1,011,911;1,011,911;0;0;60,507;1.000126;3.659081;758.618612;395,911;616,000;1,011,911;0;0;0;7.002515896230757e-05;7.175161660759559e-05;86.907949;181.835358;3.378334;1,012,039;221,400
1058;1.058068109142769;15;0;0.108081;1,011,911;1,011,911;0;0;60,507;1.000126;3.659081;759.539571;395,911;616,000;1,011,911;0;0;0;6.996430991391922e-05;7.329497621090609e-05;86.907949;181.835358;3.378334;1,012,039;221,400
1059;1.05902569956296;14;0;0.097703;1,011,911;1,011,911;0;0;60,507;1.000126;3.659081;760.555784;395,911;616,000;1,011,911;0;0;0;6.619813901411025e-05;7.358882357221187e-05;86.907949;181.835358;3.378334;1,012,039;221,400
1060;1.060008004063087;14;0;0.103651;1,011,911;1,011,911;0;0;60,507;1.000126;3.659081;761.235829;395,911;616,000;1,011,911;0;0;0;6.805463261166097e-05;7.330029169700457e-05;86.907949;181.835358;3.378334;1,012,039;221,400
1061;1.061030884590231;15;0;0.106036;1,011,911;1,011,911;0;0;60,507;1.000126;3.659081;761.497338;395,911;616,000;1,011,911;0;0;0;6.571929512914749e-05;0.0000739624469951106;86.907949;181.835358;3.378334;1,012,039;221,400
1062;1.062007848240923;14;0;0.100251;1,011,911;1,011,911;0;0;60,507;1.000126;3.659081;761.751751;395,911;616,000;1,011,911;0;0;0;6.793918994075205e-05;0.0000714676398005673;86.907949;181.835358;3.378334;1,012,039;221,400
1063;1.063018390466691;14;0;0.101971;1,011,911;1,011,911;0;0;60,507;1.000126;3.659081;762.022138;395,911;616,000;1,011,911;0;0;0;7.137567361833165e-05;7.397229470385705e-05;86.907949;181.835358;3.378334;1,012,039;221,400
1064;1.064061169983628;14;0;0.100303;1,011,911;1,011,911;0;0;60,507;1.000126;3.659081;762.314168;395,911;616,000;1,011,911;0;0;0;0.0000740160525260857;7.494736905409112e-05;86.907949;181.835358;3.378334;1,012,039;221,400
1065;1.065026686069059;13;0;0.094971;1,011,911;1,011,911;0;0;60,507;1.000126;3.659081;762.585191;395,911;616,000;1,011,911;0;0;0;7.392561147465172e-05;7.482155993228449e-05;86.907949;181.835358;3.378334;1,012,039;221,400
1066;1.066047855399836;14;0;0.184162;1,011,911;1,011,911;0;0;60,507;1.000126;3.659081;762.980908;395,911;616,000;1,011,911;0;0;0;7.234473413726468e-05;0.0000742403878530031;86.907949;181.835358;3.378334;1,012,039;221,400
1067;1.067063256508001;14;0;0.097879;1,011,911;1,011,911;0;0;60,507;1.000126;3.659081;763.206022;395,911;616,000;1,011,911;0;0;0;6.959666037566258e-05;7.454748917858456e-05;86.907949;181.835358;3.378334;1,012,039;221,400
1068;1.068023625446225;14;0;0.097404;1,011,911;1,011,911;0;0;60,507;1.000126;3.659081;763.507836;395,911;616,000;1,011,911;0;0;0;6.738721861568904e-05;7.008826813623531e-05;86.907949;181.835358;3.378334;1,012,039;221,400
1069;1.069051220893132;15;0;0.103257;1,011,911;1,011,911;0;0;60,507;1.000126;3.659081;763.848360;395,911;616,000;1,011,911;0;0;0;6.797129324111648e-05;7.010902530747473e-05;86.907949;181.835358;3.378334;1,012,039;221,400
1070;1.070024088389425;14;0;0.095322;1,011,911;1,011,911;0;0;60,507;1.000126;3.659081;764.197610;395,911;616,000;1,011,911;0;0;0;6.565849650239275e-05;7.267861930616952e-05;86.907949;181.835358;3.378334;1,012,039;221,400
1071;1.071038705913384;15;0;0.107562;1,011,911;1,011,911;0;0;60,507;1.000126;3.659081;764.567541;395,911;616,000;1,011,911;0;0;0;6.583581770253574e-05;7.029494538506518e-05;86.907949;181.835358;3.378334;1,012,039;221,400
1072;1.072043928656985;15;0;0.109563;1,011,911;1,011,911;0;0;60,507;1.000126;3.659081;764.984700;395,911;616,000;1,011,911;0;0;0;6.567877522055573e-05;7.017382614021957e-05;86.907949;181.835358;3.378334;1,012,039;221,400
1073;1.07303866361309;14;0;0.104398;1,011,911;1,011,911;0;0;60,507;1.000126;3.659081;765.412693;395,911;616,000;1,011,911;0;0;0;7.060757103429199e-05;7.227533541215135e-05;86.907949;181.835358;3.378334;1,012,039;221,400
1074;1.074004116387398;14;0;0.100164;1,011,911;1,011,911;0;0;60,507;1.000126;3.659081;766.306518;395,911;616,000;1,011,911;0;0;0;6.694132474120663e-05;7.177157163981846e-05;86.907949;181.835358;3.378334;1,012,039;221,400
1075;1.075040525642831;15;0;0.119470;1,011,911;1,011,911;0;0;60,507;1.000126;3.659081;768.818649;395,911;616,000;1,011,911;0;0;0;6.797290061257473e-05;7.071936611611216e-05;86.907949;181.835358;3.378334;1,012,039;221,400
1076;1.076030097581799;14;0;0.095225;1,011,911;1,011,911;0;0;60,507;1.000126;3.659081;770.567622;395,911;616,000;1,011,911;0;0;0;6.924368504347719e-05;7.260405653163942e-05;86.907949;181.835358;3.378334;1,012,039;221,400
1077;1.077012005891903;14;0;0.102622;1,011,911;1,011,911;0;0;60,507;1.000126;3.659081;771.262864;395,911;616,000;1,011,911;0;0;0;6.958605606131064e-05;7.078093227764122e-05;86.907949;181.835358;3.378334;1,012,039;221,400
1078;1.078051875490253;15;0;0.114664;1,011,911;1,011,911;0;0;60,507;1.000126;3.659081;772.345463;395,911;616,000;1,011,911;0;0;0;6.852372636630596e-05;7.073514346916788e-05;86.907949;181.835358;3.378334;1,012,039;221,400
1079;1.079021162710244;14;0;0.103955;1,011,911;1,011,911;0;0;60,507;1.000126;3.659081;773.448960;395,911;616,000;1,011,911;0;0;0;6.855273444925679e-05;7.074957442124796e-05;86.907949;181.835358;3.378334;1,012,039;221,400
1080;1.080059407439198;15;0;0.109260;1,011,911;1,011,911;0;0;60,507;1.000126;3.659081;774.001395;395,911;616,000;1,011,911;0;0;0;6.823054719847374e-05;0.0000705309057193884;86.907949;181.835358;3.378334;1,012,039;221,400
1081;1.081043267516054;14;0;0.105729;1,011,911;1,011,911;0;0;60,507;1.000126;3.659081;774.849050;395,911;616,000;1,011,911;0;0;0;6.893883474623688e-05;7.200472609983738e-05;86.907949;181.835358;3.378334;1,012,039;221,400
1082;1.082009436674213;14;0;0.100669;1,011,911;1,011,911;0;0;60,507;1.000126;3.659081;775.664336;395,911;616,000;1,011,911;0;0;0;6.877356950295054e-05;7.001429651910475e-05;86.907949;181.835358;3.378334;1,012,039;221,400
1083;1.083000230367627;14;0;0.102215;1,011,911;1,011,911;0;0;60,507;1.000126;3.659081;776.387974;395,911;616,000;1,011,911;0;0;0;7.033163279036259e-05;7.239661458245329e-05;86.907949;181.835358;3.378334;1,012,039;221,400
1084;1.084014004375667;14;0;0.105586;1,011,911;1,011,911;0;0;60,507;1.000126;3.659081;776.945112;395,911;616,000;1,011,911;0;0;0;7.211512018548764e-05;7.299388453439236e-05;86.907949;181.835358;3.378334;1,012,039;221,400
1085;1.085063178551618;15;0;0.104214;1,011,911;1,011,911;0;0;60,507;1.000126;3.659081;778.449727;395,911;616,000;1,011,911;0;0;0;0.0000668589651603346;7.143308871234418e-05;86.907949;181.835358;3.378334;1,012,039;221,400
1086;1.086008325451566;14;0;0.099217;1,011,911;1,011,911;0;0;60,507;1.000126;3.659081;781.173295;395,911;616,000;1,011,911;0;0;0;6.635289713029749e-05;7.026374988854537e-05;86.907949;181.835358;3.378334;1,012,039;221,400
1087;1.087038751010737;15;0;0.105139;1,011,911;1,011,911;0;0;60,507;1.000126;3.659081;783.922360;395,911;616,000;1,011,911;0;0;0;6.572811942126543e-05;7.027391070651359e-05;86.907949;181.835358;3.378334;1,012,039;221,400
1088;1.088054209840091;15;0;0.108188;1,011,911;1,011,911;0;0;60,507;1.000126;3.659081;786.590502;395,911;616,000;1,011,911;0;0;0;6.586658578341435e-05;7.027676223073013e-05;86.907949;181.835358;3.378334;1,012,039;221,400
1089;1.089066537591806;14;0;0.100288;1,011,911;1,011,911;0;0;60,507;1.000126;3.659081;789.266183;395,911;616,000;1,011,911;0;0;0;7.062101392538225e-05;7.452883656934636e-05;86.907949;181.835358;3.378334;1,012,039;221,400
1090;1.090024435956148;14;0;0.106844;1,011,911;1,011,911;0;0;60,507;1.000126;3.659081;791.855883;395,911;616,000;1,011,911;0;0;0;6.709404455727831e-05;7.128073707470725e-05;86.907949;181.835358;3.378334;1,012,039;221,400
1091;1.091053098929466;15;0;0.107968;1,011,911;1,011,911;0;0;60,507;1.000126;3.659081;794.326206;395,911;616,000;1,011,911;0;0;0;6.764120403115867e-05;7.043935394446488e-05;86.907949;181.835358;3.378334;1,012,039;221,400
1092;1.0920451015137;14;0;0.099688;1,011,911;1,011,911;0;0;60,507;1.000126;3.659081;796.748948;395,911;616,000;1,011,911;0;0;0;6.895542078285595e-05;7.376999522816026e-05;86.907949;181.835358;3.378334;1,012,039;221,400
1093;1.093051444681691;14;0;0.104064;1,011,911;1,011,911;0;0;60,507;1.000126;3.659081;799.186268;395,911;616,000;1,011,911;0;0;0;0.0000680108312503675;7.528706303938074e-05;86.907949;181.835358;3.378334;1,012,039;221,400
1094;1.094026474777241;14;0;0.099573;1,011,911;1,011,911;0;0;60,507;1.000126;3.659081;801.613763;395,911;616,000;1,011,911;0;0;0;6.816963578898639e-05;7.156724053060908e-05;86.907949;181.835358;3.378334;1,012,039;221,400
1095;1.095010713479822;14;0;0.106702;1,011,911;1,011,911;0;0;60,507;1.000126;3.659081;804.052854;395,911;616,000;1,011,911;0;0;0;6.825291093899691e-05;7.258400253656617e-05;86.907949;181.835358;3.378334;1,012,039;221,400
1096;1.096008770636416;15;0;0.103719;1,011,911;1,011,911;0;0;60,507;1.000126;3.659081;806.413687;395,911;616,000;1,011,911;0;0;0;6.492738890706261e-05;6.933559923413193e-05;86.907949;181.835358;3.378334;1,012,039;221,400
1097;1.097050158341203;15;0;0.105652;1,011,911;1,011,911;0;0;60,507;1.000126;3.659081;808.491334;395,911;616,000;1,011,911;0;0;0;6.746648471818178e-05;7.139992684393233e-05;86.907949;181.835358;3.378334;1,012,039;221,400
1098;1.098007577533846;14;0;0.097539;1,011,911;1,011,911;0;0;60,507;1.000126;3.659081;810.076451;395,911;616,000;1,011,911;0;0;0;6.708441297655059e-05;7.166990549152664e-05;86.907949;181.835358;3.378334;1,012,039;221,400
1099;1.099000285701226;14;0;0.105689;1,011,911;1,011,911;0;0;60,507;1.000126;3.659081;812.100050;395,911;616,000;1,011,911;0;0;0;6.912019458827564e-05;7.368105043321745e-05;86.907949;181.835358;3.378334;1,012,039;221,400
1100;1.100017491329562;14;0;0.100958;1,011,911;1,011,911;0;0;60,507;1.000126;3.659081;812.629788;395,911;616,000;1,011,911;0;0;0;7.230279717593094e-05;7.339860385439116e-05;86.907949;181.835358;3.378334;1,012,039;221,400
1101;1.101021598508068;14;0;0.103222;1,011,911;1,011,911;0;0;60,507;1.000126;3.659081;812.823478;395,911;616,000;1,011,911;0;0;0;7.086892035100114e-05;0.0000723615671295848;86.907949;181.835358;3.378334;1,012,039;221,400
1102;1.102001144613036;14;0;0.103486;1,011,911;1,011,911;0;0;60,507;1.000126;3.659081;813.006357;395,911;616,000;1,011,911;0;0;0;6.932674195690884e-05;0.0000714646557499775;86.907949;181.835358;3.378334;1,012,039;221,400
1103;1.103048032643247;15;0;0.128713;1,011,911;1,011,911;0;0;60,507;1.000126;3.659081;813.393023;395,911;616,000;1,011,911;0;0;0;6.852531698128939e-05;0.0000721177826344464;86.907949;181.835358;3.378334;1,012,039;221,400
1104;1.104026931687115;14;0;0.103660;1,011,911;1,011,911;0;0;60,507;1.000126;3.659081;813.879231;395,911;616,000;1,011,911;0;0;0;6.881466516289278e-05;7.156984235629761e-05;86.907949;181.835358;3.378334;1,012,039;221,400
1105;1.105046650037643;15;0;0.102526;1,011,911;1,011,911;0;0;60,507;1.000126;3.659081;814.325694;395,911;616,000;1,011,911;0;0;0;6.599157555367015e-05;7.039312877842248e-05;86.907949;181.835358;3.378334;1,012,039;221,400
1106;1.106046812734635;15;0;0.107970;1,011,911;1,011,911;0;0;60,507;1.000126;3.659081;814.779380;395,911;616,000;1,011,911;0;0;0;6.582641833049569e-05;6.836197758337655e-05;86.907949;181.835358;3.378334;1,012,039;221,400
1107;1.107068262964314;15;0;0.143949;1,011,911;1,011,911;0;0;60,507;1.000126;3.659081;815.402160;395,911;616,000;1,011,911;0;0;0;6.738658391858706e-05;6.938660852843895e-05;86.907949;181.835358;3.378334;1,012,039;221,400
1108;1.108068130463023;14;0;0.099918;1,011,911;1,011,911;0;0;60,507;1.000126;3.659081;815.553027;395,911;616,000;1,011,911;0;0;0;6.973993300117314e-05;7.332567220908624e-05;86.907949;181.835358;3.378334;1,012,039;221,400
1109;1.109058675496017;14;0;0.097944;1,011,911;1,011,911;0;0;60,507;1.000126;3.659081;815.736346;395,911;616,000;1,011,911;0;0;0;6.727078582551845e-05;7.177624867081401e-05;86.907949;181.835358;3.378334;1,012,039;221,400
1110;1.110066482445969;15;0;0.106162;1,011,911;1,011,911;0;0;60,507;1.000126;3.659081;816.300216;395,911;616,000;1,011,911;0;0;0;6.663506687154334e-05;6.852823043427488e-05;86.907949;181.835358;3.378334;1,012,039;221,400
1111;1.111030530915352;14;0;0.101444;1,011,911;1,011,911;0;0;60,507;1.000126;3.659081;818.652133;395,911;616,000;1,011,911;0;0;0;6.698525007328465e-05;7.199534385443342e-05;86.907949;181.835358;3.378334;1,012,039;221,400
1112;1.112055381874387;15;0;0.114016;1,011,911;1,011,911;0;0;60,507;1.000126;3.659081;821.058254;395,911;616,000;1,011,911;0;0;0;6.688873237906957e-05;7.236565813929521e-05;86.907949;181.835358;3.378334;1,012,039;221,400
1113;1.113027497404322;14;0;0.101786;1,011,911;1,011,911;0;0;60,507;1.000126;3.659081;823.402522;395,911;616,000;1,011,911;0;0;0;6.843532703384111e-05;7.077271379858558e-05;86.907949;181.835358;3.378334;1,012,039;221,400
1114;1.114020811906486;14;0;0.101577;1,011,911;1,011,911;0;0;60,507;1.000126;3.659081;825.720170;395,911;616,000;1,011,911;0;0;0;6.958499211339902e-05;7.315718330289224e-05;86.907949;181.835358;3.378334;1,012,039;221,400
1115;1.115067624477239;15;0;0.114064;1,011,911;1,011,911;0;0;60,507;1.000126;3.659081;828.049497;395,911;616,000;1,011,911;0;0;0;0.0000676864220703117;7.368055092106929e-05;86.907949;181.835358;3.378334;1,012,039;221,400
1116;1.11606090747909;14;0;0.098296;1,011,911;1,011,911;0;0;60,507;1.000126;3.659081;830.269117;395,911;616,000;1,011,911;0;0;0;6.911747842572103e-05;7.372537242627935e-05;86.907949;181.835358;3.378334;1,012,039;221,400
1117;1.11700458194571;13;0;0.096298;1,011,911;1,011,911;0;0;60,507;1.000126;3.659081;832.523394;395,911;616,000;1,011,911;0;0;0;0.0000670167156406943;7.461258951236676e-05;86.907949;181.835358;3.378334;1,012,039;221,400
1118;1.118016917805174;15;0;0.107462;1,011,911;1,011,911;0;0;60,507;1.000126;3.659081;834.711335;395,911;616,000;1,011,911;0;0;0;6.625028413589488e-05;0.0000704461714942089;86.907949;181.835358;3.378334;1,012,039;221,400
1119;1.119043601124977;15;0;0.109674;1,011,911;1,011,911;0;0;60,507;1.000126;3.659081;836.822229;395,911;616,000;1,011,911;0;0;0;6.734672728535393e-05;7.085628076391745e-05;86.907949;181.835358;3.378334;1,012,039;221,400
1120;1.120016206195859;14;0;0.102923;1,011,911;1,011,911;0;0;60,507;1.000126;3.659081;838.876367;395,911;616,000;1,011,911;0;0;0;6.488707738742823e-05;7.255537249344409e-05;86.907949;181.835358;3.378334;1,012,039;221,400
1121;1.121019684697716;15;0;0.105730;1,011,911;1,011,911;0;0;60,507;1.000126;3.659081;840.931481;395,911;616,000;1,011,911;0;0;0;6.490090833837983e-05;6.966183955576716e-05;86.907949;181.835358;3.378334;1,012,039;221,400
1122;1.122021405326084;14;0;0.104311;1,011,911;1,011,911;0;0;60,507;1.000126;3.659081;842.950012;395,911;616,000;1,011,911;0;0;0;6.993605793322034e-05;7.408487787539693e-05;86.907949;181.835358;3.378334;1,012,039;221,400
1123;1.123058959460008;15;0;0.109118;1,011,911;1,011,911;0;0;60,507;1.000126;3.659081;844.949366;395,911;616,000;1,011,911;0;0;0;6.588124811756187e-05;7.492442886779373e-05;86.907949;181.835358;3.378334;1,012,039;221,400
1124;1.124032037519114;14;0;0.099888;1,011,911;1,011,911;0;0;60,507;1.000126;3.659081;846.955174;395,911;616,000;1,011,911;0;0;0;6.742480623160503e-05;7.228946875718583e-05;86.907949;181.835358;3.378334;1,012,039;221,400
1125;1.125043638137922;14;0;0.103400;1,011,911;1,011,911;0;0;58,266;1.000126;3.799815;848.933307;395,911;616,000;1,011,911;0;0;0;7.150107367607382e-05;7.344293967415101e-05;86.907949;181.835358;3.378334;1,012,039;221,400
1126;1.126028032058448;14;0;0.099694;1,011,911;1,011,911;0;0;58,266;1.000126;3.799815;850.923755;395,911;616,000;1,011,911;0;0;0;6.583613119344178e-05;7.242801935572025e-05;86.907949;181.835358;3.378334;1,012,039;221,400
1127;1.127016908725837;15;0;0.110576;1,011,911;1,011,911;0;0;58,266;1.000126;3.799815;852.885132;395,911;616,000;1,011,911;0;0;0;6.451671468886719e-05;0.0000692421399148578;86.907949;181.835358;3.378334;1,012,039;221,400
1128;1.128050026499495;15;0;0.111546;1,011,911;1,011,911;0;0;58,266;1.000126;3.799815;854.812488;395,911;616,000;1,011,911;0;0;0;6.773693428283407e-05;7.104376146287204e-05;86.907949;181.835358;3.378334;1,012,039;221,400
1129;1.129062048400754;15;0;0.111254;1,011,911;1,011,911;0;0;58,266;1.000126;3.799815;856.768564;395,911;616,000;1,011,911;0;0;0;6.632046103460614e-05;6.941792984954631e-05;86.907949;181.835358;3.378334;1,012,039;221,400
1130;1.130050749753259;14;0;0.104886;1,011,911;1,011,911;0;0;58,266;1.000126;3.799815;858.611466;395,911;616,000;1,011,911;0;0;0;6.858654725677609e-05;7.360275534198246e-05;86.907949;181.835358;3.378334;1,012,039;221,400
1131;1.131063406927;15;0;0.105941;1,011,911;1,011,911;0;0;58,266;1.000126;3.799815;859.811891;395,911;616,000;1,011,911;0;0;0;0.0000637277989726504;7.141057223637556e-05;86.907949;181.835358;3.378334;1,012,039;221,400
1132;1.132059349587319;15;0;0.106863;1,011,911;1,011,911;0;0;58,266;1.000126;3.799815;860.456049;395,911;616,000;1,011,911;0;0;0;6.401019419186936e-05;7.004101729682787e-05;86.907949;181.835358;3.378334;1,012,039;221,400
1133;1.133064941565499;14;0;0.103124;1,011,911;1,011,911;0;0;58,266;1.000126;3.799815;860.900596;395,911;616,000;1,011,911;0;0;0;6.922028139424142e-05;7.380558276652962e-05;86.907949;181.835358;3.378334;1,012,039;221,400
1134;1.134023458274962;14;0;0.112243;1,011,911;1,011,911;0;0;58,266;1.000126;3.799815;861.331086;395,911;616,000;1,011,911;0;0;0;6.790174719378587e-05;6.925482488602349e-05;86.907949;181.835358;3.378334;1,012,039;221,400
1135;1.135068807186461;15;0;0.104106;1,011,911;1,011,911;0;0;58,266;1.000126;3.799815;861.715304;395,911;616,000;1,011,911;0;0;0;6.858864183459701e-05;0.0000708678198779837;86.907949;181.835358;3.378334;1,012,039;221,400
1136;1.136001391283576;13;0;0.095342;1,011,911;1,011,911;0;0;58,266;1.000126;3.799815;862.099084;395,911;616,000;1,011,911;0;0;0;7.060374940342064e-05;7.305277647300082e-05;86.907949;181.835358;3.378334;1,012,039;221,400
1137;1.137042912762088;15;0;0.132240;1,011,911;1,011,911;0;0;58,266;1.000126;3.799815;862.597637;395,911;616,000;1,011,911;0;0;0;6.817174327280116e-05;7.272354673448835e-05;86.907949;181.835358;3.378334;1,012,039;221,400
1138;1.138021119259836;14;0;0.105675;1,011,911;1,011,911;0;0;58,266;1.000126;3.799815;863.030853;395,911;616,000;1,011,911;0;0;0;6.871505106346432e-05;7.085617198006066e-05;86.907949;181.835358;3.378334;1,012,039;221,400
1139;1.139040313820883;15;0;0.181437;1,011,911;1,011,911;0;0;58,266;1.000126;3.799815;863.465645;395,911;616,000;1,011,911;0;0;0;6.687630283391187e-05;6.900078187633592e-05;86.907949;181.835358;3.378334;1,012,039;221,400
1140;1.140017239601542;14;0;0.093019;1,011,911;1,011,911;0;0;58,266;1.000126;3.799815;863.588862;395,911;616,000;1,011,911;0;0;0;6.783028905807196e-05;7.281041349743244e-05;86.907949;181.835358;3.378334;1,012,039;221,400
1141;1.141004868738285;14;0;0.094931;1,011,911;1,011,911;0;0;58,266;1.000126;3.799815;863.716574;395,911;616,000;1,011,911;0;0;0;0.0000660289457697519;0.0000740251820495919;86.907949;181.835358;3.378334;1,012,039;221,400
1142;1.142030571881194;15;0;0.103397;1,011,911;1,011,911;0;0;58,266;1.000126;3.799815;863.854215;395,911;616,000;1,011,911;0;0;0;6.631127704183104e-05;7.108825357591608e-05;86.907949;181.835358;3.378334;1,012,039;221,400
1143;1.143063027171282;16;0;0.106411;1,011,911;1,011,911;0;0;58,266;1.000126;3.799815;863.993373;395,911;616,000;1,011,911;0;0;0;6.259531474648232e-05;6.751352523890458e-05;86.907949;181.835358;3.378334;1,012,039;221,400
1144;1.144036965473161;14;0;0.094002;1,011,911;1,011,911;0;0;58,266;1.000126;3.799815;864.117886;395,911;616,000;1,011,911;0;0;0;6.806263623036084e-05;7.183039879939906e-05;86.907949;181.835358;3.378334;1,012,039;221,400
1145;1.145014656383249;14;0;0.095888;1,011,911;1,011,911;0;0;58,266;1.000126;3.799815;864.245132;395,911;616,000;1,011,911;0;0;0;6.906114180433891e-05;7.130027975043585e-05;86.907949;181.835358;3.378334;1,012,039;221,400
1146;1.146061761164108;15;0;0.105786;1,011,911;1,011,911;0;0;58,266;1.000126;3.799815;864.382204;395,911;616,000;1,011,911;0;0;0;6.735024874626581e-05;7.268115425503486e-05;86.907949;181.835358;3.378334;1,012,039;221,400
1147;1.14703253835092;14;0;0.099009;1,011,911;1,011,911;0;0;58,266;1.000126;3.799815;864.522638;395,911;616,000;1,011,911;0;0;0;6.795602700289887e-05;7.083466232357868e-05;86.907949;181.835358;3.378334;1,012,039;221,400
1148;1.14803130943359;14;0;0.094980;1,011,911;1,011,911;0;0;58,266;1.000126;3.799815;864.659121;395,911;616,000;1,011,911;0;0;0;7.095119385603164e-05;0.0000721465583516817;86.907949;181.835358;3.378334;1,012,039;221,400
1149;1.149046052483964;14;0;0.103178;1,011,911;1,011,911;0;0;58,266;1.000126;3.799815;866.474030;395,911;616,000;1,011,911;0;0;0;7.112025897708394e-05;7.364346181505259e-05;86.907949;181.835358;3.378334;1,012,039;221,400
1150;1.150018397444145;14;0;0.101764;1,011,911;1,011,911;0;0;58,266;1.000126;3.799815;868.010746;395,911;616,000;1,011,911;0;0;0;6.704408845822092e-05;7.038069762651213e-05;86.907949;181.835358;3.378334;1,012,039;221,400
1151;1.151024009313826;15;0;0.107815;1,011,911;1,011,911;0;0;58,266;1.000126;3.799815;869.194410;395,911;616,000;1,011,911;0;0;0;6.646309241958703e-05;0.0000677155272460741;86.907949;181.835358;3.378334;1,012,039;221,400
1152;1.152034756047976;15;0;0.101428;1,011,911;1,011,911;0;0;58,266;1.000126;3.799815;869.357272;395,911;616,000;1,011,911;0;0;0;6.539891740076047e-05;6.929459137590318e-05;86.907949;181.835358;3.378334;1,012,039;221,400
1153;1.153049112080518;15;0;0.100330;1,011,911;1,011,911;0;0;58,266;1.000126;3.799815;869.524213;395,911;616,000;1,011,911;0;0;0;6.545710854608378e-05;7.069656818228336e-05;86.907949;181.835358;3.378334;1,012,039;221,400
1154;1.154010517105705;14;0;0.093187;1,011,911;1,011,911;0;0;58,266;1.000126;3.799815;869.690239;395,911;616,000;1,011,911;0;0;0;6.453642506943598e-05;6.976965482513471e-05;86.907949;181.835358;3.378334;1,012,039;221,400
1155;1.155001004428166;15;0;0.106379;1,011,911;1,011,911;0;0;58,266;1.000126;3.799815;869.877229;395,911;616,000;1,011,911;0;0;0;6.425292316707976e-05;6.973719908170787e-05;86.907949;181.835358;3.378334;1,012,039;221,400
1156;1.156005953896975;14;0;0.098752;1,011,911;1,011,911;0;0;58,266;1.000126;3.799815;870.098712;395,911;616,000;1,011,911;0;0;0;7.019001349645918e-05;7.314022630635794e-05;86.907949;181.835358;3.378334;1,012,039;221,400
1157;1.157041354350423;15;0;0.104313;1,011,911;1,011,911;0;0;58,266;1.000126;3.799815;870.324081;395,911;616,000;1,011,911;0;0;0;6.779741540783509e-05;7.126755104859953e-05;86.907949;181.835358;3.378334;1,012,039;221,400
1158;1.158050075284702;14;0;0.094916;1,011,911;1,011,911;0;0;58,266;1.000126;3.799815;870.725360;395,911;616,000;1,011,911;0;0;0;7.016157146667653e-05;7.427526572706377e-05;86.907949;181.835358;3.378334;1,012,039;221,400
1159;1.159037629262586;14;0;0.094371;1,011,911;1,011,911;0;0;58,266;1.000126;3.799815;871.376268;395,911;616,000;1,011,911;0;0;0;6.949646607459381e-05;7.320531133046414e-05;86.907949;181.835358;3.378334;1,012,039;221,400
1160;1.160040249881162;14;0;0.150540;1,011,911;1,011,911;0;0;58,266;1.000126;3.799815;872.216523;395,911;616,000;1,011,911;0;0;0;7.027187770503042e-05;7.371206575343905e-05;86.907949;181.835358;3.378334;1,012,039;221,400
1161;1.161060860653538;14;0;0.094519;1,011,911;1,011,911;0;0;58,266;1.000126;3.799815;872.343087;395,911;616,000;1,011,911;0;0;0;6.985430520792634e-05;7.368028584274639e-05;86.907949;181.835358;3.378334;1,012,039;221,400
1162;1.162041355804676;14;0;0.093629;1,011,911;1,011,911;0;0;58,266;1.000126;3.799815;872.546371;395,911;616,000;1,011,911;0;0;0;6.936329171732686e-05;7.125215272906492e-05;86.907949;181.835358;3.378334;1,012,039;221,400
1163;1.163038268905126;14;0;0.094119;1,011,911;1,011,911;0;0;58,266;1.000126;3.799815;872.669114;395,911;616,000;1,011,911;0;0;0;7.039989049537839e-05;0.0000729892637085806;86.907949;181.835358;3.378334;1,012,039;221,400
1164;1.164050769019586;14;0;0.093488;1,011,911;1,011,911;0;0;58,266;1.000126;3.799815;872.830380;395,911;616,000;1,011,911;0;0;0;6.974413967808807e-05;7.381411006306826e-05;86.907949;181.835358;3.378334;1,012,039;221,400
1165;1.165007865123586;14;0;0.097280;1,011,911;1,011,911;0;0;58,266;1.000126;3.799815;873.006639;395,911;616,000;1,011,911;0;0;0;6.753975465626149e-05;0.0000701796454535289;86.907949;181.835358;3.378334;1,012,039;221,400
1166;1.166043712190497;15;0;0.100311;1,011,911;1,011,911;0;0;58,266;1.000126;3.799815;873.178086;395,911;616,000;1,011,911;0;0;0;6.798609521106728e-05;7.055236949982006e-05;86.907949;181.835358;3.378334;1,012,039;221,400
1167;1.167043576783047;14;0;0.094798;1,011,911;1,011,911;0;0;58,266;1.000126;3.799815;873.340474;395,911;616,000;1,011,911;0;0;0;6.962186801045003e-05;7.390947251324232e-05;86.907949;181.835358;3.378334;1,012,039;221,400
1168;1.16804981956832;14;0;0.093617;1,011,911;1,011,911;0;0;58,266;1.000126;3.799815;873.507420;395,911;616,000;1,011,911;0;0;0;7.082137370107093e-05;7.377789137537055e-05;86.907949;181.835358;3.378334;1,012,039;221,400
1169;1.169035114837711;14;0;0.094517;1,011,911;1,011,911;0;0;58,266;1.000126;3.799815;873.676484;395,911;616,000;1,011,911;0;0;0;6.981826570128213e-05;7.133785348520224e-05;86.907949;181.835358;3.378334;1,012,039;221,400
1170;1.170051218778104;14;0;0.093475;1,011,911;1,011,911;0;0;58,266;1.000126;3.799815;873.843538;395,911;616,000;1,011,911;0;0;0;7.150295296437647e-05;7.370775312371273e-05;86.907949;181.835358;3.378334;1,012,039;221,400
1171;1.171040317703704;14;0;0.092986;1,011,911;1,011,911;0;0;58,266;1.000126;3.799815;874.016119;395,911;616,000;1,011,911;0;0;0;7.007431696588378e-05;7.173078783725899e-05;86.907949;181.835358;3.378334;1,012,039;221,400
1172;1.172032262715294;14;0;0.102701;1,011,911;1,011,911;0;0;58,266;1.000126;3.799815;874.250108;395,911;616,000;1,011,911;0;0;0;7.029479458645843e-05;7.191030418351104e-05;86.907949;181.835358;3.378334;1,012,039;221,400
1173;1.173047091299688;15;0;0.106879;1,011,911;1,011,911;0;0;58,266;1.000126;3.799815;874.475061;395,911;616,000;1,011,911;0;0;0;6.611557181950059e-05;7.154658816874901e-05;86.907949;181.835358;3.378334;1,012,039;221,400
1174;1.17404133970546;14;0;0.100525;1,011,911;1,011,911;0;0;58,266;1.000126;3.799815;874.688798;395,911;616,000;1,011,911;0;0;0;6.901343960859353e-05;7.333608882310582e-05;86.907949;181.835358;3.378334;1,012,039;221,400
1175;1.175057400209104;14;0;0.101181;1,011,911;1,011,911;0;0;58,266;1.000126;3.799815;874.912753;395,911;616,000;1,011,911;0;0;0;7.077390150764805e-05;7.315406221373205e-05;86.907949;181.835358;3.378334;1,012,039;221,400
1176;1.17602518837005;14;0;0.097645;1,011,911;1,011,911;0;0;58,266;1.000126;3.799815;875.129125;395,911;616,000;1,011,911;0;0;0;6.847545124867694e-05;7.004414640548087e-05;86.907949;181.835358;3.378334;1,012,039;221,400
1177;1.177007124118322;14;0;0.096765;1,011,911;1,011,911;0;0;58,266;1.000126;3.799815;875.348250;395,911;616,000;1,011,911;0;0;0;6.982302785570034e-05;7.119447501267687e-05;86.907949;181.835358;3.378334;1,012,039;221,400
1178;1.178000141252149;15;0;0.102999;1,011,911;1,011,911;0;0;58,266;1.000126;3.799815;875.570838;395,911;616,000;1,011,911;0;0;0;6.421589591740542e-05;7.149055803770025e-05;86.907949;181.835358;3.378334;1,012,039;221,400
1179;1.179036072393167;15;0;0.105829;1,011,911;1,011,911;0;0;58,266;1.000126;3.799815;875.824567;395,911;616,000;1,011,911;0;0;0;6.762576887882223e-05;0.0000705120055115007;86.907949;181.835358;3.378334;1,012,039;221,400
1180;1.180006169290247;14;0;0.100402;1,011,911;1,011,911;0;0;58,266;1.000126;3.799815;877.928531;395,911;616,000;1,011,911;0;0;0;6.764494208106274e-05;7.078425017321699e-05;86.907949;181.835358;3.378334;1,012,039;221,400
1181;1.181032687310482;15;0;0.107330;1,011,911;1,011,911;0;0;58,266;1.000126;3.799815;879.404547;395,911;616,000;1,011,911;0;0;0;6.721883296749236e-05;7.115021447639591e-05;86.907949;181.835358;3.378334;1,012,039;221,400
1182;1.182036603657898;14;0;0.097544;1,011,911;1,011,911;0;0;58,266;1.000126;3.799815;880.378056;395,911;616,000;1,011,911;0;0;0;7.101484200841073e-05;7.299471218249558e-05;86.907949;181.835358;3.378334;1,012,039;221,400
1183;1.183033428856149;14;0;0.104033;1,011,911;1,011,911;0;0;58,266;1.000126;3.799815;881.326142;395,911;616,000;1,011,911;0;0;0;7.047927701816607e-05;7.227023208821358e-05;86.907949;181.835358;3.378334;1,012,039;221,400
1184;1.184019123132707;14;0;0.105713;1,011,911;1,011,911;0;0;58,266;1.000126;3.799815;882.269330;395,911;616,000;1,011,911;0;0;0;6.786424168764048e-05;7.195169372887097e-05;86.907949;181.835358;3.378334;1,012,039;221,400
1185;1.185065481790168;15;0;0.110772;1,011,911;1,011,911;0;0;58,266;1.000126;3.799815;883.935703;395,911;616,000;1,011,911;0;0;0;6.804614054370811e-05;7.210906910275245e-05;86.907949;181.835358;3.378334;1,012,039;221,400
1186;1.186049908044095;14;0;0.105177;1,011,911;1,011,911;0;0;58,266;1.000126;3.799815;884.942335;395,911;616,000;1,011,911;0;0;0;6.907876243309018e-05;7.184155648012929e-05;86.907949;181.835358;3.378334;1,012,039;221,400
1187;1.187025338848591;14;0;0.099749;1,011,911;1,011,911;0;0;58,266;1.000126;3.799815;886.512095;395,911;616,000;1,011,911;0;0;0;6.916455085820519e-05;7.118445760302396e-05;86.907949;181.835358;3.378334;1,012,039;221,400
1188;1.188052706085204;15;0;0.107541;1,011,911;1,011,911;0;0;58,266;1.000126;3.799815;888.540484;395,911;616,000;1,011,911;0;0;0;6.669805493888434e-05;7.183584334608502e-05;86.907949;181.835358;3.378334;1,012,039;221,400
1189;1.189040625949755;14;0;0.106643;1,011,911;1,011,911;0;0;58,266;1.000126;3.799815;889.854029;395,911;616,000;1,011,911;0;0;0;6.857735215263502e-05;7.325905132046101e-05;86.907949;181.835358;3.378334;1,012,039;221,400
1190;1.190044538159193;14;0;0.104430;1,011,911;1,011,911;0;0;58,266;1.000126;3.799815;890.492038;395,911;616,000;1,011,911;0;0;0;7.035166587748711e-05;7.342251260238037e-05;86.907949;181.835358;3.378334;1,012,039;221,400
1191;1.191044754289317;14;0;0.101497;1,011,911;1,011,911;0;0;58,266;1.000126;3.799815;890.720713;395,911;616,000;1,011,911;0;0;0;7.054129125819312e-05;7.191251279108912e-05;86.907949;181.835358;3.378334;1,012,039;221,400
1192;1.192034269926632;14;0;0.103415;1,011,911;1,011,911;0;0;58,266;1.000126;3.799815;891.056982;395,911;616,000;1,011,911;0;0;0;7.001674999949204e-05;7.248251161908536e-05;86.907949;181.835358;3.378334;1,012,039;221,400
1193;1.193039332793953;14;0;0.098881;1,011,911;1,011,911;0;0;58,266;1.000126;3.799815;891.381673;395,911;616,000;1,011,911;0;0;0;7.111044684985168e-05;7.294148743957317e-05;86.907949;181.835358;3.378334;1,012,039;221,400
1194;1.194026966532701;14;0;0.103259;1,011,911;1,011,911;0;0;58,266;1.000126;3.799815;891.715351;395,911;616,000;1,011,911;0;0;0;0.0000690687127832319;7.274985859819455e-05;86.907949;181.835358;3.378334;1,012,039;221,400
1195;1.195057608603263;15;0;0.107945;1,011,911;1,011,911;0;0;58,266;1.000126;3.799815;892.039401;395,911;616,000;1,011,911;0;0;0;6.790672010051854e-05;7.024417189330988e-05;86.907949;181.835358;3.378334;1,012,039;221,400
1196;1.19600949302051;14;0;0.096449;1,011,911;1,011,911;0;0;58,266;1.000126;3.799815;892.368212;395,911;616,000;1,011,911;0;0;0;6.124058426202621e-05;7.136015084375111e-05;86.907949;181.835358;3.378334;1,012,039;221,400
1197;1.197049237936577;16;0;0.113400;1,011,911;1,011,911;0;0;58,266;1.000126;3.799815;892.711400;395,911;616,000;1,011,911;0;0;0;6.144749857806338e-05;7.045205121406014e-05;86.907949;181.835358;3.378334;1,012,039;221,400
1198;1.198046909552501;14;0;0.100112;1,011,911;1,011,911;0;0;58,266;1.000126;3.799815;893.017257;395,911;616,000;1,011,911;0;0;0;6.999459412721082e-05;7.246544363235135e-05;86.907949;181.835358;3.378334;1,012,039;221,400
1199;1.199005556407201;14;0;0.097103;1,011,911;1,011,911;0;0;58,266;1.000126;3.799815;893.337208;395,911;616,000;1,011,911;0;0;0;0.0000663656496096437;0.0000696965848449848;86.907949;181.835358;3.378334;1,012,039;221,400
1200;1.200023460327705;15;0;0.108187;1,011,911;1,011,911;0;0;58,266;1.000126;3.799815;893.678415;395,911;616,000;1,011,911;0;0;0;6.643032305597726e-05;7.041642141225202e-05;86.907949;181.835358;3.378334;1,012,039;221,400
1201;1.201032735003748;14;0;0.190335;1,011,911;1,011,911;0;0;58,266;1.000126;3.799815;894.085128;395,911;616,000;1,011,911;0;0;0;7.068821984022205e-05;7.360892743719772e-05;86.907949;181.835358;3.378334;1,012,039;221,400
1202;1.202058598907661;14;0;0.105795;1,011,911;1,011,911;0;0;58,266;1.000126;3.799815;894.329569;395,911;616,000;1,011,911;0;0;0;7.265863285521006e-05;7.410954260330222e-05;86.907949;181.835358;3.378334;1,012,039;221,400
1203;1.203048693008844;14;0;0.102937;1,011,911;1,011,911;0;0;58,266;1.000126;3.799815;895.498571;395,911;616,000;1,011,911;0;0;0;6.608260631536587e-05;7.233381401623781e-05;86.907949;181.835358;3.378334;1,012,039;221,400
1204;1.204018456224145;15;0;0.110858;1,011,911;1,011,911;0;0;58,266;1.000126;3.799815;897.109207;395,911;616,000;1,011,911;0;0;0;6.334676133620514e-05;6.709926533736057e-05;86.907949;181.835358;3.378334;1,012,039;221,400
1205;1.205059351133387;15;0;0.111110;1,011,911;1,011,911;0;0;58,266;1.000126;3.799815;898.201351;395,911;616,000;1,011,911;0;0;0;6.763524104215939e-05;7.152916017493583e-05;86.907949;181.835358;3.378334;1,012,039;221,400
1206;1.206028136722647;14;0;0.101128;1,011,911;1,011,911;0;0;58,266;1.000126;3.799815;899.628593;395,911;616,000;1,011,911;0;0;0;6.868383806820669e-05;7.003956812018027e-05;86.907949;181.835358;3.378334;1,012,039;221,400
1207;1.20702192551468;14;0;0.101496;1,011,911;1,011,911;0;0;58,266;1.000126;3.799815;899.967933;395,911;616,000;1,011,911;0;0;0;6.930364271327934e-05;7.279685038945975e-05;86.907949;181.835358;3.378334;1,012,039;221,400
1208;1.20802564105845;15;0;0.110541;1,011,911;1,011,911;0;0;58,266;1.000126;3.799815;900.453653;395,911;616,000;1,011,911;0;0;0;6.063904095189242e-05;6.939078591236809e-05;86.907949;181.835358;3.378334;1,012,039;221,400
1209;1.20905548037508;16;0;0.112722;1,011,911;1,011,911;0;0;58,266;1.000126;3.799815;900.960654;395,911;616,000;1,011,911;0;0;0;0.0000608849703891717;0.0000696295254475761;86.907949;181.835358;3.378334;1,012,039;221,400
1210;1.210038302524959;14;0;0.102113;1,011,911;1,011,911;0;0;58,266;1.000126;3.799815;901.623170;395,911;616,000;1,011,911;0;0;0;6.701577678070274e-05;0.000072808663030627;86.907949;181.835358;3.378334;1,012,039;221,400
1211;1.211068823660549;15;0;0.108842;1,011,911;1,011,911;0;0;58,266;1.000126;3.799815;902.211013;395,911;616,000;1,011,911;0;0;0;6.703291614573666e-05;7.174942965462466e-05;86.907949;181.835358;3.378334;1,012,039;221,400
1212;1.212016946788891;15;0;0.108966;1,011,911;1,011,911;0;0;58,266;1.000126;3.799815;902.511856;395,911;616,000;1,011,911;0;0;0;5.988858988350875e-05;7.210780124950779e-05;86.907949;181.835358;3.378334;1,012,039;221,400
1213;1.213016398769153;15;0;0.158727;1,011,911;1,011,911;0;0;58,266;1.000126;3.799815;902.867267;395,911;616,000;1,011,911;0;0;0;6.465853971892171e-05;6.854142791004624e-05;86.907949;181.835358;3.378334;1,012,039;221,400
1214;1.214060634356434;15;0;0.110258;1,011,911;1,011,911;0;0;56,025;1.000126;3.951807;903.117488;395,911;616,000;1,011,911;0;0;0;6.782788111559711e-05;0.000071555647550721;86.907949;181.835358;3.378334;1,012,039;221,400
1215;1.215055774002187;14;0;0.102632;1,011,911;1,011,911;0;0;56,025;1.000126;3.951807;903.411171;395,911;616,000;1,011,911;0;0;0;7.029841543973849e-05;7.190802627987636e-05;86.907949;181.835358;3.378334;1,012,039;221,400
1216;1.216031373687273;14;0;0.102075;1,011,911;1,011,911;0;0;56,025;1.000126;3.951807;903.736196;395,911;616,000;1,011,911;0;0;0;6.854476571138957e-05;7.204889527075567e-05;86.907949;181.835358;3.378334;1,012,039;221,400
1217;1.217065887487203;15;0;0.110899;1,011,911;1,011,911;0;0;56,025;1.000126;3.951807;904.093932;395,911;616,000;1,011,911;0;0;0;6.784175124200822e-05;0.0000708354800122695;86.907949;181.835358;3.378334;1,012,039;221,400
1218;1.218059220261757;14;0;0.098639;1,011,911;1,011,911;0;0;56,025;1.000126;3.951807;904.393462;395,911;616,000;1,011,911;0;0;0;6.934328333953554e-05;7.259983879658629e-05;86.907949;181.835358;3.378334;1,012,039;221,400
1219;1.219051278994052;14;0;0.102263;1,011,911;1,011,911;0;0;56,025;1.000126;3.951807;904.740167;395,911;616,000;1,011,911;0;0;0;7.009827479120928e-05;7.183927662988266e-05;86.907949;181.835358;3.378334;1,012,039;221,400
1220;1.220062161558956;14;0;0.104036;1,011,911;1,011,911;0;0;56,025;1.000126;3.951807;905.084807;395,911;616,000;1,011,911;0;0;0;0.0000709887019011765;0.0000735886492209014;86.907949;181.835358;3.378334;1,012,039;221,400
1221;1.221033412369761;14;0;0.097855;1,011,911;1,011,911;0;0;56,025;1.000126;3.951807;905.904972;395,911;616,000;1,011,911;0;0;0;6.548310805557762e-05;7.120645026596882e-05;86.907949;181.835358;3.378334;1,012,039;221,400
1222;1.222003150903531;15;0;0.105438;1,011,911;1,011,911;0;0;56,025;1.000126;3.951807;907.785667;395,911;616,000;1,011,911;0;0;0;6.313520315598221e-05;6.809137967297441e-05;86.907949;181.835358;3.378334;1,012,039;221,400
1223;1.223018997367629;15;0;0.110238;1,011,911;1,011,911;0;0;56,025;1.000126;3.951807;908.797387;395,911;616,000;1,011,911;0;0;0;0.0000671984300995363;6.861765031480127e-05;86.907949;181.835358;3.378334;1,012,039;221,400
1224;1.224072063154731;15;0;0.102318;1,011,911;1,011,911;0;0;56,025;1.000126;3.951807;909.514656;395,911;616,000;1,011,911;0;0;0;6.736733942828446e-05;7.231526391770716e-05;86.907949;181.835358;3.378334;1,012,039;221,400
1225;1.225061850295177;16;0;0.114139;1,011,911;1,011,911;0;0;56,025;1.000126;3.951807;910.368137;395,911;616,000;1,011,911;0;0;0;0.0000593876167331043;6.587488551559346e-05;86.907949;181.835358;3.378334;1,012,039;221,400
1226;1.226020382135714;14;0;0.102529;1,011,911;1,011,911;0;0;56,025;1.000126;3.951807;911.248327;395,911;616,000;1,011,911;0;0;0;6.652095320980482e-05;7.043398805871229e-05;86.907949;181.835358;3.378334;1,012,039;221,400
1227;1.227011019242512;14;0;0.114358;1,011,911;1,011,911;0;0;56,025;1.000126;3.951807;911.652176;395,911;616,000;1,011,911;0;0;0;6.943076317174091e-05;7.294435252791021e-05;86.907949;181.835358;3.378334;1,012,039;221,400
1228;1.228027031464818;15;0;0.105066;1,011,911;1,011,911;0;0;56,025;1.000126;3.951807;912.034379;395,911;616,000;1,011,911;0;0;0;6.406350552074973e-05;7.378035075420375e-05;86.907949;181.835358;3.378334;1,012,039;221,400
1229;1.22905545308405;15;0;0.105706;1,011,911;1,011,911;0;0;56,025;1.000126;3.951807;912.479805;395,911;616,000;1,011,911;0;0;0;6.600549983271773e-05;7.167877975451619e-05;86.907949;181.835358;3.378334;1,012,039;221,400
1230;1.230005767692024;14;0;0.180986;1,011,911;1,011,911;0;0;56,025;1.000126;3.951807;913.815156;395,911;616,000;1,011,911;0;0;0;6.698487350938441e-05;7.006792178863948e-05;86.907949;181.835358;3.378334;1,012,039;221,400
1231;1.231008070887583;14;0;0.104658;1,011,911;1,011,911;0;0;56,025;1.000126;3.951807;914.510535;395,911;616,000;1,011,911;0;0;0;7.047573148690041e-05;7.297464416154463e-05;86.907949;181.835358;3.378334;1,012,039;221,400
1232;1.232014124945715;14;0;0.104055;1,011,911;1,011,911;0;0;56,025;1.000126;3.951807;914.928586;395,911;616,000;1,011,911;0;0;0;7.122223209741882e-05;7.319904485171044e-05;86.907949;181.835358;3.378334;1,012,039;221,400
1233;1.233066986646292;15;0;0.107551;1,011,911;1,011,911;0;0;56,025;1.000126;3.951807;915.361610;395,911;616,000;1,011,911;0;0;0;6.983778558420786e-05;7.070901505127056e-05;86.907949;181.835358;3.378334;1,012,039;221,400
1234;1.234064744204777;14;0;0.111760;1,011,911;1,011,911;0;0;56,025;1.000126;3.951807;917.848960;395,911;616,000;1,011,911;0;0;0;7.004089752788951e-05;7.305459733128546e-05;86.907949;181.835358;3.378334;1,012,039;221,400
1235;1.235015613151267;13;0;0.096351;1,011,911;1,011,911;0;0;56,025;1.000126;3.951807;919.701466;395,911;616,000;1,011,911;0;0;0;7.280234538685349e-05;7.381248974173063e-05;86.907949;181.835358;3.378334;1,012,039;221,400
1236;1.236033766940879;14;0;0.104522;1,011,911;1,011,911;0;0;56,025;1.000126;3.951807;920.668540;395,911;616,000;1,011,911;0;0;0;7.114855373955733e-05;7.297093006525955e-05;86.907949;181.835358;3.378334;1,012,039;221,400
1237;1.23700851263319;14;0;0.105817;1,011,911;1,011,911;0;0;56,025;1.000126;3.951807;921.477114;395,911;616,000;1,011,911;0;0;0;6.856505328604722e-05;7.087626282141012e-05;86.907949;181.835358;3.378334;1,012,039;221,400
1238;1.238045272736225;15;0;0.113203;1,011,911;1,011,911;0;0;56,025;1.000126;3.951807;923.411350;395,911;616,000;1,011,911;0;0;0;6.769798253487769e-05;7.066023662820934e-05;86.907949;181.835358;3.378334;1,012,039;221,400
1239;1.239067917772669;15;0;0.107284;1,011,911;1,011,911;0;0;56,025;1.000126;3.951807;925.941365;395,911;616,000;1,011,911;0;0;0;6.702883957682603e-05;7.095043647964029e-05;86.907949;181.835358;3.378334;1,012,039;221,400
1240;1.240007091014665;13;0;0.100673;1,011,911;1,011,911;0;0;56,025;1.000126;3.951807;928.518239;395,911;616,000;1,011,911;0;0;0;7.133875815809455e-05;7.326221495357419e-05;86.907949;181.835358;3.378334;1,012,039;221,400
1241;1.241027618676042;14;0;0.103710;1,011,911;1,011,911;0;0;53,784;1.000126;4.116466;930.843257;395,911;616,000;1,011,911;0;0;0;7.242000055208193e-05;7.421624277685726e-05;86.907949;181.835358;3.378334;1,012,039;221,400
1242;1.2420727746967;14;0;0.099069;1,011,911;1,011,911;0;0;53,784;1.000126;4.116466;933.154516;395,911;616,000;1,011,911;0;0;0;7.254855822730658e-05;7.512286712189987e-05;86.907949;181.835358;3.378334;1,012,039;221,400
1243;1.243057012556521;14;0;0.099593;1,011,911;1,011,911;0;0;53,784;1.000126;4.116466;935.473047;395,911;616,000;1,011,911;0;0;0;6.969806609373715e-05;7.150135060940587e-05;86.907949;181.835358;3.378334;1,012,039;221,400
1244;1.244024762534016;14;0;0.194261;1,011,911;1,011,911;0;0;53,784;1.000126;4.116466;937.883173;395,911;616,000;1,011,911;0;0;0;0.0000672912589168093;7.086386887907171e-05;86.907949;181.835358;3.378334;1,012,039;221,400
1245;1.245070075554906;15;0;0.113682;1,011,911;1,011,911;0;0;53,784;1.000126;4.116466;939.871566;395,911;616,000;1,011,911;0;0;0;6.775166236285092e-05;0.0000721067889030851;86.907949;181.835358;3.378334;1,012,039;221,400
1246;1.246019841942096;13;0;0.096879;1,011,911;1,011,911;0;0;53,784;1.000126;4.116466;941.811070;395,911;616,000;1,011,911;0;0;0;7.216515866774036e-05;7.417642457944734e-05;86.907949;181.835358;3.378334;1,012,039;221,400
1247;1.247038360079978;14;0;0.104586;1,011,911;1,011,911;0;0;53,784;1.000126;4.116466;943.665269;395,911;616,000;1,011,911;0;0;0;7.220434578910487e-05;7.353477047613312e-05;86.907949;181.835358;3.378334;1,012,039;221,400
1248;1.248050057011212;14;0;0.105844;1,011,911;1,011,911;0;0;53,784;1.000126;4.116466;945.455584;395,911;616,000;1,011,911;0;0;0;7.017137967166705e-05;7.409795506449956e-05;86.907949;181.835358;3.378334;1,012,039;221,400
1249;1.249043732947932;14;0;0.099235;1,011,911;1,011,911;0;0;53,784;1.000126;4.116466;947.213693;395,911;616,000;1,011,911;0;0;0;7.026312011400173e-05;7.260541670287262e-05;86.907949;181.835358;3.378334;1,012,039;221,400
1250;1.250062038874059;14;0;0.181031;1,011,911;1,011,911;0;0;53,784;1.000126;4.116466;948.956664;395,911;616,000;1,011,911;0;0;0;7.102362328513185e-05;7.435696708683218e-05;86.907949;181.835358;3.378334;1,012,039;221,400
1251;1.251045309088627;14;0;0.106226;1,011,911;1,011,911;0;0;53,784;1.000126;4.116466;950.207792;395,911;616,000;1,011,911;0;0;0;6.941522699933372e-05;7.133856634999384e-05;86.907949;181.835358;3.378334;1,012,039;221,400
1252;1.252038787148511;14;0;0.101882;1,011,911;1,011,911;0;0;53,784;1.000126;4.116466;950.693056;395,911;616,000;1,011,911;0;0;0;7.051256995778133e-05;7.175682922592672e-05;86.907949;181.835358;3.378334;1,012,039;221,400
1253;1.25303915800733;14;0;0.108671;1,011,911;1,011,911;0;0;53,784;1.000126;4.116466;951.189766;395,911;616,000;1,011,911;0;0;0;7.053712452848819e-05;0.0000727409101217483;86.907949;181.835358;3.378334;1,012,039;221,400
1254;1.254045402632;15;0;0.109706;1,011,911;1,011,911;0;0;53,784;1.000126;4.116466;951.737366;395,911;616,000;1,011,911;0;0;0;6.545490144869051e-05;0.0000704267626652091;86.907949;181.835358;3.378334;1,012,039;221,400
1255;1.25504354095163;14;0;0.100967;1,011,911;1,011,911;0;0;53,784;1.000126;4.116466;953.046754;395,911;616,000;1,011,911;0;0;0;6.902818132744871e-05;7.440273046005767e-05;86.907949;181.835358;3.378334;1,012,039;221,400
1256;1.256048518650369;14;0;0.098382;1,011,911;1,011,911;0;0;53,784;1.000126;4.116466;954.244540;395,911;616,000;1,011,911;0;0;0;6.964744919105158e-05;7.435795164189615e-05;86.907949;181.835358;3.378334;1,012,039;221,400
1257;1.257048898575894;14;0;0.098527;1,011,911;1,011,911;0;0;53,784;1.000126;4.116466;955.102476;395,911;616,000;1,011,911;0;0;0;7.012643739796003e-05;0.0000735150625172496;86.907949;181.835358;3.378334;1,012,039;221,400
1258;1.258021792823387;13;0;0.097773;1,011,911;1,011,911;0;0;53,784;1.000126;4.116466;955.749733;395,911;616,000;1,011,911;0;0;0;7.378031669886875e-05;7.599258247079473e-05;86.907949;181.835358;3.378334;1,012,039;221,400
1259;1.2590052777593;13;0;0.098930;1,011,911;1,011,911;0;0;53,784;1.000126;4.116466;956.306649;395,911;616,000;1,011,911;0;0;0;7.521309343428186e-05;7.600858358281584e-05;86.907949;181.835358;3.378334;1,012,039;221,400
1260;1.260004621573606;14;0;0.127835;1,011,911;1,011,911;0;0;53,784;1.000126;4.116466;956.883219;395,911;616,000;1,011,911;0;0;0;6.935325746210393e-05;7.465814851283621e-05;86.907949;181.835358;3.378334;1,012,039;221,400
1261;1.261006131988421;14;0;0.097106;1,011,911;1,011,911;0;0;53,784;1.000126;4.116466;957.011387;395,911;616,000;1,011,911;0;0;0;6.999169817949939e-05;7.403009051726547e-05;86.907949;181.835358;3.378334;1,012,039;221,400
1262;1.262013549702103;14;0;0.096200;1,011,911;1,011,911;0;0;53,784;1.000126;4.116466;957.138007;395,911;616,000;1,011,911;0;0;0;7.102692240471232e-05;7.432070857846304e-05;86.907949;181.835358;3.378334;1,012,039;221,400
1263;1.263036308868345;14;0;0.094266;1,011,911;1,011,911;0;0;53,784;1.000126;4.116466;957.285028;395,911;616,000;1,011,911;0;0;0;7.205616580958133e-05;7.440318828534406e-05;86.907949;181.835358;3.378334;1,012,039;221,400
1264;1.26400171436743;13;0;0.087674;1,011,911;1,011,911;0;0;51,543;1.000126;4.295443;957.425277;395,911;616,000;1,011,911;0;0;0;7.397168686835499e-05;7.484539021828384e-05;86.907949;181.835358;3.378334;1,012,039;221,400
1265;1.265045475297562;14;0;0.165540;1,011,911;1,011,911;0;0;51,543;1.000126;4.295443;957.785664;395,911;616,000;1,011,911;0;0;0;7.415047697551709e-05;7.565587695689779e-05;86.907949;181.835358;3.378334;1,012,039;221,400
1266;1.266022458005406;13;0;0.094351;1,011,911;1,011,911;0;0;51,543;1.000126;4.295443;958.050981;395,911;616,000;1,011,911;0;0;0;7.386150078348731e-05;7.602735987643805e-05;86.907949;181.835358;3.378334;1,012,039;221,400
1267;1.267040872874675;14;0;0.101112;1,011,911;1,011,911;0;0;51,543;1.000126;4.295443;958.400566;395,911;616,000;1,011,911;0;0;0;0.0000723085784459433;7.348286556799449e-05;86.907949;181.835358;3.378334;1,012,039;221,400
1268;1.268010009556904;13;0;0.096199;1,011,911;1,011,911;0;0;51,543;1.000126;4.295443;958.691254;395,911;616,000;1,011,911;0;0;0;7.370536406779905e-05;7.531014710502804e-05;86.907949;181.835358;3.378334;1,012,039;221,400
1269;1.269049843971565;14;0;0.096999;1,011,911;1,011,911;0;0;51,543;1.000126;4.295443;958.979439;395,911;616,000;1,011,911;0;0;0;0.0000730327066303425;7.463931723250731e-05;86.907949;181.835358;3.378334;1,012,039;221,400
1270;1.270002988505567;13;0;0.094101;1,011,911;1,011,911;0;0;51,543;1.000126;4.295443;959.231933;395,911;616,000;1,011,911;0;0;0;7.288223329386259e-05;7.455335003586839e-05;86.907949;181.835358;3.378334;1,012,039;221,400
1271;1.271059006804098;14;0;0.096345;1,011,911;1,011,911;0;0;51,543;1.000126;4.295443;959.380791;395,911;616,000;1,011,911;0;0;0;7.477406514879525e-05;7.592470539356757e-05;86.907949;181.835358;3.378334;1,012,039;221,400
1272;1.272009221266329;13;0;0.089382;1,011,911;1,011,911;0;0;51,543;1.000126;4.295443;959.523193;395,911;616,000;1,011,911;0;0;0;7.255530823224517e-05;7.416349340869314e-05;86.907949;181.835358;3.378334;1,012,039;221,400
1273;1.273034890888772;14;0;0.095490;1,011,911;1,011,911;0;0;51,543;1.000126;4.295443;959.700393;395,911;616,000;1,011,911;0;0;0;7.302869447331886e-05;7.396240108534966e-05;86.907949;181.835358;3.378334;1,012,039;221,400
1274;1.274034629008597;14;0;0.102381;1,011,911;1,011,911;0;0;51,543;1.000126;4.295443;960.373911;395,911;616,000;1,011,911;0;0;0;7.018090803526857e-05;7.415926793738614e-05;86.907949;181.835358;3.378334;1,012,039;221,400
1275;1.275052140829836;14;0;0.098963;1,011,911;1,011,911;0;0;51,543;1.000126;4.295443;960.952340;395,911;616,000;1,011,911;0;0;0;7.123631504845994e-05;7.467741476497892e-05;86.907949;181.835358;3.378334;1,012,039;221,400
1276;1.276035253012923;13;0;0.096954;1,011,911;1,011,911;0;0;51,543;1.000126;4.295443;961.819002;395,911;616,000;1,011,911;0;0;0;7.485158611712573e-05;7.645669698485061e-05;86.907949;181.835358;3.378334;1,012,039;221,400
1277;1.277027475634671;13;0;0.094445;1,011,911;1,011,911;0;0;51,543;1.000126;4.295443;962.369478;395,911;616,000;1,011,911;0;0;0;7.615541324286365e-05;7.668688604269705e-05;86.907949;181.835358;3.378334;1,012,039;221,400
1278;1.278014737309526;13;0;0.090383;1,011,911;1,011,911;0;0;51,543;1.000126;4.295443;962.511770;395,911;616,000;1,011,911;0;0;0;7.331608530385461e-05;7.705407749149354e-05;86.907949;181.835358;3.378334;1,012,039;221,400
1279;1.279034982172197;14;0;0.094707;1,011,911;1,011,911;0;0;51,543;1.000126;4.295443;962.658102;395,911;616,000;1,011,911;0;0;0;7.248990682275005e-05;7.390597019389913e-05;86.907949;181.835358;3.378334;1,012,039;221,400
1280;1.280070406115921;14;0;0.094449;1,011,911;1,011,911;0;0;51,543;1.000126;4.295443;962.807152;395,911;616,000;1,011,911;0;0;0;7.240879288997122e-05;7.509795281203785e-05;86.907949;181.835358;3.378334;1,012,039;221,400
1281;1.281023003054079;13;0;0.089624;1,011,911;1,011,911;0;0;51,543;1.000126;4.295443;963.006871;395,911;616,000;1,011,911;0;0;0;7.243741943950811e-05;7.505688400627977e-05;86.907949;181.835358;3.378334;1,012,039;221,400
1282;1.282071751458437;14;0;0.107338;1,011,911;1,011,911;0;0;51,543;1.000126;4.295443;964.849567;395,911;616,000;1,011,911;0;0;0;0.0000741275234688769;7.561702869119018e-05;86.907949;181.835358;3.378334;1,012,039;221,400
1283;1.283068200553252;14;0;0.106152;1,011,911;1,011,911;0;0;51,543;1.000126;4.295443;966.700310;395,911;616,000;1,011,911;0;0;0;6.986254609283964e-05;7.396319327369712e-05;86.907949;181.835358;3.378334;1,012,039;221,400
1284;1.284006785720406;13;0;0.098567;1,011,911;1,011,911;0;0;51,543;1.000126;4.295443;967.779165;395,911;616,000;1,011,911;0;0;0;7.044605344229887e-05;7.447783925334588e-05;86.907949;181.835358;3.378334;1,012,039;221,400
1285;1.285054126131858;14;0;0.103221;1,011,911;1,011,911;0;0;49,302;1.000126;4.490690;968.469357;395,911;616,000;1,011,911;0;0;0;7.402400394697977e-05;7.584026348536824e-05;86.907949;181.835358;3.378334;1,012,039;221,400
1286;1.286065279635298;14;0;0.105474;1,011,911;1,011,911;0;0;49,302;1.000126;4.490690;968.829092;395,911;616,000;1,011,911;0;0;0;6.934716492232373e-05;7.434650642868218e-05;86.907949;181.835358;3.378334;1,012,039;221,400
1287;1.287042354374422;14;0;0.109377;1,011,911;1,011,911;0;0;49,302;1.000126;4.490690;970.694499;395,911;616,000;1,011,911;0;0;0;6.934337432062371e-05;7.104786296075141e-05;86.907949;181.835358;3.378334;1,012,039;221,400
1288;1.288025296399237;14;0;0.104980;1,011,911;1,011,911;0;0;49,302;1.000126;4.490690;972.514869;395,911;616,000;1,011,911;0;0;0;6.781738319092398e-05;7.221012841889244e-05;86.907949;181.835358;3.378334;1,012,039;221,400
1289;1.289042933475608;15;0;0.107826;1,011,911;1,011,911;0;0;49,302;1.000126;4.490690;974.379161;395,911;616,000;1,011,911;0;0;0;0.000065515471105172;6.873449441617821e-05;86.907949;181.835358;3.378334;1,012,039;221,400
1290;1.29000405027976;15;0;0.108002;1,011,911;1,011,911;0;0;49,302;1.000126;4.490690;976.203917;395,911;616,000;1,011,911;0;0;0;6.277521329297837e-05;6.481555846652965e-05;86.907949;181.835358;3.378334;1,012,039;221,400
1291;1.291058394229073;16;0;0.109867;1,011,911;1,011,911;0;0;49,302;1.000126;4.490690;978.067278;395,911;616,000;1,011,911;0;0;0;6.304483815411388e-05;7.005817421437605e-05;86.907949;181.835358;3.378334;1,012,039;221,400
1292;1.292030876106152;14;0;0.106062;1,011,911;1,011,911;0;0;49,302;1.000126;4.490690;979.888067;395,911;616,000;1,011,911;0;0;0;6.898106978185636e-05;7.084482702983637e-05;86.907949;181.835358;3.378334;1,012,039;221,400
1293;1.29301662089012;14;0;0.181605;1,011,911;1,011,911;0;0;49,302;1.000126;4.490690;981.825140;395,911;616,000;1,011,911;0;0;0;7.024853956180739e-05;7.081355407295154e-05;86.907949;181.835358;3.378334;1,012,039;221,400
1294;1.294034000888845;15;0;0.105798;1,011,911;1,011,911;0;0;49,302;1.000126;4.490690;983.573869;395,911;616,000;1,011,911;0;0;0;0.0000657495545816819;7.074592640582903e-05;86.907949;181.835358;3.378334;1,012,039;221,400
1295;1.295067983349328;15;0;0.110181;1,011,911;1,011,911;0;0;49,302;1.000126;4.490690;985.439934;395,911;616,000;1,011,911;0;0;0;0.0000672995303883069;7.103129193915591e-05;86.907949;181.835358;3.378334;1,012,039;221,400
1296;1.296041327804317;14;0;0.104000;1,011,911;1,011,911;0;0;49,302;1.000126;4.490690;987.258255;395,911;616,000;1,011,911;0;0;0;6.879575916306919e-05;7.076406627733746e-05;86.907949;181.835358;3.378334;1,012,039;221,400
1297;1.297044230947978;14;0;0.105510;1,011,911;1,011,911;0;0;49,302;1.000126;4.490690;989.121175;395,911;616,000;1,011,911;0;0;0;0.0000708721223394432;7.254569443289987e-05;86.907949;181.835358;3.378334;1,012,039;221,400
1298;1.298009253024879;17;0;0.122639;1,011,911;1,011,911;0;0;49,302;1.000126;4.490690;990.962933;395,911;616,000;1,011,911;0;0;0;5.074457856346956e-05;6.859209488315706e-05;86.907949;181.835358;3.378334;1,012,039;221,400
1299;1.299031723454676;17;0;0.192095;1,011,911;1,011,911;0;0;49,302;1.000126;4.490690;992.893833;395,911;616,000;1,011,911;0;0;0;5.690506188735958e-05;6.299844413806764e-05;86.907949;181.835358;3.378334;1,012,039;221,400
1300;1.3000000395686;17;0;0.120648;1,011,911;1,011,911;0;0;49,302;1.000126;4.490690;994.659613;395,911;616,000;1,011,911;0;0;0;5.423949330292297e-05;6.144653843458108e-05;86.907949;181.835358;3.378334;1,012,039;221,400
1301;1.301030522397749;17;0;0.121938;1,011,911;1,011,911;0;0;49,302;1.000126;4.490690;996.478298;395,911;616,000;1,011,911;0;0;0;5.657237910640752e-05;6.625542973219439e-05;86.907949;181.835358;3.378334;1,012,039;221,400
1302;1.302037753149526;15;0;0.105330;1,011,911;1,011,911;0;0;49,302;1.000126;4.490690;998.238341;395,911;616,000;1,011,911;0;0;0;6.632713689600757e-05;6.841418686999662e-05;86.907949;181.835358;3.378334;1,012,039;221,400
1303;1.303025079281324;15;0;0.108183;1,011,911;1,011,911;0;0;49,302;1.000126;4.490690;1000.186174;395,911;616,000;1,011,911;0;0;0;6.444383305428553e-05;6.780179363362113e-05;86.907949;181.835358;3.378334;1,012,039;221,400
1304;1.304032524069092;15;0;0.107482;1,011,911;1,011,911;0;0;49,302;1.000126;4.490690;1001.829542;395,911;616,000;1,011,911;0;0;0;6.486125737999359e-05;6.911412689080688e-05;86.907949;181.835358;3.378334;1,012,039;221,400
1305;1.305026990454082;16;0;0.112136;1,011,911;1,011,911;0;0;49,302;1.000126;4.490690;1003.646449;395,911;616,000;1,011,911;0;0;0;6.067112861357126e-05;0.0000650414463198215;86.907949;181.835358;3.378334;1,012,039;221,400
1306;1.306001880967234;15;0;0.104726;1,011,911;1,011,911;0;0;49,302;1.000126;4.490690;1005.415566;395,911;616,000;1,011,911;0;0;0;6.381348184110023e-05;6.700042114920827e-05;86.907949;181.835358;3.378334;1,012,039;221,400
1307;1.307018246638527;16;0;0.112610;1,011,911;1,011,911;0;0;47,061;1.000126;4.704532;1007.236218;395,911;616,000;1,011,911;0;0;0;6.280841950725459e-05;6.484104905471443e-05;86.907949;181.835358;3.378334;1,012,039;221,400
1308;1.308048748099196;16;0;0.112020;1,011,911;1,011,911;0;0;47,061;1.000126;4.704532;1009.011838;395,911;616,000;1,011,911;0;0;0;6.396662797871706e-05;6.524104086964547e-05;86.907949;181.835358;3.378334;1,012,039;221,400
1309;1.309005957239823;15;0;0.162908;1,011,911;1,011,911;0;0;47,061;1.000126;4.704532;1010.480533;395,911;616,000;1,011,911;0;0;0;6.322368561291387e-05;6.461960619777363e-05;86.907949;181.835358;3.378334;1,012,039;221,400
1310;1.310057062854149;16;0;0.117035;1,011,911;1,011,911;0;0;47,061;1.000126;4.704532;1011.116109;395,911;616,000;1,011,911;0;0;0;6.002230385198516e-05;6.794827096276386e-05;86.907949;181.835358;3.378334;1,012,039;221,400
1311;1.311052597543758;16;0;0.112130;1,011,911;1,011,911;0;0;47,061;1.000126;4.704532;1011.707972;395,911;616,000;1,011,911;0;0;0;0.0000597049292001355;6.696476522480498e-05;86.907949;181.835358;3.378334;1,012,039;221,400
1312;1.312010320137712;16;0;0.113968;1,011,911;1,011,911;0;0;47,061;1.000126;4.704532;1012.255997;395,911;616,000;1,011,911;0;0;0;5.649404792326231e-05;6.747744234616969e-05;86.907949;181.835358;3.378334;1,012,039;221,400
1313;1.313020952558378;15;0;0.111333;1,011,911;1,011,911;0;0;47,061;1.000126;4.704532;1012.969504;395,911;616,000;1,011,911;0;0;0;6.412257814833003e-05;7.018452317828244e-05;86.907949;181.835358;3.378334;1,012,039;221,400
1314;1.314001701655941;15;0;0.106233;1,011,911;1,011,911;0;0;47,061;1.000126;4.704532;1014.477333;395,911;616,000;1,011,911;0;0;0;6.016999424944447e-05;6.809328280429006e-05;86.907949;181.835358;3.378334;1,012,039;221,400
1315;1.315014299803388;16;0;0.116389;1,011,911;1,011,911;0;0;47,061;1.000126;4.704532;1015.561291;395,911;616,000;1,011,911;0;0;0;6.076828453612385e-05;6.555085258386883e-05;86.907949;181.835358;3.378334;1,012,039;221,400
1316;1.31606463797715;16;0;0.110871;1,011,911;1,011,911;0;0;47,061;1.000126;4.704532;1016.312009;395,911;616,000;1,011,911;0;0;0;6.424966271306211e-05;6.766660213545896e-05;86.907949;181.835358;3.378334;1,012,039;221,400
1317;1.317048140868947;15;0;0.107770;1,011,911;1,011,911;0;0;47,061;1.000126;4.704532;1016.706685;395,911;616,000;1,011,911;0;0;0;5.697455453794887e-05;6.941433295810416e-05;86.907949;181.835358;3.378334;1,012,039;221,400
1318;1.318006978073074;16;0;0.180826;1,011,911;1,011,911;0;0;47,061;1.000126;4.704532;1017.057347;395,911;616,000;1,011,911;0;0;0;5.633673998707913e-05;6.645968198762753e-05;86.907949;181.835358;3.378334;1,012,039;221,400
1319;1.319014413521113;15;0;0.100005;1,011,911;1,011,911;0;0;47,061;1.000126;4.704532;1017.187728;395,911;616,000;1,011,911;0;0;0;6.486823606992227e-05;6.837052727302807e-05;86.907949;181.835358;3.378334;1,012,039;221,400
1320;1.320016631679926;15;0;0.101337;1,011,911;1,011,911;0;0;47,061;1.000126;4.704532;1017.318649;395,911;616,000;1,011,911;0;0;0;6.482016634230991e-05;7.050702147889719e-05;86.907949;181.835358;3.378334;1,012,039;221,400
1321;1.321049363388267;15;0;0.099900;1,011,911;1,011,911;0;0;47,061;1.000126;4.704532;1017.447502;395,911;616,000;1,011,911;0;0;0;6.470145738093743e-05;7.105958990857006e-05;86.907949;181.835358;3.378334;1,012,039;221,400
1322;1.322038525797563;15;0;0.101966;1,011,911;1,011,911;0;0;47,061;1.000126;4.704532;1017.596287;395,911;616,000;1,011,911;0;0;0;6.477676328816064e-05;6.743639407442254e-05;86.907949;181.835358;3.378334;1,012,039;221,400
1323;1.323050199699195;15;0;0.099753;1,011,911;1,011,911;0;0;47,061;1.000126;4.704532;1017.727067;395,911;616,000;1,011,911;0;0;0;6.660571584369442e-05;6.945768075017847e-05;86.907949;181.835358;3.378334;1,012,039;221,400
1324;1.324048625081098;15;0;0.101950;1,011,911;1,011,911;0;0;47,061;1.000126;4.704532;1018.124024;395,911;616,000;1,011,911;0;0;0;5.788300748937751e-05;7.063888381817367e-05;86.907949;181.835358;3.378334;1,012,039;221,400
1325;1.32503421052285;16;0;0.106940;1,011,911;1,011,911;0;0;47,061;1.000126;4.704532;1018.260378;395,911;616,000;1,011,911;0;0;0;5.807878202399174e-05;6.602058855134745e-05;86.907949;181.835358;3.378334;1,012,039;221,400
1326;1.326021891467563;15;0;0.098340;1,011,911;1,011,911;0;0;44,820;1.000126;4.939759;1018.389580;395,911;616,000;1,011,911;0;0;0;6.535435393922042e-05;6.674721752851175e-05;86.907949;181.835358;3.378334;1,012,039;221,400
1327;1.327022930334291;16;0;0.106947;1,011,911;1,011,911;0;0;44,820;1.000126;4.939759;1018.526325;395,911;616,000;1,011,911;0;0;0;0.000059720365939945;6.706301545874994e-05;86.907949;181.835358;3.378334;1,012,039;221,400
1328;1.328050213608111;16;0;0.109455;1,011,911;1,011,911;0;0;44,820;1.000126;4.939759;1018.684699;395,911;616,000;1,011,911;0;0;0;6.213144528785443e-05;6.660991248654434e-05;86.907949;181.835358;3.378334;1,012,039;221,400
1329;1.329024627015895;16;0;0.113156;1,011,911;1,011,911;0;0;44,820;1.000126;4.939759;1019.588177;395,911;616,000;1,011,911;0;0;0;5.996574250468293e-05;6.240035720006128e-05;86.907949;181.835358;3.378334;1,012,039;221,400
1330;1.330023126200743;19;0;0.123438;1,011,911;1,011,911;0;0;44,820;1.000126;4.939759;1020.573775;395,911;616,000;1,011,911;0;0;0;4.795861033092663e-05;5.995570004700666e-05;86.907949;181.835358;3.378334;1,012,039;221,400
1331;1.331010996109983;19;0;0.131860;1,011,911;1,011,911;0;0;44,820;1.000126;4.939759;1021.522133;395,911;616,000;1,011,911;0;0;0;4.834535603836392e-05;5.669477840618015e-05;86.907949;181.835358;3.378334;1,012,039;221,400
1332;1.332012116024215;18;0;0.127238;1,011,911;1,011,911;0;0;44,820;1.000126;4.939759;1022.469087;395,911;616,000;1,011,911;0;0;0;0.0000538435606726241;6.106401920788642e-05;86.907949;181.835358;3.378334;1,012,039;221,400
1333;1.333050752957775;17;0;0.182057;1,011,911;1,011,911;0;0;44,820;1.000126;4.939759;1023.550918;395,911;616,000;1,011,911;0;0;0;5.973710791074574e-05;0.0000634409467120647;86.907949;181.835358;3.378334;1,012,039;221,400
1334;1.334017616835302;15;0;0.108281;1,011,911;1,011,911;0;0;44,820;1.000126;4.939759;1024.419152;395,911;616,000;1,011,911;0;0;0;6.328230989083875e-05;6.573775158138252e-05;86.907949;181.835358;3.378334;1,012,039;221,400
1335;1.33502249385019;16;0;0.109132;1,011,911;1,011,911;0;0;44,820;1.000126;4.939759;1025.183294;395,911;616,000;1,011,911;0;0;0;6.191572395559269e-05;6.451915738862771e-05;86.907949;181.835358;3.378334;1,012,039;221,400
1336;1.336057522233705;17;0;0.112300;1,011,911;1,011,911;0;0;44,820;1.000126;4.939759;1025.417663;395,911;616,000;1,011,911;0;0;0;5.945810538758164e-05;6.359893159222777e-05;86.907949;181.835358;3.378334;1,012,039;221,400
1337;1.337022754287347;16;0;0.107548;1,011,911;1,011,911;0;0;44,820;1.000126;4.939759;1025.566536;395,911;616,000;1,011,911;0;0;0;0.000059468379503559;6.188219064221092e-05;86.907949;181.835358;3.378334;1,012,039;221,400
1338;1.338027429565827;18;0;0.194131;1,011,911;1,011,911;0;0;44,820;1.000126;4.939759;1025.848805;395,911;616,000;1,011,911;0;0;0;4.989139333054184e-05;6.230295974668424e-05;86.907949;181.835358;3.378334;1,012,039;221,400
1339;1.339044960477231;18;0;0.122366;1,011,911;1,011,911;0;0;44,820;1.000126;4.939759;1025.997890;395,911;616,000;1,011,911;0;0;0;5.358043266516445e-05;6.212229559836207e-05;86.907949;181.835358;3.378334;1,012,039;221,400
1340;1.340050170972308;16;0;0.111223;1,011,911;1,011,911;0;0;44,820;1.000126;4.939759;1026.151201;395,911;616,000;1,011,911;0;0;0;6.147141541190794e-05;6.650237400032685e-05;86.907949;181.835358;3.378334;1,012,039;221,400
1341;1.341053731358112;17;0;0.113457;1,011,911;1,011,911;0;0;44,820;1.000126;4.939759;1026.348530;395,911;616,000;1,011,911;0;0;0;5.614648605877992e-05;6.710529909808456e-05;86.907949;181.835358;3.378334;1,012,039;221,400
1342;1.342022242650516;16;0;0.107938;1,011,911;1,011,911;0;0;44,820;1.000126;4.939759;1026.541960;395,911;616,000;1,011,911;0;0;0;5.707368116929956e-05;6.192869427366607e-05;86.907949;181.835358;3.378334;1,012,039;221,400
1343;1.343036565761704;18;0;0.118366;1,011,911;1,011,911;0;0;44,820;1.000126;4.939759;1026.744598;395,911;616,000;1,011,911;0;0;0;5.167686540193593e-05;5.914058460351115e-05;86.907949;181.835358;3.378334;1,012,039;221,400
1344;1.344044448475874;18;0;0.116928;1,011,911;1,011,911;0;0;42,579;1.000126;5.199746;1026.938857;395,911;616,000;1,011,911;0;0;0;0.0000522082592530582;6.028154411788196e-05;86.907949;181.835358;3.378334;1,012,039;221,400
1345;1.345028450750623;16;0;0.105701;1,011,911;1,011,911;0;0;42,579;1.000126;5.199746;1027.116800;395,911;616,000;1,011,911;0;0;0;5.957769295635587e-05;6.653567598227123e-05;86.907949;181.835358;3.378334;1,012,039;221,400
1346;1.34604864764437;16;0;0.108351;1,011,911;1,011,911;0;0;42,579;1.000126;5.199746;1027.341384;395,911;616,000;1,011,911;0;0;0;6.263823504969479e-05;0.0000653224023480028;86.907949;181.835358;3.378334;1,012,039;221,400
1347;1.34700540738809;15;0;0.104056;1,011,911;1,011,911;0;0;42,579;1.000126;5.199746;1027.584372;395,911;616,000;1,011,911;0;0;0;6.255733983886949e-05;6.604398930387856e-05;86.907949;181.835358;3.378334;1,012,039;221,400
1348;1.348041616890678;16;0;0.110702;1,011,911;1,011,911;0;0;42,579;1.000126;5.199746;1027.828852;395,911;616,000;1,011,911;0;0;0;0.0000639593733741527;6.555524184628188e-05;86.907949;181.835358;3.378334;1,012,039;221,400
1349;1.349007375782811;15;0;0.120215;1,011,911;1,011,911;0;0;42,579;1.000126;5.199746;1028.074929;395,911;616,000;1,011,911;0;0;0;6.331702626411585e-05;6.567775667922045e-05;86.907949;181.835358;3.378334;1,012,039;221,400
1350;1.350047056430265;16;0;0.109013;1,011,911;1,011,911;0;0;42,579;1.000126;5.199746;1028.312200;395,911;616,000;1,011,911;0;0;0;6.283758283578842e-05;6.700470819319847e-05;86.907949;181.835358;3.378334;1,012,039;221,400
1351;1.351034073696466;16;0;0.108569;1,011,911;1,011,911;0;0;42,579;1.000126;5.199746;1028.547977;395,911;616,000;1,011,911;0;0;0;5.923778498443915e-05;6.222258533272434e-05;86.907949;181.835358;3.378334;1,012,039;221,400
1352;1.352043388477858;17;0;0.112203;1,011,911;1,011,911;0;0;42,579;1.000126;5.199746;1028.796094;395,911;616,000;1,011,911;0;0;0;5.683337413796784e-05;6.434509075741765e-05;86.907949;181.835358;3.378334;1,012,039;221,400
1353;1.353014242325886;15;0;0.103277;1,011,911;1,011,911;0;0;42,579;1.000126;5.199746;1029.049244;395,911;616,000;1,011,911;0;0;0;6.370728259395145e-05;6.643411355300352e-05;86.907949;181.835358;3.378334;1,012,039;221,400
1354;1.354011644933529;15;0;0.177521;1,011,911;1,011,911;0;0;42,579;1.000126;5.199746;1030.234726;395,911;616,000;1,011,911;0;0;0;6.197754682151571e-05;6.815025191606367e-05;86.907949;181.835358;3.378334;1,012,039;221,400
1355;1.355058115610211;17;0;0.115209;1,011,911;1,011,911;0;0;42,579;1.000126;5.199746;1031.830126;395,911;616,000;1,011,911;0;0;0;5.896608732622519e-05;6.396695860064029e-05;86.907949;181.835358;3.378334;1,012,039;221,400
1356;1.356018062707701;16;0;0.112700;1,011,911;1,011,911;0;0;42,579;1.000126;5.199746;1032.759855;395,911;616,000;1,011,911;0;0;0;5.889396061125061e-05;6.177826866856899e-05;86.907949;181.835358;3.378334;1,012,039;221,400
1357;1.357011260143077;17;0;0.118609;1,011,911;1,011,911;0;0;42,579;1.000126;5.199746;1033.820715;395,911;616,000;1,011,911;0;0;0;0.0000556324453224807;6.082299033959693e-05;86.907949;181.835358;3.378334;1,012,039;221,400
1358;1.358034968944725;18;0;0.124636;1,011,911;1,011,911;0;0;42,579;1.000126;5.199746;1034.432416;395,911;616,000;1,011,911;0;0;0;5.539663738427342e-05;5.918388110137684e-05;86.907949;181.835358;3.378334;1,012,039;221,400
1359;1.359013542325083;17;0;0.120317;1,011,911;1,011,911;0;0;42,579;1.000126;5.199746;1034.771967;395,911;616,000;1,011,911;0;0;0;5.390188632256336e-05;5.999244444916787e-05;86.907949;181.835358;3.378334;1,012,039;221,400
1360;1.360058963921227;19;0;0.127211;1,011,911;1,011,911;0;0;42,579;1.000126;5.199746;1035.011583;395,911;616,000;1,011,911;0;0;0;5.282220528366868e-05;6.006153350294135e-05;86.907949;181.835358;3.378334;1,012,039;221,400
1361;1.361062654189364;16;0;0.113142;1,011,911;1,011,911;0;0;40,338;1.000126;5.488621;1035.296672;395,911;616,000;1,011,911;0;0;0;0.0000604439256728287;0.0000646826683761593;86.907949;181.835358;3.378334;1,012,039;221,400
1362;1.362057835802241;16;0;0.112851;1,011,911;1,011,911;0;0;40,338;1.000126;5.488621;1035.579932;395,911;616,000;1,011,911;0;0;0;5.699496780817482e-05;6.450409925592407e-05;86.907949;181.835358;3.378334;1,012,039;221,400
1363;1.363025961084701;17;0;0.117393;1,011,911;1,011,911;0;0;40,338;1.000126;5.488621;1035.877810;395,911;616,000;1,011,911;0;0;0;5.602974836392906e-05;5.924363638499544e-05;86.907949;181.835358;3.378334;1,012,039;221,400
1364;1.364015929428999;17;0;0.117469;1,011,911;1,011,911;0;0;40,338;1.000126;5.488621;1036.166461;395,911;616,000;1,011,911;0;0;0;5.643032637923688e-05;5.991062224693463e-05;86.907949;181.835358;3.378334;1,012,039;221,400
1365;1.365009837651446;17;0;0.195836;1,011,911;1,011,911;0;0;40,338;1.000126;5.488621;1036.740430;395,911;616,000;1,011,911;0;0;0;5.281838487578036e-05;6.170827584033455e-05;86.907949;181.835358;3.378334;1,012,039;221,400
1366;1.366057542488452;18;0;0.118673;1,011,911;1,011,911;0;0;40,338;1.000126;5.488621;1036.897558;395,911;616,000;1,011,911;0;0;0;5.380105242543928e-05;0.0000635266097077994;86.907949;181.835358;3.378334;1,012,039;221,400
1367;1.367036370555795;16;0;0.108080;1,011,911;1,011,911;0;0;40,338;1.000126;5.488621;1037.331570;395,911;616,000;1,011,911;0;0;0;5.934526636369025e-05;6.427147914507237e-05;86.907949;181.835358;3.378334;1,012,039;221,400
1368;1.368042507046859;16;0;0.113829;1,011,911;1,011,911;0;0;40,338;1.000126;5.488621;1037.625724;395,911;616,000;1,011,911;0;0;0;5.816040913399291e-05;6.530984515209773e-05;86.907949;181.835358;3.378334;1,012,039;221,400
1369;1.369020430887765;16;0;0.111831;1,011,911;1,011,911;0;0;40,338;1.000126;5.488621;1037.959430;395,911;616,000;1,011,911;0;0;0;5.816965492716012e-05;6.465516436383244e-05;86.907949;181.835358;3.378334;1,012,039;221,400
1370;1.370050785062457;17;0;0.115838;1,011,911;1,011,911;0;0;40,338;1.000126;5.488621;1038.421628;395,911;616,000;1,011,911;0;0;0;5.869771403160484e-05;6.300244635791485e-05;86.907949;181.835358;3.378334;1,012,039;221,400
1371;1.371032829134574;16;0;0.114102;1,011,911;1,011,911;0;0;40,338;1.000126;5.488621;1040.333795;395,911;616,000;1,011,911;0;0;0;0.0000596118181167853;6.523251622679963e-05;86.907949;181.835358;3.378334;1,012,039;221,400
1372;1.372032015157005;16;0;0.117679;1,011,911;1,011,911;0;0;40,338;1.000126;5.488621;1043.150821;395,911;616,000;1,011,911;0;0;0;6.069431164604423e-05;6.492379337056166e-05;86.907949;181.835358;3.378334;1,012,039;221,400
1373;1.373053097264854;16;0;0.115976;1,011,911;1,011,911;0;0;40,338;1.000126;5.488621;1044.222964;395,911;616,000;1,011,911;0;0;0;6.221472543266108e-05;6.607446467167983e-05;86.907949;181.835358;3.378334;1,012,039;221,400
1374;1.374058320038784;15;0;0.104665;1,011,911;1,011,911;0;0;40,338;1.000126;5.488621;1044.861150;395,911;616,000;1,011,911;0;0;0;6.622123757245201e-05;6.839213924821304e-05;86.907949;181.835358;3.378334;1,012,039;221,400
1375;1.375055132986788;15;0;0.190451;1,011,911;1,011,911;0;0;40,338;1.000126;5.488621;1045.530938;395,911;616,000;1,011,911;0;0;0;6.522723780935259e-05;6.869239789854064e-05;86.907949;181.835358;3.378334;1,012,039;221,400
1376;1.376061372955927;15;0;0.111073;1,011,911;1,011,911;0;0;40,338;1.000126;5.488621;1046.085000;395,911;616,000;1,011,911;0;0;0;6.455741552540029e-05;6.878517945896245e-05;86.907949;181.835358;3.378334;1,012,039;221,400
1377;1.377035424909127;15;0;0.113605;1,011,911;1,011,911;0;0;40,338;1.000126;5.488621;1046.673752;395,911;616,000;1,011,911;0;0;0;5.897218763514972e-05;6.700856165846729e-05;86.907949;181.835358;3.378334;1,012,039;221,400
1378;1.378007278478103;16;0;0.118672;1,011,911;1,011,911;0;0;40,338;1.000126;5.488621;1047.302009;395,911;616,000;1,011,911;0;0;0;5.870295392332084e-05;6.333495063865174e-05;86.907949;181.835358;3.378334;1,012,039;221,400
1379;1.379004240973086;16;0;0.113889;1,011,911;1,011,911;0;0;40,338;1.000126;5.488621;1047.944001;395,911;616,000;1,011,911;0;0;0;6.007171504892379e-05;6.544893204467029e-05;86.907949;181.835358;3.378334;1,012,039;221,400
1380;1.380054481332017;17;0;0.121009;1,011,911;1,011,911;0;0;40,338;1.000126;5.488621;1048.620297;395,911;616,000;1,011,911;0;0;0;0.000058910848162228;6.761995359820034e-05;86.907949;181.835358;3.378334;1,012,039;221,400
1381;1.3810585102418;15;0;0.103548;1,011,911;1,011,911;0;0;40,338;1.000126;5.488621;1049.323319;395,911;616,000;1,011,911;0;0;0;6.527690551766487e-05;6.884937947461501e-05;86.907949;181.835358;3.378334;1,012,039;221,400
1382;1.382033618950003;15;0;0.109005;1,011,911;1,011,911;0;0;40,338;1.000126;5.488621;1050.055187;395,911;616,000;1,011,911;0;0;0;0.0000636336833655665;6.690069941239619e-05;86.907949;181.835358;3.378334;1,012,039;221,400
1383;1.383038541156913;15;0;0.133062;1,011,911;1,011,911;0;0;40,338;1.000126;5.488621;1050.899192;395,911;616,000;1,011,911;0;0;0;6.188708198220245e-05;6.880674166244674e-05;86.907949;181.835358;3.378334;1,012,039;221,400
1384;1.38405301780287;16;0;0.112985;1,011,911;1,011,911;0;0;40,338;1.000126;5.488621;1053.986289;395,911;616,000;1,011,911;0;0;0;6.121172542821592e-05;6.626319490281924e-05;86.907949;181.835358;3.378334;1,012,039;221,400
1385;1.385002166788816;14;0;0.106404;1,011,911;1,011,911;0;0;40,338;1.000126;5.488621;1057.083538;395,911;616,000;1,011,911;0;0;0;0.0000666537962334143;7.004186018231618e-05;86.907949;181.835358;3.378334;1,012,039;221,400
1386;1.386030614465983;15;0;0.110421;1,011,911;1,011,911;0;0;40,338;1.000126;5.488621;1058.516967;395,911;616,000;1,011,911;0;0;0;6.138796506607667e-05;7.075523906007707e-05;86.907949;181.835358;3.378334;1,012,039;221,400
1387;1.387027023388266;17;0;0.123307;1,011,911;1,011,911;0;0;40,338;1.000126;5.488621;1059.391851;395,911;616,000;1,011,911;0;0;0;5.701234458590328e-05;6.067342673797751e-05;86.907949;181.835358;3.378334;1,012,039;221,400
1388;1.388019246085166;17;0;0.118548;1,011,911;1,011,911;0;0;40,338;1.000126;5.488621;1060.239637;395,911;616,000;1,011,911;0;0;0;0.0000553641490658596;0.0000615859276912302;86.907949;181.835358;3.378334;1,012,039;221,400
1389;1.389044937273629;18;0;0.130519;1,011,911;1,011,911;0;0;40,338;1.000126;5.488621;1061.063997;395,911;616,000;1,011,911;0;0;0;0.000048807371280595;6.223548710218601e-05;86.907949;181.835358;3.378334;1,012,039;221,400
1390;1.39004570902922;18;0;0.122941;1,011,911;1,011,911;0;0;40,338;1.000126;5.488621;1061.881975;395,911;616,000;1,011,911;0;0;0;4.941267180250779e-05;6.565286418649258e-05;86.907949;181.835358;3.378334;1,012,039;221,400
1391;1.391024382900595;14;0;0.106176;1,011,911;1,011,911;0;0;40,338;1.000126;5.488621;1062.674668;395,911;616,000;1,011,911;0;0;0;6.681967082320093e-05;7.217493735097923e-05;86.907949;181.835358;3.378334;1,012,039;221,400
1392;1.392061980806452;15;0;0.110484;1,011,911;1,011,911;0;0;40,338;1.000126;5.488621;1063.488980;395,911;616,000;1,011,911;0;0;0;6.318881001643212e-05;7.032597238181021e-05;86.907949;181.835358;3.378334;1,012,039;221,400
1393;1.3930243410351;15;0;0.111100;1,011,911;1,011,911;0;0;40,338;1.000126;5.488621;1064.255008;395,911;616,000;1,011,911;0;0;0;0.0000622195960473687;6.848066883479059e-05;86.907949;181.835358;3.378334;1,012,039;221,400
1394;1.394029480864104;15;0;0.108918;1,011,911;1,011,911;0;0;40,338;1.000126;5.488621;1064.992830;395,911;616,000;1,011,911;0;0;0;6.609310813377817e-05;6.903387471192305e-05;86.907949;181.835358;3.378334;1,012,039;221,400
1395;1.395029066318634;15;0;0.108754;1,011,911;1,011,911;0;0;40,338;1.000126;5.488621;1065.678216;395,911;616,000;1,011,911;0;0;0;6.168603636142557e-05;6.869051296888129e-05;86.907949;181.835358;3.378334;1,012,039;221,400
1396;1.396058416921867;16;0;0.113301;1,011,911;1,011,911;0;0;40,338;1.000126;5.488621;1066.619206;395,911;616,000;1,011,911;0;0;0;6.155363962316315e-05;6.819225053029024e-05;86.907949;181.835358;3.378334;1,012,039;221,400
1397;1.397011569784653;14;0;0.100018;1,011,911;1,011,911;0;0;40,338;1.000126;5.488621;1069.061197;395,911;616,000;1,011,911;0;0;0;6.744882445369613e-05;6.927359452195902e-05;86.907949;181.835358;3.378334;1,012,039;221,400
1398;1.398055233430613;15;0;0.109889;1,011,911;1,011,911;0;0;40,338;1.000126;5.488621;1071.062123;395,911;616,000;1,011,911;0;0;0;6.837152016836239e-05;7.076636932545942e-05;86.907949;181.835358;3.378334;1,012,039;221,400
1399;1.399028254909256;14;0;0.099135;1,011,911;1,011,911;0;0;40,338;1.000126;5.488621;1072.252095;395,911;616,000;1,011,911;0;0;0;6.888519118209117e-05;7.036035339774752e-05;86.907949;181.835358;3.378334;1,012,039;221,400
1400;1.40006322561921;15;0;0.107187;1,011,911;1,011,911;0;0;38,097;1.000126;5.811481;1075.365472;395,911;616,000;1,011,911;0;0;0;6.393044755839127e-05;7.092817599054814e-05;86.907949;181.835358;3.378334;1,012,039;221,400
1401;1.401037784418035;16;0;0.125048;1,011,911;1,011,911;0;0;38,097;1.000126;5.811481;1078.166677;395,911;616,000;1,011,911;0;0;0;0.0000527643289679356;6.289479662493407e-05;86.907949;181.835358;3.378334;1,012,039;221,400
1402;1.402006772702179;20;0;0.141808;1,011,911;1,011,911;0;0;38,097;1.000126;5.811481;1080.713280;395,911;616,000;1,011,911;0;0;0;4.465451120731943e-05;5.439044130363101e-05;86.907949;181.835358;3.378334;1,012,039;221,400
1403;1.403029639933128;18;0;0.195357;1,011,911;1,011,911;0;0;38,097;1.000126;5.811481;1082.750578;395,911;616,000;1,011,911;0;0;0;5.497040069988383e-05;5.844687105183677e-05;86.907949;181.835358;3.378334;1,012,039;221,400
1404;1.404042227306587;18;0;0.126586;1,011,911;1,011,911;0;0;38,097;1.000126;5.811481;1084.604927;395,911;616,000;1,011,911;0;0;0;5.399306999420991e-05;5.886582293317232e-05;86.907949;181.835358;3.378334;1,012,039;221,400
1405;1.405039647660167;17;0;0.115185;1,011,911;1,011,911;0;0;38,097;1.000126;5.811481;1086.431291;395,911;616,000;1,011,911;0;0;0;5.656447334226913e-05;6.053521470931358e-05;86.907949;181.835358;3.378334;1,012,039;221,400
1406;1.406019806341719;18;0;0.127431;1,011,911;1,011,911;0;0;38,097;1.000126;5.811481;1088.257315;395,911;616,000;1,011,911;0;0;0;4.883355612848805e-05;5.683200948993004e-05;86.907949;181.835358;3.378334;1,012,039;221,400
1407;1.407040544116296;19;0;0.132105;1,011,911;1,011,911;0;0;38,097;1.000126;5.811481;1090.109299;395,911;616,000;1,011,911;0;0;0;4.912145814161455e-05;5.939090846145392e-05;86.907949;181.835358;3.378334;1,012,039;221,400
1408;1.40803009938488;17;0;0.124057;1,011,911;1,011,911;0;0;38,097;1.000126;5.811481;1091.915223;395,911;616,000;1,011,911;0;0;0;4.736654361250522e-05;6.085154822298214e-05;86.907949;181.835358;3.378334;1,012,039;221,400
1409;1.409025475081338;20;0;0.164137;1,011,911;1,011,911;0;0;38,097;1.000126;5.811481;1093.804956;395,911;616,000;1,011,911;0;0;0;4.696421999564034e-05;5.635805403348826e-05;86.907949;181.835358;3.378334;1,012,039;221,400
1410;1.410051823026283;17;0;0.116921;1,011,911;1,011,911;0;0;38,097;1.000126;5.811481;1095.598243;395,911;616,000;1,011,911;0;0;0;5.741692201043264e-05;6.297650888336042e-05;86.907949;181.835358;3.378334;1,012,039;221,400
1411;1.411032731880589;16;0;0.118785;1,011,911;1,011,911;0;0;38,097;1.000126;5.811481;1097.359878;395,911;616,000;1,011,911;0;0;0;6.039852186555064e-05;0.0000625111831917698;86.907949;181.835358;3.378334;1,012,039;221,400
1412;1.412053560009642;18;0;0.123145;1,011,911;1,011,911;0;0;38,097;1.000126;5.811481;1099.145462;395,911;616,000;1,011,911;0;0;0;5.511302019118683e-05;6.147601759356389e-05;86.907949;181.835358;3.378334;1,012,039;221,400
1413;1.413051495051229;19;0;0.135187;1,011,911;1,011,911;0;0;38,097;1.000126;5.811481;1100.936464;395,911;616,000;1,011,911;0;0;0;4.876885129724447e-05;5.741662821871179e-05;86.907949;181.835358;3.378334;1,012,039;221,400
1414;1.414022466547392;18;0;0.142787;1,011,911;1,011,911;0;0;38,097;1.000126;5.811481;1102.560326;395,911;616,000;1,011,911;0;0;0;5.051533276139794e-05;0.0000580275099018706;86.907949;181.835358;3.378334;1,012,039;221,400
1415;1.415004769523408;19;0;0.134073;1,011,911;1,011,911;0;0;38,097;1.000126;5.811481;1103.580367;395,911;616,000;1,011,911;0;0;0;5.016807895590511e-05;5.475734456062391e-05;86.907949;181.835358;3.378334;1,012,039;221,400
1416;1.416013917728746;19;0;0.132965;1,011,911;1,011,911;0;0;38,097;1.000126;5.811481;1104.187112;395,911;616,000;1,011,911;0;0;0;5.109035370459431e-05;0.0000548813407125278;86.907949;181.835358;3.378334;1,012,039;221,400
1417;1.417051418348699;18;0;0.123920;1,011,911;1,011,911;0;0;38,097;1.000126;5.811481;1104.878567;395,911;616,000;1,011,911;0;0;0;5.476683846661982e-05;6.033223536863696e-05;86.907949;181.835358;3.378334;1,012,039;221,400
1418;1.418020294180704;16;0;0.113623;1,011,911;1,011,911;0;0;38,097;1.000126;5.811481;1108.158871;395,911;616,000;1,011,911;0;0;0;5.932054964942508e-05;6.140312573469334e-05;86.907949;181.835358;3.378334;1,012,039;221,400
1419;1.419047656492219;18;0;0.128508;1,011,911;1,011,911;0;0;38,097;1.000126;5.811481;1109.689511;395,911;616,000;1,011,911;0;0;0;5.442002525296951e-05;6.080871914006241e-05;86.907949;181.835358;3.378334;1,012,039;221,400
1420;1.420026599129611;18;0;0.128723;1,011,911;1,011,911;0;0;38,097;1.000126;5.811481;1110.353454;395,911;616,000;1,011,911;0;0;0;5.220322200821917e-05;5.700000770097152e-05;86.907949;181.835358;3.378334;1,012,039;221,400
1421;1.421043107162833;18;0;0.124570;1,011,911;1,011,911;0;0;38,097;1.000126;5.811481;1111.008871;395,911;616,000;1,011,911;0;0;0;5.454737248591588e-05;5.846930685401552e-05;86.907949;181.835358;3.378334;1,012,039;221,400
1422;1.422016591049322;18;0;0.125864;1,011,911;1,011,911;0;0;38,097;1.000126;5.811481;1111.685533;395,911;616,000;1,011,911;0;0;0;5.328209058341792e-05;5.530600582002394e-05;86.907949;181.835358;3.378334;1,012,039;221,400
1423;1.423001166704763;19;0;0.130710;1,011,911;1,011,911;0;0;38,097;1.000126;5.811481;1112.228030;395,911;616,000;1,011,911;0;0;0;0.0000499301590386632;5.558271174614905e-05;86.907949;181.835358;3.378334;1,012,039;221,400
1424;1.424009542166636;20;0;0.130307;1,011,911;1,011,911;0;0;38,097;1.000126;5.811481;1112.477091;395,911;616,000;1,011,911;0;0;0;4.678044945878382e-05;5.269081220070536e-05;86.907949;181.835358;3.378334;1,012,039;221,400
1425;1.425037940704684;23;0;0.148298;1,011,911;1,011,911;0;0;38,097;1.000126;5.811481;1112.762056;395,911;616,000;1,011,911;0;0;0;4.328302662154552e-05;4.672779493855417e-05;86.907949;181.835358;3.378334;1,012,039;221,400
1426;1.426020587631825;21;0;0.140503;1,011,911;1,011,911;0;0;38,097;1.000126;5.811481;1112.944622;395,911;616,000;1,011,911;0;0;0;4.548904179340282e-05;0.0000509005050761535;86.907949;181.835358;3.378334;1,012,039;221,400
1427;1.427015102376525;20;0;0.152893;1,011,911;1,011,911;0;0;38,097;1.000126;5.811481;1113.128102;395,911;616,000;1,011,911;0;0;0;4.769557125043051e-05;5.206764517885891e-05;86.907949;181.835358;3.378334;1,012,039;221,400
1428;1.428045652750785;21;0;0.179063;1,011,911;1,011,911;0;0;38,097;1.000126;5.811481;1113.336828;395,911;616,000;1,011,911;0;0;0;4.851562556997102e-05;5.035389905053538e-05;86.907949;181.835358;3.378334;1,012,039;221,400
1429;1.4290330590242;20;0;0.133115;1,011,911;1,011,911;0;0;38,097;1.000126;5.811481;1113.519316;395,911;616,000;1,011,911;0;0;0;4.859034374599784e-05;5.070296574218267e-05;86.907949;181.835358;3.378334;1,012,039;221,400
1430;1.430026704823115;20;0;0.131636;1,011,911;1,011,911;0;0;38,097;1.000126;5.811481;1113.683378;395,911;616,000;1,011,911;0;0;0;4.885947760761246e-05;5.086063803468431e-05;86.907949;181.835358;3.378334;1,012,039;221,400
1431;1.431033893749144;20;0;0.131367;1,011,911;1,011,911;0;0;38,097;1.000126;5.811481;1113.844530;395,911;616,000;1,011,911;0;0;0;4.968082802164981e-05;5.115416119322167e-05;86.907949;181.835358;3.378334;1,012,039;221,400
1432;1.432035012041345;21;0;0.135933;1,011,911;1,011,911;0;0;38,097;1.000126;5.811481;1114.009969;395,911;616,000;1,011,911;0;0;0;4.517415581807692e-05;5.097832181039366e-05;86.907949;181.835358;3.378334;1,012,039;221,400
1433;1.433034248874121;19;0;0.132019;1,011,911;1,011,911;0;0;38,097;1.000126;5.811481;1114.360320;395,911;616,000;1,011,911;0;0;0;5.065753348532165e-05;5.458764591717495e-05;86.907949;181.835358;3.378334;1,012,039;221,400
1434;1.434013035117511;18;0;0.126687;1,011,911;1,011,911;0;0;38,097;1.000126;5.811481;1115.149928;395,911;616,000;1,011,911;0;0;0;5.161276066408237e-05;5.668488809125857e-05;86.907949;181.835358;3.378334;1,012,039;221,400
1435;1.435041582543496;20;0;0.128933;1,011,911;1,011,911;0;0;38,097;1.000126;5.811481;1115.310442;395,911;616,000;1,011,911;0;0;0;4.958885550137399e-05;5.327912951702836e-05;86.907949;181.835358;3.378334;1,012,039;221,400
1436;1.436038617938687;20;0;0.137846;1,011,911;1,011,911;0;0;38,097;1.000126;5.811481;1115.475458;395,911;616,000;1,011,911;0;0;0;4.589063209417388e-05;0.0000522323195959475;86.907949;181.835358;3.378334;1,012,039;221,400
1437;1.437034251457933;21;0;0.181571;1,011,911;1,011,911;0;0;38,097;1.000126;5.811481;1115.682471;395,911;616,000;1,011,911;0;0;0;4.604062325712156e-05;0.0000489093176856028;86.907949;181.835358;3.378334;1,012,039;221,400
1438;1.438046021657971;21;0;0.146029;1,011,911;1,011,911;0;0;38,097;1.000126;5.811481;1117.515619;395,911;616,000;1,011,911;0;0;0;4.649866624536021e-05;4.977624791534986e-05;86.907949;181.835358;3.378334;1,012,039;221,400
1439;1.439035438867763;20;0;0.147626;1,011,911;1,011,911;0;0;38,097;1.000126;5.811481;1119.416643;395,911;616,000;1,011,911;0;0;0;4.768840565300578e-05;5.152789003448993e-05;86.907949;181.835358;3.378334;1,012,039;221,400
1440;1.440005746703191;19;0;0.135337;1,011,911;1,011,911;0;0;38,097;1.000126;5.811481;1121.267900;395,911;616,000;1,011,911;0;0;0;4.924943904107127e-05;5.328629774979511e-05;86.907949;181.835358;3.378334;1,012,039;221,400
1441;1.441037228068178;20;0;0.138871;1,011,911;1,011,911;0;0;38,097;1.000126;5.811481;1123.170369;395,911;616,000;1,011,911;0;0;0;4.919290753033002e-05;0.000053611498738482;86.907949;181.835358;3.378334;1,012,039;221,400
1442;1.442015078644083;19;0;0.130639;1,011,911;1,011,911;0;0;38,097;1.000126;5.811481;1125.061580;395,911;616,000;1,011,911;0;0;0;4.914598464805054e-05;5.373770012030742e-05;86.907949;181.835358;3.378334;1,012,039;221,400
1443;1.443003098235398;18;0;0.131850;1,011,911;1,011,911;0;0;38,097;1.000126;5.811481;1126.925203;395,911;616,000;1,011,911;0;0;0;5.271945510679087e-05;5.696062925630096e-05;86.907949;181.835358;3.378334;1,012,039;221,400
1444;1.444047802416369;19;0;0.165040;1,011,911;1,011,911;0;0;38,097;1.000126;5.811481;1128.858546;395,911;616,000;1,011,911;0;0;0;5.319142761830193e-05;0.000056415696612048;86.907949;181.835358;3.378334;1,012,039;221,400
1445;1.44503590592299;18;0;0.129856;1,011,911;1,011,911;0;0;38,097;1.000126;5.811481;1130.686018;395,911;616,000;1,011,911;0;0;0;5.277481653319955e-05;5.628318830286903e-05;86.907949;181.835358;3.378334;1,012,039;221,400
1446;1.446040102604078;19;0;0.130385;1,011,911;1,011,911;0;0;38,097;1.000126;5.811481;1132.586045;395,911;616,000;1,011,911;0;0;0;4.955800331338257e-05;0.0000545225679874371;86.907949;181.835358;3.378334;1,012,039;221,400
1447;1.447002421926105;19;0;0.134187;1,011,911;1,011,911;0;0;38,097;1.000126;5.811481;1134.489520;395,911;616,000;1,011,911;0;0;0;4.928992977041034e-05;5.204541677811898e-05;86.907949;181.835358;3.378334;1,012,039;221,400
1448;1.44804769126419;21;0;0.145150;1,011,911;1,011,911;0;0;38,097;1.000126;5.811481;1136.353199;395,911;616,000;1,011,911;0;0;0;4.827439795874296e-05;5.210602215606392e-05;86.907949;181.835358;3.378334;1,012,039;221,400
1449;1.449025514190253;20;0;0.154728;1,011,911;1,011,911;0;0;38,097;1.000126;5.811481;1138.262329;395,911;616,000;1,011,911;0;0;0;4.807270363816531e-05;0.0000507369295890176;86.907949;181.835358;3.378334;1,012,039;221,400
1450;1.450044584729904;21;0;0.147769;1,011,911;1,011,911;0;0;38,097;1.000126;5.811481;1140.155008;395,911;616,000;1,011,911;0;0;0;4.758739545078386e-05;4.931680916678115e-05;86.907949;181.835358;3.378334;1,012,039;221,400
1451;1.451004822017551;19;0;0.161550;1,011,911;1,011,911;0;0;38,097;1.000126;5.811481;1141.994489;395,911;616,000;1,011,911;0;0;0;4.952214624328918e-05;5.243589491861967e-05;86.907949;181.835358;3.378334;1,012,039;221,400
1452;1.452024651774693;21;0;0.143653;1,011,911;1,011,911;0;0;38,097;1.000126;5.811481;1143.826139;395,911;616,000;1,011,911;0;0;0;0.0000470891268373691;5.028639524727558e-05;86.907949;181.835358;3.378334;1,012,039;221,400
1453;1.453018816478522;20;0;0.134155;1,011,911;1,011,911;0;0;38,097;1.000126;5.811481;1145.650511;395,911;616,000;1,011,911;0;0;0;4.864830416888034e-05;5.264020096414245e-05;86.907949;181.835358;3.378334;1,012,039;221,400
1454;1.454022253743301;20;0;0.141593;1,011,911;1,011,911;0;0;38,097;1.000126;5.811481;1147.504820;395,911;616,000;1,011,911;0;0;0;4.841421599730014e-05;5.262689969947604e-05;86.907949;181.835358;3.378334;1,012,039;221,400
1455;1.455019061895497;20;0;0.140158;1,011,911;1,011,911;0;0;35,856;1.000126;6.174699;1149.275981;395,911;616,000;1,011,911;0;0;0;4.762339666779599e-05;5.251336613035303e-05;86.907949;181.835358;3.378334;1,012,039;221,400
1456;1.456000237086107;19;0;0.131773;1,011,911;1,011,911;0;0;35,856;1.000126;6.174699;1151.052194;395,911;616,000;1,011,911;0;0;0;5.029566562746588e-05;5.354708108804246e-05;86.907949;181.835358;3.378334;1,012,039;221,400
1457;1.457031876430677;21;0;0.259904;1,011,911;1,011,911;0;0;35,856;1.000126;6.174699;1152.930047;395,911;616,000;1,011,911;0;0;0;4.820786087377869e-05;5.028445975484884e-05;86.907949;181.835358;3.378334;1,012,039;221,400
1458;1.458032583994987;20;0;0.138841;1,011,911;1,011,911;0;0;35,856;1.000126;6.174699;1154.475672;395,911;616,000;1,011,911;0;0;0;4.814868179320515e-05;0.0000528015729864378;86.907949;181.835358;3.378334;1,012,039;221,400
1459;1.459013663494383;20;0;0.139069;1,011,911;1,011,911;0;0;35,856;1.000126;6.174699;1156.175489;395,911;616,000;1,011,911;0;0;0;0.0000478604927095866;5.044947050652771e-05;86.907949;181.835358;3.378334;1,012,039;221,400
1460;1.460046431848999;22;0;0.150154;1,011,911;1,011,911;0;0;35,856;1.000126;6.174699;1157.853309;395,911;616,000;1,011,911;0;0;0;4.608460374853648e-05;4.859325081525202e-05;86.907949;181.835358;3.378334;1,012,039;221,400
1461;1.461041421845529;21;0;0.161545;1,011,911;1,011,911;0;0;35,856;1.000126;6.174699;1159.575625;395,911;616,000;1,011,911;0;0;0;4.551696190164867e-05;0.0000514022410909886;86.907949;181.835358;3.378334;1,012,039;221,400
1462;1.462019385677244;19;0;0.139127;1,011,911;1,011,911;0;0;35,856;1.000126;6.174699;1161.207829;395,911;616,000;1,011,911;0;0;0;4.753653253088935e-05;0.0000528275604836536;86.907949;181.835358;3.378334;1,012,039;221,400
1463;1.463024663206356;21;0;0.151766;1,011,911;1,011,911;0;0;35,856;1.000126;6.174699;1162.919898;395,911;616,000;1,011,911;0;0;0;4.533264184413714e-05;5.109120162816813e-05;86.907949;181.835358;3.378334;1,012,039;221,400
1464;1.464032230151371;20;0;0.137094;1,011,911;1,011,911;0;0;35,856;1.000126;6.174699;1164.315602;395,911;616,000;1,011,911;0;0;0;4.669450545942919e-05;5.336727650602553e-05;86.907949;181.835358;3.378334;1,012,039;221,400
1465;1.465021102316262;21;0;0.147047;1,011,911;1,011,911;0;0;35,856;1.000126;6.174699;1165.471420;395,911;616,000;1,011,911;0;0;0;4.379500347728004e-05;5.026256993001558e-05;86.907949;181.835358;3.378334;1,012,039;221,400
1466;1.466040495355214;20;0;0.138617;1,011,911;1,011,911;0;0;35,856;1.000126;6.174699;1166.314394;395,911;616,000;1,011,911;0;0;0;4.751434287423486e-05;5.260169192658969e-05;86.907949;181.835358;3.378334;1,012,039;221,400
1467;1.467002932962479;20;0;0.138526;1,011,911;1,011,911;0;0;35,856;1.000126;6.174699;1166.755481;395,911;616,000;1,011,911;0;0;0;4.699741664081008e-05;5.067999246584366e-05;86.907949;181.835358;3.378334;1,012,039;221,400
1468;1.468037516879506;21;0;0.139840;1,011,911;1,011,911;0;0;35,856;1.000126;6.174699;1167.188995;395,911;616,000;1,011,911;0;0;0;0.0000475638123446772;5.131090499766244e-05;86.907949;181.835358;3.378334;1,012,039;221,400
1469;1.46903717063908;20;0;0.136551;1,011,911;1,011,911;0;0;35,856;1.000126;6.174699;1167.554692;395,911;616,000;1,011,911;0;0;0;4.775401302970059e-05;5.314382929292328e-05;86.907949;181.835358;3.378334;1,012,039;221,400
1470;1.470043964395217;19;0;0.127896;1,011,911;1,011,911;0;0;35,856;1.000126;6.174699;1167.957328;395,911;616,000;1,011,911;0;0;0;5.149327111896702e-05;5.511401050419618e-05;86.907949;181.835358;3.378334;1,012,039;221,400
1471;1.471026238605518;19;0;0.203862;1,011,911;1,011,911;0;0;35,856;1.000126;6.174699;1168.308682;395,911;616,000;1,011,911;0;0;0;0.0000494260692193612;5.453957265081049e-05;86.907949;181.835358;3.378334;1,012,039;221,400
1472;1.472007213852337;18;0;0.125550;1,011,911;1,011,911;0;0;35,856;1.000126;6.174699;1168.576351;395,911;616,000;1,011,911;0;0;0;0.0000537614614185631;0.0000559026074628371;86.907949;181.835358;3.378334;1,012,039;221,400
1473;1.473014641532928;18;0;0.119850;1,011,911;1,011,911;0;0;35,856;1.000126;6.174699;1168.858600;395,911;616,000;1,011,911;0;0;0;5.488753477817411e-05;5.676640711865804e-05;86.907949;181.835358;3.378334;1,012,039;221,400
1474;1.474042301012438;19;0;0.127196;1,011,911;1,011,911;0;0;35,856;1.000126;6.174699;1169.777657;395,911;616,000;1,011,911;0;0;0;0.0000502771306698902;5.560827976169487e-05;86.907949;181.835358;3.378334;1,012,039;221,400
1475;1.475024826921241;19;0;0.222452;1,011,911;1,011,911;0;0;35,856;1.000126;6.174699;1170.483652;395,911;616,000;1,011,911;0;0;0;5.026407302480718e-05;5.444825628986559e-05;86.907949;181.835358;3.378334;1,012,039;221,400
1476;1.476007046643695;19;0;0.132666;1,011,911;1,011,911;0;0;35,856;1.000126;6.174699;1171.017150;395,911;616,000;1,011,911;0;0;0;4.946585065958969e-05;5.451855195472059e-05;86.907949;181.835358;3.378334;1,012,039;221,400
1477;1.477025750621231;19;0;0.127068;1,011,911;1,011,911;0;0;35,856;1.000126;6.174699;1171.683669;395,911;616,000;1,011,911;0;0;0;5.188209462966867e-05;5.576960429872882e-05;86.907949;181.835358;3.378334;1,012,039;221,400
1478;1.47801232631149;19;0;0.128271;1,011,911;1,011,911;0;0;35,856;1.000126;6.174699;1172.303847;395,911;616,000;1,011,911;0;0;0;4.987995768144723e-05;5.435356552672643e-05;86.907949;181.835358;3.378334;1,012,039;221,400
1479;1.479013477516894;19;0;0.125845;1,011,911;1,011,911;0;0;35,856;1.000126;6.174699;1172.459823;395,911;616,000;1,011,911;0;0;0;5.065094763791777e-05;5.537493538346805e-05;86.907949;181.835358;3.378334;1,012,039;221,400
1480;1.480021612748217;19;0;0.174102;1,011,911;1,011,911;0;0;35,856;1.000126;6.174699;1172.719135;395,911;616,000;1,011,911;0;0;0;5.159648819221351e-05;5.630591481907469e-05;86.907949;181.835358;3.378334;1,012,039;221,400
1481;1.481036106685002;19;0;0.138798;1,011,911;1,011,911;0;0;35,856;1.000126;6.174699;1173.018230;395,911;616,000;1,011,911;0;0;0;0.0000507889161211041;5.628680962694042e-05;86.907949;181.835358;3.378334;1,012,039;221,400
1482;1.482015428141714;18;0;0.121540;1,011,911;1,011,911;0;0;35,856;1.000126;6.174699;1173.344100;395,911;616,000;1,011,911;0;0;0;5.311257250447706e-05;5.629896722105694e-05;86.907949;181.835358;3.378334;1,012,039;221,400
1483;1.483018830710794;18;0;0.127301;1,011,911;1,011,911;0;0;35,856;1.000126;6.174699;1173.693547;395,911;616,000;1,011,911;0;0;0;5.420914051912134e-05;5.794891818223372e-05;86.907949;181.835358;3.378334;1,012,039;221,400
1484;1.484052978823826;19;0;0.129430;1,011,911;1,011,911;0;0;35,856;1.000126;6.174699;1175.441669;395,911;616,000;1,011,911;0;0;0;5.194166972393555e-05;5.784184844286852e-05;86.907949;181.835358;3.378334;1,012,039;221,400
1485;1.485053150881215;18;0;0.126726;1,011,911;1,011,911;0;0;35,856;1.000126;6.174699;1176.642940;395,911;616,000;1,011,911;0;0;0;5.458312456664845e-05;5.731825323559411e-05;86.907949;181.835358;3.378334;1,012,039;221,400
1486;1.486034756573372;18;0;0.130053;1,011,911;1,011,911;0;0;35,856;1.000126;6.174699;1177.765619;395,911;616,000;1,011,911;0;0;0;5.281887842869867e-05;5.652590462735376e-05;86.907949;181.835358;3.378334;1,012,039;221,400
1487;1.487016012970821;19;0;0.133150;1,011,911;1,011,911;0;0;35,856;1.000126;6.174699;1178.765961;395,911;616,000;1,011,911;0;0;0;4.669607741305137e-05;5.649470110678642e-05;86.907949;181.835358;3.378334;1,012,039;221,400
1488;1.488016156514671;21;0;0.144404;1,011,911;1,011,911;0;0;35,856;1.000126;6.174699;1179.432545;395,911;616,000;1,011,911;0;0;0;0.0000437390825243044;4.871258828104453e-05;86.907949;181.835358;3.378334;1,012,039;221,400
1489;1.489035093471487;23;0;0.155902;1,011,911;1,011,911;0;0;35,856;1.000126;6.174699;1180.013129;395,911;616,000;1,011,911;0;0;0;0.0000410927935533751;4.624701176228131e-05;86.907949;181.835358;3.378334;1,012,039;221,400
1490;1.490009262694737;23;0;0.154494;1,011,911;1,011,911;0;0;35,856;1.000126;6.174699;1180.543716;395,911;616,000;1,011,911;0;0;0;0.0000410945956430648;4.390241278294332e-05;86.907949;181.835358;3.378334;1,012,039;221,400
1491;1.491022991317678;23;0;0.155759;1,011,911;1,011,911;0;0;35,856;1.000126;6.174699;1181.025976;395,911;616,000;1,011,911;0;0;0;4.303586982397349e-05;4.579072338484249e-05;86.907949;181.835358;3.378334;1,012,039;221,400
1492;1.492025468750289;22;0;0.147050;1,011,911;1,011,911;0;0;35,856;1.000126;6.174699;1181.208116;395,911;616,000;1,011,911;0;0;0;4.334193480818961e-05;0.0000475232451267942;86.907949;181.835358;3.378334;1,012,039;221,400
1493;1.493004138996012;22;0;0.223851;1,011,911;1,011,911;0;0;35,856;1.000126;6.174699;1181.462693;395,911;616,000;1,011,911;0;0;0;4.284638719907766e-05;4.714244938001534e-05;86.907949;181.835358;3.378334;1,012,039;221,400
1494;1.494020613102422;22;0;0.145867;1,011,911;1,011,911;0;0;35,856;1.000126;6.174699;1181.652585;395,911;616,000;1,011,911;0;0;0;4.284900848389707e-05;4.858581798983955e-05;86.907949;181.835358;3.378334;1,012,039;221,400
1495;1.495001586674013;21;0;0.139227;1,011,911;1,011,911;0;0;35,856;1.000126;6.174699;1181.822665;395,911;616,000;1,011,911;0;0;0;0.0000433955176110343;4.913219476200462e-05;86.907949;181.835358;3.378334;1,012,039;221,400
1496;1.496001912601189;21;0;0.140868;1,011,911;1,011,911;0;0;35,856;1.000126;6.174699;1181.994811;395,911;616,000;1,011,911;0;0;0;4.434795142992001e-05;4.932494007622742e-05;86.907949;181.835358;3.378334;1,012,039;221,400
1497;1.497034810967523;23;0;0.150032;1,011,911;1,011,911;0;0;35,856;1.000126;6.174699;1182.176389;395,911;616,000;1,011,911;0;0;0;4.378301309505582e-05;4.696298225756741e-05;86.907949;181.835358;3.378334;1,012,039;221,400
1498;1.498009132420643;21;0;0.137980;1,011,911;1,011,911;0;0;35,856;1.000126;6.174699;1182.345217;395,911;616,000;1,011,911;0;0;0;4.410029401007249e-05;4.976625973808544e-05;86.907949;181.835358;3.378334;1,012,039;221,400
1499;1.499027687037624;20;0;0.133416;1,011,911;1,011,911;0;0;35,856;1.000126;6.174699;1182.508335;395,911;616,000;1,011,911;0;0;0;5.014522761323324e-05;5.298860160633565e-05;86.907949;181.835358;3.378334;1,012,039;221,400
1500;1.500027650354258;22;0;0.144676;1,011,911;1,011,911;0;0;35,856;1.000126;6.174699;1182.684405;395,911;616,000;1,011,911;0;0;0;4.212431755900784e-05;4.948124104382515e-05;86.907949;181.835358;3.378334;1,012,039;221,400
1501;1.501013552382906;22;0;0.144028;1,011,911;1,011,911;0;0;35,856;1.000126;6.174699;1182.859884;395,911;616,000;1,011,911;0;0;0;4.405640709328187e-05;4.623291475012431e-05;86.907949;181.835358;3.378334;1,012,039;221,400
1502;1.502011639009869;22;0;0.151907;1,011,911;1,011,911;0;0;35,856;1.000126;6.174699;1183.042168;395,911;616,000;1,011,911;0;0;0;4.483522569050691e-05;4.687774739336468e-05;86.907949;181.835358;3.378334;1,012,039;221,400
1503;1.503033688202323;22;0;0.149728;1,011,911;1,011,911;0;0;35,856;1.000126;6.174699;1183.237764;395,911;616,000;1,011,911;0;0;0;4.482406221029248e-05;4.876065635270072e-05;86.907949;181.835358;3.378334;1,012,039;221,400
1504;1.504007657022344;21;0;0.141363;1,011,911;1,011,911;0;0;35,856;1.000126;6.174699;1183.421040;395,911;616,000;1,011,911;0;0;0;4.345431053400282e-05;4.995672394480471e-05;86.907949;181.835358;3.378334;1,012,039;221,400
1505;1.505024929549453;22;0;0.151918;1,011,911;1,011,911;0;0;35,856;1.000126;6.174699;1183.785047;395,911;616,000;1,011,911;0;0;0;4.481965737680157e-05;4.915315553053574e-05;86.907949;181.835358;3.378334;1,012,039;221,400
1506;1.506015839540183;20;0;0.136455;1,011,911;1,011,911;0;0;35,856;1.000126;6.174699;1185.287985;395,911;616,000;1,011,911;0;0;0;4.868046318530022e-05;0.0000515315720466584;86.907949;181.835358;3.378334;1,012,039;221,400
1507;1.507008095061469;20;0;0.140237;1,011,911;1,011,911;0;0;35,856;1.000126;6.174699;1186.448733;395,911;616,000;1,011,911;0;0;0;4.836522647861744e-05;5.157274374687272e-05;86.907949;181.835358;3.378334;1,012,039;221,400
1508;1.508008793371954;21;0;0.142550;1,011,911;1,011,911;0;0;35,856;1.000126;6.174699;1187.336524;395,911;616,000;1,011,911;0;0;0;4.698327271795139e-05;4.908853558668664e-05;86.907949;181.835358;3.378334;1,012,039;221,400
1509;1.509008847307325;22;0;0.149497;1,011,911;1,011,911;0;0;35,856;1.000126;6.174699;1187.812065;395,911;616,000;1,011,911;0;0;0;4.399128337823909e-05;4.731290754185292e-05;86.907949;181.835358;3.378334;1,012,039;221,400
1510;1.510046623682286;22;0;0.199800;1,011,911;1,011,911;0;0;35,856;1.000126;6.174699;1188.058077;395,911;616,000;1,011,911;0;0;0;0.0000461039593959174;4.939127946973713e-05;86.907949;181.835358;3.378334;1,012,039;221,400
1511;1.511022195548114;21;0;0.137440;1,011,911;1,011,911;0;0;35,856;1.000126;6.174699;1188.226477;395,911;616,000;1,011,911;0;0;0;4.387699073446638e-05;4.968626630551223e-05;86.907949;181.835358;3.378334;1,012,039;221,400
1512;1.512034378280385;20;0;0.132617;1,011,911;1,011,911;0;0;35,856;1.000126;6.174699;1188.399463;395,911;616,000;1,011,911;0;0;0;4.753339279550749e-05;0.0000536200967124432;86.907949;181.835358;3.378334;1,012,039;221,400
1513;1.513038688608748;20;0;0.137608;1,011,911;1,011,911;0;0;35,856;1.000126;6.174699;1188.654477;395,911;616,000;1,011,911;0;0;0;4.918436835860964e-05;5.183780215046793e-05;86.907949;181.835358;3.378334;1,012,039;221,400
1514;1.514000263988583;18;0;0.123578;1,011,911;1,011,911;0;0;35,856;1.000126;6.174699;1188.881110;395,911;616,000;1,011,911;0;0;0;5.242434498969848e-05;5.452005164216876e-05;86.907949;181.835358;3.378334;1,012,039;221,400
1515;1.515017493831137;19;0;0.125701;1,011,911;1,011,911;0;0;35,856;1.000126;6.174699;1189.132507;395,911;616,000;1,011,911;0;0;0;5.196742284251514e-05;5.649124443121731e-05;86.907949;181.835358;3.378334;1,012,039;221,400
1516;1.516033944582607;19;0;0.129965;1,011,911;1,011,911;0;0;35,856;1.000126;6.174699;1189.722327;395,911;616,000;1,011,911;0;0;0;0.000050668492964913;5.680023336678098e-05;86.907949;181.835358;3.378334;1,012,039;221,400
1517;1.517021078386141;19;0;0.132286;1,011,911;1,011,911;0;0;35,856;1.000126;6.174699;1190.270914;395,911;616,000;1,011,911;0;0;0;4.868705235431324e-05;5.374166348310271e-05;86.907949;181.835358;3.378334;1,012,039;221,400
1518;1.518032619098219;21;0;0.142521;1,011,911;1,011,911;0;0;35,856;1.000126;6.174699;1190.841389;395,911;616,000;1,011,911;0;0;0;4.628412893460889e-05;5.075268410944831e-05;86.907949;181.835358;3.378334;1,012,039;221,400
1519;1.519048271777104;21;0;0.142517;1,011,911;1,011,911;0;0;35,856;1.000126;6.174699;1191.251974;395,911;616,000;1,011,911;0;0;0;4.683416197324758e-05;0.0000508586548574607;86.907949;181.835358;3.378334;1,012,039;221,400
1520;1.520042146106007;20;0;0.134925;1,011,911;1,011,911;0;0;35,856;1.000126;6.174699;1191.557415;395,911;616,000;1,011,911;0;0;0;4.737405649468162e-05;5.194512370442893e-05;86.907949;181.835358;3.378334;1,012,039;221,400
1521;1.521050212000069;20;0;0.138144;1,011,911;1,011,911;0;0;35,856;1.000126;6.174699;1191.865293;395,911;616,000;1,011,911;0;0;0;4.755719924551437e-05;5.283344148472604e-05;86.907949;181.835358;3.378334;1,012,039;221,400
1522;1.522034491787851;19;0;0.133581;1,011,911;1,011,911;0;0;35,856;1.000126;6.174699;1192.204745;395,911;616,000;1,011,911;0;0;0;4.951657047865035e-05;5.466235834759674e-05;86.907949;181.835358;3.378334;1,012,039;221,400
1523;1.523006978226531;18;0;0.124228;1,011,911;1,011,911;0;0;35,856;1.000126;6.174699;1194.074527;395,911;616,000;1,011,911;0;0;0;0.0000524761401353935;5.597308159944607e-05;86.907949;181.835358;3.378334;1,012,039;221,400
1524;1.524031088068835;19;0;0.133845;1,011,911;1,011,911;0;0;35,856;1.000126;6.174699;1195.946373;395,911;616,000;1,011,911;0;0;0;5.236989408509098e-05;5.571457684342944e-05;86.907949;181.835358;3.378334;1,012,039;221,400
1525;1.525035288617576;19;0;0.137026;1,011,911;1,011,911;0;0;35,856;1.000126;6.174699;1196.944315;395,911;616,000;1,011,911;0;0;0;5.210609401415045e-05;5.421474332158177e-05;86.907949;181.835358;3.378334;1,012,039;221,400
1526;1.52603478035924;18;0;0.128898;1,011,911;1,011,911;0;0;35,856;1.000126;6.174699;1197.733920;395,911;616,000;1,011,911;0;0;0;5.395699299650176e-05;5.713204184604526e-05;86.907949;181.835358;3.378334;1,012,039;221,400
1527;1.527048224157433;18;0;0.122429;1,011,911;1,011,911;0;0;35,856;1.000126;6.174699;1198.552652;395,911;616,000;1,011,911;0;0;0;5.453652530739111e-05;5.898040664613135e-05;86.907949;181.835358;3.378334;1,012,039;221,400
1528;1.528046494410329;18;0;0.129972;1,011,911;1,011,911;0;0;35,856;1.000126;6.174699;1199.224340;395,911;616,000;1,011,911;0;0;0;5.347348684072225e-05;5.931233113750441e-05;86.907949;181.835358;3.378334;1,012,039;221,400
1529;1.52903977608897;17;0;0.119725;1,011,911;1,011,911;0;0;35,856;1.000126;6.174699;1199.557643;395,911;616,000;1,011,911;0;0;0;0.0000571415873042627;0.0000602976553564912;86.907949;181.835358;3.378334;1,012,039;221,400
1530;1.530025814988954;16;0;0.109329;1,011,911;1,011,911;0;0;35,856;1.000126;6.174699;1199.897558;395,911;616,000;1,011,911;0;0;0;0.0000590568687982501;6.397645764160622e-05;86.907949;181.835358;3.378334;1,012,039;221,400
1531;1.531050774695404;17;0;0.114278;1,011,911;1,011,911;0;0;35,856;1.000126;6.174699;1200.411365;395,911;616,000;1,011,911;0;0;0;5.732085806386089e-05;6.456284257739118e-05;86.907949;181.835358;3.378334;1,012,039;221,400
1532;1.53202931940566;16;0;0.107346;1,011,911;1,011,911;0;0;35,856;1.000126;6.174699;1200.696961;395,911;616,000;1,011,911;0;0;0;6.025205643754592e-05;6.224722359414155e-05;86.907949;181.835358;3.378334;1,012,039;221,400
1533;1.533026657436915;16;0;0.135309;1,011,911;1,011,911;0;0;35,856;1.000126;6.174699;1201.174465;395,911;616,000;1,011,911;0;0;0;6.082784421944054e-05;6.327080054027872e-05;86.907949;181.835358;3.378334;1,012,039;221,400
1534;1.534027759178876;16;0;0.112932;1,011,911;1,011,911;0;0;35,856;1.000126;6.174699;1201.610010;395,911;616,000;1,011,911;0;0;0;6.087815512386587e-05;6.400791996990792e-05;86.907949;181.835358;3.378334;1,012,039;221,400
1535;1.535030855878405;17;0;0.115821;1,011,911;1,011,911;0;0;35,856;1.000126;6.174699;1202.075364;395,911;616,000;1,011,911;0;0;0;5.694078687800948e-05;6.136964158437871e-05;86.907949;181.835358;3.378334;1,012,039;221,400
1536;1.536057470839205;17;0;0.121429;1,011,911;1,011,911;0;0;35,856;1.000126;6.174699;1202.549304;395,911;616,000;1,011,911;0;0;0;5.863901749165088e-05;0.0000635432842451986;86.907949;181.835358;3.378334;1,012,039;221,400
1537;1.537029634553884;15;0;0.114538;1,011,911;1,011,911;0;0;35,856;1.000126;6.174699;1203.945721;395,911;616,000;1,011,911;0;0;0;6.260746419393945e-05;6.677944289559362e-05;86.907949;181.835358;3.378334;1,012,039;221,400
1538;1.538059996608715;16;0;0.115651;1,011,911;1,011,911;0;0;35,856;1.000126;6.174699;1205.997989;395,911;616,000;1,011,911;0;0;0;6.333024757686961e-05;6.565147439730982e-05;86.907949;181.835358;3.378334;1,012,039;221,400
1539;1.539052429011119;15;0;0.107662;1,011,911;1,011,911;0;0;35,856;1.000126;6.174699;1207.816242;395,911;616,000;1,011,911;0;0;0;6.504449508705772e-05;6.811475748304518e-05;86.907949;181.835358;3.378334;1,012,039;221,400
1540;1.540034111435954;15;0;0.110493;1,011,911;1,011,911;0;0;33,615;1.000126;6.586345;1209.124844;395,911;616,000;1,011,911;0;0;0;6.280036824186232e-05;6.621818522791995e-05;86.907949;181.835358;3.378334;1,012,039;221,400
1541;1.541014490402758;16;0;0.112878;1,011,911;1,011,911;0;0;33,615;1.000126;6.586345;1210.955482;395,911;616,000;1,011,911;0;0;0;6.028861459724386e-05;6.269175793642104e-05;86.907949;181.835358;3.378334;1,012,039;221,400
1542;1.542041578754202;17;0;0.118016;1,011,911;1,011,911;0;0;33,615;1.000126;6.586345;1211.653323;395,911;616,000;1,011,911;0;0;0;5.794943024104582e-05;6.388532637457946e-05;86.907949;181.835358;3.378334;1,012,039;221,400
1543;1.543002021556174;16;0;0.131846;1,011,911;1,011,911;0;0;33,615;1.000126;6.586345;1212.179978;395,911;616,000;1,011,911;0;0;0;5.753124984602211e-05;6.455253338725384e-05;86.907949;181.835358;3.378334;1,012,039;221,400
1544;1.544017491384815;16;0;0.113912;1,011,911;1,011,911;0;0;33,615;1.000126;6.586345;1212.666676;395,911;616,000;1,011,911;0;0;0;0.0000623713316261487;6.486907915138643e-05;86.907949;181.835358;3.378334;1,012,039;221,400
1545;1.545058370330401;16;0;0.118409;1,011,911;1,011,911;0;0;33,615;1.000126;6.586345;1213.243878;395,911;616,000;1,011,911;0;0;0;6.320625704382029e-05;6.661339829651488e-05;86.907949;181.835358;3.378334;1,012,039;221,400
1546;1.54606701882562;15;0;0.105953;1,011,911;1,011,911;0;0;33,615;1.000126;6.586345;1213.908260;395,911;616,000;1,011,911;0;0;0;6.530209144083504e-05;7.019724363602045e-05;86.907949;181.835358;3.378334;1,012,039;221,400
1547;1.547026803128414;15;0;0.103738;1,011,911;1,011,911;0;0;33,615;1.000126;6.586345;1215.305688;395,911;616,000;1,011,911;0;0;0;6.014471723534432e-05;7.079869672863757e-05;86.907949;181.835358;3.378334;1,012,039;221,400
1548;1.548004679216987;15;0;0.107595;1,011,911;1,011,911;0;0;33,615;1.000126;6.586345;1219.997486;395,911;616,000;1,011,911;0;0;0;6.239958834347581e-05;6.817928646632112e-05;86.907949;181.835358;3.378334;1,012,039;221,400
1549;1.54902025593085;16;0;0.113551;1,011,911;1,011,911;0;0;33,615;1.000126;6.586345;1225.835093;395,911;616,000;1,011,911;0;0;0;6.178018026996414e-05;6.635888650921832e-05;86.907949;181.835358;3.378334;1,012,039;221,400
1550;1.550024676138811;16;0;0.123059;1,011,911;1,011,911;0;0;33,615;1.000126;6.586345;1231.564848;395,911;616,000;1,011,911;0;0;0;6.097564006093344e-05;6.436298211489315e-05;86.907949;181.835358;3.378334;1,012,039;221,400
1551;1.551015941114349;16;0;0.112477;1,011,911;1,011,911;0;0;33,615;1.000126;6.586345;1236.625867;395,911;616,000;1,011,911;0;0;0;6.036421765393422e-05;0.0000651909399194435;86.907949;181.835358;3.378334;1,012,039;221,400
1552;1.552040779859613;16;0;0.113918;1,011,911;1,011,911;0;0;33,615;1.000126;6.586345;1241.363251;395,911;616,000;1,011,911;0;0;0;6.311635109182611e-05;6.524712179626457e-05;86.907949;181.835358;3.378334;1,012,039;221,400
1553;1.553017700312647;16;0;0.117008;1,011,911;1,011,911;0;0;33,615;1.000126;6.586345;1245.064133;395,911;616,000;1,011,911;0;0;0;5.767509056074297e-05;6.372689939605936e-05;86.907949;181.835358;3.378334;1,012,039;221,400
1554;1.554024022003362;16;0;0.187688;1,011,911;1,011,911;0;0;33,615;1.000126;6.586345;1247.056216;395,911;616,000;1,011,911;0;0;0;5.908664144015484e-05;6.843741048332334e-05;86.907949;181.835358;3.378334;1,012,039;221,400
1555;1.555005176988866;14;0;0.097694;1,011,911;1,011,911;0;0;33,615;1.000126;6.586345;1247.222733;395,911;616,000;1,011,911;0;0;0;6.898959194713233e-05;7.225141055573616e-05;86.907949;181.835358;3.378334;1,012,039;221,400
1556;1.556021598355589;15;0;0.111956;1,011,911;1,011,911;0;0;33,615;1.000126;6.586345;1247.500404;395,911;616,000;1,011,911;0;0;0;6.407101628276648e-05;7.089895032039849e-05;86.907949;181.835358;3.378334;1,012,039;221,400
1557;1.557052416437991;16;0;0.110920;1,011,911;1,011,911;0;0;33,615;1.000126;6.586345;1247.749880;395,911;616,000;1,011,911;0;0;0;6.163045089731657e-05;0.0000667425682166604;86.907949;181.835358;3.378334;1,012,039;221,400
1558;1.558027900504381;15;0;0.105861;1,011,911;1,011,911;0;0;33,615;1.000126;6.586345;1247.990976;395,911;616,000;1,011,911;0;0;0;6.226971754385225e-05;6.832381912380736e-05;86.907949;181.835358;3.378334;1,012,039;221,400
1559;1.559050523294676;16;0;0.108830;1,011,911;1,011,911;0;0;33,615;1.000126;6.586345;1248.265880;395,911;616,000;1,011,911;0;0;0;5.703246381987007e-05;6.672208532887824e-05;86.907949;181.835358;3.378334;1,012,039;221,400
1560;1.560026035996081;16;0;0.110073;1,011,911;1,011,911;0;0;33,615;1.000126;6.586345;1248.556438;395,911;616,000;1,011,911;0;0;0;5.736585664078052e-05;6.617682776938087e-05;86.907949;181.835358;3.378334;1,012,039;221,400
1561;1.561025539972447;15;0;0.105505;1,011,911;1,011,911;0;0;33,615;1.000126;6.586345;1248.800753;395,911;616,000;1,011,911;0;0;0;6.582248184317415e-05;6.742014644474502e-05;86.907949;181.835358;3.378334;1,012,039;221,400
1562;1.562008037166041;15;0;0.106851;1,011,911;1,011,911;0;0;33,615;1.000126;6.586345;1251.775067;395,911;616,000;1,011,911;0;0;0;6.489411986886666e-05;6.643569188352898e-05;86.907949;181.835358;3.378334;1,012,039;221,400
1563;1.563049123850582;16;0;0.163982;1,011,911;1,011,911;0;0;33,615;1.000126;6.586345;1253.568619;395,911;616,000;1,011,911;0;0;0;0.0000640054597024289;6.625022146268899e-05;86.907949;181.835358;3.378334;1,012,039;221,400
1564;1.564050806437241;15;0;0.100412;1,011,911;1,011,911;0;0;33,615;1.000126;6.586345;1253.724351;395,911;616,000;1,011,911;0;0;0;6.631299703196601e-05;6.802286243080707e-05;86.907949;181.835358;3.378334;1,012,039;221,400
1565;1.565037619238989;15;0;0.104979;1,011,911;1,011,911;0;0;33,615;1.000126;6.586345;1253.969355;395,911;616,000;1,011,911;0;0;0;6.388063025085262e-05;6.785840032260571e-05;86.907949;181.835358;3.378334;1,012,039;221,400
1566;1.56606268727053;16;0;0.111349;1,011,911;1,011,911;0;0;33,615;1.000126;6.586345;1254.213038;395,911;616,000;1,011,911;0;0;0;6.322028871415398e-05;6.619586148525878e-05;86.907949;181.835358;3.378334;1,012,039;221,400
1567;1.567055947909241;15;0;0.101650;1,011,911;1,011,911;0;0;33,615;1.000126;6.586345;1254.450676;395,911;616,000;1,011,911;0;0;0;6.576910052730755e-05;6.700451149095362e-05;86.907949;181.835358;3.378334;1,012,039;221,400
1568;1.568053015592102;15;0;0.104833;1,011,911;1,011,911;0;0;33,615;1.000126;6.586345;1254.688007;395,911;616,000;1,011,911;0;0;0;6.600857867929849e-05;6.736242963421564e-05;86.907949;181.835358;3.378334;1,012,039;221,400
1569;1.569048447177421;16;0;0.111009;1,011,911;1,011,911;0;0;33,615;1.000126;6.586345;1254.931375;395,911;616,000;1,011,911;0;0;0;6.061183648197768e-05;6.532243649851154e-05;86.907949;181.835358;3.378334;1,012,039;221,400
1570;1.570003024742061;15;0;0.103532;1,011,911;1,011,911;0;0;33,615;1.000126;6.586345;1255.158700;395,911;616,000;1,011,911;0;0;0;6.265809124151433e-05;6.561274514172655e-05;86.907949;181.835358;3.378334;1,012,039;221,400
1571;1.571066954044562;16;0;0.112660;1,011,911;1,011,911;0;0;33,615;1.000126;6.586345;1256.794658;395,911;616,000;1,011,911;0;0;0;6.426281830661796e-05;6.891388435503679e-05;86.907949;181.835358;3.378334;1,012,039;221,400
1572;1.57200116993401;14;0;0.104249;1,011,911;1,011,911;0;0;33,615;1.000126;6.586345;1259.576663;395,911;616,000;1,011,911;0;0;0;6.604945348713843e-05;6.799570209001742e-05;86.907949;181.835358;3.378334;1,012,039;221,400
1573;1.573022232934855;15;0;0.108520;1,011,911;1,011,911;0;0;33,615;1.000126;6.586345;1260.595899;395,911;616,000;1,011,911;0;0;0;6.689701348894738e-05;6.946009382697026e-05;86.907949;181.835358;3.378334;1,012,039;221,400
1574;1.574052133673386;15;0;0.110766;1,011,911;1,011,911;0;0;33,615;1.000126;6.586345;1261.455452;395,911;616,000;1,011,911;0;0;0;6.746311176311652e-05;7.005900059401015e-05;86.907949;181.835358;3.378334;1,012,039;221,400
1575;1.575005956362744;14;0;0.104580;1,011,911;1,011,911;0;0;33,615;1.000126;6.586345;1262.218641;395,911;616,000;1,011,911;0;0;0;6.750606970807091e-05;6.932721525559546e-05;86.907949;181.835358;3.378334;1,012,039;221,400
1576;1.576026173015787;15;0;0.108040;1,011,911;1,011,911;0;0;33,615;1.000126;6.586345;1262.475648;395,911;616,000;1,011,911;0;0;0;6.707728954807556e-05;6.950629201343723e-05;86.907949;181.835358;3.378334;1,012,039;221,400
1577;1.577009329912036;14;0;0.101176;1,011,911;1,011,911;0;0;33,615;1.000126;6.586345;1262.785172;395,911;616,000;1,011,911;0;0;0;6.891195977214542e-05;7.182390185445198e-05;86.907949;181.835358;3.378334;1,012,039;221,400
1578;1.578008947752725;15;0;0.109144;1,011,911;1,011,911;0;0;33,615;1.000126;6.586345;1263.132002;395,911;616,000;1,011,911;0;0;0;6.564047607913498e-05;6.881716535827592e-05;86.907949;181.835358;3.378334;1,012,039;221,400
1579;1.579026297906039;15;0;0.107525;1,011,911;1,011,911;0;0;33,615;1.000126;6.586345;1263.428742;395,911;616,000;1,011,911;0;0;0;0.0000666552998641246;0.0000699740615461759;86.907949;181.835358;3.378334;1,012,039;221,400
1580;1.580070076172519;15;0;0.111783;1,011,911;1,011,911;0;0;33,615;1.000126;6.586345;1263.775065;395,911;616,000;1,011,911;0;0;0;6.757627792376083e-05;7.137584152783697e-05;86.907949;181.835358;3.378334;1,012,039;221,400
1581;1.581032921781533;14;0;0.100827;1,011,911;1,011,911;0;0;33,615;1.000126;6.586345;1266.116696;395,911;616,000;1,011,911;0;0;0;6.734847412756037e-05;7.062622111098217e-05;86.907949;181.835358;3.378334;1,012,039;221,400
1582;1.582062390043524;15;0;0.109955;1,011,911;1,011,911;0;0;33,615;1.000126;6.586345;1269.167199;395,911;616,000;1,011,911;0;0;0;0.0000678342474411375;7.037289827001826e-05;86.907949;181.835358;3.378334;1,012,039;221,400
1583;1.583019212072452;14;0;0.108271;1,011,911;1,011,911;0;0;33,615;1.000126;6.586345;1272.159105;395,911;616,000;1,011,911;0;0;0;6.769239408776566e-05;6.955222368025941e-05;86.907949;181.835358;3.378334;1,012,039;221,400
1584;1.584052606467388;15;0;0.106652;1,011,911;1,011,911;0;0;33,615;1.000126;6.586345;1275.229186;395,911;616,000;1,011,911;0;0;0;6.699805850519694e-05;7.041873215316576e-05;86.907949;181.835358;3.378334;1,012,039;221,400
1585;1.585004077689856;14;0;0.106704;1,011,911;1,011,911;0;0;33,615;1.000126;6.586345;1278.028058;395,911;616,000;1,011,911;0;0;0;0.0000671706956786025;6.994771134975799e-05;86.907949;181.835358;3.378334;1,012,039;221,400
1586;1.586044357423677;15;0;0.111514;1,011,911;1,011,911;0;0;33,615;1.000126;6.586345;1280.565792;395,911;616,000;1,011,911;0;0;0;0.000067646348320335;7.211177474593384e-05;86.907949;181.835358;3.378334;1,012,039;221,400
1587;1.58702500216558;14;0;0.103568;1,011,911;1,011,911;0;0;33,615;1.000126;6.586345;1282.889056;395,911;616,000;1,011,911;0;0;0;6.852462770573018e-05;7.140903004110556e-05;86.907949;181.835358;3.378334;1,012,039;221,400
1588;1.588022908196902;14;0;0.098628;1,011,911;1,011,911;0;0;33,615;1.000126;6.586345;1285.214992;395,911;616,000;1,011,911;0;0;0;7.025844838312073e-05;7.253562315730463e-05;86.907949;181.835358;3.378334;1,012,039;221,400
1589;1.589027275807436;14;0;0.103969;1,011,911;1,011,911;0;0;33,615;1.000126;6.586345;1287.574858;395,911;616,000;1,011,911;0;0;0;0.0000704439664736786;7.403354439487022e-05;86.907949;181.835358;3.378334;1,012,039;221,400
1590;1.590024468686444;14;0;0.099090;1,011,911;1,011,911;0;0;33,615;1.000126;6.586345;1290.018032;395,911;616,000;1,011,911;0;0;0;7.016142724882519e-05;7.370727397378202e-05;86.907949;181.835358;3.378334;1,012,039;221,400
1591;1.591024199085426;14;0;0.104374;1,011,911;1,011,911;0;0;33,615;1.000126;6.586345;1292.383618;395,911;616,000;1,011,911;0;0;0;7.021633294386586e-05;7.369137105776954e-05;86.907949;181.835358;3.378334;1,012,039;221,400
1592;1.592059888522774;14;0;0.100492;1,011,911;1,011,911;0;0;33,615;1.000126;6.586345;1294.672051;395,911;616,000;1,011,911;0;0;0;0.000073020904985971;7.439150536704816e-05;86.907949;181.835358;3.378334;1,012,039;221,400
1593;1.593005089708254;14;0;0.101375;1,011,911;1,011,911;0;0;33,615;1.000126;6.586345;1297.003742;395,911;616,000;1,011,911;0;0;0;6.605594491029629e-05;7.042820823079878e-05;86.907949;181.835358;3.378334;1,012,039;221,400
1594;1.59406655965228;15;0;0.113342;1,011,911;1,011,911;0;0;33,615;1.000126;6.586345;1299.348252;395,911;616,000;1,011,911;0;0;0;6.870116439661091e-05;7.268250441920848e-05;86.907949;181.835358;3.378334;1,012,039;221,400
1595;1.595034436394528;14;0;0.200864;1,011,911;1,011,911;0;0;33,615;1.000126;6.586345;1301.755060;395,911;616,000;1,011,911;0;0;0;6.648577327888004e-05;7.329429830412441e-05;86.907949;181.835358;3.378334;1,012,039;221,400
1596;1.596012340876062;14;0;0.147887;1,011,911;1,011,911;0;0;33,615;1.000126;6.586345;1303.970270;395,911;616,000;1,011,911;0;0;0;0.0000677341143255834;0.0000728783843405154;86.907949;181.835358;3.378334;1,012,039;221,400
1597;1.59702252255877;14;0;0.119081;1,011,911;1,011,911;0;0;33,615;1.000126;6.586345;1306.168999;395,911;616,000;1,011,911;0;0;0;7.065022122638046e-05;7.384438632044091e-05;86.907949;181.835358;3.378334;1,012,039;221,400
1598;1.598017932893114;14;0;0.107569;1,011,911;1,011,911;0;0;33,615;1.000126;6.586345;1308.390188;395,911;616,000;1,011,911;0;0;0;7.079004423991088e-05;7.167673834616471e-05;86.907949;181.835358;3.378334;1,012,039;221,400
1599;1.5990035379023;14;0;0.118218;1,011,911;1,011,911;0;0;33,615;1.000126;6.586345;1310.555977;395,911;616,000;1,011,911;0;0;0;6.913496299219252e-05;7.163464729505314e-05;86.907949;181.835358;3.378334;1,012,039;221,400
1600;1.600056832892133;15;0;0.127533;1,011,911;1,011,911;0;0;33,615;1.000126;6.586345;1312.734541;395,911;616,000;1,011,911;0;0;0;6.971229941305084e-05;7.100846174524135e-05;86.907949;181.835358;3.378334;1,012,039;221,400
1601;1.60102434562611;14;0;0.181968;1,011,911;1,011,911;0;0;33,615;1.000126;6.586345;1314.882835;395,911;616,000;1,011,911;0;0;0;6.567974413265029e-05;7.077337414156079e-05;86.907949;181.835358;3.378334;1,012,039;221,400
1602;1.602035611261659;15;0;0.108179;1,011,911;1,011,911;0;0;33,615;1.000126;6.586345;1315.873200;395,911;616,000;1,011,911;0;0;0;6.562404522829142e-05;7.081714014835844e-05;86.907949;181.835358;3.378334;1,012,039;221,400
1603;1.603035786749422;14;0;0.099469;1,011,911;1,011,911;0;0;33,615;1.000126;6.586345;1316.540415;395,911;616,000;1,011,911;0;0;0;7.077112719153307e-05;7.215446110282382e-05;86.907949;181.835358;3.378334;1,012,039;221,400
1604;1.604008684580612;15;0;0.129751;1,011,911;1,011,911;0;0;33,615;1.000126;6.586345;1317.098792;395,911;616,000;1,011,911;0;0;0;6.197689154282465e-05;0.0000704952947134853;86.907949;181.835358;3.378334;1,012,039;221,400
1605;1.605042026561387;15;0;0.107161;1,011,911;1,011,911;0;0;33,615;1.000126;6.586345;1318.585384;395,911;616,000;1,011,911;0;0;0;6.590226641618124e-05;7.165677567686347e-05;86.907949;181.835358;3.378334;1,012,039;221,400
1606;1.606051993938495;14;0;0.102160;1,011,911;1,011,911;0;0;33,615;1.000126;6.586345;1320.011728;395,911;616,000;1,011,911;0;0;0;7.112732939972787e-05;7.392661299277211e-05;86.907949;181.835358;3.378334;1,012,039;221,400
1607;1.607072380100015;14;0;0.141829;1,011,911;1,011,911;0;0;33,615;1.000126;6.586345;1321.326493;395,911;616,000;1,011,911;0;0;0;7.203132623950855e-05;7.326939494929724e-05;86.907949;181.835358;3.378334;1,012,039;221,400
1608;1.608035780736297;14;0;0.099767;1,011,911;1,011,911;0;0;33,615;1.000126;6.586345;1322.442838;395,911;616,000;1,011,911;0;0;0;6.676040458603437e-05;7.169245877884058e-05;86.907949;181.835358;3.378334;1,012,039;221,400
1609;1.609002193665451;14;0;0.099727;1,011,911;1,011,911;0;0;33,615;1.000126;6.586345;1323.313271;395,911;616,000;1,011,911;0;0;0;6.805293939916367e-05;7.080642077912407e-05;86.907949;181.835358;3.378334;1,012,039;221,400
1610;1.610061296043258;15;0;0.109704;1,011,911;1,011,911;0;0;33,615;1.000126;6.586345;1324.167230;395,911;616,000;1,011,911;0;0;0;6.888076459175993e-05;7.293177184650501e-05;86.907949;181.835358;3.378334;1,012,039;221,400
1611;1.611054065423829;14;0;0.104909;1,011,911;1,011,911;0;0;33,615;1.000126;6.586345;1324.960051;395,911;616,000;1,011,911;0;0;0;6.948930500897447e-05;7.242446954149439e-05;86.907949;181.835358;3.378334;1,012,039;221,400
1612;1.612066257680588;14;0;0.096484;1,011,911;1,011,911;0;0;33,615;1.000126;6.586345;1325.204408;395,911;616,000;1,011,911;0;0;0;7.143141396554739e-05;7.411357215198711e-05;86.907949;181.835358;3.378334;1,012,039;221,400
1613;1.61300732437164;13;0;0.089974;1,011,911;1,011,911;0;0;33,615;1.000126;6.586345;1325.325550;395,911;616,000;1,011,911;0;0;0;7.055605795626822e-05;7.460784556503359e-05;86.907949;181.835358;3.378334;1,012,039;221,400
1614;1.614016078857096;14;0;0.094664;1,011,911;1,011,911;0;0;33,615;1.000126;6.586345;1325.451578;395,911;616,000;1,011,911;0;0;0;7.086276243312965e-05;7.377750018230204e-05;86.907949;181.835358;3.378334;1,012,039;221,400
1615;1.615009047197301;14;0;0.095525;1,011,911;1,011,911;0;0;33,615;1.000126;6.586345;1325.579157;395,911;616,000;1,011,911;0;0;0;0.0000704557473672246;7.178771980280217e-05;86.907949;181.835358;3.378334;1,012,039;221,400
1616;1.616045205033617;15;0;0.175515;1,011,911;1,011,911;0;0;33,615;1.000126;6.586345;1325.787023;395,911;616,000;1,011,911;0;0;0;6.817927086190388e-05;7.033972649305802e-05;86.907949;181.835358;3.378334;1,012,039;221,400
1617;1.617030503851445;14;0;0.095162;1,011,911;1,011,911;0;0;33,615;1.000126;6.586345;1325.923238;395,911;616,000;1,011,911;0;0;0;6.810012222034829e-05;7.259739315296439e-05;86.907949;181.835358;3.378334;1,012,039;221,400
1618;1.618003200875777;14;0;0.093980;1,011,911;1,011,911;0;0;33,615;1.000126;6.586345;1326.052045;395,911;616,000;1,011,911;0;0;0;6.821416883581652e-05;7.096303591770569e-05;86.907949;181.835358;3.378334;1,012,039;221,400
1619;1.619007086966795;15;0;0.099474;1,011,911;1,011,911;0;0;33,615;1.000126;6.586345;1326.184312;395,911;616,000;1,011,911;0;0;0;6.334892162736416e-05;7.119605590826753e-05;86.907949;181.835358;3.378334;1,012,039;221,400
1620;1.620025666201206;15;0;0.101553;1,011,911;1,011,911;0;0;33,615;1.000126;6.586345;1326.317720;395,911;616,000;1,011,911;0;0;0;6.500289830154051e-05;7.118346715083344e-05;86.907949;181.835358;3.378334;1,012,039;221,400
1621;1.621042977179241;14;0;0.094837;1,011,911;1,011,911;0;0;33,615;1.000126;6.586345;1326.445364;395,911;616,000;1,011,911;0;0;0;7.134579908337595e-05;7.444492895200437e-05;86.907949;181.835358;3.378334;1,012,039;221,400
1622;1.622053574675101;14;0;0.094176;1,011,911;1,011,911;0;0;33,615;1.000126;6.586345;1326.571864;395,911;616,000;1,011,911;0;0;0;7.093772019483732e-05;7.290932362322051e-05;86.907949;181.835358;3.378334;1,012,039;221,400
1623;1.623047155836749;14;0;0.097132;1,011,911;1,011,911;0;0;33,615;1.000126;6.586345;1326.700252;395,911;616,000;1,011,911;0;0;0;6.963178335198744e-05;7.210913178251121e-05;86.907949;181.835358;3.378334;1,012,039;221,400
1624;1.624039646528876;14;0;0.095093;1,011,911;1,011,911;0;0;33,615;1.000126;6.586345;1326.837058;395,911;616,000;1,011,911;0;0;0;6.970010457592443e-05;7.256014741897321e-05;86.907949;181.835358;3.378334;1,012,039;221,400
1625;1.625030523411238;14;0;0.098861;1,011,911;1,011,911;0;0;33,615;1.000126;6.586345;1326.967099;395,911;616,000;1,011,911;0;0;0;7.020061169821342e-05;7.151829052583091e-05;86.907949;181.835358;3.378334;1,012,039;221,400
1626;1.626013222100868;14;0;0.099148;1,011,911;1,011,911;0;0;33,615;1.000126;6.586345;1327.396406;395,911;616,000;1,011,911;0;0;0;6.944682143347373e-05;7.175854440972513e-05;86.907949;181.835358;3.378334;1,012,039;221,400
1627;1.627007942098541;14;0;0.101337;1,011,911;1,011,911;0;0;33,615;1.000126;6.586345;1329.547462;395,911;616,000;1,011,911;0;0;0;7.063292872002868e-05;7.198430914150791e-05;86.907949;181.835358;3.378334;1,012,039;221,400
1628;1.628025985076689;14;0;0.103087;1,011,911;1,011,911;0;0;33,615;1.000126;6.586345;1330.508838;395,911;616,000;1,011,911;0;0;0;7.144872347019769e-05;7.424289077953451e-05;86.907949;181.835358;3.378334;1,012,039;221,400
1629;1.629037489771589;14;0;0.101218;1,011,911;1,011,911;0;0;33,615;1.000126;6.586345;1331.259815;395,911;616,000;1,011,911;0;0;0;7.078256519382721e-05;7.453256939593184e-05;86.907949;181.835358;3.378334;1,012,039;221,400
1630;1.630011466279744;14;0;0.101888;1,011,911;1,011,911;0;0;33,615;1.000126;6.586345;1331.581147;395,911;616,000;1,011,911;0;0;0;6.872800490975379e-05;7.137024652449554e-05;86.907949;181.835358;3.378334;1,012,039;221,400
1631;1.631018709512612;14;0;0.100250;1,011,911;1,011,911;0;0;33,615;1.000126;6.586345;1331.720084;395,911;616,000;1,011,911;0;0;0;7.051347733929052e-05;7.313655410187366e-05;86.907949;181.835358;3.378334;1,012,039;221,400
1632;1.632031029817544;14;0;0.098470;1,011,911;1,011,911;0;0;33,615;1.000126;6.586345;1331.858990;395,911;616,000;1,011,911;0;0;0;7.165916148958944e-05;7.340550310567766e-05;86.907949;181.835358;3.378334;1,012,039;221,400
1633;1.633038570579191;14;0;0.094207;1,011,911;1,011,911;0;0;33,615;1.000126;6.586345;1331.991021;395,911;616,000;1,011,911;0;0;0;7.104480117255456e-05;7.250602612223529e-05;86.907949;181.835358;3.378334;1,012,039;221,400
1634;1.634036975665877;14;0;0.095126;1,011,911;1,011,911;0;0;33,615;1.000126;6.586345;1332.118360;395,911;616,000;1,011,911;0;0;0;7.068857362106564e-05;0.0000730061971271188;86.907949;181.835358;3.378334;1,012,039;221,400
1635;1.635050365133108;14;0;0.151927;1,011,911;1,011,911;0;0;33,615;1.000126;6.586345;1332.302712;395,911;616,000;1,011,911;0;0;0;7.191025131746808e-05;0.0000734942310184184;86.907949;181.835358;3.378334;1,012,039;221,400
1636;1.636049174655755;14;0;0.093610;1,011,911;1,011,911;0;0;33,615;1.000126;6.586345;1332.427126;395,911;616,000;1,011,911;0;0;0;7.042144107332818e-05;7.224646486251483e-05;86.907949;181.835358;3.378334;1,012,039;221,400
1637;1.637041548195123;14;0;0.093256;1,011,911;1,011,911;0;0;33,615;1.000126;6.586345;1332.550474;395,911;616,000;1,011,911;0;0;0;7.031012204935918e-05;7.190524202077112e-05;86.907949;181.835358;3.378334;1,012,039;221,400
1638;1.638040154063825;14;0;0.092964;1,011,911;1,011,911;0;0;33,615;1.000126;6.586345;1332.686844;395,911;616,000;1,011,911;0;0;0;7.108168818937581e-05;7.257524912401364e-05;86.907949;181.835358;3.378334;1,012,039;221,400
1639;1.639041509611536;14;0;0.091900;1,011,911;1,011,911;0;0;33,615;1.000126;6.586345;1332.859031;395,911;616,000;1,011,911;0;0;0;6.962978141496323e-05;7.314243192848508e-05;86.907949;181.835358;3.378334;1,012,039;221,400
1640;1.64002042461752;14;0;0.094068;1,011,911;1,011,911;0;0;33,615;1.000126;6.586345;1333.029497;395,911;616,000;1,011,911;0;0;0;6.961187415687828e-05;7.065961953400105e-05;86.907949;181.835358;3.378334;1,012,039;221,400
1641;1.641013381931414;14;0;0.093600;1,011,911;1,011,911;0;0;33,615;1.000126;6.586345;1333.194976;395,911;616,000;1,011,911;0;0;0;7.059979585051705e-05;7.213063737029415e-05;86.907949;181.835358;3.378334;1,012,039;221,400
1642;1.642038128150852;14;0;0.092515;1,011,911;1,011,911;0;0;33,615;1.000126;6.586345;1333.369527;395,911;616,000;1,011,911;0;0;0;7.240548574433257e-05;7.402365612541545e-05;86.907949;181.835358;3.378334;1,012,039;221,400
1643;1.643068657675376;14;0;0.098636;1,011,911;1,011,911;0;0;33,615;1.000126;6.586345;1333.592093;395,911;616,000;1,011,911;0;0;0;0.0000716116905891544;7.537471690337526e-05;86.907949;181.835358;3.378334;1,012,039;221,400
1644;1.644001432127493;13;0;0.099250;1,011,911;1,011,911;0;0;33,615;1.000126;6.586345;1333.982129;395,911;616,000;1,011,911;0;0;0;7.145794040450816e-05;7.238485530601936e-05;86.907949;181.835358;3.378334;1,012,039;221,400
1645;1.645053239326698;15;0;0.119357;1,011,911;1,011,911;0;0;33,615;1.000126;6.586345;1334.157800;395,911;616,000;1,011,911;0;0;0;6.847848496502725e-05;7.208262796660986e-05;86.907949;181.835358;3.378334;1,012,039;221,400
1646;1.64604980706521;14;0;0.097730;1,011,911;1,011,911;0;0;33,615;1.000126;6.586345;1334.336988;395,911;616,000;1,011,911;0;0;0;6.961213590984774e-05;7.245378774710647e-05;86.907949;181.835358;3.378334;1,012,039;221,400
1647;1.647031848158288;14;0;0.112559;1,011,911;1,011,911;0;0;33,615;1.000126;6.586345;1334.579582;395,911;616,000;1,011,911;0;0;0;6.930349027481186e-05;0.000071825147148945;86.907949;181.835358;3.378334;1,012,039;221,400
1648;1.648050093903285;14;0;0.095658;1,011,911;1,011,911;0;0;33,615;1.000126;6.586345;1334.790335;395,911;616,000;1,011,911;0;0;0;7.150929677946496e-05;0.0000744274949009664;86.907949;181.835358;3.378334;1,012,039;221,400
1649;1.649051524230021;14;0;0.097125;1,011,911;1,011,911;0;0;33,615;1.000126;6.586345;1335.016566;395,911;616,000;1,011,911;0;0;0;7.057038400512174e-05;7.388252604058869e-05;86.907949;181.835358;3.378334;1,012,039;221,400
1650;1.650056825433652;14;0;0.104957;1,011,911;1,011,911;0;0;33,615;1.000126;6.586345;1335.288356;395,911;616,000;1,011,911;0;0;0;6.775232636972317e-05;7.311766183244991e-05;86.907949;181.835358;3.378334;1,012,039;221,400
1651;1.651014824125228;14;0;0.098578;1,011,911;1,011,911;0;0;33,615;1.000126;6.586345;1335.561995;395,911;616,000;1,011,911;0;0;0;6.736010082643274e-05;7.104771252156964e-05;86.907949;181.835358;3.378334;1,012,039;221,400
1652;1.652011590879919;14;0;0.098535;1,011,911;1,011,911;0;0;33,615;1.000126;6.586345;1335.846541;395,911;616,000;1,011,911;0;0;0;7.080542169420931e-05;7.184174233958536e-05;86.907949;181.835358;3.378334;1,012,039;221,400
1653;1.653012675753512;14;0;0.095756;1,011,911;1,011,911;0;0;33,615;1.000126;6.586345;1336.136539;395,911;616,000;1,011,911;0;0;0;7.026385234097421e-05;0.0000721197579732351;86.907949;181.835358;3.378334;1,012,039;221,400
1654;1.654006699532464;14;0;0.099440;1,011,911;1,011,911;0;0;33,615;1.000126;6.586345;1336.482286;395,911;616,000;1,011,911;0;0;0;7.029182850938505e-05;7.201314617778373e-05;86.907949;181.835358;3.378334;1,012,039;221,400
1655;1.655069055217119;15;0;0.106588;1,011,911;1,011,911;0;0;33,615;1.000126;6.586345;1337.264132;395,911;616,000;1,011,911;0;0;0;7.047874342246589e-05;7.145647407435361e-05;86.907949;181.835358;3.378334;1,012,039;221,400
1656;1.656034577234281;14;0;0.098132;1,011,911;1,011,911;0;0;33,615;1.000126;6.586345;1339.478109;395,911;616,000;1,011,911;0;0;0;6.416414875400264e-05;7.166148085555967e-05;86.907949;181.835358;3.378334;1,012,039;221,400
1657;1.65704119612703;15;0;0.173432;1,011,911;1,011,911;0;0;33,615;1.000126;6.586345;1341.153379;395,911;616,000;1,011,911;0;0;0;6.452060574720488e-05;6.978731191823615e-05;86.907949;181.835358;3.378334;1,012,039;221,400
1658;1.658029657878447;14;0;0.098435;1,011,911;1,011,911;0;0;33,615;1.000126;6.586345;1342.123546;395,911;616,000;1,011,911;0;0;0;6.973888363757261e-05;7.224513403515226e-05;86.907949;181.835358;3.378334;1,012,039;221,400
1659;1.659026290431164;14;0;0.103383;1,011,911;1,011,911;0;0;33,615;1.000126;6.586345;1343.025296;395,911;616,000;1,011,911;0;0;0;0.0000699334205542785;7.292228765832033e-05;86.907949;181.835358;3.378334;1,012,039;221,400
1660;1.660014050473366;14;0;0.116774;1,011,911;1,011,911;0;0;33,615;1.000126;6.586345;1343.380296;395,911;616,000;1,011,911;0;0;0;0.0000699135861381783;7.227429763274276e-05;86.907949;181.835358;3.378334;1,012,039;221,400
1661;1.661039143988224;14;0;0.103724;1,011,911;1,011,911;0;0;33,615;1.000126;6.586345;1343.712945;395,911;616,000;1,011,911;0;0;0;7.243161754958276e-05;0.0000740449193803176;86.907949;181.835358;3.378334;1,012,039;221,400
1662;1.662054878012291;14;0;0.102973;1,011,911;1,011,911;0;0;33,615;1.000126;6.586345;1344.099468;395,911;616,000;1,011,911;0;0;0;6.873391704915734e-05;7.449830314072464e-05;86.907949;181.835358;3.378334;1,012,039;221,400
1663;1.663029747646825;14;0;0.102449;1,011,911;1,011,911;0;0;33,615;1.000126;6.586345;1344.541891;395,911;616,000;1,011,911;0;0;0;6.874414784202553e-05;0.0000709026224033585;86.907949;181.835358;3.378334;1,012,039;221,400
1664;1.664025121423702;14;0;0.103412;1,011,911;1,011,911;0;0;33,615;1.000126;6.586345;1345.037419;395,911;616,000;1,011,911;0;0;0;7.040662628133693e-05;0.0000725651230393962;86.907949;181.835358;3.378334;1,012,039;221,400
1665;1.665050713640502;16;0;0.130942;1,011,911;1,011,911;0;0;33,615;1.000126;6.586345;1345.576620;395,911;616,000;1,011,911;0;0;0;6.150752417637097e-05;6.698184608947828e-05;86.907949;181.835358;3.378334;1,012,039;221,400
1666;1.666013230444177;14;0;0.102354;1,011,911;1,011,911;0;0;33,615;1.000126;6.586345;1346.089607;395,911;616,000;1,011,911;0;0;0;6.605792772265732e-05;7.325223606497996e-05;86.907949;181.835358;3.378334;1,012,039;221,400
1667;1.667055035775847;14;0;0.096168;1,011,911;1,011,911;0;0;33,615;1.000126;6.586345;1346.722257;395,911;616,000;1,011,911;0;0;0;7.375292479948807e-05;0.0000750097846381999;86.907949;181.835358;3.378334;1,012,039;221,400
1668;1.668002323619534;13;0;0.093008;1,011,911;1,011,911;0;0;33,615;1.000126;6.586345;1348.142902;395,911;616,000;1,011,911;0;0;0;7.090146718904367e-05;7.515992566970467e-05;86.907949;181.835358;3.378334;1,012,039;221,400
1669;1.669068759417704;15;0;0.110032;1,011,911;1,011,911;0;0;33,615;1.000126;6.586345;1352.217331;395,911;616,000;1,011,911;0;0;0;6.813976778342484e-05;7.269703616649355e-05;86.907949;181.835358;3.378334;1,012,039;221,400
1670;1.6700147268216;14;0;0.102563;1,011,911;1,011,911;0;0;33,615;1.000126;6.586345;1355.916307;395,911;616,000;1,011,911;0;0;0;6.653264039676839e-05;0.0000686183931919418;86.907949;181.835358;3.378334;1,012,039;221,400
1671;1.671053708079687;15;0;0.107314;1,011,911;1,011,911;0;0;33,615;1.000126;6.586345;1357.454362;395,911;616,000;1,011,911;0;0;0;6.689727943288683e-05;7.166880273116288e-05;86.907949;181.835358;3.378334;1,012,039;221,400
1672;1.672047726339709;14;0;0.102124;1,011,911;1,011,911;0;0;33,615;1.000126;6.586345;1361.630131;395,911;616,000;1,011,911;0;0;0;7.043468902952811e-05;7.253591699371304e-05;86.907949;181.835358;3.378334;1,012,039;221,400
1673;1.67306900690456;14;0;0.103302;1,011,911;1,011,911;0;0;33,615;1.000126;6.586345;1364.585695;395,911;616,000;1,011,911;0;0;0;7.222412206435207e-05;7.393757726278546e-05;86.907949;181.835358;3.378334;1,012,039;221,400
1674;1.674005205704209;13;0;0.159401;1,011,911;1,011,911;0;0;33,615;1.000126;6.586345;1367.378677;395,911;616,000;1,011,911;0;0;0;7.092508522467575e-05;7.287896704707144e-05;86.907949;181.835358;3.378334;1,012,039;221,400
1675;1.67503466444229;15;0;0.109019;1,011,911;1,011,911;0;0;33,615;1.000126;6.586345;1369.874640;395,911;616,000;1,011,911;0;0;0;6.646497976557395e-05;7.040600604505892e-05;86.907949;181.835358;3.378334;1,012,039;221,400
1676;1.676061337232631;15;0;0.107046;1,011,911;1,011,911;0;0;33,615;1.000126;6.586345;1372.418671;395,911;616,000;1,011,911;0;0;0;6.731892013124563e-05;7.067639156957125e-05;86.907949;181.835358;3.378334;1,012,039;221,400
1677;1.677035393854379;14;0;0.100982;1,011,911;1,011,911;0;0;33,615;1.000126;6.586345;1374.959009;395,911;616,000;1,011,911;0;0;0;0.0000687758444106219;7.102886691972015e-05;86.907949;181.835358;3.378334;1,012,039;221,400
1678;1.678054246257731;15;0;0.109690;1,011,911;1,011,911;0;0;33,615;1.000126;6.586345;1377.550754;395,911;616,000;1,011,911;0;0;0;6.607563449311886e-05;6.988969325215267e-05;86.907949;181.835358;3.378334;1,012,039;221,400
1679;1.679004172922439;15;0;0.109103;1,011,911;1,011,911;0;0;33,615;1.000126;6.586345;1381.532007;395,911;616,000;1,011,911;0;0;0;6.219605216407391e-05;6.445251209260474e-05;86.907949;181.835358;3.378334;1,012,039;221,400
1680;1.680022295867805;15;0;0.110560;1,011,911;1,011,911;0;0;35,856;1.000126;6.174699;1383.535965;395,911;616,000;1,011,911;0;0;0;6.420733332298189e-05;7.317061796863399e-05;86.907949;181.835358;3.378334;1,012,039;221,400
1681;1.681037881984684;14;0;0.185454;1,011,911;1,011,911;0;0;35,856;1.000126;6.174699;1384.873852;395,911;616,000;1,011,911;0;0;0;7.143363607804545e-05;7.436792774333948e-05;86.907949;181.835358;3.378334;1,012,039;221,400
1682;1.682010759386167;15;0;0.109674;1,011,911;1,011,911;0;0;35,856;1.000126;6.174699;1386.003733;395,911;616,000;1,011,911;0;0;0;6.245365608072919e-05;7.062702486076659e-05;86.907949;181.835358;3.378334;1,012,039;221,400
1683;1.683042510485282;15;0;0.103634;1,011,911;1,011,911;0;0;35,856;1.000126;6.174699;1387.527621;395,911;616,000;1,011,911;0;0;0;0.0000672862154672137;6.989335746743014e-05;86.907949;181.835358;3.378334;1,012,039;221,400
1684;1.684003731850254;14;0;0.107593;1,011,911;1,011,911;0;0;35,856;1.000126;6.174699;1389.826289;395,911;616,000;1,011,911;0;0;0;6.792203458568485e-05;7.056457113403592e-05;86.907949;181.835358;3.378334;1,012,039;221,400
1685;1.685007469458304;14;0;0.123653;1,011,911;1,011,911;0;0;35,856;1.000126;6.174699;1391.489386;395,911;616,000;1,011,911;0;0;0;7.039651779245763e-05;7.286607998111943e-05;86.907949;181.835358;3.378334;1,012,039;221,400
1686;1.686026105105644;15;0;0.104537;1,011,911;1,011,911;0;0;35,856;1.000126;6.174699;1392.069117;395,911;616,000;1,011,911;0;0;0;6.671616907418574e-05;7.007045694417973e-05;86.907949;181.835358;3.378334;1,012,039;221,400
1687;1.687021752571852;14;0;0.097049;1,011,911;1,011,911;0;0;35,856;1.000126;6.174699;1392.571266;395,911;616,000;1,011,911;0;0;0;7.014001147171625e-05;7.180784992349313e-05;86.907949;181.835358;3.378334;1,012,039;221,400
1688;1.688059351848658;15;0;0.108612;1,011,911;1,011,911;0;0;35,856;1.000126;6.174699;1393.055870;395,911;616,000;1,011,911;0;0;0;6.841047839715744e-05;7.012234054014364e-05;86.907949;181.835358;3.378334;1,012,039;221,400
1689;1.689048855347848;14;0;0.175522;1,011,911;1,011,911;0;0;35,856;1.000126;6.174699;1393.586622;395,911;616,000;1,011,911;0;0;0;6.451973679239826e-05;7.262018399361415e-05;86.907949;181.835358;3.378334;1,012,039;221,400
1690;1.690025622729423;15;0;0.107136;1,011,911;1,011,911;0;0;35,856;1.000126;6.174699;1393.953727;395,911;616,000;1,011,911;0;0;0;6.321685192611701e-05;6.888701440187958e-05;86.907949;181.835358;3.378334;1,012,039;221,400
1691;1.691037276370473;15;0;0.103451;1,011,911;1,011,911;0;0;35,856;1.000126;6.174699;1394.206658;395,911;616,000;1,011,911;0;0;0;6.632928908388451e-05;7.004454018393462e-05;86.907949;181.835358;3.378334;1,012,039;221,400
1692;1.692031148422592;14;0;0.091265;1,011,911;1,011,911;0;0;35,856;1.000126;6.174699;1394.324788;395,911;616,000;1,011,911;0;0;0;7.047724879115987e-05;0.0000721271825322468;86.907949;181.835358;3.378334;1,012,039;221,400
1693;1.693029658469372;14;0;0.092783;1,011,911;1,011,911;0;0;35,856;1.000126;6.174699;1394.470943;395,911;616,000;1,011,911;0;0;0;7.103668300410292e-05;7.248969033286016e-05;86.907949;181.835358;3.378334;1,012,039;221,400
1694;1.694028729613245;14;0;0.091656;1,011,911;1,011,911;0;0;35,856;1.000126;6.174699;1394.589823;395,911;616,000;1,011,911;0;0;0;6.990780787997127e-05;7.241537928156823e-05;86.907949;181.835358;3.378334;1,012,039;221,400
1695;1.695019368484167;14;0;0.092422;1,011,911;1,011,911;0;0;35,856;1.000126;6.174699;1394.714376;395,911;616,000;1,011,911;0;0;0;6.972680561397119e-05;7.283724969103875e-05;86.907949;181.835358;3.378334;1,012,039;221,400
1696;1.696065154524181;15;0;0.097877;1,011,911;1,011,911;0;0;35,856;1.000126;6.174699;1394.906611;395,911;616,000;1,011,911;0;0;0;6.874939203342974e-05;7.128967031537084e-05;86.907949;181.835358;3.378334;1,012,039;221,400
1697;1.697040484426053;14;0;0.092158;1,011,911;1,011,911;0;0;35,856;1.000126;6.174699;1395.086949;395,911;616,000;1,011,911;0;0;0;6.744147949597093e-05;7.193614683328622e-05;86.907949;181.835358;3.378334;1,012,039;221,400
1698;1.69801002709512;14;0;0.093583;1,011,911;1,011,911;0;0;35,856;1.000126;6.174699;1395.279792;395,911;616,000;1,011,911;0;0;0;6.779300212272456e-05;7.167733863889667e-05;86.907949;181.835358;3.378334;1,012,039;221,400
1699;1.699029378904596;15;0;0.097855;1,011,911;1,011,911;0;0;35,856;1.000126;6.174699;1395.473181;395,911;616,000;1,011,911;0;0;0;0.0000662942782850469;7.196183851459622e-05;86.907949;181.835358;3.378334;1,012,039;221,400
1700;1.700053187945101;15;0;0.100311;1,011,911;1,011,911;0;0;35,856;1.000126;6.174699;1395.659188;395,911;616,000;1,011,911;0;0;0;6.724517702591644e-05;6.947989774413076e-05;86.907949;181.835358;3.378334;1,012,039;221,400
1701;1.701015155305422;14;0;0.124250;1,011,911;1,011,911;0;0;35,856;1.000126;6.174699;1395.872021;395,911;616,000;1,011,911;0;0;0;6.774074154551099e-05;6.964990421332082e-05;86.907949;181.835358;3.378334;1,012,039;221,400
1702;1.702004392932392;15;0;0.098294;1,011,911;1,011,911;0;0;35,856;1.000126;6.174699;1396.040208;395,911;616,000;1,011,911;0;0;0;6.473234691826262e-05;6.822849386781391e-05;86.907949;181.835358;3.378334;1,012,039;221,400
1703;1.703023780384959;15;0;0.104359;1,011,911;1,011,911;0;0;38,097;1.000126;5.811481;1396.230343;395,911;616,000;1,011,911;0;0;0;6.331381350342793e-05;6.984655069985251e-05;86.907949;181.835358;3.378334;1,012,039;221,400
1704;1.704054798980565;16;0;0.133090;1,011,911;1,011,911;0;0;38,097;1.000126;5.811481;1400.049478;395,911;616,000;1,011,911;0;0;0;6.255442354003185e-05;6.770048476881791e-05;86.907949;181.835358;3.378334;1,012,039;221,400
1705;1.705037413349036;14;0;0.095926;1,011,911;1,011,911;0;0;38,097;1.000126;5.811481;1400.726430;395,911;616,000;1,011,911;0;0;0;6.814363057996784e-05;7.233085698424517e-05;86.907949;181.835358;3.378334;1,012,039;221,400
1706;1.706010951937378;14;0;0.095097;1,011,911;1,011,911;0;0;38,097;1.000126;5.811481;1401.040564;395,911;616,000;1,011,911;0;0;0;6.858903521029371e-05;7.161949224574133e-05;86.907949;181.835358;3.378334;1,012,039;221,400
1707;1.707063856201984;15;0;0.104344;1,011,911;1,011,911;0;0;38,097;1.000126;5.811481;1401.364089;395,911;616,000;1,011,911;0;0;0;6.946310211085437e-05;7.178249876449203e-05;86.907949;181.835358;3.378334;1,012,039;221,400
1708;1.708036191247657;14;0;0.098935;1,011,911;1,011,911;0;0;38,097;1.000126;5.811481;1401.678034;395,911;616,000;1,011,911;0;0;0;6.898170813790751e-05;0.0000701666780621193;86.907949;181.835358;3.378334;1,012,039;221,400
1709;1.709019791151781;14;0;0.107117;1,011,911;1,011,911;0;0;38,097;1.000126;5.811481;1402.019684;395,911;616,000;1,011,911;0;0;0;6.971561873701417e-05;7.113955003344817e-05;86.907949;181.835358;3.378334;1,012,039;221,400
1710;1.71003124671206;15;0;0.192892;1,011,911;1,011,911;0;0;38,097;1.000126;5.811481;1402.398630;395,911;616,000;1,011,911;0;0;0;6.536216677446067e-05;7.062352533382769e-05;86.907949;181.835358;3.378334;1,012,039;221,400
1711;1.711061083004681;15;0;0.108147;1,011,911;1,011,911;0;0;38,097;1.000126;5.811481;1402.668566;395,911;616,000;1,011,911;0;0;0;6.523978664884549e-05;7.136889493184833e-05;86.907949;181.835358;3.378334;1,012,039;221,400
1712;1.712025441406036;15;0;0.105338;1,011,911;1,011,911;0;0;38,097;1.000126;5.811481;1402.920933;395,911;616,000;1,011,911;0;0;0;6.278772965570014e-05;0.0000667609160077406;86.907949;181.835358;3.378334;1,012,039;221,400
1713;1.713030610214397;15;0;0.107331;1,011,911;1,011,911;0;0;38,097;1.000126;5.811481;1406.380727;395,911;616,000;1,011,911;0;0;0;0.0000660192397812446;6.909416582507587e-05;86.907949;181.835358;3.378334;1,012,039;221,400
1714;1.714015438746259;15;0;0.111566;1,011,911;1,011,911;0;0;38,097;1.000126;5.811481;1408.526814;395,911;616,000;1,011,911;0;0;0;6.360439193058255e-05;6.761581800948049e-05;86.907949;181.835358;3.378334;1,012,039;221,400
1715;1.715060382547007;16;0;0.116047;1,011,911;1,011,911;0;0;38,097;1.000126;5.811481;1410.774222;395,911;616,000;1,011,911;0;0;0;6.352014999721777e-05;6.745305502021723e-05;86.907949;181.835358;3.378334;1,012,039;221,400
1716;1.716024542407019;14;0;0.104530;1,011,911;1,011,911;0;0;38,097;1.000126;5.811481;1413.042155;395,911;616,000;1,011,911;0;0;0;6.725524454474687e-05;7.116611821884068e-05;86.907949;181.835358;3.378334;1,012,039;221,400
1717;1.717033172302517;15;0;0.107523;1,011,911;1,011,911;0;0;38,097;1.000126;5.811481;1415.324831;395,911;616,000;1,011,911;0;0;0;6.611159005324783e-05;0.000069033615835238;86.907949;181.835358;3.378334;1,012,039;221,400
1718;1.718052677583108;15;0;0.106205;1,011,911;1,011,911;0;0;38,097;1.000126;5.811481;1417.566194;395,911;616,000;1,011,911;0;0;0;0.0000675205951145122;0.0000687582105977853;86.907949;181.835358;3.378334;1,012,039;221,400
1719;1.719018743703167;14;0;0.175106;1,011,911;1,011,911;0;0;38,097;1.000126;5.811481;1419.914880;395,911;616,000;1,011,911;0;0;0;6.868482856683291e-05;7.027934266773218e-05;86.907949;181.835358;3.378334;1,012,039;221,400
1720;1.72000043117277;14;0;0.100982;1,011,911;1,011,911;0;0;38,097;1.000126;5.811481;1422.179213;395,911;616,000;1,011,911;0;0;0;6.888070595994151e-05;7.114172390544061e-05;86.907949;181.835358;3.378334;1,012,039;221,400
1721;1.721041551748525;15;0;0.111959;1,011,911;1,011,911;0;0;38,097;1.000126;5.811481;1424.387964;395,911;616,000;1,011,911;0;0;0;6.848385759205057e-05;7.058016956426307e-05;86.907949;181.835358;3.378334;1,012,039;221,400
1722;1.722056013527476;15;0;0.110599;1,011,911;1,011,911;0;0;38,097;1.000126;5.811481;1426.570702;395,911;616,000;1,011,911;0;0;0;6.653560032568428e-05;7.018895355159347e-05;86.907949;181.835358;3.378334;1,012,039;221,400
1723;1.723053218993307;14;0;0.099513;1,011,911;1,011,911;0;0;38,097;1.000126;5.811481;1428.779398;395,911;616,000;1,011,911;0;0;0;0.0000706054730416057;7.248768906532891e-05;86.907949;181.835358;3.378334;1,012,039;221,400
1724;1.724039143556265;14;0;0.105206;1,011,911;1,011,911;0;0;38,097;1.000126;5.811481;1431.004487;395,911;616,000;1,011,911;0;0;0;6.750668909524225e-05;7.339115770291747e-05;86.907949;181.835358;3.378334;1,012,039;221,400
1725;1.725049209239336;15;0;0.108303;1,011,911;1,011,911;0;0;38,097;1.000126;5.811481;1433.228553;395,911;616,000;1,011,911;0;0;0;6.595155554750902e-05;6.929967659987793e-05;86.907949;181.835358;3.378334;1,012,039;221,400
1726;1.726024087531551;15;0;0.108296;1,011,911;1,011,911;0;0;38,097;1.000126;5.811481;1435.411198;395,911;616,000;1,011,911;0;0;0;6.358604868142056e-05;6.729235199419614e-05;86.907949;181.835358;3.378334;1,012,039;221,400
1727;1.727042746190656;15;0;0.109687;1,011,911;1,011,911;0;0;38,097;1.000126;5.811481;1437.632333;395,911;616,000;1,011,911;0;0;0;6.669269279352683e-05;6.926535044155157e-05;86.907949;181.835358;3.378334;1,012,039;221,400
1728;1.728001504844315;15;0;0.106190;1,011,911;1,011,911;0;0;38,097;1.000126;5.811481;1439.848573;395,911;616,000;1,011,911;0;0;0;6.185232194485144e-05;6.796530997560687e-05;86.907949;181.835358;3.378334;1,012,039;221,400
1729;1.729023357722115;15;0;0.104842;1,011,911;1,011,911;0;0;38,097;1.000126;5.811481;1442.066808;395,911;616,000;1,011,911;0;0;0;6.679221741136619e-05;6.988026614855715e-05;86.907949;181.835358;3.378334;1,012,039;221,400
1730;1.730014261427183;14;0;0.101709;1,011,911;1,011,911;0;0;40,338;1.000126;5.488621;1444.231455;395,911;616,000;1,011,911;0;0;0;6.902542440902971e-05;7.276541264124574e-05;86.907949;181.835358;3.378334;1,012,039;221,400
1731;1.731066693960055;15;0;0.106764;1,011,911;1,011,911;0;0;40,338;1.000126;5.488621;1446.442993;395,911;616,000;1,011,911;0;0;0;6.869214877661805e-05;7.314604186059143e-05;86.907949;181.835358;3.378334;1,012,039;221,400
1732;1.732043129974813;14;0;0.098620;1,011,911;1,011,911;0;0;40,338;1.000126;5.488621;1448.636720;395,911;616,000;1,011,911;0;0;0;6.942214924593057e-05;7.070090631636129e-05;86.907949;181.835358;3.378334;1,012,039;221,400
1733;1.733048266949882;14;0;0.099465;1,011,911;1,011,911;0;0;40,338;1.000126;5.488621;1450.816417;395,911;616,000;1,011,911;0;0;0;7.066343197728372e-05;7.273963367770944e-05;86.907949;181.835358;3.378334;1,012,039;221,400
1734;1.734055449266381;15;0;0.114640;1,011,911;1,011,911;0;0;40,338;1.000126;5.488621;1453.051901;395,911;616,000;1,011,911;0;0;0;6.553257533928316e-05;0.0000696038968115041;86.907949;181.835358;3.378334;1,012,039;221,400
1735;1.735000922972873;14;0;0.096768;1,011,911;1,011,911;0;0;40,338;1.000126;5.488621;1455.296045;395,911;616,000;1,011,911;0;0;0;0.0000659802596762171;6.897102326202975e-05;86.907949;181.835358;3.378334;1,012,039;221,400
1736;1.736016864818071;15;0;0.110699;1,011,911;1,011,911;0;0;40,338;1.000126;5.488621;1457.382769;395,911;616,000;1,011,911;0;0;0;6.648789934914903e-05;7.045374018675322e-05;86.907949;181.835358;3.378334;1,012,039;221,400
1737;1.737067635990606;15;0;0.108088;1,011,911;1,011,911;0;0;40,338;1.000126;5.488621;1458.895952;395,911;616,000;1,011,911;0;0;0;6.810953520863543e-05;7.124535720809238e-05;86.907949;181.835358;3.378334;1,012,039;221,400
1738;1.738009985940881;14;0;0.103903;1,011,911;1,011,911;0;0;40,338;1.000126;5.488621;1460.400470;395,911;616,000;1,011,911;0;0;0;6.641595435005397e-05;6.878873021440376e-05;86.907949;181.835358;3.378334;1,012,039;221,400
1739;1.73904720971943;15;0;0.111936;1,011,911;1,011,911;0;0;40,338;1.000126;5.488621;1460.883441;395,911;616,000;1,011,911;0;0;0;6.531110519934056e-05;7.138508321033001e-05;86.907949;181.835358;3.378334;1,012,039;221,400
1740;1.740010294754179;15;0;0.146644;1,011,911;1,011,911;0;0;40,338;1.000126;5.488621;1461.337737;395,911;616,000;1,011,911;0;0;0;6.259373522484824e-05;6.780551998984677e-05;86.907949;181.835358;3.378334;1,012,039;221,400
1741;1.74105086963994;15;0;0.111133;1,011,911;1,011,911;0;0;40,338;1.000126;5.488621;1461.710672;395,911;616,000;1,011,911;0;0;0;6.835448089170867e-05;7.036966416026334e-05;86.907949;181.835358;3.378334;1,012,039;221,400
1742;1.742005605079195;14;0;0.098211;1,011,911;1,011,911;0;0;40,338;1.000126;5.488621;1462.122537;395,911;616,000;1,011,911;0;0;0;6.732478874107809e-05;6.896639403188322e-05;86.907949;181.835358;3.378334;1,012,039;221,400
1743;1.743050700163573;15;0;0.104636;1,011,911;1,011,911;0;0;40,338;1.000126;5.488621;1462.488911;395,911;616,000;1,011,911;0;0;0;0.0000676968524641406;7.247323046511712e-05;86.907949;181.835358;3.378334;1,012,039;221,400
1744;1.744026902870573;14;0;0.098949;1,011,911;1,011,911;0;0;40,338;1.000126;5.488621;1462.848495;395,911;616,000;1,011,911;0;0;0;0.0000689000708380464;7.087115971987312e-05;86.907949;181.835358;3.378334;1,012,039;221,400
1745;1.745007125320756;14;0;0.101524;1,011,911;1,011,911;0;0;40,338;1.000126;5.488621;1463.196649;395,911;616,000;1,011,911;0;0;0;6.954136577567214e-05;7.155423423922734e-05;86.907949;181.835358;3.378334;1,012,039;221,400
1746;1.746063312222589;15;0;0.101143;1,011,911;1,011,911;0;0;40,338;1.000126;5.488621;1463.336297;395,911;616,000;1,011,911;0;0;0;6.462874689211022e-05;7.209076810135189e-05;86.907949;181.835358;3.378334;1,012,039;221,400
1747;1.747051476728762;15;0;0.157581;1,011,911;1,011,911;0;0;40,338;1.000126;5.488621;1463.572597;395,911;616,000;1,011,911;0;0;0;6.427365267698699e-05;6.791741980698398e-05;86.907949;181.835358;3.378334;1,012,039;221,400
1748;1.748042343940707;15;0;0.101156;1,011,911;1,011,911;0;0;40,338;1.000126;5.488621;1463.702853;395,911;616,000;1,011,911;0;0;0;6.424715964466718e-05;6.842448068176027e-05;86.907949;181.835358;3.378334;1,012,039;221,400
1749;1.749059304855474;15;0;0.097542;1,011,911;1,011,911;0;0;40,338;1.000126;5.488621;1463.869756;395,911;616,000;1,011,911;0;0;0;6.540214150850228e-05;7.047919819101991e-05;86.907949;181.835358;3.378334;1,012,039;221,400
1750;1.750025602368489;15;0;0.097941;1,011,911;1,011,911;0;0;40,338;1.000126;5.488621;1464.050114;395,911;616,000;1,011,911;0;0;0;6.192941663136874e-05;6.608633401881772e-05;86.907949;181.835358;3.378334;1,012,039;221,400
1751;1.751015612165268;15;0;0.099180;1,011,911;1,011,911;0;0;40,338;1.000126;5.488621;1464.514929;395,911;616,000;1,011,911;0;0;0;6.318209428271245e-05;6.897284086564289e-05;86.907949;181.835358;3.378334;1,012,039;221,400
1752;1.752040889035142;15;0;0.112893;1,011,911;1,011,911;0;0;40,338;1.000126;5.488621;1466.521063;395,911;616,000;1,011,911;0;0;0;0.0000667507339341809;6.994284558361638e-05;86.907949;181.835358;3.378334;1,012,039;221,400
1753;1.753014708629135;14;0;0.104556;1,011,911;1,011,911;0;0;40,338;1.000126;5.488621;1467.732785;395,911;616,000;1,011,911;0;0;0;6.775332940900287e-05;7.180038397530297e-05;86.907949;181.835358;3.378334;1,012,039;221,400
1754;1.754061138318385;15;0;0.105820;1,011,911;1,011,911;0;0;40,338;1.000126;5.488621;1468.674995;395,911;616,000;1,011,911;0;0;0;6.871696471995061e-05;7.128121388152199e-05;86.907949;181.835358;3.378334;1,012,039;221,400
1755;1.755038357021185;14;0;0.098549;1,011,911;1,011,911;0;0;40,338;1.000126;5.488621;1469.205136;395,911;616,000;1,011,911;0;0;0;0.0000683306356078792;0.0000711897110943872;86.907949;181.835358;3.378334;1,012,039;221,400
1756;1.756015446093477;14;0;0.095598;1,011,911;1,011,911;0;0;40,338;1.000126;5.488621;1469.381989;395,911;616,000;1,011,911;0;0;0;6.882380548729743e-05;7.115443000636117e-05;86.907949;181.835358;3.378334;1,012,039;221,400
1757;1.757067030537472;15;0;0.100748;1,011,911;1,011,911;0;0;40,338;1.000126;5.488621;1469.562143;395,911;616,000;1,011,911;0;0;0;6.955608439668697e-05;7.105910758681807e-05;86.907949;181.835358;3.378334;1,012,039;221,400
1758;1.75801054596824;14;0;0.096165;1,011,911;1,011,911;0;0;40,338;1.000126;5.488621;1469.789337;395,911;616,000;1,011,911;0;0;0;6.611228632751838e-05;6.879274637429488e-05;86.907949;181.835358;3.378334;1,012,039;221,400
1759;1.759037843312219;15;0;0.110401;1,011,911;1,011,911;0;0;40,338;1.000126;5.488621;1470.040279;395,911;616,000;1,011,911;0;0;0;6.721326268300962e-05;7.017981980735127e-05;86.907949;181.835358;3.378334;1,012,039;221,400
1760;1.760052805782572;15;0;0.106773;1,011,911;1,011,911;0;0;40,338;1.000126;5.488621;1473.220898;395,911;616,000;1,011,911;0;0;0;6.710070531649137e-05;6.874287441462862e-05;86.907949;181.835358;3.378334;1,012,039;221,400
1761;1.761006299269341;14;0;0.099271;1,011,911;1,011,911;0;0;40,338;1.000126;5.488621;1475.429877;395,911;616,000;1,011,911;0;0;0;6.732435302076528e-05;6.949828199815229e-05;86.907949;181.835358;3.378334;1,012,039;221,400
1762;1.762023095286681;15;0;0.109419;1,011,911;1,011,911;0;0;40,338;1.000126;5.488621;1476.498722;395,911;616,000;1,011,911;0;0;0;6.693807016449765e-05;0.0000695414454706133;86.907949;181.835358;3.378334;1,012,039;221,400
1763;1.763056668045752;15;0;0.106261;1,011,911;1,011,911;0;0;40,338;1.000126;5.488621;1478.434739;395,911;616,000;1,011,911;0;0;0;6.798648170554501e-05;7.077581079147596e-05;86.907949;181.835358;3.378334;1,012,039;221,400
1764;1.76404966538101;14;0;0.093669;1,011,911;1,011,911;0;0;40,338;1.000126;5.488621;1479.074005;395,911;616,000;1,011,911;0;0;0;7.042066469669072e-05;7.242561889082516e-05;86.907949;181.835358;3.378334;1,012,039;221,400
1765;1.765028810611538;14;0;0.100199;1,011,911;1,011,911;0;0;40,338;1.000126;5.488621;1479.893847;395,911;616,000;1,011,911;0;0;0;6.511205806562751e-05;0.0000722254600774697;86.907949;181.835358;3.378334;1,012,039;221,400
1766;1.766067098697863;16;0;0.119280;1,011,911;1,011,911;0;0;40,338;1.000126;5.488621;1480.871507;395,911;616,000;1,011,911;0;0;0;6.315618410701402e-05;6.875309489134852e-05;86.907949;181.835358;3.378334;1,012,039;221,400
1767;1.767059898906153;15;0;0.105258;1,011,911;1,011,911;0;0;40,338;1.000126;5.488621;1481.326120;395,911;616,000;1,011,911;0;0;0;6.301766786023548e-05;7.013418221709691e-05;86.907949;181.835358;3.378334;1,012,039;221,400
1768;1.768045757495509;15;0;0.103436;1,011,911;1,011,911;0;0;42,579;1.000126;5.199746;1481.564122;395,911;616,000;1,011,911;0;0;0;6.448986229179668e-05;6.747206926877612e-05;86.907949;181.835358;3.378334;1,012,039;221,400
1769;1.769016287204265;14;0;0.096800;1,011,911;1,011,911;0;0;42,579;1.000126;5.199746;1481.794320;395,911;616,000;1,011,911;0;0;0;0.0000662515472585609;7.155956745799178e-05;86.907949;181.835358;3.378334;1,012,039;221,400
1770;1.770059473783065;16;0;0.109777;1,011,911;1,011,911;0;0;42,579;1.000126;5.199746;1482.049900;395,911;616,000;1,011,911;0;0;0;6.357776547469722e-05;6.870881800886479e-05;86.907949;181.835358;3.378334;1,012,039;221,400
1771;1.771044911898509;14;0;0.097530;1,011,911;1,011,911;0;0;42,579;1.000126;5.199746;1482.281314;395,911;616,000;1,011,911;0;0;0;6.919937338294996e-05;7.178198692345162e-05;86.907949;181.835358;3.378334;1,012,039;221,400
1772;1.772066199755892;15;0;0.104354;1,011,911;1,011,911;0;0;42,579;1.000126;5.199746;1482.523843;395,911;616,000;1,011,911;0;0;0;6.705407893998566e-05;6.995206856910598e-05;86.907949;181.835358;3.378334;1,012,039;221,400
1773;1.773043006613692;14;0;0.098211;1,011,911;1,011,911;0;0;42,579;1.000126;5.199746;1482.772499;395,911;616,000;1,011,911;0;0;0;6.616447391415085e-05;7.082325493228768e-05;86.907949;181.835358;3.378334;1,012,039;221,400
1774;1.774028055245239;15;0;0.103528;1,011,911;1,011,911;0;0;42,579;1.000126;5.199746;1483.073149;395,911;616,000;1,011,911;0;0;0;6.424656382471425e-05;6.900749696570573e-05;86.907949;181.835358;3.378334;1,012,039;221,400
1775;1.775027651231897;15;0;0.104663;1,011,911;1,011,911;0;0;42,579;1.000126;5.199746;1483.374951;395,911;616,000;1,011,911;0;0;0;6.458185215824475e-05;7.012604608003188e-05;86.907949;181.835358;3.378334;1,012,039;221,400
1776;1.776048557968084;15;0;0.105094;1,011,911;1,011,911;0;0;42,579;1.000126;5.199746;1483.677333;395,911;616,000;1,011,911;0;0;0;6.610831102567509e-05;7.001917930719733e-05;86.907949;181.835358;3.378334;1,012,039;221,400
1777;1.777033079627787;14;0;0.100043;1,011,911;1,011,911;0;0;42,579;1.000126;5.199746;1483.970512;395,911;616,000;1,011,911;0;0;0;0.0000700038177409502;7.077559339499982e-05;86.907949;181.835358;3.378334;1,012,039;221,400
1778;1.778031690280789;15;0;0.104970;1,011,911;1,011,911;0;0;42,579;1.000126;5.199746;1484.299218;395,911;616,000;1,011,911;0;0;0;6.508493375435304e-05;6.906346217094736e-05;86.907949;181.835358;3.378334;1,012,039;221,400
1779;1.779031438899345;15;0;0.105723;1,011,911;1,011,911;0;0;42,579;1.000126;5.199746;1484.595630;395,911;616,000;1,011,911;0;0;0;6.524419254331993e-05;6.885021941612151e-05;86.907949;181.835358;3.378334;1,012,039;221,400
1780;1.780059739920313;15;0;0.106521;1,011,911;1,011,911;0;0;42,579;1.000126;5.199746;1484.896072;395,911;616,000;1,011,911;0;0;0;6.784868211980096e-05;7.006824541530249e-05;86.907949;181.835358;3.378334;1,012,039;221,400
1781;1.781040212706565;14;0;0.098701;1,011,911;1,011,911;0;0;42,579;1.000126;5.199746;1485.253092;395,911;616,000;1,011,911;0;0;0;6.969196618482696e-05;7.044945959370237e-05;86.907949;181.835358;3.378334;1,012,039;221,400
1782;1.782005019747125;14;0;0.103506;1,011,911;1,011,911;0;0;42,579;1.000126;5.199746;1485.617608;395,911;616,000;1,011,911;0;0;0;6.748817239690619e-05;7.051528155016527e-05;86.907949;181.835358;3.378334;1,012,039;221,400
1783;1.783026034225249;15;0;0.106996;1,011,911;1,011,911;0;0;42,579;1.000126;5.199746;1485.975865;395,911;616,000;1,011,911;0;0;0;6.662351841596355e-05;6.954815083066516e-05;86.907949;181.835358;3.378334;1,012,039;221,400
1784;1.784054899577679;15;0;0.109906;1,011,911;1,011,911;0;0;42,579;1.000126;5.199746;1486.387868;395,911;616,000;1,011,911;0;0;0;6.672773201014042e-05;7.114223978515497e-05;86.907949;181.835358;3.378334;1,012,039;221,400
1785;1.785049558321693;14;0;0.106152;1,011,911;1,011,911;0;0;42,579;1.000126;5.199746;1488.102234;395,911;616,000;1,011,911;0;0;0;7.065781402396278e-05;0.000071982412372017;86.907949;181.835358;3.378334;1,012,039;221,400
1786;1.786028715987633;14;0;0.103096;1,011,911;1,011,911;0;0;42,579;1.000126;5.199746;1489.362199;395,911;616,000;1,011,911;0;0;0;6.872518831542817e-05;7.138398219956691e-05;86.907949;181.835358;3.378334;1,012,039;221,400
1787;1.787003343728186;14;0;0.101271;1,011,911;1,011,911;0;0;42,579;1.000126;5.199746;1490.354654;395,911;616,000;1,011,911;0;0;0;6.738504157131062e-05;7.151200441997115e-05;86.907949;181.835358;3.378334;1,012,039;221,400
1788;1.788025033356926;16;0;0.112238;1,011,911;1,011,911;0;0;42,579;1.000126;5.199746;1490.762513;395,911;616,000;1,011,911;0;0;0;6.157480424269148e-05;0.0000674603802784317;86.907949;181.835358;3.378334;1,012,039;221,400
1789;1.78903582194387;15;0;0.102461;1,011,911;1,011,911;0;0;42,579;1.000126;5.199746;1491.172501;395,911;616,000;1,011,911;0;0;0;6.654600607270761e-05;6.927715633739329e-05;86.907949;181.835358;3.378334;1,012,039;221,400
1790;1.79006512102442;15;0;0.110437;1,011,911;1,011,911;0;0;42,579;1.000126;5.199746;1491.635316;395,911;616,000;1,011,911;0;0;0;6.782611914356892e-05;6.974999632420714e-05;86.907949;181.835358;3.378334;1,012,039;221,400
1791;1.791046539233232;14;0;0.103418;1,011,911;1,011,911;0;0;42,579;1.000126;5.199746;1492.281667;395,911;616,000;1,011,911;0;0;0;6.325335352916349e-05;7.116992136659338e-05;86.907949;181.835358;3.378334;1,012,039;221,400
1792;1.792026635982196;16;0;0.110312;1,011,911;1,011,911;0;0;42,579;1.000126;5.199746;1493.280878;395,911;616,000;1,011,911;0;0;0;5.856374075898098e-05;6.661676244776848e-05;86.907949;181.835358;3.378334;1,012,039;221,400
1793;1.793029804716457;15;0;0.106208;1,011,911;1,011,911;0;0;42,579;1.000126;5.199746;1493.749980;395,911;616,000;1,011,911;0;0;0;6.569323683420878e-05;6.796321946458543e-05;86.907949;181.835358;3.378334;1,012,039;221,400
1794;1.794039533318596;15;0;0.140208;1,011,911;1,011,911;0;0;42,579;1.000126;5.199746;1494.268013;395,911;616,000;1,011,911;0;0;0;6.624902106139222e-05;0.0000690279268558166;86.907949;181.835358;3.378334;1,012,039;221,400
1795;1.795010227836253;14;0;0.101414;1,011,911;1,011,911;0;0;42,579;1.000126;5.199746;1494.759476;395,911;616,000;1,011,911;0;0;0;6.471573716244623e-05;7.218607432084504e-05;86.907949;181.835358;3.378334;1,012,039;221,400
1796;1.796044273726238;16;0;0.107448;1,011,911;1,011,911;0;0;42,579;1.000126;5.199746;1495.531907;395,911;616,000;1,011,911;0;0;0;6.295100275411311e-05;6.777024686184921e-05;86.907949;181.835358;3.378334;1,012,039;221,400
1797;1.797019094572881;14;0;0.098979;1,011,911;1,011,911;0;0;42,579;1.000126;5.199746;1498.341204;395,911;616,000;1,011,911;0;0;0;6.819919074919724e-05;7.092789618913106e-05;86.907949;181.835358;3.378334;1,012,039;221,400
1798;1.798006395529996;14;0;0.104041;1,011,911;1,011,911;0;0;42,579;1.000126;5.199746;1500.588255;395,911;616,000;1,011,911;0;0;0;0.0000702763266499532;7.123959678656972e-05;86.907949;181.835358;3.378334;1,012,039;221,400
1799;1.799039590268805;15;0;0.105007;1,011,911;1,011,911;0;0;42,579;1.000126;5.199746;1503.490033;395,911;616,000;1,011,911;0;0;0;6.804773732595436e-05;7.059909158955729e-05;86.907949;181.835358;3.378334;1,012,039;221,400
1800;1.800009948329064;14;0;0.098666;1,011,911;1,011,911;0;0;42,579;1.000126;5.199746;1507.995164;395,911;616,000;1,011,911;0;0;0;6.828428266679696e-05;7.095266871244349e-05;86.907949;181.835358;3.378334;1,012,039;221,400
1801;1.801019152074265;15;0;0.104905;1,011,911;1,011,911;0;0;42,579;1.000126;5.199746;1511.184268;395,911;616,000;1,011,911;0;0;0;6.619647139394123e-05;6.860067054708662e-05;86.907949;181.835358;3.378334;1,012,039;221,400
1802;1.802062079580146;15;0;0.107509;1,011,911;1,011,911;0;0;42,579;1.000126;5.199746;1513.361661;395,911;616,000;1,011,911;0;0;0;6.853209726846935e-05;7.062349032508845e-05;86.907949;181.835358;3.378334;1,012,039;221,400
1803;1.803065142806744;15;0;0.106557;1,011,911;1,011,911;0;0;42,579;1.000126;5.199746;1519.971802;395,911;616,000;1,011,911;0;0;0;6.549002214667555e-05;6.935974159332331e-05;86.907949;181.835358;3.378334;1,012,039;221,400
1804;1.804031268248558;14;0;0.102394;1,011,911;1,011,911;0;0;42,579;1.000126;5.199746;1527.744322;395,911;616,000;1,011,911;0;0;0;6.817866087664498e-05;7.030536864445593e-05;86.907949;181.835358;3.378334;1,012,039;221,400
1805;1.805000832673903;14;0;0.153047;1,011,911;1,011,911;0;0;42,579;1.000126;5.199746;1535.722176;395,911;616,000;1,011,911;0;0;0;6.756444971148876e-05;7.037792533162607e-05;86.907949;181.835358;3.378334;1,012,039;221,400
1806;1.806027469618608;15;0;0.104876;1,011,911;1,011,911;0;0;42,579;1.000126;5.199746;1543.322015;395,911;616,000;1,011,911;0;0;0;6.752877698379647e-05;7.003910553406292e-05;86.907949;181.835358;3.378334;1,012,039;221,400
1807;1.807022711483653;14;0;0.098234;1,011,911;1,011,911;0;0;42,579;1.000126;5.199746;1546.805343;395,911;616,000;1,011,911;0;0;0;7.036669176174062e-05;7.226438842019711e-05;86.907949;181.835358;3.378334;1,012,039;221,400
1808;1.808024251834564;14;0;0.105572;1,011,911;1,011,911;0;0;42,579;1.000126;5.199746;1547.570292;395,911;616,000;1,011,911;0;0;0;6.825233801920884e-05;7.207734016361316e-05;86.907949;181.835358;3.378334;1,012,039;221,400
1809;1.809035021881312;15;0;0.108891;1,011,911;1,011,911;0;0;42,579;1.000126;5.199746;1547.973157;395,911;616,000;1,011,911;0;0;0;6.634264436313301e-05;6.908632999318771e-05;86.907949;181.835358;3.378334;1,012,039;221,400
1810;1.810009325923372;14;0;0.096251;1,011,911;1,011,911;0;0;42,579;1.000126;5.199746;1548.416546;395,911;616,000;1,011,911;0;0;0;6.844186937500401e-05;7.169656311210049e-05;86.907949;181.835358;3.378334;1,012,039;221,400
1811;1.811005145462829;14;0;0.102530;1,011,911;1,011,911;0;0;42,579;1.000126;5.199746;1548.836451;395,911;616,000;1,011,911;0;0;0;7.065533064613181e-05;0.0000718195782942182;86.907949;181.835358;3.378334;1,012,039;221,400
1812;1.812052300350752;15;0;0.105877;1,011,911;1,011,911;0;0;42,579;1.000126;5.199746;1549.268729;395,911;616,000;1,011,911;0;0;0;6.765510686214933e-05;7.046103778247413e-05;86.907949;181.835358;3.378334;1,012,039;221,400
1813;1.813009536260833;14;0;0.103374;1,011,911;1,011,911;0;0;42,579;1.000126;5.199746;1549.638994;395,911;616,000;1,011,911;0;0;0;6.752365473454913e-05;6.943729417556427e-05;86.907949;181.835358;3.378334;1,012,039;221,400
1814;1.814012698071533;15;0;0.105392;1,011,911;1,011,911;0;0;42,579;1.000126;5.199746;1549.997141;395,911;616,000;1,011,911;0;0;0;6.485292111458662e-05;6.992753008153208e-05;86.907949;181.835358;3.378334;1,012,039;221,400
1815;1.815036603862021;15;0;0.101278;1,011,911;1,011,911;0;0;42,579;1.000126;5.199746;1550.289385;395,911;616,000;1,011,911;0;0;0;6.702718468346293e-05;7.042627981411317e-05;86.907949;181.835358;3.378334;1,012,039;221,400
1816;1.816029519890362;14;0;0.098611;1,011,911;1,011,911;0;0;42,579;1.000126;5.199746;1550.594091;395,911;616,000;1,011,911;0;0;0;7.079781549744126e-05;7.154712868319021e-05;86.907949;181.835358;3.378334;1,012,039;221,400
1817;1.817041672946126;15;0;0.174475;1,011,911;1,011,911;0;0;42,579;1.000126;5.199746;1550.978079;395,911;616,000;1,011,911;0;0;0;0.0000655550411889587;7.141228413557061e-05;86.907949;181.835358;3.378334;1,012,039;221,400
1818;1.818010230935143;14;0;0.103338;1,011,911;1,011,911;0;0;42,579;1.000126;5.199746;1553.897395;395,911;616,000;1,011,911;0;0;0;0.0000678369409222501;7.146342604138617e-05;86.907949;181.835358;3.378334;1,012,039;221,400
1819;1.819005262178208;14;0;0.107546;1,011,911;1,011,911;0;0;42,579;1.000126;5.199746;1555.617699;395,911;616,000;1,011,911;0;0;0;7.073117213427954e-05;7.160339228752471e-05;86.907949;181.835358;3.378334;1,012,039;221,400
1820;1.820026649736602;15;0;0.108135;1,011,911;1,011,911;0;0;42,579;1.000126;5.199746;1556.904882;395,911;616,000;1,011,911;0;0;0;6.479100971637696e-05;7.113293656496067e-05;86.907949;181.835358;3.378334;1,012,039;221,400
1821;1.821016204641903;15;0;0.103129;1,011,911;1,011,911;0;0;42,579;1.000126;5.199746;1557.148963;395,911;616,000;1,011,911;0;0;0;6.450944323766634e-05;6.824286562329847e-05;86.907949;181.835358;3.378334;1,012,039;221,400
1822;1.822031577278804;15;0;0.145033;1,011,911;1,011,911;0;0;42,579;1.000126;5.199746;1557.444091;395,911;616,000;1,011,911;0;0;0;6.560816643049994e-05;6.990026059269263e-05;86.907949;181.835358;3.378334;1,012,039;221,400
1823;1.823005638790203;14;0;0.099169;1,011,911;1,011,911;0;0;42,579;1.000126;5.199746;1557.644690;395,911;616,000;1,011,911;0;0;0;6.822191743042258e-05;7.172853385332288e-05;86.907949;181.835358;3.378334;1,012,039;221,400
1824;1.824062204386572;15;0;0.106335;1,011,911;1,011,911;0;0;44,820;1.000126;4.939759;1557.932355;395,911;616,000;1,011,911;0;0;0;6.974387693146791e-05;7.186578065240057e-05;86.907949;181.835358;3.378334;1,012,039;221,400
1825;1.825028950292478;14;0;0.100353;1,011,911;1,011,911;0;0;44,820;1.000126;4.939759;1558.282412;395,911;616,000;1,011,911;0;0;0;6.807671568827247e-05;7.098502958225881e-05;86.907949;181.835358;3.378334;1,012,039;221,400
1826;1.826008375224776;14;0;0.102116;1,011,911;1,011,911;0;0;44,820;1.000126;4.939759;1558.898136;395,911;616,000;1,011,911;0;0;0;6.951560584408252e-05;7.086385508659661e-05;86.907949;181.835358;3.378334;1,012,039;221,400
1827;1.827046684722502;15;0;0.106822;1,011,911;1,011,911;0;0;44,820;1.000126;4.939759;1560.039112;395,911;616,000;1,011,911;0;0;0;0.0000682364919990043;7.110821625162161e-05;86.907949;181.835358;3.378334;1,012,039;221,400
1828;1.828035934704313;14;0;0.099875;1,011,911;1,011,911;0;0;44,820;1.000126;4.939759;1560.418934;395,911;616,000;1,011,911;0;0;0;0.0000702368875319143;0.0000719631546350485;86.907949;181.835358;3.378334;1,012,039;221,400
1829;1.829025064523827;14;0;0.093566;1,011,911;1,011,911;0;0;44,820;1.000126;4.939759;1561.228936;395,911;616,000;1,011,911;0;0;0;7.013267364434259e-05;7.168188755944703e-05;86.907949;181.835358;3.378334;1,012,039;221,400
1830;1.830012749944086;14;0;0.103904;1,011,911;1,011,911;0;0;44,820;1.000126;4.939759;1564.833770;395,911;616,000;1,011,911;0;0;0;6.974913966335213e-05;7.203792648957537e-05;86.907949;181.835358;3.378334;1,012,039;221,400
1831;1.831020526794896;14;0;0.104999;1,011,911;1,011,911;0;0;44,820;1.000126;4.939759;1567.875284;395,911;616,000;1,011,911;0;0;0;7.149685597353883e-05;7.264197943302418e-05;86.907949;181.835358;3.378334;1,012,039;221,400
1832;1.832023509188254;14;0;0.106152;1,011,911;1,011,911;0;0;44,820;1.000126;4.939759;1570.878564;395,911;616,000;1,011,911;0;0;0;7.130589792561643e-05;7.221936738494809e-05;86.907949;181.835358;3.378334;1,012,039;221,400
1833;1.833043681243845;14;0;0.103289;1,011,911;1,011,911;0;0;44,820;1.000126;4.939759;1573.840233;395,911;616,000;1,011,911;0;0;0;7.227461007932151e-05;7.337104034902632e-05;86.907949;181.835358;3.378334;1,012,039;221,400
1834;1.834046920156815;14;0;0.098935;1,011,911;1,011,911;0;0;44,820;1.000126;4.939759;1576.844536;395,911;616,000;1,011,911;0;0;0;6.740151632607184e-05;7.232304484509581e-05;86.907949;181.835358;3.378334;1,012,039;221,400
1835;1.835032289000767;15;0;0.109310;1,011,911;1,011,911;0;0;44,820;1.000126;4.939759;1579.847446;395,911;616,000;1,011,911;0;0;0;6.434685222415264e-05;0.0000685861151493746;86.907949;181.835358;3.378334;1,012,039;221,400
1836;1.836011183945487;14;0;0.102631;1,011,911;1,011,911;0;0;44,820;1.000126;4.939759;1582.903881;395,911;616,000;1,011,911;0;0;0;6.907396147489123e-05;0.0000711462921723944;86.907949;181.835358;3.378334;1,012,039;221,400
1837;1.837043408882842;15;0;0.185094;1,011,911;1,011,911;0;0;44,820;1.000126;4.939759;1585.962307;395,911;616,000;1,011,911;0;0;0;6.828388851017236e-05;6.928065406849891e-05;86.907949;181.835358;3.378334;1,012,039;221,400
1838;1.838016396324941;14;0;0.098779;1,011,911;1,011,911;0;0;44,820;1.000126;4.939759;1588.820916;395,911;616,000;1,011,911;0;0;0;6.826227947084625e-05;7.194539676222423e-05;86.907949;181.835358;3.378334;1,012,039;221,400
1839;1.839006479657073;14;0;0.104004;1,011,911;1,011,911;0;0;44,820;1.000126;4.939759;1591.809064;395,911;616,000;1,011,911;0;0;0;7.003583167688455e-05;7.171228988890952e-05;86.907949;181.835358;3.378334;1,012,039;221,400
1840;1.840002892441786;14;0;0.152690;1,011,911;1,011,911;0;0;44,820;1.000126;4.939759;1594.770346;395,911;616,000;1,011,911;0;0;0;6.936979387918584e-05;7.174920499674844e-05;86.907949;181.835358;3.378334;1,012,039;221,400
1841;1.84105227444084;16;0;0.109821;1,011,911;1,011,911;0;0;44,820;1.000126;4.939759;1597.590380;395,911;616,000;1,011,911;0;0;0;6.411098093470715e-05;6.795838908579666e-05;86.907949;181.835358;3.378334;1,012,039;221,400
1842;1.842019393133045;14;0;0.099719;1,011,911;1,011,911;0;0;44,820;1.000126;4.939759;1600.317941;395,911;616,000;1,011,911;0;0;0;6.748027968092391e-05;7.051770046048955e-05;86.907949;181.835358;3.378334;1,012,039;221,400
1843;1.843009147988828;14;0;0.100485;1,011,911;1,011,911;0;0;44,820;1.000126;4.939759;1602.092884;395,911;616,000;1,011,911;0;0;0;0.000069877160605324;7.165319764734032e-05;86.907949;181.835358;3.378334;1,012,039;221,400
1844;1.844061803463247;15;0;0.108323;1,011,911;1,011,911;0;0;44,820;1.000126;4.939759;1603.194592;395,911;616,000;1,011,911;0;0;0;0.0000659064218435371;7.108908792562248e-05;86.907949;181.835358;3.378334;1,012,039;221,400
1845;1.845046289558079;15;0;0.106780;1,011,911;1,011,911;0;0;44,820;1.000126;4.939759;1604.057983;395,911;616,000;1,011,911;0;0;0;6.502948282819206e-05;6.712919883060697e-05;86.907949;181.835358;3.378334;1,012,039;221,400
1846;1.846061227741116;15;0;0.098684;1,011,911;1,011,911;0;0;44,820;1.000126;4.939759;1604.187312;395,911;616,000;1,011,911;0;0;0;6.685184766477285e-05;6.946404894804096e-05;86.907949;181.835358;3.378334;1,012,039;221,400
1847;1.847009085759094;14;0;0.092715;1,011,911;1,011,911;0;0;44,820;1.000126;4.939759;1604.308332;395,911;616,000;1,011,911;0;0;0;0.0000669897143897619;6.972109824118402e-05;86.907949;181.835358;3.378334;1,012,039;221,400
1848;1.848009944952808;14;0;0.093564;1,011,911;1,011,911;0;0;44,820;1.000126;4.939759;1604.435865;395,911;616,000;1,011,911;0;0;0;0.000070123204892278;7.249252164165717e-05;86.907949;181.835358;3.378334;1,012,039;221,400
1849;1.849045617025526;15;0;0.097760;1,011,911;1,011,911;0;0;44,820;1.000126;4.939759;1604.561888;395,911;616,000;1,011,911;0;0;0;6.154727735220021e-05;0.0000725661659735157;86.907949;181.835358;3.378334;1,012,039;221,400
1850;1.850019093636597;15;0;0.099151;1,011,911;1,011,911;0;0;44,820;1.000126;4.939759;1604.689075;395,911;616,000;1,011,911;0;0;0;6.183169651832609e-05;6.976366120185126e-05;86.907949;181.835358;3.378334;1,012,039;221,400
1851;1.851018006774311;14;0;0.092932;1,011,911;1,011,911;0;0;44,820;1.000126;4.939759;1604.814898;395,911;616,000;1,011,911;0;0;0;7.027636432973786e-05;7.262531915637013e-05;86.907949;181.835358;3.378334;1,012,039;221,400
1852;1.852000107821505;14;0;0.097205;1,011,911;1,011,911;0;0;44,820;1.000126;4.939759;1604.942213;395,911;616,000;1,011,911;0;0;0;6.947943314636589e-05;7.150598390519983e-05;86.907949;181.835358;3.378334;1,012,039;221,400
1853;1.853049109802881;15;0;0.103689;1,011,911;1,011,911;0;0;44,820;1.000126;4.939759;1605.087722;395,911;616,000;1,011,911;0;0;0;6.877925272334938e-05;7.138256011092996e-05;86.907949;181.835358;3.378334;1,012,039;221,400
1854;1.854000869739288;14;0;0.097491;1,011,911;1,011,911;0;0;44,820;1.000126;4.939759;1605.395261;395,911;616,000;1,011,911;0;0;0;6.757953492739723e-05;6.880986905383515e-05;86.907949;181.835358;3.378334;1,012,039;221,400
1855;1.855011297112121;15;0;0.116419;1,011,911;1,011,911;0;0;44,820;1.000126;4.939759;1605.538532;395,911;616,000;1,011,911;0;0;0;0.0000652034066226054;7.003361933948752e-05;86.907949;181.835358;3.378334;1,012,039;221,400
1856;1.856036911209605;15;0;0.131658;1,011,911;1,011,911;0;0;44,820;1.000126;4.939759;1605.706359;395,911;616,000;1,011,911;0;0;0;0.0000659374802015645;7.176795305796986e-05;86.907949;181.835358;3.378334;1,012,039;221,400
1857;1.857019274966557;15;0;0.103505;1,011,911;1,011,911;0;0;44,820;1.000126;4.939759;1606.535914;395,911;616,000;1,011,911;0;0;0;6.340381228708359e-05;7.062330158291837e-05;86.907949;181.835358;3.378334;1,012,039;221,400
1858;1.858055205879004;15;0;0.101060;1,011,911;1,011,911;0;0;44,820;1.000126;4.939759;1606.767440;395,911;616,000;1,011,911;0;0;0;6.732987256148661e-05;7.036728712801325e-05;86.907949;181.835358;3.378334;1,012,039;221,400
1859;1.85905197311458;14;0;0.109319;1,011,911;1,011,911;0;0;44,820;1.000126;4.939759;1607.258073;395,911;616,000;1,011,911;0;0;0;7.010881980492345e-05;7.279715119787598e-05;86.907949;181.835358;3.378334;1,012,039;221,400
1860;1.860025745822669;14;0;0.097128;1,011,911;1,011,911;0;0;44,820;1.000126;4.939759;1607.419375;395,911;616,000;1,011,911;0;0;0;6.852305575076729e-05;7.101292442338138e-05;86.907949;181.835358;3.378334;1,012,039;221,400
1861;1.86101004921261;14;0;0.120649;1,011,911;1,011,911;0;0;44,820;1.000126;4.939759;1607.727574;395,911;616,000;1,011,911;0;0;0;6.963092959240831e-05;7.116756183690013e-05;86.907949;181.835358;3.378334;1,012,039;221,400
1862;1.862049340674493;15;0;0.102293;1,011,911;1,011,911;0;0;44,820;1.000126;4.939759;1607.963324;395,911;616,000;1,011,911;0;0;0;6.614495166374104e-05;7.110273332459909e-05;86.907949;181.835358;3.378334;1,012,039;221,400
1863;1.863002381774201;14;0;0.097390;1,011,911;1,011,911;0;0;44,820;1.000126;4.939759;1608.198438;395,911;616,000;1,011,911;0;0;0;6.622467042012619e-05;7.100773084279808e-05;86.907949;181.835358;3.378334;1,012,039;221,400
1864;1.864064462266658;16;0;0.110610;1,011,911;1,011,911;0;0;44,820;1.000126;4.939759;1608.453545;395,911;616,000;1,011,911;0;0;0;6.491588201977851e-05;6.917787629077245e-05;86.907949;181.835358;3.378334;1,012,039;221,400
1865;1.865054982785208;14;0;0.099253;1,011,911;1,011,911;0;0;44,820;1.000126;4.939759;1608.725533;395,911;616,000;1,011,911;0;0;0;6.965024121792114e-05;7.187288422234741e-05;86.907949;181.835358;3.378334;1,012,039;221,400
1866;1.866051875140982;14;0;0.104429;1,011,911;1,011,911;0;0;44,820;1.000126;4.939759;1609.002065;395,911;616,000;1,011,911;0;0;0;7.073212637435484e-05;7.195852116400088e-05;86.907949;181.835358;3.378334;1,012,039;221,400
1867;1.867047339711672;14;0;0.102376;1,011,911;1,011,911;0;0;44,820;1.000126;4.939759;1609.451894;395,911;616,000;1,011,911;0;0;0;0.0000707399536414167;7.184499424812944e-05;86.907949;181.835358;3.378334;1,012,039;221,400
1868;1.868005999808309;14;0;0.101690;1,011,911;1,011,911;0;0;44,820;1.000126;4.939759;1609.891249;395,911;616,000;1,011,911;0;0;0;6.452015729245942e-05;7.083712157164995e-05;86.907949;181.835358;3.378334;1,012,039;221,400
1869;1.869012649184052;15;0;0.104547;1,011,911;1,011,911;0;0;44,820;1.000126;4.939759;1610.193139;395,911;616,000;1,011,911;0;0;0;6.467020059872752e-05;7.086939243068158e-05;86.907949;181.835358;3.378334;1,012,039;221,400
1870;1.870031342020891;15;0;0.099246;1,011,911;1,011,911;0;0;44,820;1.000126;4.939759;1610.353622;395,911;616,000;1,011,911;0;0;0;6.600787763903386e-05;7.192527708112378e-05;86.907949;181.835358;3.378334;1,012,039;221,400
1871;1.871059768611558;16;0;0.103156;1,011,911;1,011,911;0;0;44,820;1.000126;4.939759;1610.523011;395,911;616,000;1,011,911;0;0;0;6.156253183257724e-05;6.630173560821364e-05;86.907949;181.835358;3.378334;1,012,039;221,400
1872;1.872032916079346;16;0;0.101156;1,011,911;1,011,911;0;0;44,820;1.000126;4.939759;1610.687612;395,911;616,000;1,011,911;0;0;0;0.0000568646274803442;6.281682729720758e-05;86.907949;181.835358;3.378334;1,012,039;221,400
1873;1.873006547744359;17;0;0.109424;1,011,911;1,011,911;0;0;44,820;1.000126;4.939759;1610.858049;395,911;616,000;1,011,911;0;0;0;5.683979181898306e-05;5.806925339358821e-05;86.907949;181.835358;3.378334;1,012,039;221,400
1874;1.874026309153271;18;0;0.114513;1,011,911;1,011,911;0;0;44,820;1.000126;4.939759;1611.028179;395,911;616,000;1,011,911;0;0;0;5.571825812244082e-05;5.735414527762201e-05;86.907949;181.835358;3.378334;1,012,039;221,400
1875;1.875045379965047;18;0;0.121012;1,011,911;1,011,911;0;0;44,820;1.000126;4.939759;1613.108845;395,911;616,000;1,011,911;0;0;0;5.587349462274625e-05;5.727543535961352e-05;86.907949;181.835358;3.378334;1,012,039;221,400
1876;1.876015264011033;17;0;0.143171;1,011,911;1,011,911;0;0;44,820;1.000126;4.939759;1614.476943;395,911;616,000;1,011,911;0;0;0;5.626878910861748e-05;5.766287970042816e-05;86.907949;181.835358;3.378334;1,012,039;221,400
1877;1.877029763628697;18;0;0.119636;1,011,911;1,011,911;0;0;44,820;1.000126;4.939759;1615.332840;395,911;616,000;1,011,911;0;0;0;5.484894323627549e-05;5.708623640973806e-05;86.907949;181.835358;3.378334;1,012,039;221,400
1878;1.878001895774011;18;0;0.126037;1,011,911;1,011,911;0;0;44,820;1.000126;4.939759;1616.095507;395,911;616,000;1,011,911;0;0;0;5.332115456868796e-05;5.484257023239477e-05;86.907949;181.835358;3.378334;1,012,039;221,400
1879;1.879032287570965;19;0;0.133863;1,011,911;1,011,911;0;0;44,820;1.000126;4.939759;1616.436431;395,911;616,000;1,011,911;0;0;0;5.307137084330832e-05;5.619258377349053e-05;86.907949;181.835358;3.378334;1,012,039;221,400
1880;1.880024154973716;18;0;0.175279;1,011,911;1,011,911;0;0;44,820;1.000126;4.939759;1616.643447;395,911;616,000;1,011,911;0;0;0;5.310390446203492e-05;5.691317927675424e-05;86.907949;181.835358;3.378334;1,012,039;221,400
1881;1.881016157987613;18;0;0.117640;1,011,911;1,011,911;0;0;44,820;1.000126;4.939759;1616.793091;395,911;616,000;1,011,911;0;0;0;5.361614077338002e-05;5.662164373449569e-05;86.907949;181.835358;3.378334;1,012,039;221,400
1882;1.882031683336167;18;0;0.119893;1,011,911;1,011,911;0;0;44,820;1.000126;4.939759;1616.943914;395,911;616,000;1,011,911;0;0;0;5.569270811983684e-05;5.749459263848411e-05;86.907949;181.835358;3.378334;1,012,039;221,400
1883;1.883004064537727;17;0;0.112132;1,011,911;1,011,911;0;0;44,820;1.000126;4.939759;1617.126624;395,911;616,000;1,011,911;0;0;0;5.579625652450522e-05;5.893291548154171e-05;86.907949;181.835358;3.378334;1,012,039;221,400
1884;1.88400528324966;17;0;0.109707;1,011,911;1,011,911;0;0;44,820;1.000126;4.939759;1617.344275;395,911;616,000;1,011,911;0;0;0;0.0000566945020283693;6.099858623526818e-05;86.907949;181.835358;3.378334;1,012,039;221,400
1885;1.885036955224462;17;0;0.134226;1,011,911;1,011,911;0;0;44,820;1.000126;4.939759;1618.335724;395,911;616,000;1,011,911;0;0;0;6.020292734569012e-05;6.123928317963095e-05;86.907949;181.835358;3.378334;1,012,039;221,400
1886;1.886032617299761;17;0;0.117429;1,011,911;1,011,911;0;0;44,820;1.000126;4.939759;1620.453889;395,911;616,000;1,011,911;0;0;0;5.668580621442147e-05;6.148509796779544e-05;86.907949;181.835358;3.378334;1,012,039;221,400
1887;1.887024079954853;16;0;0.115085;1,011,911;1,011,911;0;0;44,820;1.000126;4.939759;1622.556809;395,911;616,000;1,011,911;0;0;0;6.034207841094659e-05;0.0000647946703798731;86.907949;181.835358;3.378334;1,012,039;221,400
1888;1.888033892648379;16;0;0.108481;1,011,911;1,011,911;0;0;44,820;1.000126;4.939759;1624.128927;395,911;616,000;1,011,911;0;0;0;6.168487059142316e-05;6.475717662367312e-05;86.907949;181.835358;3.378334;1,012,039;221,400
1889;1.889021252635247;16;0;0.114967;1,011,911;1,011,911;0;0;44,820;1.000126;4.939759;1625.571976;395,911;616,000;1,011,911;0;0;0;6.055355633291133e-05;6.382761240701639e-05;86.907949;181.835358;3.378334;1,012,039;221,400
1890;1.890022311915594;16;0;0.166042;1,011,911;1,011,911;0;0;44,820;1.000126;4.939759;1627.569458;395,911;616,000;1,011,911;0;0;0;6.082063143641762e-05;6.515725277013113e-05;86.907949;181.835358;3.378334;1,012,039;221,400
1891;1.891043704776424;16;0;0.114246;1,011,911;1,011,911;0;0;44,820;1.000126;4.939759;1629.123457;395,911;616,000;1,011,911;0;0;0;6.312621790100187e-05;6.455966089231276e-05;86.907949;181.835358;3.378334;1,012,039;221,400
1892;1.892042017438396;16;0;0.113863;1,011,911;1,011,911;0;0;44,820;1.000126;4.939759;1629.396598;395,911;616,000;1,011,911;0;0;0;6.145444327602022e-05;6.395917063607027e-05;86.907949;181.835358;3.378334;1,012,039;221,400
1893;1.893047327280135;16;0;0.146937;1,011,911;1,011,911;0;0;44,820;1.000126;4.939759;1629.759016;395,911;616,000;1,011,911;0;0;0;6.166168152714149e-05;6.458545884953006e-05;86.907949;181.835358;3.378334;1,012,039;221,400
1894;1.89403754674931;15;0;0.105620;1,011,911;1,011,911;0;0;44,820;1.000126;4.939759;1630.067689;395,911;616,000;1,011,911;0;0;0;6.388095204259904e-05;6.799898318735168e-05;86.907949;181.835358;3.378334;1,012,039;221,400
1895;1.89505149007251;15;0;0.105883;1,011,911;1,011,911;0;0;44,820;1.000126;4.939759;1630.459040;395,911;616,000;1,011,911;0;0;0;6.715335538564005e-05;6.838182714958829e-05;86.907949;181.835358;3.378334;1,012,039;221,400
1896;1.89600972162411;14;0;0.100740;1,011,911;1,011,911;0;0;44,820;1.000126;4.939759;1630.840601;395,911;616,000;1,011,911;0;0;0;6.007811701315638e-05;7.074792775197597e-05;86.907949;181.835358;3.378334;1,012,039;221,400
1897;1.89706145548723;17;0;0.118622;1,011,911;1,011,911;0;0;44,820;1.000126;4.939759;1631.292405;395,911;616,000;1,011,911;0;0;0;5.872051852416628e-05;6.784627988607174e-05;86.907949;181.835358;3.378334;1,012,039;221,400
1898;1.89804890073773;15;0;0.108403;1,011,911;1,011,911;0;0;44,820;1.000126;4.939759;1631.705309;395,911;616,000;1,011,911;0;0;0;6.448022916940054e-05;0.0000684460853236775;86.907949;181.835358;3.378334;1,012,039;221,400
1899;1.899039874170944;15;0;0.108042;1,011,911;1,011,911;0;0;44,820;1.000126;4.939759;1632.186541;395,911;616,000;1,011,911;0;0;0;6.423741880832132e-05;6.857612795152655e-05;86.907949;181.835358;3.378334;1,012,039;221,400
1900;1.900005594293839;14;0;0.098970;1,011,911;1,011,911;0;0;44,820;1.000126;4.939759;1632.732307;395,911;616,000;1,011,911;0;0;0;6.658377162483649e-05;7.182738988997351e-05;86.907949;181.835358;3.378334;1,012,039;221,400
1901;1.901060649135796;15;0;0.114948;1,011,911;1,011,911;0;0;44,820;1.000126;4.939759;1636.630146;395,911;616,000;1,011,911;0;0;0;6.954929041286264e-05;7.197914959310434e-05;86.907949;181.835358;3.378334;1,012,039;221,400
1902;1.902047633387356;15;0;0.112538;1,011,911;1,011,911;0;0;44,820;1.000126;4.939759;1639.701816;395,911;616,000;1,011,911;0;0;0;6.488042875469114e-05;6.723587356562911e-05;86.907949;181.835358;3.378334;1,012,039;221,400
1903;1.903014700884976;15;0;0.105933;1,011,911;1,011,911;0;0;44,820;1.000126;4.939759;1641.111087;395,911;616,000;1,011,911;0;0;0;6.297585522171679e-05;6.793595029204276e-05;86.907949;181.835358;3.378334;1,012,039;221,400
1904;1.904050561685202;15;0;0.111666;1,011,911;1,011,911;0;0;44,820;1.000126;4.939759;1641.941059;395,911;616,000;1,011,911;0;0;0;6.531785281296787e-05;7.069527477698253e-05;86.907949;181.835358;3.378334;1,012,039;221,400
1905;1.905030663331801;15;0;0.200186;1,011,911;1,011,911;0;0;44,820;1.000126;4.939759;1642.847302;395,911;616,000;1,011,911;0;0;0;6.446884724210841e-05;6.705318019610417e-05;86.907949;181.835358;3.378334;1,012,039;221,400
1906;1.906049170488473;16;0;0.112573;1,011,911;1,011,911;0;0;44,820;1.000126;4.939759;1643.573199;395,911;616,000;1,011,911;0;0;0;6.143779214233747e-05;6.689039136630909e-05;86.907949;181.835358;3.378334;1,012,039;221,400
1907;1.907053479731163;15;0;0.104250;1,011,911;1,011,911;0;0;42,579;1.000126;5.199746;1644.382239;395,911;616,000;1,011,911;0;0;0;6.501943625473006e-05;6.867365256260745e-05;86.907949;181.835358;3.378334;1,012,039;221,400
1908;1.908068754061414;15;0;0.126214;1,011,911;1,011,911;0;0;42,579;1.000126;5.199746;1645.312662;395,911;616,000;1,011,911;0;0;0;6.658197087593296e-05;6.983717086438987e-05;86.907949;181.835358;3.378334;1,012,039;221,400
1909;1.909018583027742;14;0;0.103815;1,011,911;1,011,911;0;0;42,579;1.000126;5.199746;1645.891659;395,911;616,000;1,011,911;0;0;0;0.000066931549656151;6.948128206534651e-05;86.907949;181.835358;3.378334;1,012,039;221,400
1910;1.910017541266661;15;0;0.109934;1,011,911;1,011,911;0;0;42,579;1.000126;5.199746;1646.625129;395,911;616,000;1,011,911;0;0;0;6.514748522540927e-05;0.0000694510369829059;86.907949;181.835358;3.378334;1,012,039;221,400
1911;1.911037388678654;15;0;0.124437;1,011,911;1,011,911;0;0;42,579;1.000126;5.199746;1647.302643;395,911;616,000;1,011,911;0;0;0;6.271624076843668e-05;7.073307147910364e-05;86.907949;181.835358;3.378334;1,012,039;221,400
1912;1.912058690070236;16;0;0.111871;1,011,911;1,011,911;0;0;42,579;1.000126;5.199746;1647.942222;395,911;616,000;1,011,911;0;0;0;0.0000623398431979902;6.515683801476064e-05;86.907949;181.835358;3.378334;1,012,039;221,400
1913;1.913008012065893;16;0;0.112458;1,011,911;1,011,911;0;0;42,579;1.000126;5.199746;1648.611952;395,911;616,000;1,011,911;0;0;0;5.826350746463012e-05;6.070955977538406e-05;86.907949;181.835358;3.378334;1,012,039;221,400
1914;1.914035762646051;17;0;0.189079;1,011,911;1,011,911;0;0;42,579;1.000126;5.199746;1649.446524;395,911;616,000;1,011,911;0;0;0;5.867550048668189e-05;6.118819495444211e-05;86.907949;181.835358;3.378334;1,012,039;221,400
1915;1.915014155321994;17;0;0.118984;1,011,911;1,011,911;0;0;42,579;1.000126;5.199746;1649.866919;395,911;616,000;1,011,911;0;0;0;5.594971319910276e-05;5.884388254660212e-05;86.907949;181.835358;3.378334;1,012,039;221,400
1916;1.916047618195346;19;0;0.127653;1,011,911;1,011,911;0;0;42,579;1.000126;5.199746;1652.209841;395,911;616,000;1,011,911;0;0;0;5.249228462378252e-05;5.581355978584692e-05;86.907949;181.835358;3.378334;1,012,039;221,400
1917;1.917026558744509;20;0;0.138857;1,011,911;1,011,911;0;0;42,579;1.000126;5.199746;1654.906998;395,911;616,000;1,011,911;0;0;0;4.793240692045619e-05;5.193868262617902e-05;86.907949;181.835358;3.378334;1,012,039;221,400
1918;1.918019423685661;20;0;0.138107;1,011,911;1,011,911;0;0;42,579;1.000126;5.199746;1655.633852;395,911;616,000;1,011,911;0;0;0;4.943128534909926e-05;0.0000500574063851521;86.907949;181.835358;3.378334;1,012,039;221,400
1919;1.91900245820455;20;0;0.135599;1,011,911;1,011,911;0;0;42,579;1.000126;5.199746;1656.165148;395,911;616,000;1,011,911;0;0;0;4.886198660963376e-05;4.993900737739801e-05;86.907949;181.835358;3.378334;1,012,039;221,400
1920;1.920018643128834;19;0;0.134849;1,011,911;1,011,911;0;0;42,579;1.000126;5.199746;1656.623647;395,911;616,000;1,011,911;0;0;0;5.018230063176212e-05;6.019930234424305e-05;86.907949;181.835358;3.378334;1,012,039;221,400
1921;1.921005171598556;17;0;0.122448;1,011,911;1,011,911;0;0;42,579;1.000126;5.199746;1657.082009;395,911;616,000;1,011,911;0;0;0;5.673391414255744e-05;5.985210543783807e-05;86.907949;181.835358;3.378334;1,012,039;221,400
1922;1.922053327859751;19;0;0.128717;1,011,911;1,011,911;0;0;42,579;1.000126;5.199746;1657.536865;395,911;616,000;1,011,911;0;0;0;5.450978874064761e-05;5.695532555647579e-05;86.907949;181.835358;3.378334;1,012,039;221,400
1923;1.923023539238952;18;0;0.123991;1,011,911;1,011,911;0;0;42,579;1.000126;5.199746;1658.003669;395,911;616,000;1,011,911;0;0;0;5.240703643585602e-05;5.531923415585424e-05;86.907949;181.835358;3.378334;1,012,039;221,400
1924;1.924026278994739;19;0;0.122998;1,011,911;1,011,911;0;0;42,579;1.000126;5.199746;1658.445852;395,911;616,000;1,011,911;0;0;0;5.174587048842168e-05;5.316027290642309e-05;86.907949;181.835358;3.378334;1,012,039;221,400
1925;1.925017607578837;19;0;0.128049;1,011,911;1,011,911;0;0;42,579;1.000126;5.199746;1658.841067;395,911;616,000;1,011,911;0;0;0;5.145884587538246e-05;5.347776218154556e-05;86.907949;181.835358;3.378334;1,012,039;221,400
1926;1.926007786240649;19;0;0.128640;1,011,911;1,011,911;0;0;42,579;1.000126;5.199746;1659.231432;395,911;616,000;1,011,911;0;0;0;5.131722384611688e-05;5.391072306303932e-05;86.907949;181.835358;3.378334;1,012,039;221,400
1927;1.927042700069227;19;0;0.131281;1,011,911;1,011,911;0;0;42,579;1.000126;5.199746;1659.614715;395,911;616,000;1,011,911;0;0;0;5.323804495254614e-05;5.807085993463108e-05;86.907949;181.835358;3.378334;1,012,039;221,400
1928;1.928006636252288;16;0;0.110375;1,011,911;1,011,911;0;0;42,579;1.000126;5.199746;1660.002540;395,911;616,000;1,011,911;0;0;0;5.860677303149891e-05;6.194899931782369e-05;86.907949;181.835358;3.378334;1,012,039;221,400
1929;1.929044808481554;17;0;0.146127;1,011,911;1,011,911;0;0;42,579;1.000126;5.199746;1660.458991;395,911;616,000;1,011,911;0;0;0;5.775172663312919e-05;6.247982938475273e-05;86.907949;181.835358;3.378334;1,012,039;221,400
1930;1.930017474355571;17;0;0.119218;1,011,911;1,011,911;0;0;42,579;1.000126;5.199746;1660.860496;395,911;616,000;1,011,911;0;0;0;5.617610981028435e-05;5.913900844114557e-05;86.907949;181.835358;3.378334;1,012,039;221,400
1931;1.93102400034206;17;0;0.122583;1,011,911;1,011,911;0;0;42,579;1.000126;5.199746;1661.322677;395,911;616,000;1,011,911;0;0;0;5.803067579308645e-05;6.131727991941163e-05;86.907949;181.835358;3.378334;1,012,039;221,400
1932;1.932047976836533;17;0;0.137362;1,011,911;1,011,911;0;0;42,579;1.000126;5.199746;1663.646986;395,911;616,000;1,011,911;0;0;0;5.764501643970337e-05;6.215521342068674e-05;86.907949;181.835358;3.378334;1,012,039;221,400
1933;1.933026187946754;17;0;0.117501;1,011,911;1,011,911;0;0;42,579;1.000126;5.199746;1666.572029;395,911;616,000;1,011,911;0;0;0;5.600869509595144e-05;5.838344031364249e-05;86.907949;181.835358;3.378334;1,012,039;221,400
1934;1.934038582257219;18;0;0.128857;1,011,911;1,011,911;0;0;42,579;1.000126;5.199746;1670.592058;395,911;616,000;1,011,911;0;0;0;5.528940825533697e-05;5.739413585959939e-05;86.907949;181.835358;3.378334;1,012,039;221,400
1935;1.935020397936153;17;0;0.116914;1,011,911;1,011,911;0;0;42,579;1.000126;5.199746;1674.535211;395,911;616,000;1,011,911;0;0;0;5.567727311174925e-05;5.844372216212849e-05;86.907949;181.835358;3.378334;1,012,039;221,400
1936;1.936047970956569;19;0;0.132740;1,011,911;1,011,911;0;0;42,579;1.000126;5.199746;1678.695653;395,911;616,000;1,011,911;0;0;0;5.297151111872115e-05;5.519218823585255e-05;86.907949;181.835358;3.378334;1,012,039;221,400
1937;1.937004814018482;18;0;0.128849;1,011,911;1,011,911;0;0;42,579;1.000126;5.199746;1682.906578;395,911;616,000;1,011,911;0;0;0;5.263665723246698e-05;5.413940137809889e-05;86.907949;181.835358;3.378334;1,012,039;221,400
1938;1.938010980811565;19;0;0.130262;1,011,911;1,011,911;0;0;42,579;1.000126;5.199746;1687.275362;395,911;616,000;1,011,911;0;0;0;5.170224815348913e-05;5.421062934361129e-05;86.907949;181.835358;3.378334;1,012,039;221,400
1939;1.939014394463156;20;0;0.135440;1,011,911;1,011,911;0;0;42,579;1.000126;5.199746;1691.417450;395,911;616,000;1,011,911;0;0;0;4.891156623730071e-05;5.197263828650207e-05;86.907949;181.835358;3.378334;1,012,039;221,400
1940;1.940044301853481;20;0;0.150522;1,011,911;1,011,911;0;0;42,579;1.000126;5.199746;1695.174889;395,911;616,000;1,011,911;0;0;0;4.980735590813889e-05;5.225570142585989e-05;86.907949;181.835358;3.378334;1,012,039;221,400
1941;1.941009139438045;20;0;0.139554;1,011,911;1,011,911;0;0;42,579;1.000126;5.199746;1698.197286;395,911;616,000;1,011,911;0;0;0;4.431909788866029e-05;4.967806677166076e-05;86.907949;181.835358;3.378334;1,012,039;221,400
1942;1.942005146014487;22;0;0.148765;1,011,911;1,011,911;0;0;42,579;1.000126;5.199746;1701.415227;395,911;616,000;1,011,911;0;0;0;4.288533117274489e-05;5.064343952858343e-05;86.907949;181.835358;3.378334;1,012,039;221,400
1943;1.943032765340965;22;0;0.147288;1,011,911;1,011,911;0;0;42,579;1.000126;5.199746;1702.941390;395,911;616,000;1,011,911;0;0;0;4.449119333306322e-05;5.067439880510906e-05;86.907949;181.835358;3.378334;1,012,039;221,400
1944;1.944016997409199;21;0;0.140210;1,011,911;1,011,911;0;0;42,579;1.000126;5.199746;1703.605085;395,911;616,000;1,011,911;0;0;0;4.566461068162365e-05;4.890058563803378e-05;86.907949;181.835358;3.378334;1,012,039;221,400
1945;1.94504538576279;21;0;0.135741;1,011,911;1,011,911;0;0;42,579;1.000126;5.199746;1703.858547;395,911;616,000;1,011,911;0;0;0;4.823934674023283e-05;4.958127339190079e-05;86.907949;181.835358;3.378334;1,012,039;221,400
1946;1.946014627607384;20;0;0.154532;1,011,911;1,011,911;0;0;42,579;1.000126;5.199746;1704.128625;395,911;616,000;1,011,911;0;0;0;4.809140840931412e-05;0.0000489453939845821;86.907949;181.835358;3.378334;1,012,039;221,400
1947;1.947001432921003;21;0;0.133151;1,011,911;1,011,911;0;0;42,579;1.000126;5.199746;1704.347100;395,911;616,000;1,011,911;0;0;0;4.611555802296922e-05;4.842660487111419e-05;86.907949;181.835358;3.378334;1,012,039;221,400
1948;1.948010668311403;21;0;0.133683;1,011,911;1,011,911;0;0;42,579;1.000126;5.199746;1704.575943;395,911;616,000;1,011,911;0;0;0;4.496590422598468e-05;4.918310064154304e-05;86.907949;181.835358;3.378334;1,012,039;221,400
1949;1.949011385722131;22;0;0.141432;1,011,911;1,011,911;0;0;42,579;1.000126;5.199746;1704.818979;395,911;616,000;1,011,911;0;0;0;4.430827382273974e-05;4.769777797060886e-05;86.907949;181.835358;3.378334;1,012,039;221,400
1950;1.950025115940158;22;0;0.139991;1,011,911;1,011,911;0;0;42,579;1.000126;5.199746;1705.048051;395,911;616,000;1,011,911;0;0;0;4.485333294305108e-05;4.757084621480863e-05;86.907949;181.835358;3.378334;1,012,039;221,400
1951;1.951009782281372;23;0;0.147321;1,011,911;1,011,911;0;0;42,579;1.000126;5.199746;1705.314700;395,911;616,000;1,011,911;0;0;0;4.164480409799194e-05;4.531735774112766e-05;86.907949;181.835358;3.378334;1,012,039;221,400
1952;1.952008759971302;24;0;0.152109;1,011,911;1,011,911;0;0;42,579;1.000126;5.199746;1705.572722;395,911;616,000;1,011,911;0;0;0;4.031023787623203e-05;0.0000446774610173907;86.907949;181.835358;3.378334;1,012,039;221,400
1953;1.953040390634813;23;0;0.154912;1,011,911;1,011,911;0;0;42,579;1.000126;5.199746;1705.834503;395,911;616,000;1,011,911;0;0;0;4.316123540372628e-05;4.603554977819485e-05;86.907949;181.835358;3.378334;1,012,039;221,400
1954;1.954038170275437;23;0;0.155601;1,011,911;1,011,911;0;0;42,579;1.000126;5.199746;1706.094345;395,911;616,000;1,011,911;0;0;0;4.276859870777546e-05;4.414882123856802e-05;86.907949;181.835358;3.378334;1,012,039;221,400
1955;1.95503930005999;24;0;0.157783;1,011,911;1,011,911;0;0;42,579;1.000126;5.199746;1706.368401;395,911;616,000;1,011,911;0;0;0;3.966645023744536e-05;4.292893457217223e-05;86.907949;181.835358;3.378334;1,012,039;221,400
1956;1.956020305321103;24;0;0.156869;1,011,911;1,011,911;0;0;42,579;1.000126;5.199746;1706.642979;395,911;616,000;1,011,911;0;0;0;3.994592599624436e-05;4.165445733375384e-05;86.907949;181.835358;3.378334;1,012,039;221,400
1957;1.957003498056571;24;0;0.158121;1,011,911;1,011,911;0;0;42,579;1.000126;5.199746;1706.916328;395,911;616,000;1,011,911;0;0;0;4.024099135797613e-05;4.257609135110302e-05;86.907949;181.835358;3.378334;1,012,039;221,400
1958;1.958004716314935;24;0;0.160451;1,011,911;1,011,911;0;0;42,579;1.000126;5.199746;1709.397471;395,911;616,000;1,011,911;0;0;0;3.756203869311504e-05;4.408201717799484e-05;86.907949;181.835358;3.378334;1,012,039;221,400
1959;1.959033103722519;26;0;0.173419;1,011,911;1,011,911;0;0;42,579;1.000126;5.199746;1711.399351;395,911;616,000;1,011,911;0;0;0;3.757906940451144e-05;4.150324242863181e-05;86.907949;181.835358;3.378334;1,012,039;221,400
1960;1.960024296517137;25;0;0.164897;1,011,911;1,011,911;0;0;42,579;1.000126;5.199746;1712.472516;395,911;616,000;1,011,911;0;0;0;3.692167897105116e-05;4.225117842475141e-05;86.907949;181.835358;3.378334;1,012,039;221,400
1961;1.961033793508245;25;0;0.225770;1,011,911;1,011,911;0;0;42,579;1.000126;5.199746;1712.876536;395,911;616,000;1,011,911;0;0;0;3.817633297096216e-05;4.257632739423201e-05;86.907949;181.835358;3.378334;1,012,039;221,400
1962;1.962005534083968;23;0;0.154721;1,011,911;1,011,911;0;0;42,579;1.000126;5.199746;1713.924046;395,911;616,000;1,011,911;0;0;0;0.0000415454605154593;0.0000440400892894712;86.907949;181.835358;3.378334;1,012,039;221,400
1963;1.963034611365713;23;0;0.157319;1,011,911;1,011,911;0;0;42,579;1.000126;5.199746;1716.171104;395,911;616,000;1,011,911;0;0;0;4.372162791538275e-05;4.609733643440243e-05;86.907949;181.835358;3.378334;1,012,039;221,400
1964;1.964011823765164;23;0;0.153289;1,011,911;1,011,911;0;0;42,579;1.000126;5.199746;1718.751128;395,911;616,000;1,011,911;0;0;0;4.064576281231431e-05;4.428020094687888e-05;86.907949;181.835358;3.378334;1,012,039;221,400
1965;1.965032547791679;25;0;0.172054;1,011,911;1,011,911;0;0;40,338;1.000126;5.488621;1721.353889;395,911;616,000;1,011,911;0;0;0;4.056340193340992e-05;4.139850616625076e-05;86.907949;181.835358;3.378334;1,012,039;221,400
1966;1.966027960381296;26;0;0.176644;1,011,911;1,011,911;0;0;40,338;1.000126;5.488621;1723.943421;395,911;616,000;1,011,911;0;0;0;3.559774775851801e-05;4.127344159726626e-05;86.907949;181.835358;3.378334;1,012,039;221,400
1967;1.967021429592848;27;0;0.172924;1,011,911;1,011,911;0;0;40,338;1.000126;5.488621;1726.522209;395,911;616,000;1,011,911;0;0;0;3.588641181683703e-05;3.819814258368747e-05;86.907949;181.835358;3.378334;1,012,039;221,400
1968;1.96800847204151;27;0;0.185082;1,011,911;1,011,911;0;0;40,338;1.000126;5.488621;1729.118493;395,911;616,000;1,011,911;0;0;0;3.539405442007106e-05;3.807705239537831e-05;86.907949;181.835358;3.378334;1,012,039;221,400
1969;1.96900518690574;27;0;0.172303;1,011,911;1,011,911;0;0;40,338;1.000126;5.488621;1731.689489;395,911;616,000;1,011,911;0;0;0;3.634678112842848e-05;3.824599321399617e-05;86.907949;181.835358;3.378334;1,012,039;221,400
1970;1.970011458960301;26;0;0.177416;1,011,911;1,011,911;0;0;40,338;1.000126;5.488621;1734.278882;395,911;616,000;1,011,911;0;0;0;3.739762095798579e-05;3.965048991531763e-05;86.907949;181.835358;3.378334;1,012,039;221,400
1971;1.971035404991826;27;0;0.269806;1,011,911;1,011,911;0;0;40,338;1.000126;5.488621;1736.955183;395,911;616,000;1,011,911;0;0;0;3.687659049523203e-05;3.907772755317368e-05;86.907949;181.835358;3.378334;1,012,039;221,400
1972;1.972035921034297;25;0;0.166903;1,011,911;1,011,911;0;0;40,338;1.000126;5.488621;1739.427731;395,911;616,000;1,011,911;0;0;0;3.920926323241909e-05;4.096981282521888e-05;86.907949;181.835358;3.378334;1,012,039;221,400
1973;1.973016029111586;24;0;0.166696;1,011,911;1,011,911;0;0;40,338;1.000126;5.488621;1742.012505;395,911;616,000;1,011,911;0;0;0;4.069144448937197e-05;0.000041032536687973;86.907949;181.835358;3.378334;1,012,039;221,400
1974;1.974026161245469;25;0;0.165365;1,011,911;1,011,911;0;0;40,338;1.000126;5.488621;1744.593710;395,911;616,000;1,011,911;0;0;0;3.842916991815863e-05;4.086473600996571e-05;86.907949;181.835358;3.378334;1,012,039;221,400
1975;1.975025014578358;28;0;0.185365;1,011,911;1,011,911;0;0;40,338;1.000126;5.488621;1747.197777;395,911;616,000;1,011,911;0;0;0;3.392758701536768e-05;3.814527666044871e-05;86.907949;181.835358;3.378334;1,012,039;221,400
1976;1.976023168027498;27;0;0.180242;1,011,911;1,011,911;0;0;40,338;1.000126;5.488621;1749.776493;395,911;616,000;1,011,911;0;0;0;3.534284198597296e-05;3.815358897543683e-05;86.907949;181.835358;3.378334;1,012,039;221,400
1977;1.977005718853836;27;0;0.192146;1,011,911;1,011,911;0;0;40,338;1.000126;5.488621;1752.336327;395,911;616,000;1,011,911;0;0;0;3.550073564856853e-05;3.787002723702009e-05;86.907949;181.835358;3.378334;1,012,039;221,400
1978;1.978023698636772;29;0;0.192155;1,011,911;1,011,911;0;0;40,338;1.000126;5.488621;1754.918397;395,911;616,000;1,011,911;0;0;0;3.421362337199262e-05;3.616688932495635e-05;86.907949;181.835358;3.378334;1,012,039;221,400
1979;1.979009114356961;29;0;0.188983;1,011,911;1,011,911;0;0;40,338;1.000126;5.488621;1757.461786;395,911;616,000;1,011,911;0;0;0;3.316515032965528e-05;3.452632397174759e-05;86.907949;181.835358;3.378334;1,012,039;221,400
1980;1.980014308774145;28;0;0.186393;1,011,911;1,011,911;0;0;40,338;1.000126;5.488621;1760.042520;395,911;616,000;1,011,911;0;0;0;0.0000343050993537235;3.782780547399131e-05;86.907949;181.835358;3.378334;1,012,039;221,400
1981;1.981013845222547;26;0;0.173814;1,011,911;1,011,911;0;0;40,338;1.000126;5.488621;1761.278590;395,911;616,000;1,011,911;0;0;0;3.758151293045973e-05;3.926239390925946e-05;86.907949;181.835358;3.378334;1,012,039;221,400
1982;1.982000073853641;26;0;0.258067;1,011,911;1,011,911;0;0;40,338;1.000126;5.488621;1763.233221;395,911;616,000;1,011,911;0;0;0;3.724950833364819e-05;3.897322881563489e-05;86.907949;181.835358;3.378334;1,012,039;221,400
1983;1.983016325730382;26;0;0.169342;1,011,911;1,011,911;0;0;40,338;1.000126;5.488621;1763.436605;395,911;616,000;1,011,911;0;0;0;0.000038077395971691;4.000778337085215e-05;86.907949;181.835358;3.378334;1,012,039;221,400
1984;1.984028426229007;26;0;0.176361;1,011,911;1,011,911;0;0;40,338;1.000126;5.488621;1763.788180;395,911;616,000;1,011,911;0;0;0;3.818662606229153e-05;3.995644101626643e-05;86.907949;181.835358;3.378334;1,012,039;221,400
1985;1.985014992755641;25;0;0.161935;1,011,911;1,011,911;0;0;40,338;1.000126;5.488621;1764.213332;395,911;616,000;1,011,911;0;0;0;3.918759593077283e-05;4.018286832934213e-05;86.907949;181.835358;3.378334;1,012,039;221,400
1986;1.986002729482367;26;0;0.172495;1,011,911;1,011,911;0;0;40,338;1.000126;5.488621;1765.162044;395,911;616,000;1,011,911;0;0;0;3.645356948705099e-05;3.973961901018826e-05;86.907949;181.835358;3.378334;1,012,039;221,400
1987;1.987031504409805;27;0;0.174981;1,011,911;1,011,911;0;0;40,338;1.000126;5.488621;1766.623222;395,911;616,000;1,011,911;0;0;0;3.642224711723629e-05;4.019480036732414e-05;86.907949;181.835358;3.378334;1,012,039;221,400
1988;1.988027738255891;25;0;0.169822;1,011,911;1,011,911;0;0;40,338;1.000126;5.488621;1768.412049;395,911;616,000;1,011,911;0;0;0;0.0000386756765734434;4.098360256704172e-05;86.907949;181.835358;3.378334;1,012,039;221,400
1989;1.989036146227491;25;0;0.162216;1,011,911;1,011,911;0;0;40,338;1.000126;5.488621;1769.356137;395,911;616,000;1,011,911;0;0;0;3.897899570682701e-05;4.215470342445251e-05;86.907949;181.835358;3.378334;1,012,039;221,400
1990;1.990002295233948;23;0;0.197776;1,011,911;1,011,911;0;0;40,338;1.000126;5.488621;1769.656599;395,911;616,000;1,011,911;0;0;0;4.168431462458288e-05;4.287189201945073e-05;86.907949;181.835358;3.378334;1,012,039;221,400
1991;1.991012714699529;24;0;0.156695;1,011,911;1,011,911;0;0;40,338;1.000126;5.488621;1769.923651;395,911;616,000;1,011,911;0;0;0;4.058620512264316e-05;4.386498932133267e-05;86.907949;181.835358;3.378334;1,012,039;221,400
1992;1.992039434277633;24;0;0.157827;1,011,911;1,011,911;0;0;40,338;1.000126;5.488621;1770.241202;395,911;616,000;1,011,911;0;0;0;4.017154542548701e-05;4.438588337141816e-05;86.907949;181.835358;3.378334;1,012,039;221,400
1993;1.993029440480716;23;0;0.152063;1,011,911;1,011,911;0;0;40,338;1.000126;5.488621;1770.571060;395,911;616,000;1,011,911;0;0;0;0.0000405676827663946;4.495015089913518e-05;86.907949;181.835358;3.378334;1,012,039;221,400
1994;1.994032569715817;24;0;0.159216;1,011,911;1,011,911;0;0;40,338;1.000126;5.488621;1770.933120;395,911;616,000;1,011,911;0;0;0;4.116733544206108e-05;4.373716150911144e-05;86.907949;181.835358;3.378334;1,012,039;221,400
1995;1.99501218809358;26;0;0.199504;1,011,911;1,011,911;0;0;40,338;1.000126;5.488621;1771.805064;395,911;616,000;1,011,911;0;0;0;3.618853236502867e-05;4.068735348518635e-05;86.907949;181.835358;3.378334;1,012,039;221,400
1996;1.996022051074665;27;0;0.181663;1,011,911;1,011,911;0;0;40,338;1.000126;5.488621;1774.333300;395,911;616,000;1,011,911;0;0;0;3.578402251454551e-05;3.988439522810932e-05;86.907949;181.835358;3.378334;1,012,039;221,400
1997;1.997006377796691;25;0;0.165697;1,011,911;1,011,911;0;0;40,338;1.000126;5.488621;1775.434380;395,911;616,000;1,011,911;0;0;0;3.737044936679509e-05;4.099110735461646e-05;86.907949;181.835358;3.378334;1,012,039;221,400
1998;1.998031818258426;25;0;0.162052;1,011,911;1,011,911;0;0;40,338;1.000126;5.488621;1775.734395;395,911;616,000;1,011,911;0;0;0;3.923884694669569e-05;4.279220444162597e-05;86.907949;181.835358;3.378334;1,012,039;221,400
1999;1.999012125345859;26;0;0.171282;1,011,911;1,011,911;0;0;40,338;1.000126;5.488621;1776.083443;395,911;616,000;1,011,911;0;0;0;3.637592834568075e-05;4.002006561669293e-05;86.907949;181.835358;3.378334;1,012,039;221,400
2000;2.00002910114037;29;0;0.193896;1,011,911;1,011,911;0;0;38,097;1.000126;5.811481;1776.507464;395,911;616,000;1,011,911;0;0;0;3.335723698496223e-05;3.740638303092812e-05;86.907949;181.835358;3.378334;1,012,039;221,400
2001;2.001005069623258;28;0;0.184377;1,011,911;1,011,911;0;0;38,097;1.000126;5.811481;1776.930626;395,911;616,000;1,011,911;0;0;0;3.367256763603053e-05;3.749981077458313e-05;86.907949;181.835358;3.378334;1,012,039;221,400
2002;2.0020045413743;27;0;0.181630;1,011,911;1,011,911;0;0;38,097;1.000126;5.811481;1777.400324;395,911;616,000;1,011,911;0;0;0;3.381354649676195e-05;4.235141523817136e-05;86.907949;181.835358;3.378334;1,012,039;221,400
2003;2.003009991430658;23;0;0.148027;1,011,911;1,011,911;0;0;38,097;1.000126;5.811481;1778.972158;395,911;616,000;1,011,911;0;0;0;4.272624525620219e-05;0.0000446960893857553;86.907949;181.835358;3.378334;1,012,039;221,400
2004;2.00400770940408;28;0;0.189765;1,011,911;1,011,911;0;0;38,097;1.000126;5.811481;1781.561310;395,911;616,000;1,011,911;0;0;0;3.186564916575889e-05;4.267311060865695e-05;86.907949;181.835358;3.378334;1,012,039;221,400
2005;2.005000895286942;33;0;0.219767;1,011,911;1,011,911;0;0;38,097;1.000126;5.811481;1784.338403;395,911;616,000;1,011,911;0;0;0;2.649305356788677e-05;3.205608671152874e-05;86.907949;181.835358;3.378334;1,012,039;221,400
2006;2.006016006790313;39;0;0.249672;1,011,911;1,011,911;0;0;38,097;1.000126;5.811481;1785.264440;395,911;616,000;1,011,911;0;0;0;2.560341766380771e-05;2.635821479464761e-05;86.907949;181.835358;3.378334;1,012,039;221,400
2007;2.007008611066853;38;0;0.243615;1,011,911;1,011,911;0;0;38,097;1.000126;5.811481;1786.101285;395,911;616,000;1,011,911;0;0;0;2.560999346933647e-05;2.740614782305631e-05;86.907949;181.835358;3.378334;1,012,039;221,400
2008;2.008027661882359;36;0;0.234080;1,011,911;1,011,911;0;0;38,097;1.000126;5.811481;1787.749366;395,911;616,000;1,011,911;0;0;0;0.0000274722223945693;2.972870119929329e-05;86.907949;181.835358;3.378334;1,012,039;221,400
2009;2.009017874484291;33;0;0.218003;1,011,911;1,011,911;0;0;38,097;1.000126;5.811481;1790.588265;395,911;616,000;1,011,911;0;0;0;2.914140689670386e-05;3.069567971063061e-05;86.907949;181.835358;3.378334;1,012,039;221,400
2010;2.01001142968809;35;0;0.228874;1,011,911;1,011,911;0;0;38,097;1.000126;5.811481;1791.347902;395,911;616,000;1,011,911;0;0;0;2.751054975307915e-05;2.939926326910935e-05;86.907949;181.835358;3.378334;1,012,039;221,400
2011;2.011010763423663;37;0;0.240245;1,011,911;1,011,911;0;0;38,097;1.000126;5.811481;1792.172425;395,911;616,000;1,011,911;0;0;0;2.637614268886223e-05;2.772514928594792e-05;86.907949;181.835358;3.378334;1,012,039;221,400
2012;2.012007272843302;37;0;0.244026;1,011,911;1,011,911;0;0;38,097;1.000126;5.811481;1792.990353;395,911;616,000;1,011,911;0;0;0;2.611464317949399e-05;0.0000283213598810848;86.907949;181.835358;3.378334;1,012,039;221,400
2013;2.013019411449243;36;0;0.283042;1,011,911;1,011,911;0;0;38,097;1.000126;5.811481;1793.946907;395,911;616,000;1,011,911;0;0;0;2.731527932177862e-05;2.928458816615074e-05;86.907949;181.835358;3.378334;1,012,039;221,400
2014;2.014016869069052;34;0;0.216239;1,011,911;1,011,911;0;0;38,097;1.000126;5.811481;1794.679837;395,911;616,000;1,011,911;0;0;0;2.870506265212245e-05;3.019009127873119e-05;86.907949;181.835358;3.378334;1,012,039;221,400
2015;2.015015075183566;33;0;0.212476;1,011,911;1,011,911;0;0;38,097;1.000126;5.811481;1795.487200;395,911;616,000;1,011,911;0;0;0;0.0000291998746184279;3.065749789415664e-05;86.907949;181.835358;3.378334;1,012,039;221,400
2016;2.016008834725227;35;0;0.227499;1,011,911;1,011,911;0;0;38,097;1.000126;5.811481;1796.298081;395,911;616,000;1,011,911;0;0;0;2.783360808296691e-05;2.901608452859459e-05;86.907949;181.835358;3.378334;1,012,039;221,400
2017;2.017021036918555;38;0;0.245342;1,011,911;1,011,911;0;0;38,097;1.000126;5.811481;1797.594703;395,911;616,000;1,011,911;0;0;0;2.455779025395645e-05;2.871268194059773e-05;86.907949;181.835358;3.378334;1,012,039;221,400
2018;2.018020764680277;40;0;0.257016;1,011,911;1,011,911;0;0;38,097;1.000126;5.811481;1798.439569;395,911;616,000;1,011,911;0;0;0;2.462617993584702e-05;2.567439938175862e-05;86.907949;181.835358;3.378334;1,012,039;221,400
2019;2.019021544211891;39;0;0.249186;1,011,911;1,011,911;0;0;38,097;1.000126;5.811481;1799.469587;395,911;616,000;1,011,911;0;0;0;2.494319553461673e-05;2.686308077257327e-05;86.907949;181.835358;3.378334;1,012,039;221,400
2020;2.02000044845931;38;0;0.317515;1,011,911;1,011,911;0;0;38,097;1.000126;5.811481;1800.490156;395,911;616,000;1,011,911;0;0;0;2.533199851757775e-05;2.660774153411116e-05;86.907949;181.835358;3.378334;1,012,039;221,400
2021;2.021001252535003;38;0;0.242502;1,011,911;1,011,911;0;0;38,097;1.000126;5.811481;1802.203589;395,911;616,000;1,011,911;0;0;0;2.555204872820418e-05;2.732178588486936e-05;86.907949;181.835358;3.378334;1,012,039;221,400
2022;2.022008138008833;39;0;0.254745;1,011,911;1,011,911;0;0;38,097;1.000126;5.811481;1805.255895;395,911;616,000;1,011,911;0;0;0;2.511450857960393e-05;2.652020240173937e-05;86.907949;181.835358;3.378334;1,012,039;221,400
2023;2.023020372377914;40;0;0.261080;1,011,911;1,011,911;0;0;38,097;1.000126;5.811481;1806.158261;395,911;616,000;1,011,911;0;0;0;2.479211544807819e-05;2.596180562406794e-05;86.907949;181.835358;3.378334;1,012,039;221,400
2024;2.024011298313058;41;0;0.328624;1,011,911;1,011,911;0;0;38,097;1.000126;5.811481;1806.956786;395,911;616,000;1,011,911;0;0;0;2.198313114818608e-05;2.583733528586876e-05;86.907949;181.835358;3.378334;1,012,039;221,400
2025;2.02502352308522;37;0;0.236507;1,011,911;1,011,911;0;0;38,097;1.000126;5.811481;1807.642921;395,911;616,000;1,011,911;0;0;0;2.474352788025042e-05;2.915053116488628e-05;86.907949;181.835358;3.378334;1,012,039;221,400
2026;2.026017528910904;34;0;0.230648;1,011,911;1,011,911;0;0;38,097;1.000126;5.811481;1808.430554;395,911;616,000;1,011,911;0;0;0;2.787380116495115e-05;3.057600051516362e-05;86.907949;181.835358;3.378334;1,012,039;221,400
2027;2.027024305994883;35;0;0.280333;1,011,911;1,011,911;0;0;38,097;1.000126;5.811481;1809.302522;395,911;616,000;1,011,911;0;0;0;2.784437498919786e-05;0.0000296068629919808;86.907949;181.835358;3.378334;1,012,039;221,400
2028;2.028001111541481;34;0;0.227279;1,011,911;1,011,911;0;0;38,097;1.000126;5.811481;1811.581458;395,911;616,000;1,011,911;0;0;0;2.819623572613205e-05;2.957435734250689e-05;86.907949;181.835358;3.378334;1,012,039;221,400
2029;2.029002401259025;35;0;0.303724;1,011,911;1,011,911;0;0;35,856;1.000126;6.174699;1815.666109;395,911;616,000;1,011,911;0;0;0;2.678313024247674e-05;3.052510018317448e-05;86.907949;181.835358;3.378334;1,012,039;221,400
2030;2.030018554219825;34;0;0.228212;1,011,911;1,011,911;0;0;35,856;1.000126;6.174699;1819.896542;395,911;616,000;1,011,911;0;0;0;2.850602292314757e-05;3.100691760879009e-05;86.907949;181.835358;3.378334;1,012,039;221,400
2031;2.031021226599221;34;0;0.221958;1,011,911;1,011,911;0;0;35,856;1.000126;6.174699;1823.767377;395,911;616,000;1,011,911;0;0;0;2.887385796003021e-05;3.035292839045328e-05;86.907949;181.835358;3.378334;1,012,039;221,400
2032;2.032023283826129;32;0;0.207582;1,011,911;1,011,911;0;0;35,856;1.000126;6.174699;1827.793191;395,911;616,000;1,011,911;0;0;0;3.025257515041362e-05;3.187559794533346e-05;86.907949;181.835358;3.378334;1,012,039;221,400
2033;2.033002742666628;32;0;0.210615;1,011,911;1,011,911;0;0;35,856;1.000126;6.174699;1831.876088;395,911;616,000;1,011,911;0;0;0;2.994399825431157e-05;3.155427847212806e-05;86.907949;181.835358;3.378334;1,012,039;221,400
2034;2.03400057967551;32;0;0.209509;1,011,911;1,011,911;0;0;35,856;1.000126;6.174699;1835.890965;395,911;616,000;1,011,911;0;0;0;3.053792765848939e-05;3.269884343172722e-05;86.907949;181.835358;3.378334;1,012,039;221,400
2035;2.035015123986775;30;0;0.198027;1,011,911;1,011,911;0;0;35,856;1.000126;6.174699;1839.441137;395,911;616,000;1,011,911;0;0;0;3.289498621656406e-05;3.497395723560237e-05;86.907949;181.835358;3.378334;1,012,039;221,400
2036;2.036016628402374;29;0;0.193807;1,011,911;1,011,911;0;0;35,856;1.000126;6.174699;1841.344149;395,911;616,000;1,011,911;0;0;0;3.416907774806211e-05;3.490508473330186e-05;86.907949;181.835358;3.378334;1,012,039;221,400
2037;2.037033282481671;30;0;0.195011;1,011,911;1,011,911;0;0;35,856;1.000126;6.174699;1842.251232;395,911;616,000;1,011,911;0;0;0;3.334939352387736e-05;3.448745886708286e-05;86.907949;181.835358;3.378334;1,012,039;221,400
2038;2.038003342219303;28;0;0.181994;1,011,911;1,011,911;0;0;35,856;1.000126;6.174699;1843.349420;395,911;616,000;1,011,911;0;0;0;3.407397791186061e-05;3.561969456095522e-05;86.907949;181.835358;3.378334;1,012,039;221,400
2039;2.039010432854673;29;0;0.184934;1,011,911;1,011,911;0;0;35,856;1.000126;6.174699;1843.560810;395,911;616,000;1,011,911;0;0;0;3.426327041627204e-05;3.551060586473591e-05;86.907949;181.835358;3.378334;1,012,039;221,400
2040;2.040023621625416;28;0;0.273205;1,011,911;1,011,911;0;0;35,856;1.000126;6.174699;1844.138627;395,911;616,000;1,011,911;0;0;0;3.465668978048302e-05;3.787981040499118e-05;86.907949;181.835358;3.378334;1,012,039;221,400
2041;2.041024391033798;27;0;0.180725;1,011,911;1,011,911;0;0;35,856;1.000126;6.174699;1844.567052;395,911;616,000;1,011,911;0;0;0;3.648409104227339e-05;3.766931468745588e-05;86.907949;181.835358;3.378334;1,012,039;221,400
2042;2.04203080164767;27;0;0.177663;1,011,911;1,011,911;0;0;35,856;1.000126;6.174699;1845.412898;395,911;616,000;1,011,911;0;0;0;0.0000359006163489666;3.856124479040502e-05;86.907949;181.835358;3.378334;1,012,039;221,400
2043;2.043016738318518;27;0;0.178497;1,011,911;1,011,911;0;0;35,856;1.000126;6.174699;1846.659828;395,911;616,000;1,011,911;0;0;0;3.606576779866541e-05;3.735930536904404e-05;86.907949;181.835358;3.378334;1,012,039;221,400
2044;2.044031316192893;28;0;0.184815;1,011,911;1,011,911;0;0;35,856;1.000126;6.174699;1847.484876;395,911;616,000;1,011,911;0;0;0;3.335341235064564e-05;3.744563363112995e-05;86.907949;181.835358;3.378334;1,012,039;221,400
2045;2.045010823180822;29;0;0.186051;1,011,911;1,011,911;0;0;35,856;1.000126;6.174699;1847.702836;395,911;616,000;1,011,911;0;0;0;3.291226679720136e-05;3.479742093605894e-05;86.907949;181.835358;3.378334;1,012,039;221,400
2046;2.046013200471268;28;0;0.179873;1,011,911;1,011,911;0;0;35,856;1.000126;6.174699;1847.913043;395,911;616,000;1,011,911;0;0;0;3.494990070325112e-05;3.651412111853328e-05;86.907949;181.835358;3.378334;1,012,039;221,400
2047;2.04702963102637;28;0;0.180262;1,011,911;1,011,911;0;0;35,856;1.000126;6.174699;1848.124117;395,911;616,000;1,011,911;0;0;0;3.498230878604397e-05;3.773642590304288e-05;86.907949;181.835358;3.378334;1,012,039;221,400
2048;2.048009514307091;27;0;0.210968;1,011,911;1,011,911;0;0;35,856;1.000126;6.174699;1848.365154;395,911;616,000;1,011,911;0;0;0;3.430725108564985e-05;0.0000384542597362582;86.907949;181.835358;3.378334;1,012,039;221,400
2049;2.049033663776949;25;0;0.176779;1,011,911;1,011,911;0;0;35,856;1.000126;6.174699;1848.571390;395,911;616,000;1,011,911;0;0;0;0.000038292829327366;4.354112101897322e-05;86.907949;181.835358;3.378334;1,012,039;221,400
2050;2.050031847261531;24;0;0.154783;1,011,911;1,011,911;0;0;35,856;1.000126;6.174699;1848.753617;395,911;616,000;1,011,911;0;0;0;4.003715157297876e-05;4.314282899117772e-05;86.907949;181.835358;3.378334;1,012,039;221,400
2051;2.051015260508492;23;0;0.148207;1,011,911;1,011,911;0;0;35,856;1.000126;6.174699;1848.928630;395,911;616,000;1,011,911;0;0;0;4.169044215472341e-05;4.369148238870874e-05;86.907949;181.835358;3.378334;1,012,039;221,400
2052;2.052037276921856;23;0;0.148238;1,011,911;1,011,911;0;0;35,856;1.000126;6.174699;1849.105075;395,911;616,000;1,011,911;0;0;0;4.369107898003315e-05;4.534613389364863e-05;86.907949;181.835358;3.378334;1,012,039;221,400
2053;2.053035967306468;24;0;0.240695;1,011,911;1,011,911;0;0;33,615;1.000126;6.586345;1850.700080;395,911;616,000;1,011,911;0;0;0;4.001569869612119e-05;4.379069704263626e-05;86.907949;181.835358;3.378334;1,012,039;221,400
2054;2.054026103276286;23;0;0.156393;1,011,911;1,011,911;0;0;33,615;1.000126;6.586345;1851.614527;395,911;616,000;1,011,911;0;0;0;0.0000414429624269322;4.487682609884204e-05;86.907949;181.835358;3.378334;1,012,039;221,400
2055;2.055025446499327;23;0;0.151457;1,011,911;1,011,911;0;0;33,615;1.000126;6.586345;1852.361960;395,911;616,000;1,011,911;0;0;0;4.291964146480047e-05;4.445109206799159e-05;86.907949;181.835358;3.378334;1,012,039;221,400
2056;2.056006830687816;23;0;0.177864;1,011,911;1,011,911;0;0;33,615;1.000126;6.586345;1852.954544;395,911;616,000;1,011,911;0;0;0;4.190609356839786e-05;4.340384752310543e-05;86.907949;181.835358;3.378334;1,012,039;221,400
2057;2.057020999921519;24;0;0.162793;1,011,911;1,011,911;0;0;33,615;1.000126;6.586345;1853.292422;395,911;616,000;1,011,911;0;0;0;4.103650662929217e-05;4.390180522008805e-05;86.907949;181.835358;3.378334;1,012,039;221,400
2058;2.058036212621924;23;0;0.150229;1,011,911;1,011,911;0;0;33,615;1.000126;6.586345;1853.474276;395,911;616,000;1,011,911;0;0;0;4.298833329458615e-05;4.488112056839763e-05;86.907949;181.835358;3.378334;1,012,039;221,400
2059;2.059041690938199;23;0;0.153701;1,011,911;1,011,911;0;0;33,615;1.000126;6.586345;1853.660161;395,911;616,000;1,011,911;0;0;0;4.267034825593296e-05;4.479422386818506e-05;86.907949;181.835358;3.378334;1,012,039;221,400
2060;2.060002428686114;22;0;0.143991;1,011,911;1,011,911;0;0;33,615;1.000126;6.586345;1853.848730;395,911;616,000;1,011,911;0;0;0;4.091555695677677e-05;4.451605495850696e-05;86.907949;181.835358;3.378334;1,012,039;221,400
2061;2.061031962244706;26;0;0.168940;1,011,911;1,011,911;0;0;33,615;1.000126;6.586345;1854.050009;395,911;616,000;1,011,911;0;0;0;3.802856083117072e-05;4.199159719561591e-05;86.907949;181.835358;3.378334;1,012,039;221,400
2062;2.062003232752353;23;0;0.153754;1,011,911;1,011,911;0;0;33,615;1.000126;6.586345;1854.251684;395,911;616,000;1,011,911;0;0;0;4.193901166272959e-05;4.266583722406119e-05;86.907949;181.835358;3.378334;1,012,039;221,400
2063;2.063021732063576;25;0;0.162170;1,011,911;1,011,911;0;0;33,615;1.000126;6.586345;1854.493511;395,911;616,000;1,011,911;0;0;0;3.979390733614247e-05;4.153144117631464e-05;86.907949;181.835358;3.378334;1,012,039;221,400
2064;2.064010845675116;24;0;0.159395;1,011,911;1,011,911;0;0;33,615;1.000126;6.586345;1854.730260;395,911;616,000;1,011,911;0;0;0;3.977135897279533e-05;4.329407958798629e-05;86.907949;181.835358;3.378334;1,012,039;221,400
2065;2.065017809316736;24;0;0.222653;1,011,911;1,011,911;0;0;33,615;1.000126;6.586345;1855.029186;395,911;616,000;1,011,911;0;0;0;4.090788915567865e-05;4.338172499888767e-05;86.907949;181.835358;3.378334;1,012,039;221,400
2066;2.066020043375596;24;0;0.166440;1,011,911;1,011,911;0;0;33,615;1.000126;6.586345;1855.495668;395,911;616,000;1,011,911;0;0;0;4.067511407972326e-05;4.273978986667134e-05;86.907949;181.835358;3.378334;1,012,039;221,400
2067;2.067018759536941;24;0;0.163010;1,011,911;1,011,911;0;0;33,615;1.000126;6.586345;1855.981948;395,911;616,000;1,011,911;0;0;0;4.072127281534856e-05;4.270509597050867e-05;86.907949;181.835358;3.378334;1,012,039;221,400
2068;2.068032510517199;24;0;0.160287;1,011,911;1,011,911;0;0;33,615;1.000126;6.586345;1856.315888;395,911;616,000;1,011,911;0;0;0;4.153825602876472e-05;4.322170670194093e-05;86.907949;181.835358;3.378334;1,012,039;221,400
2069;2.069024910745251;24;0;0.155429;1,011,911;1,011,911;0;0;33,615;1.000126;6.586345;1856.536916;395,911;616,000;1,011,911;0;0;0;3.993918669678145e-05;4.288475222167279e-05;86.907949;181.835358;3.378334;1,012,039;221,400
2070;2.070008693316056;25;0;0.193073;1,011,911;1,011,911;0;0;33,615;1.000126;6.586345;1856.794931;395,911;616,000;1,011,911;0;0;0;3.622151502181323e-05;0.0000428014341343086;86.907949;181.835358;3.378334;1,012,039;221,400
2071;2.071000116049328;23;0;0.178149;1,011,911;1,011,911;0;0;33,615;1.000126;6.586345;1857.116081;395,911;616,000;1,011,911;0;0;0;4.036407185381605e-05;4.492766611909247e-05;86.907949;181.835358;3.378334;1,012,039;221,400
2072;2.072022797507011;23;0;0.177151;1,011,911;1,011,911;0;0;33,615;1.000126;6.586345;1857.336558;395,911;616,000;1,011,911;0;0;0;4.347618373214433e-05;4.512050370684643e-05;86.907949;181.835358;3.378334;1,012,039;221,400
2073;2.0730442117234;23;0;0.153613;1,011,911;1,011,911;0;0;33,615;1.000126;6.586345;1857.553052;395,911;616,000;1,011,911;0;0;0;4.331367420016635e-05;4.598499242387847e-05;86.907949;181.835358;3.378334;1,012,039;221,400
2074;2.074022084818544;21;0;0.136330;1,011,911;1,011,911;0;0;31,374;1.000126;7.056799;1857.738642;395,911;616,000;1,011,911;0;0;0;4.623636671191406e-05;4.679946797895401e-05;86.907949;181.835358;3.378334;1,012,039;221,400
2075;2.075040731451423;23;0;0.150948;1,011,911;1,011,911;0;0;31,374;1.000126;7.056799;1858.018859;395,911;616,000;1,011,911;0;0;0;4.239480078008669e-05;4.690133553148293e-05;86.907949;181.835358;3.378334;1,012,039;221,400
2076;2.076014320999406;21;0;0.140737;1,011,911;1,011,911;0;0;31,374;1.000126;7.056799;1858.278459;395,911;616,000;1,011,911;0;0;0;4.411119735096872e-05;4.914520410952188e-05;86.907949;181.835358;3.378334;1,012,039;221,400
2077;2.077036703545037;21;0;0.138888;1,011,911;1,011,911;0;0;31,374;1.000126;7.056799;1858.546499;395,911;616,000;1,011,911;0;0;0;4.247204886904813e-05;5.015601036805242e-05;86.907949;181.835358;3.378334;1,012,039;221,400
2078;2.078010899286397;25;0;0.163820;1,011,911;1,011,911;0;0;31,374;1.000126;7.056799;1858.831845;395,911;616,000;1,011,911;0;0;0;3.831816500628059e-05;0.0000412715198894365;86.907949;181.835358;3.378334;1,012,039;221,400
2079;2.079008190348638;26;0;0.248721;1,011,911;1,011,911;0;0;31,374;1.000126;7.056799;1859.420082;395,911;616,000;1,011,911;0;0;0;3.753481762092517e-05;3.874890159692936e-05;86.907949;181.835358;3.378334;1,012,039;221,400
2080;2.080026162455892;28;0;0.180716;1,011,911;1,011,911;0;0;31,374;1.000126;7.056799;1859.663935;395,911;616,000;1,011,911;0;0;0;3.518742564721816e-05;3.732877503601162e-05;86.907949;181.835358;3.378334;1,012,039;221,400
2081;2.081034050152707;26;0;0.173860;1,011,911;1,011,911;0;0;31,374;1.000126;7.056799;1859.964533;395,911;616,000;1,011,911;0;0;0;3.723506884786857e-05;3.987154243652642e-05;86.907949;181.835358;3.378334;1,012,039;221,400
2082;2.082021374435972;25;0;0.167271;1,011,911;1,011,911;0;0;31,374;1.000126;7.056799;1860.280788;395,911;616,000;1,011,911;0;0;0;3.768060800371476e-05;4.141889390807223e-05;86.907949;181.835358;3.378334;1,012,039;221,400
2083;2.083015089760304;24;0;0.162893;1,011,911;1,011,911;0;0;31,374;1.000126;7.056799;1860.647397;395,911;616,000;1,011,911;0;0;0;4.065318259555404e-05;4.229765233181754e-05;86.907949;181.835358;3.378334;1,012,039;221,400
2084;2.084033154396347;24;0;0.163347;1,011,911;1,011,911;0;0;31,374;1.000126;7.056799;1861.095656;395,911;616,000;1,011,911;0;0;0;4.049531308788819e-05;4.304864914202482e-05;86.907949;181.835358;3.378334;1,012,039;221,400
2085;2.085022803224612;24;0;0.164391;1,011,911;1,011,911;0;0;31,374;1.000126;7.056799;1862.727866;395,911;616,000;1,011,911;0;0;0;3.936136451264388e-05;4.384267461490066e-05;86.907949;181.835358;3.378334;1,012,039;221,400
2086;2.086028651278928;23;0;0.156455;1,011,911;1,011,911;0;0;31,374;1.000126;7.056799;1864.786799;395,911;616,000;1,011,911;0;0;0;0.0000430339199842853;4.523008988780784e-05;86.907949;181.835358;3.378334;1,012,039;221,400
2087;2.087014483618576;22;0;0.149110;1,011,911;1,011,911;0;0;31,374;1.000126;7.056799;1866.845842;395,911;616,000;1,011,911;0;0;0;4.421546885183782e-05;4.532482456366298e-05;86.907949;181.835358;3.378334;1,012,039;221,400
2088;2.088022914824877;23;0;0.160856;1,011,911;1,011,911;0;0;31,374;1.000126;7.056799;1868.924401;395,911;616,000;1,011,911;0;0;0;4.342013240259606e-05;4.446424519151576e-05;86.907949;181.835358;3.378334;1,012,039;221,400
2089;2.089010451069468;22;0;0.150638;1,011,911;1,011,911;0;0;31,374;1.000126;7.056799;1870.980773;395,911;616,000;1,011,911;0;0;0;4.374823698648906e-05;4.652429348747455e-05;86.907949;181.835358;3.378334;1,012,039;221,400
2090;2.090030103270447;23;0;0.158859;1,011,911;1,011,911;0;0;31,374;1.000126;7.056799;1873.018373;395,911;616,000;1,011,911;0;0;0;4.153182075279294e-05;4.624738650480451e-05;86.907949;181.835358;3.378334;1,012,039;221,400
2091;2.091032167344834;24;0;0.164581;1,011,911;1,011,911;0;0;33,615;1.000126;6.586345;1875.090362;395,911;616,000;1,011,911;0;0;0;4.140419846240979e-05;4.350619091905345e-05;86.907949;181.835358;3.378334;1,012,039;221,400
2092;2.092035915505987;23;0;0.158433;1,011,911;1,011,911;0;0;33,615;1.000126;6.586345;1877.150905;395,911;616,000;1,011,911;0;0;0;4.192833598047334e-05;4.413149413992885e-05;86.907949;181.835358;3.378334;1,012,039;221,400
2093;2.093018215419211;25;0;0.183541;1,011,911;1,011,911;0;0;33,615;1.000126;6.586345;1879.242588;395,911;616,000;1,011,911;0;0;0;3.726818411240606e-05;4.178230438995444e-05;86.907949;181.835358;3.378334;1,012,039;221,400
2094;2.094000833983307;24;0;0.251652;1,011,911;1,011,911;0;0;33,615;1.000126;6.586345;1881.339757;395,911;616,000;1,011,911;0;0;0;4.002051672192134e-05;4.154331021070907e-05;86.907949;181.835358;3.378334;1,012,039;221,400
2095;2.095032100620525;26;0;0.173246;1,011,911;1,011,911;0;0;33,615;1.000126;6.586345;1883.316126;395,911;616,000;1,011,911;0;0;0;3.859474227457769e-05;4.009578933805347e-05;86.907949;181.835358;3.378334;1,012,039;221,400
2096;2.096022043707348;28;0;0.214223;1,011,911;1,011,911;0;0;33,615;1.000126;6.586345;1885.374376;395,911;616,000;1,011,911;0;0;0;3.337846847765574e-05;3.759338653988492e-05;86.907949;181.835358;3.378334;1,012,039;221,400
2097;2.097014694171832;29;0;0.200937;1,011,911;1,011,911;0;0;33,615;1.000126;6.586345;1887.374346;395,911;616,000;1,011,911;0;0;0;3.353302007194764e-05;0.0000353988487820673;86.907949;181.835358;3.378334;1,012,039;221,400
2098;2.098007888364687;29;0;0.196688;1,011,911;1,011,911;0;0;33,615;1.000126;6.586345;1889.383860;395,911;616,000;1,011,911;0;0;0;3.263863985328622e-05;3.583773109779582e-05;86.907949;181.835358;3.378334;1,012,039;221,400
2099;2.099028394191228;29;0;0.194786;1,011,911;1,011,911;0;0;33,615;1.000126;6.586345;1891.391088;395,911;616,000;1,011,911;0;0;0;3.329659516780395e-05;3.613930655068942e-05;86.907949;181.835358;3.378334;1,012,039;221,400
2100;2.100009390613926;28;0;0.187361;1,011,911;1,011,911;0;0;33,615;1.000126;6.586345;1893.364865;395,911;616,000;1,011,911;0;0;0;3.418974938355995e-05;3.601469754028688e-05;86.907949;181.835358;3.378334;1,012,039;221,400
2101;2.101005751184604;29;0;0.193626;1,011,911;1,011,911;0;0;33,615;1.000126;6.586345;1895.385006;395,911;616,000;1,011,911;0;0;0;3.348280332067952e-05;3.595406627819347e-05;86.907949;181.835358;3.378334;1,012,039;221,400
2102;2.102032229271293;28;0;0.187895;1,011,911;1,011,911;0;0;33,615;1.000126;6.586345;1897.393176;395,911;616,000;1,011,911;0;0;0;3.602917748665002e-05;3.772638829528983e-05;86.907949;181.835358;3.378334;1,012,039;221,400
2103;2.103025418929894;27;0;0.179809;1,011,911;1,011,911;0;0;33,615;1.000126;6.586345;1899.361936;395,911;616,000;1,011,911;0;0;0;3.545180652276714e-05;3.754693917679522e-05;86.907949;181.835358;3.378334;1,012,039;221,400
2104;2.104031073484639;27;0;0.193220;1,011,911;1,011,911;0;0;33,615;1.000126;6.586345;1901.389088;395,911;616,000;1,011,911;0;0;0;3.574812434325286e-05;3.864355322996504e-05;86.907949;181.835358;3.378334;1,012,039;221,400
2105;2.105011830334105;26;0;0.191168;1,011,911;1,011,911;0;0;33,615;1.000126;6.586345;1903.400781;395,911;616,000;1,011,911;0;0;0;3.733258286197556e-05;3.845838971418771e-05;86.907949;181.835358;3.378334;1,012,039;221,400
2106;2.106013624672463;27;0;0.266579;1,011,911;1,011,911;0;0;33,615;1.000126;6.586345;1905.489993;395,911;616,000;1,011,911;0;0;0;3.665032918814355e-05;3.784128556061042e-05;86.907949;181.835358;3.378334;1,012,039;221,400
2107;2.107002359411274;27;0;0.183004;1,011,911;1,011,911;0;0;33,615;1.000126;6.586345;1907.387990;395,911;616,000;1,011,911;0;0;0;3.555558506936097e-05;3.802500682451601e-05;86.907949;181.835358;3.378334;1,012,039;221,400
2108;2.108032587601158;28;0;0.186408;1,011,911;1,011,911;0;0;33,615;1.000126;6.586345;1908.578362;395,911;616,000;1,011,911;0;0;0;3.610731474335852e-05;3.790491508890445e-05;86.907949;181.835358;3.378334;1,012,039;221,400
2109;2.109013834058314;28;0;0.186295;1,011,911;1,011,911;0;0;33,615;1.000126;6.586345;1909.475929;395,911;616,000;1,011,911;0;0;0;3.409150889354522e-05;3.665877869019915e-05;86.907949;181.835358;3.378334;1,012,039;221,400
2110;2.110033503648105;28;0;0.191906;1,011,911;1,011,911;0;0;33,615;1.000126;6.586345;1910.255810;395,911;616,000;1,011,911;0;0;0;3.514998174122546e-05;3.750465889252116e-05;86.907949;181.835358;3.378334;1,012,039;221,400
2111;2.111012686553966;27;0;0.179292;1,011,911;1,011,911;0;0;33,615;1.000126;6.586345;1910.477255;395,911;616,000;1,011,911;0;0;0;3.581144160807603e-05;3.757999194569097e-05;86.907949;181.835358;3.378334;1,012,039;221,400
2112;2.112016283769441;27;0;0.175948;1,011,911;1,011,911;0;0;33,615;1.000126;6.586345;1910.686679;395,911;616,000;1,011,911;0;0;0;3.403344074910599e-05;0.000038025031905914;86.907949;181.835358;3.378334;1,012,039;221,400
2113;2.113027870811995;28;0;0.196691;1,011,911;1,011,911;0;0;33,615;1.000126;6.586345;1910.919238;395,911;616,000;1,011,911;0;0;0;0.0000339538069959401;3.841600919490634e-05;86.907949;181.835358;3.378334;1,012,039;221,400
2114;2.114035146827506;26;0;0.169563;1,011,911;1,011,911;0;0;33,615;1.000126;6.586345;1911.122143;395,911;616,000;1,011,911;0;0;0;3.659762218913249e-05;4.272295165948119e-05;86.907949;181.835358;3.378334;1,012,039;221,400
2115;2.115039368370538;24;0;0.156814;1,011,911;1,011,911;0;0;33,615;1.000126;6.586345;1911.310202;395,911;616,000;1,011,911;0;0;0;0.0000407651563140283;0.0000426141610821784;86.907949;181.835358;3.378334;1,012,039;221,400
2116;2.11601577172485;23;0;0.150893;1,011,911;1,011,911;0;0;33,615;1.000126;6.586345;1911.571906;395,911;616,000;1,011,911;0;0;0;4.108929236929003e-05;0.0000436436368513164;86.907949;181.835358;3.378334;1,012,039;221,400
2117;2.117007182300647;24;0;0.156871;1,011,911;1,011,911;0;0;33,615;1.000126;6.586345;1911.761790;395,911;616,000;1,011,911;0;0;0;4.010406159647576e-05;4.241087175608208e-05;86.907949;181.835358;3.378334;1,012,039;221,400
2118;2.118005897362695;25;0;0.216248;1,011,911;1,011,911;0;0;35,856;1.000126;6.174699;1912.052701;395,911;616,000;1,011,911;0;0;0;3.800624043016809e-05;0.000041790406000203;86.907949;181.835358;3.378334;1,012,039;221,400
2119;2.119013893360143;26;0;0.170856;1,011,911;1,011,911;0;0;35,856;1.000126;6.174699;1912.269000;395,911;616,000;1,011,911;0;0;0;3.806665168629143e-05;3.967802898687096e-05;86.907949;181.835358;3.378334;1,012,039;221,400
2120;2.120006067165011;26;0;0.168057;1,011,911;1,011,911;0;0;35,856;1.000126;6.174699;1912.470107;395,911;616,000;1,011,911;0;0;0;3.423760103148136e-05;4.009820906203192e-05;86.907949;181.835358;3.378334;1,012,039;221,400
2121;2.121028259469337;27;0;0.174344;1,011,911;1,011,911;0;0;35,856;1.000126;6.174699;1912.678010;395,911;616,000;1,011,911;0;0;0;3.430967380435778e-05;4.075618545862396e-05;86.907949;181.835358;3.378334;1,012,039;221,400
2122;2.122029960119875;26;0;0.177592;1,011,911;1,011,911;0;0;35,856;1.000126;6.174699;1913.389810;395,911;616,000;1,011,911;0;0;0;3.644102616879433e-05;4.111561137499213e-05;86.907949;181.835358;3.378334;1,012,039;221,400
2123;2.123001189677702;29;0;0.187595;1,011,911;1,011,911;0;0;35,856;1.000126;6.174699;1913.617033;395,911;616,000;1,011,911;0;0;0;2.981846624730919e-05;3.611153958791691e-05;86.907949;181.835358;3.378334;1,012,039;221,400
2124;2.124009992871148;34;0;0.218333;1,011,911;1,011,911;0;0;35,856;1.000126;6.174699;1913.867115;395,911;616,000;1,011,911;0;0;0;2.771700562719493e-05;3.195160777454238e-05;86.907949;181.835358;3.378334;1,012,039;221,400
2125;2.125018904908385;32;0;0.280551;1,011,911;1,011,911;0;0;35,856;1.000126;6.174699;1914.180737;395,911;616,000;1,011,911;0;0;0;2.946704759825981e-05;3.368268459192654e-05;86.907949;181.835358;3.378334;1,012,039;221,400
2126;2.126017338930345;30;0;0.196115;1,011,911;1,011,911;0;0;35,856;1.000126;6.174699;1914.410556;395,911;616,000;1,011,911;0;0;0;3.216263065548084e-05;3.415553695195904e-05;86.907949;181.835358;3.378334;1,012,039;221,400
2127;2.12703406932281;29;0;0.206703;1,011,911;1,011,911;0;0;35,856;1.000126;6.174699;1916.236317;395,911;616,000;1,011,911;0;0;0;3.329629988187727e-05;3.639853064383109e-05;86.907949;181.835358;3.378334;1,012,039;221,400
2128;2.128004169213313;29;0;0.211985;1,011,911;1,011,911;0;0;35,856;1.000126;6.174699;1917.787434;395,911;616,000;1,011,911;0;0;0;3.302194478457042e-05;3.449926792913193e-05;86.907949;181.835358;3.378334;1,012,039;221,400
2129;2.12900745189984;32;0;0.218591;1,011,911;1,011,911;0;0;35,856;1.000126;6.174699;1919.252590;395,911;616,000;1,011,911;0;0;0;0.0000302349174358639;3.320013481056996e-05;86.907949;181.835358;3.378334;1,012,039;221,400
2130;2.130032356144057;32;0;0.218925;1,011,911;1,011,911;0;0;35,856;1.000126;6.174699;1920.129068;395,911;616,000;1,011,911;0;0;0;3.126748851939086e-05;3.278927126439005e-05;86.907949;181.835358;3.378334;1,012,039;221,400
2131;2.131022952683431;32;0;0.218386;1,011,911;1,011,911;0;0;35,856;1.000126;6.174699;1920.555459;395,911;616,000;1,011,911;0;0;0;2.932258597336471e-05;3.297861064491849e-05;86.907949;181.835358;3.378334;1,012,039;221,400
2132;2.132024527315203;29;0;0.191967;1,011,911;1,011,911;0;0;35,856;1.000126;6.174699;1921.481655;395,911;616,000;1,011,911;0;0;0;3.310380178312304e-05;3.548881648187074e-05;86.907949;181.835358;3.378334;1,012,039;221,400
2133;2.133022478301357;29;0;0.195771;1,011,911;1,011,911;0;0;35,856;1.000126;6.174699;1922.440039;395,911;616,000;1,011,911;0;0;0;3.331773063819658e-05;3.588809435310759e-05;86.907949;181.835358;3.378334;1,012,039;221,400
2134;2.134021679436824;29;0;0.192187;1,011,911;1,011,911;0;0;38,097;1.000126;5.811481;1922.699882;395,911;616,000;1,011,911;0;0;0;2.958097632232526e-05;3.649274257707545e-05;86.907949;181.835358;3.378334;1,012,039;221,400
2135;2.135029087031934;32;0;0.279330;1,011,911;1,011,911;0;0;38,097;1.000126;5.811481;1923.012295;395,911;616,000;1,011,911;0;0;0;2.954697933563364e-05;3.289667284787013e-05;86.907949;181.835358;3.378334;1,012,039;221,400
2136;2.136018036281658;30;0;0.193575;1,011,911;1,011,911;0;0;38,097;1.000126;5.811481;1923.236075;395,911;616,000;1,011,911;0;0;0;3.247545463973005e-05;3.347476336081461e-05;86.907949;181.835358;3.378334;1,012,039;221,400
2137;2.137022947696713;32;0;0.206921;1,011,911;1,011,911;0;0;38,097;1.000126;5.811481;1923.473293;395,911;616,000;1,011,911;0;0;0;3.061753427896795e-05;3.326236171690197e-05;86.907949;181.835358;3.378334;1,012,039;221,400
2138;2.138012577913914;30;0;0.192780;1,011,911;1,011,911;0;0;38,097;1.000126;5.811481;1923.699884;395,911;616,000;1,011,911;0;0;0;3.182866677094151e-05;3.398660941677865e-05;86.907949;181.835358;3.378334;1,012,039;221,400
2139;2.139008716801957;30;0;0.193231;1,011,911;1,011,911;0;0;38,097;1.000126;5.811481;1923.923086;395,911;616,000;1,011,911;0;0;0;3.228033158181119e-05;3.426272790296211e-05;86.907949;181.835358;3.378334;1,012,039;221,400
2140;2.140019861125186;28;0;0.186272;1,011,911;1,011,911;0;0;38,097;1.000126;5.811481;1924.138943;395,911;616,000;1,011,911;0;0;0;3.443815847467264e-05;3.751225627962818e-05;86.907949;181.835358;3.378334;1,012,039;221,400
2141;2.141030644405651;28;0;0.181804;1,011,911;1,011,911;0;0;38,097;1.000126;5.811481;1924.362288;395,911;616,000;1,011,911;0;0;0;3.583528649514449e-05;3.642769490478859e-05;86.907949;181.835358;3.378334;1,012,039;221,400
2142;2.142028127604095;29;0;0.188447;1,011,911;1,011,911;0;0;38,097;1.000126;5.811481;1924.580227;395,911;616,000;1,011,911;0;0;0;3.213868018366951e-05;3.603153547876815e-05;86.907949;181.835358;3.378334;1,012,039;221,400
2143;2.143027829496158;31;0;0.200275;1,011,911;1,011,911;0;0;38,097;1.000126;5.811481;1924.809343;395,911;616,000;1,011,911;0;0;0;0.0000311417138727748;3.362730128977535e-05;86.907949;181.835358;3.378334;1,012,039;221,400
2144;2.144020141323535;29;0;0.243514;1,011,911;1,011,911;0;0;38,097;1.000126;5.811481;1925.085349;395,911;616,000;1,011,911;0;0;0;3.300894336061295e-05;3.544138426050706e-05;86.907949;181.835358;3.378334;1,012,039;221,400
2145;2.145017997006246;29;0;0.190004;1,011,911;1,011,911;0;0;38,097;1.000126;5.811481;1925.569295;395,911;616,000;1,011,911;0;0;0;3.188500485822648e-05;0.0000357435755630881;86.907949;181.835358;3.378334;1,012,039;221,400
2146;2.146013903011716;31;0;0.202158;1,011,911;1,011,911;0;0;38,097;1.000126;5.811481;1926.126775;395,911;616,000;1,011,911;0;0;0;3.171772195189349e-05;3.257492330209983e-05;86.907949;181.835358;3.378334;1,012,039;221,400
2147;2.147021589350913;32;0;0.208603;1,011,911;1,011,911;0;0;38,097;1.000126;5.811481;1926.450746;395,911;616,000;1,011,911;0;0;0;3.086505752618828e-05;3.202908768095526e-05;86.907949;181.835358;3.378334;1,012,039;221,400
2148;2.148027553284007;34;0;0.217709;1,011,911;1,011,911;0;0;38,097;1.000126;5.811481;1926.738054;395,911;616,000;1,011,911;0;0;0;2.755473272187443e-05;3.151455281389921e-05;86.907949;181.835358;3.378334;1,012,039;221,400
2149;2.14900880424471;30;0;0.193599;1,011,911;1,011,911;0;0;38,097;1.000126;5.811481;1927.031451;395,911;616,000;1,011,911;0;0;0;3.052986402711529e-05;3.568082669598784e-05;86.907949;181.835358;3.378334;1,012,039;221,400
2150;2.150004798221273;30;0;0.277331;1,011,911;1,011,911;0;0;38,097;1.000126;5.811481;1927.448930;395,911;616,000;1,011,911;0;0;0;3.115529387044324e-05;0.000035946873825417;86.907949;181.835358;3.378334;1,012,039;221,400
2151;2.151021129816625;32;0;0.207768;1,011,911;1,011,911;0;0;38,097;1.000126;5.811481;1927.689366;395,911;616,000;1,011,911;0;0;0;3.148759600294015e-05;3.232235816647085e-05;86.907949;181.835358;3.378334;1,012,039;221,400
2152;2.152004585305829;30;0;0.195664;1,011,911;1,011,911;0;0;40,338;1.000126;5.488621;1927.988191;395,911;616,000;1,011,911;0;0;0;3.194498972191328e-05;0.0000333975597221347;86.907949;181.835358;3.378334;1,012,039;221,400
2153;2.153024607733202;32;0;0.213906;1,011,911;1,011,911;0;0;40,338;1.000126;5.488621;1928.370433;395,911;616,000;1,011,911;0;0;0;0.0000308571335647665;3.231023476210706e-05;86.907949;181.835358;3.378334;1,012,039;221,400
2154;2.154009790214451;34;0;0.223746;1,011,911;1,011,911;0;0;40,338;1.000126;5.488621;1928.744871;395,911;616,000;1,011,911;0;0;0;2.753438896784901e-05;3.055383769946237e-05;86.907949;181.835358;3.378334;1,012,039;221,400
2155;2.155002694472276;35;0;0.229994;1,011,911;1,011,911;0;0;40,338;1.000126;5.488621;1929.142860;395,911;616,000;1,011,911;0;0;0;2.755491926312792e-05;2.995264663348631e-05;86.907949;181.835358;3.378334;1,012,039;221,400
2156;2.156011231759575;34;0;0.296940;1,011,911;1,011,911;0;0;40,338;1.000126;5.488621;1929.558893;395,911;616,000;1,011,911;0;0;0;2.857186844181135e-05;3.129954284833748e-05;86.907949;181.835358;3.378334;1,012,039;221,400
2157;2.157008347163746;32;0;0.212386;1,011,911;1,011,911;0;0;40,338;1.000126;5.488621;1929.838618;395,911;616,000;1,011,911;0;0;0;3.027077231308457e-05;3.209103645177189e-05;86.907949;181.835358;3.378334;1,012,039;221,400
2158;2.158011712653543;32;0;0.210944;1,011,911;1,011,911;0;0;40,338;1.000126;5.488621;1930.201981;395,911;616,000;1,011,911;0;0;0;2.961669629530926e-05;3.273992271352569e-05;86.907949;181.835358;3.378334;1,012,039;221,400
2159;2.159026242410032;32;0;0.212899;1,011,911;1,011,911;0;0;40,338;1.000126;5.488621;1930.621552;395,911;616,000;1,011,911;0;0;0;3.077326971863604e-05;3.248866434396601e-05;86.907949;181.835358;3.378334;1,012,039;221,400
2160;2.160016433670404;32;0;0.212012;1,011,911;1,011,911;0;0;40,338;1.000126;5.488621;1931.415006;395,911;616,000;1,011,911;0;0;0;0.0000292808744861806;3.329594000182548e-05;86.907949;181.835358;3.378334;1,012,039;221,400
2161;2.161028910418867;33;0;0.217157;1,011,911;1,011,911;0;0;40,338;1.000126;5.488621;1932.296564;395,911;616,000;1,011,911;0;0;0;2.823734286570213e-05;3.314291756411485e-05;86.907949;181.835358;3.378334;1,012,039;221,400
2162;2.162012000927831;30;0;0.198281;1,011,911;1,011,911;0;0;40,338;1.000126;5.488621;1933.169406;395,911;616,000;1,011,911;0;0;0;3.210204246513084e-05;3.346533404671044e-05;86.907949;181.835358;3.378334;1,012,039;221,400
2163;2.163021974086907;30;0;0.201302;1,011,911;1,011,911;0;0;40,338;1.000126;5.488621;1934.199718;395,911;616,000;1,011,911;0;0;0;3.104464208674906e-05;0.000034282459875342;86.907949;181.835358;3.378334;1,012,039;221,400
2164;2.164015116735865;32;0;0.210396;1,011,911;1,011,911;0;0;40,338;1.000126;5.488621;1934.754424;395,911;616,000;1,011,911;0;0;0;3.009462238618498e-05;0.0000322256023365284;86.907949;181.835358;3.378334;1,012,039;221,400
2165;2.165028505285568;34;0;0.226015;1,011,911;1,011,911;0;0;40,338;1.000126;5.488621;1935.186599;395,911;616,000;1,011,911;0;0;0;2.885823346310722e-05;3.236819132539962e-05;86.907949;181.835358;3.378334;1,012,039;221,400
2166;2.166019355598352;36;0;0.236600;1,011,911;1,011,911;0;0;40,338;1.000126;5.488621;1937.105349;395,911;616,000;1,011,911;0;0;0;2.597910608587716e-05;2.965943466761285e-05;86.907949;181.835358;3.378334;1,012,039;221,400
2167;2.167006904608992;37;0;0.332720;1,011,911;1,011,911;0;0;40,338;1.000126;5.488621;1938.380155;395,911;616,000;1,011,911;0;0;0;2.589570982585335e-05;2.776579677831764e-05;86.907949;181.835358;3.378334;1,012,039;221,400
2168;2.168002648446899;35;0;0.229381;1,011,911;1,011,911;0;0;40,338;1.000126;5.488621;1938.956700;395,911;616,000;1,011,911;0;0;0;2.679955438188953e-05;2.983158691404578e-05;86.907949;181.835358;3.378334;1,012,039;221,400
2169;2.169024024768413;35;0;0.225893;1,011,911;1,011,911;0;0;40,338;1.000126;5.488621;1939.614947;395,911;616,000;1,011,911;0;0;0;2.746745364114021e-05;3.068473783616039e-05;86.907949;181.835358;3.378334;1,012,039;221,400
2170;2.170009829495466;34;0;0.222639;1,011,911;1,011,911;0;0;40,338;1.000126;5.488621;1940.268693;395,911;616,000;1,011,911;0;0;0;2.834401946472246e-05;2.996975105456835e-05;86.907949;181.835358;3.378334;1,012,039;221,400
2171;2.171007538819709;35;0;0.241054;1,011,911;1,011,911;0;0;40,338;1.000126;5.488621;1940.695874;395,911;616,000;1,011,911;0;0;0;2.776657661865427e-05;2.963748641045904e-05;86.907949;181.835358;3.378334;1,012,039;221,400
2172;2.172017872087308;35;0;0.231615;1,011,911;1,011,911;0;0;40,338;1.000126;5.488621;1941.141440;395,911;616,000;1,011,911;0;0;0;2.675314941548107e-05;2.992231006913824e-05;86.907949;181.835358;3.378334;1,012,039;221,400
2173;2.173011416920807;34;0;0.221386;1,011,911;1,011,911;0;0;40,338;1.000126;5.488621;1941.603433;395,911;616,000;1,011,911;0;0;0;2.731675830649759e-05;3.045997243045451e-05;86.907949;181.835358;3.378334;1,012,039;221,400
2174;2.174003367441835;34;0;0.224760;1,011,911;1,011,911;0;0;40,338;1.000126;5.488621;1942.085063;395,911;616,000;1,011,911;0;0;0;2.806946122849197e-05;3.022292304963653e-05;86.907949;181.835358;3.378334;1,012,039;221,400
2175;2.175002087276178;33;0;0.296955;1,011,911;1,011,911;0;0;40,338;1.000126;5.488621;1942.680242;395,911;616,000;1,011,911;0;0;0;2.858209180821474e-05;3.164818887687507e-05;86.907949;181.835358;3.378334;1,012,039;221,400
2176;2.176026648856049;33;0;0.214551;1,011,911;1,011,911;0;0;42,579;1.000126;5.199746;1943.115995;395,911;616,000;1,011,911;0;0;0;3.055752885613714e-05;3.150149029237232e-05;86.907949;181.835358;3.378334;1,012,039;221,400
2177;2.177002519149397;31;0;0.203883;1,011,911;1,011,911;0;0;42,579;1.000126;5.199746;1943.677084;395,911;616,000;1,011,911;0;0;0;3.113237640759376e-05;3.192006476120973e-05;86.907949;181.835358;3.378334;1,012,039;221,400
2178;2.17801892200213;32;0;0.211074;1,011,911;1,011,911;0;0;42,579;1.000126;5.199746;1944.280284;395,911;616,000;1,011,911;0;0;0;3.146295017653247e-05;3.243547713193718e-05;86.907949;181.835358;3.378334;1,012,039;221,400
2179;2.17902399437906;32;0;0.286169;1,011,911;1,011,911;0;0;42,579;1.000126;5.199746;1944.982464;395,911;616,000;1,011,911;0;0;0;2.969292581065466e-05;3.305181395582874e-05;86.907949;181.835358;3.378334;1,012,039;221,400
2180;2.180007176924224;30;0;0.199132;1,011,911;1,011,911;0;0;42,579;1.000126;5.199746;1945.527911;395,911;616,000;1,011,911;0;0;0;3.148143206710518e-05;3.355486683133083e-05;86.907949;181.835358;3.378334;1,012,039;221,400
2181;2.181018830262411;30;0;0.197545;1,011,911;1,011,911;0;0;42,579;1.000126;5.199746;1946.233347;395,911;616,000;1,011,911;0;0;0;3.266018874487334e-05;3.477210954631292e-05;86.907949;181.835358;3.378334;1,012,039;221,400
2182;2.18200573414898;29;0;0.193104;1,011,911;1,011,911;0;0;42,579;1.000126;5.199746;1946.936385;395,911;616,000;1,011,911;0;0;0;3.330445631820728e-05;3.515022787449944e-05;86.907949;181.835358;3.378334;1,012,039;221,400
2183;2.18300062415426;29;0;0.192394;1,011,911;1,011,911;0;0;42,579;1.000126;5.199746;1947.600637;395,911;616,000;1,011,911;0;0;0;3.386653575327474e-05;3.561140776377522e-05;86.907949;181.835358;3.378334;1,012,039;221,400
2184;2.1840286923969;28;0;0.184073;1,011,911;1,011,911;0;0;42,579;1.000126;5.199746;1948.869065;395,911;616,000;1,011,911;0;0;0;3.571147522834594e-05;3.836809566766042e-05;86.907949;181.835358;3.378334;1,012,039;221,400
2185;2.185021763643641;26;0;0.178072;1,011,911;1,011,911;0;0;42,579;1.000126;5.199746;1951.236246;395,911;616,000;1,011,911;0;0;0;3.787682412736135e-05;3.871433628720583e-05;86.907949;181.835358;3.378334;1,012,039;221,400
2186;2.18600146666819;25;0;0.168188;1,011,911;1,011,911;0;0;42,579;1.000126;5.199746;1953.200274;395,911;616,000;1,011,911;0;0;0;3.859650764120632e-05;4.019582809085979e-05;86.907949;181.835358;3.378334;1,012,039;221,400
2187;2.187034033185621;26;0;0.176221;1,011,911;1,011,911;0;0;42,579;1.000126;5.199746;1956.134325;395,911;616,000;1,011,911;0;0;0;3.909574324607823e-05;0.0000408455530302885;86.907949;181.835358;3.378334;1,012,039;221,400
2188;2.188034859082256;25;0;0.170365;1,011,911;1,011,911;0;0;42,579;1.000126;5.199746;1959.939510;395,911;616,000;1,011,911;0;0;0;3.908166807369223e-05;4.179065881744727e-05;86.907949;181.835358;3.378334;1,012,039;221,400
2189;2.189015535103575;24;0;0.162607;1,011,911;1,011,911;0;0;42,579;1.000126;5.199746;1966.395887;395,911;616,000;1,011,911;0;0;0;0.0000397585566202423;4.213575211028836e-05;86.907949;181.835358;3.378334;1,012,039;221,400
2190;2.190038356077637;25;0;0.168229;1,011,911;1,011,911;0;0;42,579;1.000126;5.199746;1972.345957;395,911;616,000;1,011,911;0;0;0;3.987516274613443e-05;4.216800147252312e-05;86.907949;181.835358;3.378334;1,012,039;221,400
2191;2.191037932944624;23;0;0.156135;1,011,911;1,011,911;0;0;42,579;1.000126;5.199746;1977.219947;395,911;616,000;1,011,911;0;0;0;4.230519329486684e-05;4.423868427781243e-05;86.907949;181.835358;3.378334;1,012,039;221,400
2192;2.192015390773804;23;0;0.161670;1,011,911;1,011,911;0;0;42,579;1.000126;5.199746;1980.136517;395,911;616,000;1,011,911;0;0;0;4.157009174960153e-05;4.303089380172686e-05;86.907949;181.835358;3.378334;1,012,039;221,400
2193;2.193014103026561;24;0;0.157446;1,011,911;1,011,911;0;0;44,820;1.000126;4.939759;1982.472661;395,911;616,000;1,011,911;0;0;0;4.006846803237776e-05;4.356893113685362e-05;86.907949;181.835358;3.378334;1,012,039;221,400
2194;2.194002195890709;23;0;0.160426;1,011,911;1,011,911;0;0;44,820;1.000126;4.939759;1984.672075;395,911;616,000;1,011,911;0;0;0;4.139979832794343e-05;4.477195908750084e-05;86.907949;181.835358;3.378334;1,012,039;221,400
2195;2.195025468002355;23;0;0.178520;1,011,911;1,011,911;0;0;44,820;1.000126;4.939759;1986.526110;395,911;616,000;1,011,911;0;0;0;0.0000421933962976101;4.643713638026514e-05;86.907949;181.835358;3.378334;1,012,039;221,400
2196;2.196036646104735;22;0;0.150466;1,011,911;1,011,911;0;0;44,820;1.000126;4.939759;1987.970005;395,911;616,000;1,011,911;0;0;0;4.574627655690142e-05;4.632933564663078e-05;86.907949;181.835358;3.378334;1,012,039;221,400
2197;2.197010593503404;21;0;0.190919;1,011,911;1,011,911;0;0;44,820;1.000126;4.939759;1988.695111;395,911;616,000;1,011,911;0;0;0;4.558210451894307e-05;4.771677371977016e-05;86.907949;181.835358;3.378334;1,012,039;221,400
2198;2.19801676732336;21;0;0.143443;1,011,911;1,011,911;0;0;44,820;1.000126;4.939759;1989.187616;395,911;616,000;1,011,911;0;0;0;4.723011332659346e-05;4.920026261960748e-05;86.907949;181.835358;3.378334;1,012,039;221,400
2199;2.199007876653203;21;0;0.143800;1,011,911;1,011,911;0;0;44,820;1.000126;4.939759;1989.718814;395,911;616,000;1,011,911;0;0;0;4.654743640133946e-05;4.835866013803162e-05;86.907949;181.835358;3.378334;1,012,039;221,400
2200;2.200046818086475;21;0;0.144284;1,011,911;1,011,911;0;0;44,820;1.000126;4.939759;1990.241685;395,911;616,000;1,011,911;0;0;0;4.817325075201463e-05;5.037650126706145e-05;86.907949;181.835358;3.378334;1,012,039;221,400
2201;2.201005473900039;19;0;0.190124;1,011,911;1,011,911;0;0;44,820;1.000126;4.939759;1990.766291;395,911;616,000;1,011,911;0;0;0;4.966100480319098e-05;5.131148923298499e-05;86.907949;181.835358;3.378334;1,012,039;221,400
2202;2.202014136257973;20;0;0.138662;1,011,911;1,011,911;0;0;44,820;1.000126;4.939759;1991.142274;395,911;616,000;1,011,911;0;0;0;4.972314368458013e-05;5.199339440183784e-05;86.907949;181.835358;3.378334;1,012,039;221,400
2203;2.203014844007602;19;0;0.135909;1,011,911;1,011,911;0;0;44,820;1.000126;4.939759;1991.314810;395,911;616,000;1,011,911;0;0;0;0.0000514753580358509;5.338336387210755e-05;86.907949;181.835358;3.378334;1,012,039;221,400
2204;2.204007780286535;19;0;0.129569;1,011,911;1,011,911;0;0;44,820;1.000126;4.939759;1991.482519;395,911;616,000;1,011,911;0;0;0;5.142495962434345e-05;5.417591825352208e-05;86.907949;181.835358;3.378334;1,012,039;221,400
2205;2.205002778231534;18;0;0.122320;1,011,911;1,011,911;0;0;44,820;1.000126;4.939759;1991.639030;395,911;616,000;1,011,911;0;0;0;5.440126204166639e-05;5.589376012752425e-05;86.907949;181.835358;3.378334;1,012,039;221,400
2206;2.206011672355626;19;0;0.128279;1,011,911;1,011,911;0;0;44,820;1.000126;4.939759;1991.800045;395,911;616,000;1,011,911;0;0;0;5.098737859878181e-05;5.506234853755028e-05;86.907949;181.835358;3.378334;1,012,039;221,400
2207;2.20702864345887;19;0;0.128543;1,011,911;1,011,911;0;0;44,820;1.000126;4.939759;1991.959955;395,911;616,000;1,011,911;0;0;0;5.128019175724493e-05;5.594197982390524e-05;86.907949;181.835358;3.378334;1,012,039;221,400
2208;2.208003312818062;18;0;0.120677;1,011,911;1,011,911;0;0;44,820;1.000126;4.939759;1992.110041;395,911;616,000;1,011,911;0;0;0;5.295991671563741e-05;5.595974747597432e-05;86.907949;181.835358;3.378334;1,012,039;221,400
2209;2.209032232896098;18;0;0.119023;1,011,911;1,011,911;0;0;44,820;1.000126;4.939759;1992.260661;395,911;616,000;1,011,911;0;0;0;5.566642794026416e-05;5.826948867278851e-05;86.907949;181.835358;3.378334;1,012,039;221,400
2210;2.210023100302535;17;0;0.113411;1,011,911;1,011,911;0;0;44,820;1.000126;4.939759;1992.402354;395,911;616,000;1,011,911;0;0;0;5.756237098763307e-05;6.017458068499467e-05;86.907949;181.835358;3.378334;1,012,039;221,400
2211;2.211041691177665;17;0;0.112699;1,011,911;1,011,911;0;0;47,061;1.000126;4.704532;1992.542952;395,911;616,000;1,011,911;0;0;0;5.833501939855395e-05;0.0000630536167251687;86.907949;181.835358;3.378334;1,012,039;221,400
2212;2.212007912608029;16;0;0.107039;1,011,911;1,011,911;0;0;47,061;1.000126;4.704532;1992.677340;395,911;616,000;1,011,911;0;0;0;5.908899609280741e-05;6.341311243860829e-05;86.907949;181.835358;3.378334;1,012,039;221,400
2213;2.213035624391863;17;0;0.113485;1,011,911;1,011,911;0;0;47,061;1.000126;4.704532;1992.821302;395,911;616,000;1,011,911;0;0;0;5.935003767089384e-05;6.212083153381188e-05;86.907949;181.835358;3.378334;1,012,039;221,400
2214;2.214008764431686;16;0;0.173873;1,011,911;1,011,911;0;0;47,061;1.000126;4.704532;1993.025841;395,911;616,000;1,011,911;0;0;0;5.827428957964456e-05;0.0000626463348618146;86.907949;181.835358;3.378334;1,012,039;221,400
2215;2.21501315819868;17;0;0.113074;1,011,911;1,011,911;0;0;47,061;1.000126;4.704532;1993.170715;395,911;616,000;1,011,911;0;0;0;5.809437543221509e-05;6.088770947534005e-05;86.907949;181.835358;3.378334;1,012,039;221,400
2216;2.216040506990402;17;0;0.112835;1,011,911;1,011,911;0;0;47,061;1.000126;4.704532;1993.314371;395,911;616,000;1,011,911;0;0;0;5.832902197864533e-05;6.336739958813286e-05;86.907949;181.835358;3.378334;1,012,039;221,400
2217;2.217002438584726;15;0;0.111706;1,011,911;1,011,911;0;0;47,061;1.000126;4.704532;1994.670845;395,911;616,000;1,011,911;0;0;0;6.231475558616473e-05;6.508753419778895e-05;86.907949;181.835358;3.378334;1,012,039;221,400
2218;2.218063165112867;17;0;0.121554;1,011,911;1,011,911;0;0;47,061;1.000126;4.704532;1995.567944;395,911;616,000;1,011,911;0;0;0;6.176462238948546e-05;6.395196349424447e-05;86.907949;181.835358;3.378334;1,012,039;221,400
2219;2.2190070203293;15;0;0.103117;1,011,911;1,011,911;0;0;47,061;1.000126;4.704532;1996.417384;395,911;616,000;1,011,911;0;0;0;6.188161965238003e-05;6.436501712902988e-05;86.907949;181.835358;3.378334;1,012,039;221,400
2220;2.220060405504511;17;0;0.122558;1,011,911;1,011,911;0;0;47,061;1.000126;4.704532;1997.204674;395,911;616,000;1,011,911;0;0;0;6.139350579465995e-05;6.251634651076853e-05;86.907949;181.835358;3.378334;1,012,039;221,400
2221;2.221033858916403;16;0;0.116026;1,011,911;1,011,911;0;0;47,061;1.000126;4.704532;1998.025144;395,911;616,000;1,011,911;0;0;0;6.031351953721605e-05;6.184308295358394e-05;86.907949;181.835358;3.378334;1,012,039;221,400
2222;2.222041338880801;16;0;0.112092;1,011,911;1,011,911;0;0;47,061;1.000126;4.704532;2000.110215;395,911;616,000;1,011,911;0;0;0;6.182446778599634e-05;6.382185139356451e-05;86.907949;181.835358;3.378334;1,012,039;221,400
2223;2.223001952135841;16;0;0.111770;1,011,911;1,011,911;0;0;47,061;1.000126;4.704532;2000.608000;395,911;616,000;1,011,911;0;0;0;5.927831014041753e-05;6.116931103630138e-05;86.907949;181.835358;3.378334;1,012,039;221,400
2224;2.224003419840863;16;0;0.112448;1,011,911;1,011,911;0;0;47,061;1.000126;4.704532;2001.102865;395,911;616,000;1,011,911;0;0;0;6.110467607556607e-05;6.471309890853757e-05;86.907949;181.835358;3.378334;1,012,039;221,400
2225;2.225020732141988;16;0;0.114649;1,011,911;1,011,911;0;0;47,061;1.000126;4.704532;2001.545267;395,911;616,000;1,011,911;0;0;0;5.898919672368188e-05;6.500818942618601e-05;86.907949;181.835358;3.378334;1,012,039;221,400
2226;2.226021040906112;17;0;0.118421;1,011,911;1,011,911;0;0;47,061;1.000126;4.704532;2001.989316;395,911;616,000;1,011,911;0;0;0;5.779550681192672e-05;6.125196113691713e-05;86.907949;181.835358;3.378334;1,012,039;221,400
2227;2.227024902840604;16;0;0.112237;1,011,911;1,011,911;0;0;47,061;1.000126;4.704532;2003.232141;395,911;616,000;1,011,911;0;0;0;6.156540545216942e-05;6.372340783502535e-05;86.907949;181.835358;3.378334;1,012,039;221,400
2228;2.228052048195604;16;0;0.115737;1,011,911;1,011,911;0;0;47,061;1.000126;4.704532;2004.733910;395,911;616,000;1,011,911;0;0;0;6.385896509267317e-05;6.478306003751076e-05;86.907949;181.835358;3.378334;1,012,039;221,400
2229;2.229059280438887;16;0;0.113660;1,011,911;1,011,911;0;0;47,061;1.000126;4.704532;2005.760002;395,911;616,000;1,011,911;0;0;0;6.125769037200202e-05;6.476863823649497e-05;86.907949;181.835358;3.378334;1,012,039;221,400
2230;2.230063337416166;16;0;0.110199;1,011,911;1,011,911;0;0;49,302;1.000126;4.490690;2006.363632;395,911;616,000;1,011,911;0;0;0;6.153712293007499e-05;6.436916421097021e-05;86.907949;181.835358;3.378334;1,012,039;221,400
2231;2.23102425814178;15;0;0.104125;1,011,911;1,011,911;0;0;49,302;1.000126;4.490690;2007.215347;395,911;616,000;1,011,911;0;0;0;6.373813068277537e-05;6.489705063654384e-05;86.907949;181.835358;3.378334;1,012,039;221,400
2232;2.2320635523173;16;0;0.109688;1,011,911;1,011,911;0;0;49,302;1.000126;4.490690;2007.355977;395,911;616,000;1,011,911;0;0;0;6.466529249069184e-05;6.574966498731455e-05;86.907949;181.835358;3.378334;1,012,039;221,400
2233;2.233034657343541;15;0;0.102259;1,011,911;1,011,911;0;0;49,302;1.000126;4.490690;2007.494056;395,911;616,000;1,011,911;0;0;0;6.241115316339201e-05;6.587377853173525e-05;86.907949;181.835358;3.378334;1,012,039;221,400
2234;2.234013959924356;16;0;0.165634;1,011,911;1,011,911;0;0;49,302;1.000126;4.490690;2008.255767;395,911;616,000;1,011,911;0;0;0;6.056721696638681e-05;0.0000625318598946835;86.907949;181.835358;3.378334;1,012,039;221,400
2235;2.235032496089686;16;0;0.118379;1,011,911;1,011,911;0;0;49,302;1.000126;4.490690;2009.961130;395,911;616,000;1,011,911;0;0;0;6.279331976842552e-05;6.490169990314075e-05;86.907949;181.835358;3.378334;1,012,039;221,400
2236;2.236003838611061;15;0;0.137266;1,011,911;1,011,911;0;0;49,302;1.000126;4.490690;2011.496850;395,911;616,000;1,011,911;0;0;0;6.361128260978618e-05;6.599419638268952e-05;86.907949;181.835358;3.378334;1,012,039;221,400
2237;2.237037102934786;16;0;0.117404;1,011,911;1,011,911;0;0;49,302;1.000126;4.490690;2013.567322;395,911;616,000;1,011,911;0;0;0;6.368191803123313e-05;6.585354117059352e-05;86.907949;181.835358;3.378334;1,012,039;221,400
2238;2.2380249253496;15;0;0.116229;1,011,911;1,011,911;0;0;49,302;1.000126;4.490690;2015.655318;395,911;616,000;1,011,911;0;0;0;6.564730714935753e-05;6.659763033818558e-05;86.907949;181.835358;3.378334;1,012,039;221,400
2239;2.239013340504389;15;0;0.106777;1,011,911;1,011,911;0;0;49,302;1.000126;4.490690;2017.657947;395,911;616,000;1,011,911;0;0;0;6.553333444495361e-05;6.674334422522472e-05;86.907949;181.835358;3.378334;1,012,039;221,400
2240;2.240062097551179;16;0;0.115783;1,011,911;1,011,911;0;0;49,302;1.000126;4.490690;2019.564311;395,911;616,000;1,011,911;0;0;0;6.419814168451866e-05;6.705333480351251e-05;86.907949;181.835358;3.378334;1,012,039;221,400
2241;2.241040926270448;15;0;0.199567;1,011,911;1,011,911;0;0;49,302;1.000126;4.490690;2021.510223;395,911;616,000;1,011,911;0;0;0;6.379377974376903e-05;6.621711439894695e-05;86.907949;181.835358;3.378334;1,012,039;221,400
2242;2.242034831563607;16;0;0.118459;1,011,911;1,011,911;0;0;49,302;1.000126;4.490690;2023.291672;395,911;616,000;1,011,911;0;0;0;6.127789199858451e-05;0.0000637870152930671;86.907949;181.835358;3.378334;1,012,039;221,400
2243;2.243021486117275;15;0;0.108298;1,011,911;1,011,911;0;0;49,302;1.000126;4.490690;2025.140371;395,911;616,000;1,011,911;0;0;0;6.411150471114547e-05;6.812736842501395e-05;86.907949;181.835358;3.378334;1,012,039;221,400
2244;2.244053017990689;15;0;0.102664;1,011,911;1,011,911;0;0;49,302;1.000126;4.490690;2026.983675;395,911;616,000;1,011,911;0;0;0;6.655238457764686e-05;6.924183583149441e-05;86.907949;181.835358;3.378334;1,012,039;221,400
2245;2.245026320259685;15;0;0.106720;1,011,911;1,011,911;0;0;49,302;1.000126;4.490690;2028.801002;395,911;616,000;1,011,911;0;0;0;6.427610826677219e-05;6.581814590910319e-05;86.907949;181.835358;3.378334;1,012,039;221,400
2246;2.246035214713113;15;0;0.110434;1,011,911;1,011,911;0;0;49,302;1.000126;4.490690;2030.618078;395,911;616,000;1,011,911;0;0;0;6.607311114194792e-05;6.831251282787716e-05;86.907949;181.835358;3.378334;1,012,039;221,400
2247;2.247059806558479;15;0;0.176243;1,011,911;1,011,911;0;0;49,302;1.000126;4.490690;2032.468151;395,911;616,000;1,011,911;0;0;0;6.794059640531526e-05;0.0000687005414194831;86.907949;181.835358;3.378334;1,012,039;221,400
2248;2.248032128502753;14;0;0.103813;1,011,911;1,011,911;0;0;49,302;1.000126;4.490690;2034.152733;395,911;616,000;1,011,911;0;0;0;6.879596113075514e-05;0.0000702856084799136;86.907949;181.835358;3.378334;1,012,039;221,400
2249;2.249052150364986;15;0;0.105392;1,011,911;1,011,911;0;0;49,302;1.000126;4.490690;2035.869381;395,911;616,000;1,011,911;0;0;0;6.572640374189662e-05;6.986877847296037e-05;86.907949;181.835358;3.378334;1,012,039;221,400
2250;2.250052410980552;15;0;0.103437;1,011,911;1,011,911;0;0;49,302;1.000126;4.490690;2037.581962;395,911;616,000;1,011,911;0;0;0;6.575508886564178e-05;6.846372485755976e-05;86.907949;181.835358;3.378334;1,012,039;221,400
2251;2.251025808043736;14;0;0.100563;1,011,911;1,011,911;0;0;49,302;1.000126;4.490690;2039.293867;395,911;616,000;1,011,911;0;0;0;6.868930073304303e-05;7.022717397368163e-05;86.907949;181.835358;3.378334;1,012,039;221,400
2252;2.25202186079322;15;0;0.197454;1,011,911;1,011,911;0;0;51,543;1.000126;4.295443;2041.192101;395,911;616,000;1,011,911;0;0;0;6.504289637263984e-05;6.903529174354868e-05;86.907949;181.835358;3.378334;1,012,039;221,400
2253;2.253013764907329;15;0;0.117898;1,011,911;1,011,911;0;0;51,543;1.000126;4.295443;2042.778059;395,911;616,000;1,011,911;0;0;0;6.566765238606121e-05;6.712932367269137e-05;86.907949;181.835358;3.378334;1,012,039;221,400
2254;2.254010137960393;15;0;0.107004;1,011,911;1,011,911;0;0;51,543;1.000126;4.295443;2044.433177;395,911;616,000;1,011,911;0;0;0;6.585282447502668e-05;6.742319342121442e-05;86.907949;181.835358;3.378334;1,012,039;221,400
2255;2.255016550544503;15;0;0.110487;1,011,911;1,011,911;0;0;51,543;1.000126;4.295443;2046.044560;395,911;616,000;1,011,911;0;0;0;6.599686318254192e-05;6.885793757450685e-05;86.907949;181.835358;3.378334;1,012,039;221,400
2256;2.256068098721173;15;0;0.106161;1,011,911;1,011,911;0;0;51,543;1.000126;4.295443;2047.509594;395,911;616,000;1,011,911;0;0;0;6.905533109502776e-05;0.0000715418629731282;86.907949;181.835358;3.378334;1,012,039;221,400
2257;2.257038738027875;14;0;0.107613;1,011,911;1,011,911;0;0;51,543;1.000126;4.295443;2049.168595;395,911;616,000;1,011,911;0;0;0;6.791646812677572e-05;0.0000710622102916244;86.907949;181.835358;3.378334;1,012,039;221,400
2258;2.258001211104687;14;0;0.102928;1,011,911;1,011,911;0;0;51,543;1.000126;4.295443;2050.805540;395,911;616,000;1,011,911;0;0;0;6.802179285625132e-05;6.964819908919371e-05;86.907949;181.835358;3.378334;1,012,039;221,400
2259;2.259035847772257;15;0;0.162018;1,011,911;1,011,911;0;0;51,543;1.000126;4.295443;2052.077164;395,911;616,000;1,011,911;0;0;0;6.765229176008566e-05;6.997768348621906e-05;86.907949;181.835358;3.378334;1,012,039;221,400
2260;2.260030861320648;15;0;0.109955;1,011,911;1,011,911;0;0;51,543;1.000126;4.295443;2053.114908;395,911;616,000;1,011,911;0;0;0;6.369819419548775e-05;0.0000683953245074688;86.907949;181.835358;3.378334;1,012,039;221,400
2261;2.26101591088327;15;0;0.164427;1,011,911;1,011,911;0;0;51,543;1.000126;4.295443;2054.246727;395,911;616,000;1,011,911;0;0;0;6.396346844621863e-05;6.849516158455939e-05;86.907949;181.835358;3.378334;1,012,039;221,400
2262;2.262067709675337;15;0;0.106518;1,011,911;1,011,911;0;0;51,543;1.000126;4.295443;2054.386818;395,911;616,000;1,011,911;0;0;0;6.881627660529097e-05;7.116054158510088e-05;86.907949;181.835358;3.378334;1,012,039;221,400
2263;2.263064811738761;14;0;0.092623;1,011,911;1,011,911;0;0;51,543;1.000126;4.295443;2054.569400;395,911;616,000;1,011,911;0;0;0;7.094168551389811e-05;7.148925825699032e-05;86.907949;181.835358;3.378334;1,012,039;221,400
2264;2.264050917759335;14;0;0.094927;1,011,911;1,011,911;0;0;51,543;1.000126;4.295443;2054.763533;395,911;616,000;1,011,911;0;0;0;7.020534007714225e-05;7.072811667431529e-05;86.907949;181.835358;3.378334;1,012,039;221,400
2265;2.265035014499234;14;0;0.095869;1,011,911;1,011,911;0;0;51,543;1.000126;4.295443;2054.957072;395,911;616,000;1,011,911;0;0;0;6.970519535608702e-05;7.079926513442282e-05;86.907949;181.835358;3.378334;1,012,039;221,400
2266;2.26601906147306;14;0;0.095933;1,011,911;1,011,911;0;0;51,543;1.000126;4.295443;2055.118077;395,911;616,000;1,011,911;0;0;0;6.976207763366709e-05;7.083550870547718e-05;86.907949;181.835358;3.378334;1,012,039;221,400
2267;2.267068012544587;15;0;0.103301;1,011,911;1,011,911;0;0;51,543;1.000126;4.295443;2055.318028;395,911;616,000;1,011,911;0;0;0;6.940023911790079e-05;7.082609503080632e-05;86.907949;181.835358;3.378334;1,012,039;221,400
2268;2.268050056175973;14;0;0.098604;1,011,911;1,011,911;0;0;51,543;1.000126;4.295443;2055.509280;395,911;616,000;1,011,911;0;0;0;6.996616864998859e-05;7.067780560028729e-05;86.907949;181.835358;3.378334;1,012,039;221,400
2269;2.269047223171501;14;0;0.095920;1,011,911;1,011,911;0;0;51,543;1.000126;4.295443;2055.702474;395,911;616,000;1,011,911;0;0;0;6.937602743448716e-05;7.222973032811514e-05;86.907949;181.835358;3.378334;1,012,039;221,400
2270;2.27000008681369;14;0;0.095322;1,011,911;1,011,911;0;0;51,543;1.000126;4.295443;2055.894451;395,911;616,000;1,011,911;0;0;0;6.596499573518274e-05;6.907022609319431e-05;86.907949;181.835358;3.378334;1,012,039;221,400
2271;2.271053970312654;16;0;0.107530;1,011,911;1,011,911;0;0;51,543;1.000126;4.295443;2056.106171;395,911;616,000;1,011,911;0;0;0;6.530867020571777e-05;6.683606754541931e-05;86.907949;181.835358;3.378334;1,012,039;221,400
2272;2.272005936987116;14;0;0.095348;1,011,911;1,011,911;0;0;51,543;1.000126;4.295443;2056.285815;395,911;616,000;1,011,911;0;0;0;0.0000665270920659926;7.025966063255232e-05;86.907949;181.835358;3.378334;1,012,039;221,400
2273;2.273004233229181;14;0;0.146180;1,011,911;1,011,911;0;0;51,543;1.000126;4.295443;2056.529756;395,911;616,000;1,011,911;0;0;0;7.051440492578512e-05;7.190610535339076e-05;86.907949;181.835358;3.378334;1,012,039;221,400
2274;2.274059192938927;15;0;0.100533;1,011,911;1,011,911;0;0;51,543;1.000126;4.295443;2056.659546;395,911;616,000;1,011,911;0;0;0;6.611177515301779e-05;7.252903969105473e-05;86.907949;181.835358;3.378334;1,012,039;221,400
2275;2.275064708962572;15;0;0.100319;1,011,911;1,011,911;0;0;51,543;1.000126;4.295443;2056.788230;395,911;616,000;1,011,911;0;0;0;6.607087184685649e-05;6.816927861803366e-05;86.907949;181.835358;3.378334;1,012,039;221,400
2276;2.276027892631588;14;0;0.094988;1,011,911;1,011,911;0;0;51,543;1.000126;4.295443;2056.919463;395,911;616,000;1,011,911;0;0;0;0.0000678820719266855;7.005716317526105e-05;86.907949;181.835358;3.378334;1,012,039;221,400
2277;2.277004464408976;14;0;0.094822;1,011,911;1,011,911;0;0;51,543;1.000126;4.295443;2057.063687;395,911;616,000;1,011,911;0;0;0;6.806904232192861e-05;7.091358398996624e-05;86.907949;181.835358;3.378334;1,012,039;221,400
2278;2.278031389454024;15;0;0.101525;1,011,911;1,011,911;0;0;51,543;1.000126;4.295443;2057.209998;395,911;616,000;1,011,911;0;0;0;6.792632133382329e-05;6.943809978150708e-05;86.907949;181.835358;3.378334;1,012,039;221,400
2279;2.279068421664787;15;0;0.100758;1,011,911;1,011,911;0;0;51,543;1.000126;4.295443;2057.340300;395,911;616,000;1,011,911;0;0;0;6.798657757846297e-05;7.124709058194141e-05;86.907949;181.835358;3.378334;1,012,039;221,400
2280;2.280005664394282;13;0;0.087474;1,011,911;1,011,911;0;0;51,543;1.000126;4.295443;2057.456235;395,911;616,000;1,011,911;0;0;0;7.150823104603419e-05;7.288954131950097e-05;86.907949;181.835358;3.378334;1,012,039;221,400
2281;2.281050225313486;15;0;0.100457;1,011,911;1,011,911;0;0;51,543;1.000126;4.295443;2057.585050;395,911;616,000;1,011,911;0;0;0;6.883558443396616e-05;0.0000715789692504597;86.907949;181.835358;3.378334;1,012,039;221,400
2282;2.282050499102112;14;0;0.094863;1,011,911;1,011,911;0;0;51,543;1.000126;4.295443;2057.708104;395,911;616,000;1,011,911;0;0;0;7.016145312795894e-05;7.344521731677764e-05;86.907949;181.835358;3.378334;1,012,039;221,400
2283;2.28301281541461;13;0;0.094013;1,011,911;1,011,911;0;0;51,543;1.000126;4.295443;2059.324157;395,911;616,000;1,011,911;0;0;0;7.367518088761859e-05;7.453943928498005e-05;86.907949;181.835358;3.378334;1,012,039;221,400
2284;2.284009805019649;14;0;0.105222;1,011,911;1,011,911;0;0;51,543;1.000126;4.295443;2060.941319;395,911;616,000;1,011,911;0;0;0;7.011278880609735e-05;7.389136576010165e-05;86.907949;181.835358;3.378334;1,012,039;221,400
2285;2.285013865918473;14;0;0.103780;1,011,911;1,011,911;0;0;51,543;1.000126;4.295443;2062.178837;395,911;616,000;1,011,911;0;0;0;7.068312745778703e-05;7.340869098619843e-05;86.907949;181.835358;3.378334;1,012,039;221,400
2286;2.286052330679296;14;0;0.104983;1,011,911;1,011,911;0;0;51,543;1.000126;4.295443;2063.321609;395,911;616,000;1,011,911;0;0;0;7.361136230584808e-05;7.491402896134943e-05;86.907949;181.835358;3.378334;1,012,039;221,400
2287;2.287014712041744;13;0;0.094305;1,011,911;1,011,911;0;0;51,543;1.000126;4.295443;2063.869464;395,911;616,000;1,011,911;0;0;0;7.332818862460529e-05;7.442876647189091e-05;86.907949;181.835358;3.378334;1,012,039;221,400
2288;2.288042151809957;14;0;0.097719;1,011,911;1,011,911;0;0;51,543;1.000126;4.295443;2064.411677;395,911;616,000;1,011,911;0;0;0;7.325713030307862e-05;7.368168846927326e-05;86.907949;181.835358;3.378334;1,012,039;221,400
2289;2.289067893472092;14;0;0.101024;1,011,911;1,011,911;0;0;51,543;1.000126;4.295443;2064.890508;395,911;616,000;1,011,911;0;0;0;7.212113320851477e-05;7.384929488489267e-05;86.907949;181.835358;3.378334;1,012,039;221,400
2290;2.290006394251288;13;0;0.095281;1,011,911;1,011,911;0;0;51,543;1.000126;4.295443;2065.325571;395,911;616,000;1,011,911;0;0;0;7.199609158439398e-05;7.272302875905857e-05;86.907949;181.835358;3.378334;1,012,039;221,400
2291;2.291030245402364;14;0;0.098039;1,011,911;1,011,911;0;0;51,543;1.000126;4.295443;2065.769262;395,911;616,000;1,011,911;0;0;0;7.284265602057546e-05;7.349347288206334e-05;86.907949;181.835358;3.378334;1,012,039;221,400
2292;2.292048255708504;14;0;0.102735;1,011,911;1,011,911;0;0;51,543;1.000126;4.295443;2066.195765;395,911;616,000;1,011,911;0;0;0;7.121493080797154e-05;0.000073870908423953;86.907949;181.835358;3.378334;1,012,039;221,400
2293;2.293045935274915;14;0;0.102915;1,011,911;1,011,911;0;0;53,784;1.000126;4.116466;2066.580717;395,911;616,000;1,011,911;0;0;0;7.096838814496551e-05;0.0000721405996165391;86.907949;181.835358;3.378334;1,012,039;221,400
2294;2.294069304865601;14;0;0.095412;1,011,911;1,011,911;0;0;53,784;1.000126;4.116466;2066.719541;395,911;616,000;1,011,911;0;0;0;7.230175980286042e-05;7.428926832380734e-05;86.907949;181.835358;3.378334;1,012,039;221,400
2295;2.295008632433194;13;0;0.091377;1,011,911;1,011,911;0;0;53,784;1.000126;4.116466;2066.860183;395,911;616,000;1,011,911;0;0;0;7.148581576451818e-05;7.367995428555661e-05;86.907949;181.835358;3.378334;1,012,039;221,400
2296;2.29601880441519;14;0;0.100779;1,011,911;1,011,911;0;0;53,784;1.000126;4.116466;2067.018711;395,911;616,000;1,011,911;0;0;0;7.161603810921849e-05;7.313751276561382e-05;86.907949;181.835358;3.378334;1,012,039;221,400
2297;2.297035983570996;14;0;0.094328;1,011,911;1,011,911;0;0;53,784;1.000126;4.116466;2067.200703;395,911;616,000;1,011,911;0;0;0;7.234666805736629e-05;7.303318044790292e-05;86.907949;181.835358;3.378334;1,012,039;221,400
2298;2.298052394599313;14;0;0.172689;1,011,911;1,011,911;0;0;53,784;1.000126;4.116466;2067.472821;395,911;616,000;1,011,911;0;0;0;7.199211626824438e-05;7.298589198518669e-05;86.907949;181.835358;3.378334;1,012,039;221,400
2299;2.299054935908407;14;0;0.094841;1,011,911;1,011,911;0;0;53,784;1.000126;4.116466;2067.601556;395,911;616,000;1,011,911;0;0;0;7.142324124745953e-05;7.181893737567205e-05;86.907949;181.835358;3.378334;1,012,039;221,400
2300;2.300066304825961;14;0;0.094760;1,011,911;1,011,911;0;0;53,784;1.000126;4.116466;2067.788791;395,911;616,000;1,011,911;0;0;0;7.179020525736303e-05;7.285888235298462e-05;86.907949;181.835358;3.378334;1,012,039;221,400
2301;2.301002074742183;13;0;0.169190;1,011,911;1,011,911;0;0;53,784;1.000126;4.116466;2069.681567;395,911;616,000;1,011,911;0;0;0;7.007320313390768e-05;7.266591899818794e-05;86.907949;181.835358;3.378334;1,012,039;221,400
2302;2.302058132844127;15;0;0.110154;1,011,911;1,011,911;0;0;53,784;1.000126;4.116466;2070.912817;395,911;616,000;1,011,911;0;0;0;6.989682962563174e-05;0.0000717681169094344;86.907949;181.835358;3.378334;1,012,039;221,400
2303;2.303057333111082;14;0;0.141753;1,011,911;1,011,911;0;0;53,784;1.000126;4.116466;2071.877878;395,911;616,000;1,011,911;0;0;0;7.030845564143949e-05;7.260781234469774e-05;86.907949;181.835358;3.378334;1,012,039;221,400
2304;2.30405216996006;14;0;0.106481;1,011,911;1,011,911;0;0;53,784;1.000126;4.116466;2072.263106;395,911;616,000;1,011,911;0;0;0;7.038297048450933e-05;7.236088744243451e-05;86.907949;181.835358;3.378334;1,012,039;221,400
2305;2.305048465038928;14;0;0.101838;1,011,911;1,011,911;0;0;53,784;1.000126;4.116466;2072.459329;395,911;616,000;1,011,911;0;0;0;6.995257969806296e-05;7.289248739076728e-05;86.907949;181.835358;3.378334;1,012,039;221,400
2306;2.306042974909305;14;0;0.097498;1,011,911;1,011,911;0;0;53,784;1.000126;4.116466;2072.640670;395,911;616,000;1,011,911;0;0;0;7.016544866267714e-05;7.258832751867974e-05;86.907949;181.835358;3.378334;1,012,039;221,400
2307;2.30706901562578;14;0;0.099598;1,011,911;1,011,911;0;0;53,784;1.000126;4.116466;2072.835288;395,911;616,000;1,011,911;0;0;0;7.278981024714707e-05;7.394301483293114e-05;86.907949;181.835358;3.378334;1,012,039;221,400
2308;2.308015221080659;13;0;0.087940;1,011,911;1,011,911;0;0;53,784;1.000126;4.116466;2073.022834;395,911;616,000;1,011,911;0;0;0;7.175418938752543e-05;7.350493806682088e-05;86.907949;181.835358;3.378334;1,012,039;221,400
2309;2.309017305039518;14;0;0.095230;1,011,911;1,011,911;0;0;53,784;1.000126;4.116466;2073.222684;395,911;616,000;1,011,911;0;0;0;7.057231999778844e-05;7.202643072864367e-05;86.907949;181.835358;3.378334;1,012,039;221,400
2310;2.310012350866816;14;0;0.095366;1,011,911;1,011,911;0;0;53,784;1.000126;4.116466;2073.415265;395,911;616,000;1,011,911;0;0;0;7.053518981951216e-05;7.180967525907225e-05;86.907949;181.835358;3.378334;1,012,039;221,400
2311;2.311023933202331;14;0;0.098326;1,011,911;1,011,911;0;0;53,784;1.000126;4.116466;2073.629486;395,911;616,000;1,011,911;0;0;0;7.170186546566011e-05;7.300979415190846e-05;86.907949;181.835358;3.378334;1,012,039;221,400
2312;2.312041337367029;14;0;0.192982;1,011,911;1,011,911;0;0;53,784;1.000126;4.116466;2074.066896;395,911;616,000;1,011,911;0;0;0;7.222554123978256e-05;7.360573712627066e-05;86.907949;181.835358;3.378334;1,012,039;221,400
2313;2.313007440657931;13;0;0.092311;1,011,911;1,011,911;0;0;53,784;1.000126;4.116466;2074.302817;395,911;616,000;1,011,911;0;0;0;7.369998048203066e-05;7.522588268802597e-05;86.907949;181.835358;3.378334;1,012,039;221,400
2314;2.314049615499163;14;0;0.095765;1,011,911;1,011,911;0;0;53,784;1.000126;4.116466;2074.649146;395,911;616,000;1,011,911;0;0;0;7.410931683546153e-05;0.0000750889242321645;86.907949;181.835358;3.378334;1,012,039;221,400
2315;2.315017757036741;13;0;0.094890;1,011,911;1,011,911;0;0;53,784;1.000126;4.116466;2074.985518;395,911;616,000;1,011,911;0;0;0;7.372421118481145e-05;7.476673963557091e-05;86.907949;181.835358;3.378334;1,012,039;221,400
2316;2.316050393873049;14;0;0.101366;1,011,911;1,011,911;0;0;53,784;1.000126;4.116466;2075.527333;395,911;616,000;1,011,911;0;0;0;7.354438791861609e-05;7.442266002286929e-05;86.907949;181.835358;3.378334;1,012,039;221,400
2317;2.317017978599793;13;0;0.088170;1,011,911;1,011,911;0;0;53,784;1.000126;4.116466;2075.663456;395,911;616,000;1,011,911;0;0;0;7.415476911883422e-05;7.492117071946388e-05;86.907949;181.835358;3.378334;1,012,039;221,400
2318;2.31806073227528;14;0;0.097728;1,011,911;1,011,911;0;0;53,784;1.000126;4.116466;2075.974504;395,911;616,000;1,011,911;0;0;0;7.423707366109268e-05;7.471658438129418e-05;86.907949;181.835358;3.378334;1,012,039;221,400
2319;2.319034563703007;13;0;0.179730;1,011,911;1,011,911;0;0;53,784;1.000126;4.116466;2076.301167;395,911;616,000;1,011,911;0;0;0;7.478128132612353e-05;7.508409256986764e-05;86.907949;181.835358;3.378334;1,012,039;221,400
2320;2.320006743832447;13;0;0.088613;1,011,911;1,011,911;0;0;53,784;1.000126;4.116466;2076.454080;395,911;616,000;1,011,911;0;0;0;7.468621240333053e-05;7.504953072952049e-05;86.907949;181.835358;3.378334;1,012,039;221,400
2321;2.321038551787664;14;0;0.100702;1,011,911;1,011,911;0;0;53,784;1.000126;4.116466;2076.762519;395,911;616,000;1,011,911;0;0;0;0.0000732196606124941;7.475617859815187e-05;86.907949;181.835358;3.378334;1,012,039;221,400
2322;2.322066932245051;14;0;0.097673;1,011,911;1,011,911;0;0;53,784;1.000126;4.116466;2077.516007;395,911;616,000;1,011,911;0;0;0;7.203508243571007e-05;7.424319504555153e-05;86.907949;181.835358;3.378334;1,012,039;221,400
2323;2.323003097282332;13;0;0.103603;1,011,911;1,011,911;0;0;53,784;1.000126;4.116466;2079.151375;395,911;616,000;1,011,911;0;0;0;7.178715604468978e-05;7.273380517852677e-05;86.907949;181.835358;3.378334;1,012,039;221,400
2324;2.324013960232399;14;0;0.105515;1,011,911;1,011,911;0;0;53,784;1.000126;4.116466;2081.015051;395,911;616,000;1,011,911;0;0;0;7.079805527357682e-05;7.351940258145568e-05;86.907949;181.835358;3.378334;1,012,039;221,400
2325;2.325015544586713;14;0;0.103857;1,011,911;1,011,911;0;0;53,784;1.000126;4.116466;2082.608910;395,911;616,000;1,011,911;0;0;0;7.083404782922557e-05;7.295549611201666e-05;86.907949;181.835358;3.378334;1,012,039;221,400
2326;2.326045929535691;14;0;0.103344;1,011,911;1,011,911;0;0;53,784;1.000126;4.116466;2083.768305;395,911;616,000;1,011,911;0;0;0;7.315318134587223e-05;7.388142676235556e-05;86.907949;181.835358;3.378334;1,012,039;221,400
2327;2.327030145485909;14;0;0.104280;1,011,911;1,011,911;0;0;53,784;1.000126;4.116466;2084.655970;395,911;616,000;1,011,911;0;0;0;6.922010131617759e-05;7.273420475384064e-05;86.907949;181.835358;3.378334;1,012,039;221,400
2328;2.328023228552272;14;0;0.103071;1,011,911;1,011,911;0;0;53,784;1.000126;4.116466;2085.413719;395,911;616,000;1,011,911;0;0;0;6.988991312971935e-05;7.209879635949643e-05;86.907949;181.835358;3.378334;1,012,039;221,400
2329;2.329014756016061;14;0;0.102813;1,011,911;1,011,911;0;0;53,784;1.000126;4.116466;2085.863993;395,911;616,000;1,011,911;0;0;0;7.024787135460554e-05;7.190546958743118e-05;86.907949;181.835358;3.378334;1,012,039;221,400
2330;2.330017477121339;14;0;0.101051;1,011,911;1,011,911;0;0;53,784;1.000126;4.116466;2086.199086;395,911;616,000;1,011,911;0;0;0;7.078499082034956e-05;7.267419440009014e-05;86.907949;181.835358;3.378334;1,012,039;221,400
2331;2.331006670504942;14;0;0.103174;1,011,911;1,011,911;0;0;53,784;1.000126;4.116466;2086.549908;395,911;616,000;1,011,911;0;0;0;7.027558563551926e-05;7.143393248907512e-05;86.907949;181.835358;3.378334;1,012,039;221,400
2332;2.332010794590907;14;0;0.103149;1,011,911;1,011,911;0;0;53,784;1.000126;4.116466;2086.887033;395,911;616,000;1,011,911;0;0;0;7.097555517751204e-05;7.258352767924608e-05;86.907949;181.835358;3.378334;1,012,039;221,400
2333;2.33301968980731;14;0;0.139911;1,011,911;1,011,911;0;0;53,784;1.000126;4.116466;2087.272122;395,911;616,000;1,011,911;0;0;0;7.185779701135413e-05;7.236031334248002e-05;86.907949;181.835358;3.378334;1,012,039;221,400
2334;2.334031699708809;14;0;0.101221;1,011,911;1,011,911;0;0;53,784;1.000126;4.116466;2087.569788;395,911;616,000;1,011,911;0;0;0;7.211574088392216e-05;7.271239840241185e-05;86.907949;181.835358;3.378334;1,012,039;221,400
2335;2.335003924568808;14;0;0.103865;1,011,911;1,011,911;0;0;53,784;1.000126;4.116466;2087.909830;395,911;616,000;1,011,911;0;0;0;0.0000686489926404016;7.121207333688467e-05;86.907949;181.835358;3.378334;1,012,039;221,400
2336;2.336064395581136;15;0;0.112356;1,011,911;1,011,911;0;0;53,784;1.000126;4.116466;2088.261342;395,911;616,000;1,011,911;0;0;0;6.948958356073395e-05;7.254007600731561e-05;86.907949;181.835358;3.378334;1,012,039;221,400
2337;2.337063020441275;14;0;0.104145;1,011,911;1,011,911;0;0;53,784;1.000126;4.116466;2088.627202;395,911;616,000;1,011,911;0;0;0;6.789402459153692e-05;7.307440715659693e-05;86.907949;181.835358;3.378334;1,012,039;221,400
2338;2.338022893302591;14;0;0.101026;1,011,911;1,011,911;0;0;53,784;1.000126;4.116466;2088.961215;395,911;616,000;1,011,911;0;0;0;6.782621692797004e-05;7.029684596730319e-05;86.907949;181.835358;3.378334;1,012,039;221,400
2339;2.339007846974514;14;0;0.185472;1,011,911;1,011,911;0;0;53,784;1.000126;4.116466;2089.397210;395,911;616,000;1,011,911;0;0;0;7.014466318878042e-05;7.099265356223321e-05;86.907949;181.835358;3.378334;1,012,039;221,400
2340;2.340002143440214;14;0;0.105341;1,011,911;1,011,911;0;0;53,784;1.000126;4.116466;2089.712234;395,911;616,000;1,011,911;0;0;0;6.915224958592767e-05;7.206719645957696e-05;86.907949;181.835358;3.378334;1,012,039;221,400
2341;2.341047421008668;15;0;0.109460;1,011,911;1,011,911;0;0;53,784;1.000126;4.116466;2090.128762;395,911;616,000;1,011,911;0;0;0;6.902275126331882e-05;7.130730440388951e-05;86.907949;181.835358;3.378334;1,012,039;221,400
2342;2.342062119165588;14;0;0.120027;1,011,911;1,011,911;0;0;53,784;1.000126;4.116466;2090.574320;395,911;616,000;1,011,911;0;0;0;0.0000715411277342761;7.372589142051571e-05;86.907949;181.835358;3.378334;1,012,039;221,400
2343;2.343059791718786;14;0;0.103760;1,011,911;1,011,911;0;0;53,784;1.000126;4.116466;2090.997516;395,911;616,000;1,011,911;0;0;0;7.097210385525508e-05;7.162435281455675e-05;86.907949;181.835358;3.378334;1,012,039;221,400
2344;2.34400511938783;14;0;0.099879;1,011,911;1,011,911;0;0;53,784;1.000126;4.116466;2091.677926;395,911;616,000;1,011,911;0;0;0;6.501452225697733e-05;7.187638441902178e-05;86.907949;181.835358;3.378334;1,012,039;221,400
2345;2.345028923863833;15;0;0.103170;1,011,911;1,011,911;0;0;53,784;1.000126;4.116466;2092.292252;395,911;616,000;1,011,911;0;0;0;6.615563476547442e-05;7.136694863101889e-05;86.907949;181.835358;3.378334;1,012,039;221,400
2346;2.34604746880059;14;0;0.106343;1,011,911;1,011,911;0;0;53,784;1.000126;4.116466;2094.120445;395,911;616,000;1,011,911;0;0;0;7.169120702543574e-05;0.000073672131916091;86.907949;181.835358;3.378334;1,012,039;221,400
2347;2.347063634914059;14;0;0.140044;1,011,911;1,011,911;0;0;53,784;1.000126;4.116466;2096.015606;395,911;616,000;1,011,911;0;0;0;7.218967926262629e-05;7.313850808112079e-05;86.907949;181.835358;3.378334;1,012,039;221,400
2348;2.348012317614499;13;0;0.103902;1,011,911;1,011,911;0;0;53,784;1.000126;4.116466;2096.801261;395,911;616,000;1,011,911;0;0;0;7.207789654698365e-05;7.391584730229754e-05;86.907949;181.835358;3.378334;1,012,039;221,400
2349;2.349020539071332;14;0;0.110480;1,011,911;1,011,911;0;0;53,784;1.000126;4.116466;2097.481591;395,911;616,000;1,011,911;0;0;0;7.156852031134848e-05;7.333082860567781e-05;86.907949;181.835358;3.378334;1,012,039;221,400
2350;2.350002942318623;14;0;0.142777;1,011,911;1,011,911;0;0;53,784;1.000126;4.116466;2098.191794;395,911;616,000;1,011,911;0;0;0;6.843269198639211e-05;7.383035014783201e-05;86.907949;181.835358;3.378334;1,012,039;221,400
2351;2.351067093344541;15;0;0.111820;1,011,911;1,011,911;0;0;53,784;1.000126;4.116466;2099.870924;395,911;616,000;1,011,911;0;0;0;6.965135333660582e-05;7.186942541188595e-05;86.907949;181.835358;3.378334;1,012,039;221,400
2352;2.352012818427602;13;0;0.113141;1,011,911;1,011,911;0;0;53,784;1.000126;4.116466;2102.436233;395,911;616,000;1,011,911;0;0;0;7.203424200653486e-05;7.349496053604249e-05;86.907949;181.835358;3.378334;1,012,039;221,400
2353;2.35304146964221;14;0;0.105854;1,011,911;1,011,911;0;0;53,784;1.000126;4.116466;2103.157193;395,911;616,000;1,011,911;0;0;0;7.327934835076261e-05;7.404984029715642e-05;86.907949;181.835358;3.378334;1,012,039;221,400
2354;2.354008465082619;13;0;0.103484;1,011,911;1,011,911;0;0;53,784;1.000126;4.116466;2103.812439;395,911;616,000;1,011,911;0;0;0;7.393668279105311e-05;7.467012335200523e-05;86.907949;181.835358;3.378334;1,012,039;221,400
2355;2.35504081158626;14;0;0.100386;1,011,911;1,011,911;0;0;53,784;1.000126;4.116466;2105.854796;395,911;616,000;1,011,911;0;0;0;7.358368597778975e-05;7.426457836233541e-05;86.907949;181.835358;3.378334;1,012,039;221,400
2356;2.356011997268869;13;0;0.098591;1,011,911;1,011,911;0;0;53,784;1.000126;4.116466;2108.661148;395,911;616,000;1,011,911;0;0;0;7.441989875120556e-05;7.513736673749756e-05;86.907949;181.835358;3.378334;1,012,039;221,400
2357;2.357029392196233;14;0;0.098501;1,011,911;1,011,911;0;0;53,784;1.000126;4.116466;2111.476825;395,911;616,000;1,011,911;0;0;0;7.180817443138175e-05;7.444081726272055e-05;86.907949;181.835358;3.378334;1,012,039;221,400
2358;2.358058413359143;14;0;0.103243;1,011,911;1,011,911;0;0;53,784;1.000126;4.116466;2114.289405;395,911;616,000;1,011,911;0;0;0;7.248673813240314e-05;7.457826939013645e-05;86.907949;181.835358;3.378334;1,012,039;221,400
2359;2.359030388763765;13;0;0.093518;1,011,911;1,011,911;0;0;53,784;1.000126;4.116466;2117.095520;395,911;616,000;1,011,911;0;0;0;7.437163175822158e-05;7.549494647851514e-05;86.907949;181.835358;3.378334;1,012,039;221,400
2360;2.360018223743639;13;0;0.116322;1,011,911;1,011,911;0;0;53,784;1.000126;4.116466;2119.925858;395,911;616,000;1,011,911;0;0;0;7.563099876629382e-05;7.645145941123021e-05;86.907949;181.835358;3.378334;1,012,039;221,400
2361;2.361067241652649;14;0;0.105552;1,011,911;1,011,911;0;0;53,784;1.000126;4.116466;2122.555646;395,911;616,000;1,011,911;0;0;0;7.432763086117406e-05;7.630644589371225e-05;86.907949;181.835358;3.378334;1,012,039;221,400
2362;2.362009725911898;13;0;0.095453;1,011,911;1,011,911;0;0;53,784;1.000126;4.116466;2125.157537;395,911;616,000;1,011,911;0;0;0;7.043894204643682e-05;7.514398835403759e-05;86.907949;181.835358;3.378334;1,012,039;221,400
2363;2.363019832028579;14;0;0.102246;1,011,911;1,011,911;0;0;53,784;1.000126;4.116466;2127.710795;395,911;616,000;1,011,911;0;0;0;7.078123988443949e-05;7.409865484085216e-05;86.907949;181.835358;3.378334;1,012,039;221,400
2364;2.364064536134751;14;0;0.106873;1,011,911;1,011,911;0;0;53,784;1.000126;4.116466;2130.298900;395,911;616,000;1,011,911;0;0;0;7.418400223729594e-05;7.527556112607513e-05;86.907949;181.835358;3.378334;1,012,039;221,400
2365;2.365044368752307;13;0;0.098297;1,011,911;1,011,911;0;0;53,784;1.000126;4.116466;2132.461892;395,911;616,000;1,011,911;0;0;0;7.510897002272816e-05;7.602347798925358e-05;86.907949;181.835358;3.378334;1,012,039;221,400
2366;2.366022285842114;13;0;0.097572;1,011,911;1,011,911;0;0;53,784;1.000126;4.116466;2133.440117;395,911;616,000;1,011,911;0;0;0;7.499391891048845e-05;7.550724961949327e-05;86.907949;181.835358;3.378334;1,012,039;221,400
2367;2.367026378272185;14;0;0.102256;1,011,911;1,011,911;0;0;53,784;1.000126;4.116466;2134.542882;395,911;616,000;1,011,911;0;0;0;6.812435638304918e-05;7.529337207430848e-05;86.907949;181.835358;3.378334;1,012,039;221,400
2368;2.36801152787646;14;0;0.100410;1,011,911;1,011,911;0;0;53,784;1.000126;4.116466;2135.036194;395,911;616,000;1,011,911;0;0;0;6.858962528229929e-05;7.332543839231955e-05;86.907949;181.835358;3.378334;1,012,039;221,400
2369;2.369016883287767;14;0;0.134085;1,011,911;1,011,911;0;0;53,784;1.000126;4.116466;2135.406950;395,911;616,000;1,011,911;0;0;0;7.123076202655459e-05;7.294586107234823e-05;86.907949;181.835358;3.378334;1,012,039;221,400
2370;2.370040450817352;14;0;0.102736;1,011,911;1,011,911;0;0;53,784;1.000126;4.116466;2135.764492;395,911;616,000;1,011,911;0;0;0;7.247320802458211e-05;7.432263617963202e-05;86.907949;181.835358;3.378334;1,012,039;221,400
2371;2.37105964719733;14;0;0.106471;1,011,911;1,011,911;0;0;53,784;1.000126;4.116466;2135.902030;395,911;616,000;1,011,911;0;0;0;7.188569358497027e-05;7.382116249016624e-05;86.907949;181.835358;3.378334;1,012,039;221,400
2372;2.372003525500446;13;0;0.090625;1,011,911;1,011,911;0;0;53,784;1.000126;4.116466;2136.089703;395,911;616,000;1,011,911;0;0;0;7.188773429643705e-05;7.418260845607546e-05;86.907949;181.835358;3.378334;1,012,039;221,400
2373;2.373049230665104;14;0;0.096049;1,011,911;1,011,911;0;0;53,784;1.000126;4.116466;2136.350490;395,911;616,000;1,011,911;0;0;0;7.437436557635821e-05;7.553811174432185e-05;86.907949;181.835358;3.378334;1,012,039;221,400
2374;2.374060847329585;14;0;0.100349;1,011,911;1,011,911;0;0;53,784;1.000126;4.116466;2138.767294;395,911;616,000;1,011,911;0;0;0;6.794529963208297e-05;7.519333155099037e-05;86.907949;181.835358;3.378334;1,012,039;221,400
2375;2.3750337376213;14;0;0.104021;1,011,911;1,011,911;0;0;53,784;1.000126;4.116466;2141.165227;395,911;616,000;1,011,911;0;0;0;0.0000680241351931475;0.0000721927952116516;86.907949;181.835358;3.378334;1,012,039;221,400
2376;2.376070429073359;14;0;0.100966;1,011,911;1,011,911;0;0;53,784;1.000126;4.116466;2142.122970;395,911;616,000;1,011,911;0;0;0;7.253550594453819e-05;7.620406820996809e-05;86.907949;181.835358;3.378334;1,012,039;221,400
2377;2.377060304811502;13;0;0.097065;1,011,911;1,011,911;0;0;53,784;1.000126;4.116466;2142.946844;395,911;616,000;1,011,911;0;0;0;7.572357235983296e-05;7.642836864814312e-05;86.907949;181.835358;3.378334;1,012,039;221,400
2378;2.378032794560948;13;0;0.095666;1,011,911;1,011,911;0;0;53,784;1.000126;4.116466;2143.701906;395,911;616,000;1,011,911;0;0;0;7.451477402009236e-05;7.532695818382828e-05;86.907949;181.835358;3.378334;1,012,039;221,400
2379;2.379020271047289;13;0;0.098716;1,011,911;1,011,911;0;0;53,784;1.000126;4.116466;2144.241977;395,911;616,000;1,011,911;0;0;0;7.521131530258151e-05;7.722098811268993e-05;86.907949;181.835358;3.378334;1,012,039;221,400
2380;2.380070350729487;14;0;0.103068;1,011,911;1,011,911;0;0;53,784;1.000126;4.116466;2144.486386;395,911;616,000;1,011,911;0;0;0;7.365150140629655e-05;7.705405031255939e-05;86.907949;181.835358;3.378334;1,012,039;221,400
2381;2.381029927449078;13;0;0.094981;1,011,911;1,011,911;0;0;53,784;1.000126;4.116466;2144.718333;395,911;616,000;1,011,911;0;0;0;7.350467084899729e-05;0.0000743511733355234;86.907949;181.835358;3.378334;1,012,039;221,400
2382;2.382075418620588;14;0;0.100905;1,011,911;1,011,911;0;0;53,784;1.000126;4.116466;2144.964378;395,911;616,000;1,011,911;0;0;0;7.380457371987692e-05;7.618060210656954e-05;86.907949;181.835358;3.378334;1,012,039;221,400
2383;2.383061548910256;13;0;0.094297;1,011,911;1,011,911;0;0;53,784;1.000126;4.116466;2145.194836;395,911;616,000;1,011,911;0;0;0;7.479773884048499e-05;7.680570232178959e-05;86.907949;181.835358;3.378334;1,012,039;221,400
2384;2.384040040957459;13;0;0.095706;1,011,911;1,011,911;0;0;53,784;1.000126;4.116466;2145.558999;395,911;616,000;1,011,911;0;0;0;7.480907235542205e-05;7.629649094286804e-05;86.907949;181.835358;3.378334;1,012,039;221,400
2385;2.385036113803749;13;0;0.092947;1,011,911;1,011,911;0;0;53,784;1.000126;4.116466;2145.680061;395,911;616,000;1,011,911;0;0;0;7.629458927337189e-05;7.752950244432879e-05;86.907949;181.835358;3.378334;1,012,039;221,400
2386;2.386040697155497;13;0;0.091511;1,011,911;1,011,911;0;0;53,784;1.000126;4.116466;2145.907213;395,911;616,000;1,011,911;0;0;0;7.690741783064565e-05;7.768801446626826e-05;86.907949;181.835358;3.378334;1,012,039;221,400
2387;2.387035026083373;13;0;0.094070;1,011,911;1,011,911;0;0;53,784;1.000126;4.116466;2146.146172;395,911;616,000;1,011,911;0;0;0;7.487238851828562e-05;7.707113696072302e-05;86.907949;181.835358;3.378334;1,012,039;221,400
2388;2.388009546182391;13;0;0.093627;1,011,911;1,011,911;0;0;53,784;1.000126;4.116466;2146.385357;395,911;616,000;1,011,911;0;0;0;7.467580992781024e-05;7.583997737361583e-05;86.907949;181.835358;3.378334;1,012,039;221,400
2389;2.389072206014701;14;0;0.099382;1,011,911;1,011,911;0;0;53,784;1.000126;4.116466;2146.627264;395,911;616,000;1,011,911;0;0;0;7.571284001871395e-05;7.635084715177171e-05;86.907949;181.835358;3.378334;1,012,039;221,400
2390;2.390071383939149;13;0;0.091614;1,011,911;1,011,911;0;0;53,784;1.000126;4.116466;2146.881586;395,911;616,000;1,011,911;0;0;0;7.619830464973607e-05;7.779948183746219e-05;86.907949;181.835358;3.378334;1,012,039;221,400
2391;2.391009072168214;12;0;0.088256;1,011,911;1,011,911;0;0;53,784;1.000126;4.116466;2147.133982;395,911;616,000;1,011,911;0;0;0;7.786250330366165e-05;7.855262295882101e-05;86.907949;181.835358;3.378334;1,012,039;221,400
2392;2.392067185912266;14;0;0.096373;1,011,911;1,011,911;0;0;53,784;1.000126;4.116466;2147.440366;395,911;616,000;1,011,911;0;0;0;7.386340130771839e-05;7.781118348060006e-05;86.907949;181.835358;3.378334;1,012,039;221,400
2393;2.393037212355916;13;0;0.104379;1,011,911;1,011,911;0;0;53,784;1.000126;4.116466;2147.734493;395,911;616,000;1,011,911;0;0;0;7.396481434656957e-05;7.589830364234956e-05;86.907949;181.835358;3.378334;1,012,039;221,400
2394;2.394030795620911;13;0;0.094738;1,011,911;1,011,911;0;0;53,784;1.000126;4.116466;2148.009643;395,911;616,000;1,011,911;0;0;0;7.595559903258791e-05;7.739720814354568e-05;86.907949;181.835358;3.378334;1,012,039;221,400
2395;2.395033204618431;13;0;0.092529;1,011,911;1,011,911;0;0;53,784;1.000126;4.116466;2148.297264;395,911;616,000;1,011,911;0;0;0;7.682959569905435e-05;7.754148265193202e-05;86.907949;181.835358;3.378334;1,012,039;221,400
2396;2.396029721721771;13;0;0.089254;1,011,911;1,011,911;0;0;53,784;1.000126;4.116466;2148.579013;395,911;616,000;1,011,911;0;0;0;0.0000758679659877456;7.721115886972646e-05;86.907949;181.835358;3.378334;1,012,039;221,400
2397;2.397019105479266;13;0;0.122783;1,011,911;1,011,911;0;0;53,784;1.000126;4.116466;2148.902687;395,911;616,000;1,011,911;0;0;0;7.568732137675097e-05;7.661261163548915e-05;86.907949;181.835358;3.378334;1,012,039;221,400
2398;2.398074785517848;14;0;0.103788;1,011,911;1,011,911;0;0;53,784;1.000126;4.116466;2149.252065;395,911;616,000;1,011,911;0;0;0;7.517226595117771e-05;0.0000760529159644594;86.907949;181.835358;3.378334;1,012,039;221,400
2399;2.399052572655334;13;0;0.095090;1,011,911;1,011,911;0;0;53,784;1.000126;4.116466;2149.539241;395,911;616,000;1,011,911;0;0;0;7.321441533483581e-05;7.609999695096932e-05;86.907949;181.835358;3.378334;1,012,039;221,400
2400;2.400004453906309;13;0;0.094648;1,011,911;1,011,911;0;0;53,784;1.000126;4.116466;2149.885791;395,911;616,000;1,011,911;0;0;0;0.0000731357395574735;7.367497805081861e-05;86.907949;181.835358;3.378334;1,012,039;221,400
2401;2.401050503081293;14;0;0.105497;1,011,911;1,011,911;0;0;53,784;1.000126;4.116466;2152.033003;395,911;616,000;1,011,911;0;0;0;7.384876488376462e-05;7.546865461270609e-05;86.907949;181.835358;3.378334;1,012,039;221,400
2402;2.402036489773109;13;0;0.091321;1,011,911;1,011,911;0;0;53,784;1.000126;4.116466;2154.183853;395,911;616,000;1,011,911;0;0;0;7.548844063391391e-05;7.639513453306079e-05;86.907949;181.835358;3.378334;1,012,039;221,400
2403;2.403022482704769;13;0;0.099572;1,011,911;1,011,911;0;0;53,784;1.000126;4.116466;2156.359557;395,911;616,000;1,011,911;0;0;0;7.558192387833825e-05;0.0000763673723705746;86.907949;181.835358;3.378334;1,012,039;221,400
2404;2.404009594376847;13;0;0.099661;1,011,911;1,011,911;0;0;53,784;1.000126;4.116466;2158.562813;395,911;616,000;1,011,911;0;0;0;7.547243785122546e-05;0.0000761351106889171;86.907949;181.835358;3.378334;1,012,039;221,400
2405;2.40501612778896;14;0;0.103130;1,011,911;1,011,911;0;0;53,784;1.000126;4.116466;2160.731603;395,911;616,000;1,011,911;0;0;0;6.937658221488551e-05;7.557723715778089e-05;86.907949;181.835358;3.378334;1,012,039;221,400
2406;2.406021759336941;14;0;0.098363;1,011,911;1,011,911;0;0;53,784;1.000126;4.116466;2162.854434;395,911;616,000;1,011,911;0;0;0;0.0000701406450468211;7.449582615067798e-05;86.907949;181.835358;3.378334;1,012,039;221,400
2407;2.407001586998748;13;0;0.111282;1,011,911;1,011,911;0;0;53,784;1.000126;4.116466;2164.959269;395,911;616,000;1,011,911;0;0;0;7.479679040987993e-05;7.639448279198167e-05;86.907949;181.835358;3.378334;1,012,039;221,400
2408;2.408040940671799;14;0;0.100639;1,011,911;1,011,911;0;0;53,784;1.000126;4.116466;2167.075011;395,911;616,000;1,011,911;0;0;0;7.208839817332632e-05;7.635233261021743e-05;86.907949;181.835358;3.378334;1,012,039;221,400
2409;2.40906297210447;14;0;0.105591;1,011,911;1,011,911;0;0;53,784;1.000126;4.116466;2169.208692;395,911;616,000;1,011,911;0;0;0;7.214267434082637e-05;7.453309165537616e-05;86.907949;181.835358;3.378334;1,012,039;221,400
2410;2.410051420821543;14;0;0.104139;1,011,911;1,011,911;0;0;53,784;1.000126;4.116466;2171.335430;395,911;616,000;1,011,911;0;0;0;6.933219281866859e-05;7.379375978783272e-05;86.907949;181.835358;3.378334;1,012,039;221,400
2411;2.411032295186629;14;0;0.104986;1,011,911;1,011,911;0;0;53,784;1.000126;4.116466;2173.426550;395,911;616,000;1,011,911;0;0;0;6.954073190895865e-05;7.079065950269823e-05;86.907949;181.835358;3.378334;1,012,039;221,400
2412;2.412027850661944;14;0;0.105173;1,011,911;1,011,911;0;0;53,784;1.000126;4.116466;2175.585720;395,911;616,000;1,011,911;0;0;0;6.988390617717881e-05;7.291234638917027e-05;86.907949;181.835358;3.378334;1,012,039;221,400
2413;2.413010178302605;14;0;0.104919;1,011,911;1,011,911;0;0;53,784;1.000126;4.116466;2177.658305;395,911;616,000;1,011,911;0;0;0;6.957929070470895e-05;7.101873953266039e-05;86.907949;181.835358;3.378334;1,012,039;221,400
2414;2.414026206738078;14;0;0.106957;1,011,911;1,011,911;0;0;53,784;1.000126;4.116466;2179.695873;395,911;616,000;1,011,911;0;0;0;7.124551510745219e-05;7.431268812291012e-05;86.907949;181.835358;3.378334;1,012,039;221,400
2415;2.415063443391996;14;0;0.105164;1,011,911;1,011,911;0;0;53,784;1.000126;4.116466;2181.802681;395,911;616,000;1,011,911;0;0;0;7.371614204817254e-05;7.466234457894181e-05;86.907949;181.835358;3.378334;1,012,039;221,400
2416;2.416034313622244;13;0;0.093544;1,011,911;1,011,911;0;0;53,784;1.000126;4.116466;2183.862588;395,911;616,000;1,011,911;0;0;0;7.401557029400657e-05;7.558730348896179e-05;86.907949;181.835358;3.378334;1,012,039;221,400
2417;2.417018130006811;14;0;0.107409;1,011,911;1,011,911;0;0;53,784;1.000126;4.116466;2185.913724;395,911;616,000;1,011,911;0;0;0;6.857915301112979e-05;7.463494944550436e-05;86.907949;181.835358;3.378334;1,012,039;221,400
2418;2.418009333484516;14;0;0.118186;1,011,911;1,011,911;0;0;53,784;1.000126;4.116466;2187.905157;395,911;616,000;1,011,911;0;0;0;6.975091183775992e-05;7.230958594578635e-05;86.907949;181.835358;3.378334;1,012,039;221,400
2419;2.419059845061464;15;0;0.112374;1,011,911;1,011,911;0;0;53,784;1.000126;4.116466;2190.123715;395,911;616,000;1,011,911;0;0;0;6.733911463625703e-05;7.219165508341865e-05;86.907949;181.835358;3.378334;1,012,039;221,400
2420;2.420033801184589;14;0;0.105078;1,011,911;1,011,911;0;0;53,784;1.000126;4.116466;2191.832401;395,911;616,000;1,011,911;0;0;0;6.749259757560546e-05;7.285142218247879e-05;86.907949;181.835358;3.378334;1,012,039;221,400
2421;2.421007220286961;14;0;0.100524;1,011,911;1,011,911;0;0;53,784;1.000126;4.116466;2193.753294;395,911;616,000;1,011,911;0;0;0;6.758577247086769e-05;7.277143061407195e-05;86.907949;181.835358;3.378334;1,012,039;221,400
2422;2.422065264030003;15;0;0.106403;1,011,911;1,011,911;0;0;53,784;1.000126;4.116466;2195.664999;395,911;616,000;1,011,911;0;0;0;0.0000688930350434085;7.228753274900986e-05;86.907949;181.835358;3.378334;1,012,039;221,400
2423;2.423022641382941;14;0;0.096023;1,011,911;1,011,911;0;0;53,784;1.000126;4.116466;2197.037873;395,911;616,000;1,011,911;0;0;0;6.380958205579255e-05;7.207732589472967e-05;86.907949;181.835358;3.378334;1,012,039;221,400
2424;2.42401608325809;15;0;0.127857;1,011,911;1,011,911;0;0;53,784;1.000126;4.116466;2197.828141;395,911;616,000;1,011,911;0;0;0;6.450416690514749e-05;6.879817709526051e-05;86.907949;181.835358;3.378334;1,012,039;221,400
2425;2.425027882579134;15;0;0.104856;1,011,911;1,011,911;0;0;53,784;1.000126;4.116466;2198.446422;395,911;616,000;1,011,911;0;0;0;6.577103153771056e-05;6.999732583701021e-05;86.907949;181.835358;3.378334;1,012,039;221,400
2426;2.426023836975296;15;0;0.105566;1,011,911;1,011,911;0;0;53,784;1.000126;4.116466;2198.892013;395,911;616,000;1,011,911;0;0;0;6.514848645008737e-05;6.941522994029681e-05;86.907949;181.835358;3.378334;1,012,039;221,400
2427;2.427029833508467;14;0;0.096269;1,011,911;1,011,911;0;0;53,784;1.000126;4.116466;2199.377527;395,911;616,000;1,011,911;0;0;0;6.986773092327853e-05;7.465610651733186e-05;86.907949;181.835358;3.378334;1,012,039;221,400
2428;2.42804908099219;14;0;0.105059;1,011,911;1,011,911;0;0;53,784;1.000126;4.116466;2200.593979;395,911;616,000;1,011,911;0;0;0;7.133414961316369e-05;7.495525865760411e-05;86.907949;181.835358;3.378334;1,012,039;221,400
2429;2.429062117868407;14;0;0.098704;1,011,911;1,011,911;0;0;53,784;1.000126;4.116466;2201.330187;395,911;616,000;1,011,911;0;0;0;0.0000716673872974453;7.354758730721909e-05;86.907949;181.835358;3.378334;1,012,039;221,400
2430;2.430005908120812;13;0;0.099618;1,011,911;1,011,911;0;0;53,784;1.000126;4.116466;2202.162165;395,911;616,000;1,011,911;0;0;0;7.170472846973309e-05;7.383608661525414e-05;86.907949;181.835358;3.378334;1,012,039;221,400
2431;2.431040750494778;14;0;0.099878;1,011,911;1,011,911;0;0;53,784;1.000126;4.116466;2203.638468;395,911;616,000;1,011,911;0;0;0;7.371786148891487e-05;7.435715100344992e-05;86.907949;181.835358;3.378334;1,012,039;221,400
2432;2.432053853855897;14;0;0.108194;1,011,911;1,011,911;0;0;53,784;1.000126;4.116466;2205.148097;395,911;616,000;1,011,911;0;0;0;7.104827325322697e-05;7.342392088767572e-05;86.907949;181.835358;3.378334;1,012,039;221,400
2433;2.43305462153363;14;0;0.104556;1,011,911;1,011,911;0;0;53,784;1.000126;4.116466;2206.186600;395,911;616,000;1,011,911;0;0;0;7.064856242342672e-05;7.336283930871066e-05;86.907949;181.835358;3.378334;1,012,039;221,400
2434;2.434063211488068;14;0;0.100225;1,011,911;1,011,911;0;0;53,784;1.000126;4.116466;2207.028123;395,911;616,000;1,011,911;0;0;0;6.867787120638783e-05;7.321082155058632e-05;86.907949;181.835358;3.378334;1,012,039;221,400
2435;2.435038327286726;14;0;0.101043;1,011,911;1,011,911;0;0;53,784;1.000126;4.116466;2207.298955;395,911;616,000;1,011,911;0;0;0;6.856005234878585e-05;7.211836514576397e-05;86.907949;181.835358;3.378334;1,012,039;221,400
2436;2.436074502638654;14;0;0.113995;1,011,911;1,011,911;0;0;53,784;1.000126;4.116466;2207.566634;395,911;616,000;1,011,911;0;0;0;7.246428740994411e-05;7.614662133618724e-05;86.907949;181.835358;3.378334;1,012,039;221,400
2437;2.437048099430936;13;0;0.094270;1,011,911;1,011,911;0;0;53,784;1.000126;4.116466;2207.797919;395,911;616,000;1,011,911;0;0;0;7.389249161229942e-05;7.640420928196687e-05;86.907949;181.835358;3.378334;1,012,039;221,400
2438;2.438018368700301;13;0;0.092804;1,011,911;1,011,911;0;0;53,784;1.000126;4.116466;2208.015356;395,911;616,000;1,011,911;0;0;0;7.413124515365901e-05;7.548142249834853e-05;86.907949;181.835358;3.378334;1,012,039;221,400
2439;2.439049364364047;14;0;0.102175;1,011,911;1,011,911;0;0;53,784;1.000126;4.116466;2208.231309;395,911;616,000;1,011,911;0;0;0;7.217912573313749e-05;7.564025795609137e-05;86.907949;181.835358;3.378334;1,012,039;221,400
2440;2.440037686122033;14;0;0.101110;1,011,911;1,011,911;0;0;53,784;1.000126;4.116466;2208.433885;395,911;616,000;1,011,911;0;0;0;6.995749569384987e-05;7.173642930616075e-05;86.907949;181.835358;3.378334;1,012,039;221,400
2441;2.441067164015846;14;0;0.099511;1,011,911;1,011,911;0;0;53,784;1.000126;4.116466;2208.636319;395,911;616,000;1,011,911;0;0;0;7.204337324010046e-05;7.560949202167468e-05;86.907949;181.835358;3.378334;1,012,039;221,400
2442;2.442029831909467;13;0;0.089452;1,011,911;1,011,911;0;0;53,784;1.000126;4.116466;2208.826553;395,911;616,000;1,011,911;0;0;0;7.358234586041717e-05;7.498454116843942e-05;86.907949;181.835358;3.378334;1,012,039;221,400
2443;2.44305447079768;14;0;0.096826;1,011,911;1,011,911;0;0;53,784;1.000126;4.116466;2209.092364;395,911;616,000;1,011,911;0;0;0;7.233446069962038e-05;0.000074666257213338;86.907949;181.835358;3.378334;1,012,039;221,400
2444;2.444014021987802;13;0;0.095330;1,011,911;1,011,911;0;0;53,784;1.000126;4.116466;2209.342060;395,911;616,000;1,011,911;0;0;0;7.285700650718238e-05;7.524085613647521e-05;86.907949;181.835358;3.378334;1,012,039;221,400
2445;2.445040872295641;14;0;0.146164;1,011,911;1,011,911;0;0;53,784;1.000126;4.116466;2209.647052;395,911;616,000;1,011,911;0;0;0;0.0000729032512582156;7.401713591220333e-05;86.907949;181.835358;3.378334;1,012,039;221,400
2446;2.446012084092894;13;0;0.093864;1,011,911;1,011,911;0;0;53,784;1.000126;4.116466;2209.849095;395,911;616,000;1,011,911;0;0;0;7.252718320097986e-05;7.599500049365294e-05;86.907949;181.835358;3.378334;1,012,039;221,400
2447;2.447019521725208;14;0;0.101340;1,011,911;1,011,911;0;0;53,784;1.000126;4.116466;2210.155888;395,911;616,000;1,011,911;0;0;0;7.145745032253786e-05;7.313402891006349e-05;86.907949;181.835358;3.378334;1,012,039;221,400
2448;2.448046158880113;14;0;0.091917;1,011,911;1,011,911;0;0;53,784;1.000126;4.116466;2210.290300;395,911;616,000;1,011,911;0;0;0;7.302524746290843e-05;0.0000739716359375371;86.907949;181.835358;3.378334;1,012,039;221,400
2449;2.449062898104475;14;0;0.092240;1,011,911;1,011,911;0;0;53,784;1.000126;4.116466;2210.428785;395,911;616,000;1,011,911;0;0;0;7.186303354811913e-05;7.345159906048741e-05;86.907949;181.835358;3.378334;1,012,039;221,400
2450;2.450059331569327;14;0;0.091547;1,011,911;1,011,911;0;0;53,784;1.000126;4.116466;2210.571679;395,911;616,000;1,011,911;0;0;0;0.0000702247537979263;7.265269963097114e-05;86.907949;181.835358;3.378334;1,012,039;221,400
2451;2.451069171602337;14;0;0.090645;1,011,911;1,011,911;0;0;53,784;1.000126;4.116466;2210.706721;395,911;616,000;1,011,911;0;0;0;7.113671686293875e-05;7.316765584123486e-05;86.907949;181.835358;3.378334;1,012,039;221,400
2452;2.45201703747173;13;0;0.090485;1,011,911;1,011,911;0;0;53,784;1.000126;4.116466;2211.226106;395,911;616,000;1,011,911;0;0;0;7.223585385312245e-05;7.446421305945514e-05;86.907949;181.835358;3.378334;1,012,039;221,400
2453;2.453048336431944;14;0;0.094978;1,011,911;1,011,911;0;0;53,784;1.000126;4.116466;2211.356691;395,911;616,000;1,011,911;0;0;0;7.067741131470864e-05;7.489887215907226e-05;86.907949;181.835358;3.378334;1,012,039;221,400
2454;2.454006846604848;14;0;0.097979;1,011,911;1,011,911;0;0;53,784;1.000126;4.116466;2211.499399;395,911;616,000;1,011,911;0;0;0;6.685587710202551e-05;7.028111714841167e-05;86.907949;181.835358;3.378334;1,012,039;221,400
2455;2.455042186638128;16;0;0.105915;1,011,911;1,011,911;0;0;53,784;1.000126;4.116466;2211.636209;395,911;616,000;1,011,911;0;0;0;6.214374608221209e-05;6.676487420675687e-05;86.907949;181.835358;3.378334;1,012,039;221,400
2456;2.456032217719239;16;0;0.116388;1,011,911;1,011,911;0;0;53,784;1.000126;4.116466;2211.783390;395,911;616,000;1,011,911;0;0;0;6.008772404992368e-05;6.267520562200269e-05;86.907949;181.835358;3.378334;1,012,039;221,400
2457;2.457059543403739;17;0;0.145795;1,011,911;1,011,911;0;0;53,784;1.000126;4.116466;2211.966491;395,911;616,000;1,011,911;0;0;0;5.976064670482872e-05;6.189254550864989e-05;86.907949;181.835358;3.378334;1,012,039;221,400
2458;2.458000509168103;15;0;0.103585;1,011,911;1,011,911;0;0;53,784;1.000126;4.116466;2212.234723;395,911;616,000;1,011,911;0;0;0;6.160205810516147e-05;6.363209694160393e-05;86.907949;181.835358;3.378334;1,012,039;221,400
2459;2.459053792074893;17;0;0.121389;1,011,911;1,011,911;0;0;53,784;1.000126;4.116466;2212.574530;395,911;616,000;1,011,911;0;0;0;6.132918697503945e-05;6.316341705551411e-05;86.907949;181.835358;3.378334;1,012,039;221,400
2460;2.460037782177747;16;0;0.109445;1,011,911;1,011,911;0;0;53,784;1.000126;4.116466;2213.887426;395,911;616,000;1,011,911;0;0;0;6.089297185151299e-05;6.214636806438217e-05;86.907949;181.835358;3.378334;1,012,039;221,400
2461;2.461049255649128;16;0;0.111200;1,011,911;1,011,911;0;0;53,784;1.000126;4.116466;2214.554565;395,911;616,000;1,011,911;0;0;0;6.208713628947264e-05;6.483035149949423e-05;86.907949;181.835358;3.378334;1,012,039;221,400
2462;2.462025047253755;15;0;0.113334;1,011,911;1,011,911;0;0;53,784;1.000126;4.116466;2215.302715;395,911;616,000;1,011,911;0;0;0;6.416368473628204e-05;6.625752954855454e-05;86.907949;181.835358;3.378334;1,012,039;221,400
2463;2.463012084034296;15;0;0.129817;1,011,911;1,011,911;0;0;53,784;1.000126;4.116466;2216.189007;395,911;616,000;1,011,911;0;0;0;6.554445850149554e-05;0.0000663214362114852;86.907949;181.835358;3.378334;1,012,039;221,400
2464;2.464014990938559;15;0;0.106856;1,011,911;1,011,911;0;0;53,784;1.000126;4.116466;2216.744669;395,911;616,000;1,011,911;0;0;0;6.652034153712128e-05;6.837418955098485e-05;86.907949;181.835358;3.378334;1,012,039;221,400
2465;2.465059195495266;15;0;0.113933;1,011,911;1,011,911;0;0;53,784;1.000126;4.116466;2217.499140;395,911;616,000;1,011,911;0;0;0;6.868245245852342e-05;7.053202266214867e-05;86.907949;181.835358;3.378334;1,012,039;221,400
2466;2.466045216423791;14;0;0.107185;1,011,911;1,011,911;0;0;53,784;1.000126;4.116466;2218.202664;395,911;616,000;1,011,911;0;0;0;6.997022504859353e-05;7.116660466388983e-05;86.907949;181.835358;3.378334;1,012,039;221,400
2467;2.467039685233523;14;0;0.108522;1,011,911;1,011,911;0;0;53,784;1.000126;4.116466;2218.995860;395,911;616,000;1,011,911;0;0;0;7.077962783444506e-05;7.226868670634535e-05;86.907949;181.835358;3.378334;1,012,039;221,400
2468;2.468068427220075;14;0;0.098887;1,011,911;1,011,911;0;0;53,784;1.000126;4.116466;2219.252236;395,911;616,000;1,011,911;0;0;0;7.255718566035271e-05;7.474981814605546e-05;86.907949;181.835358;3.378334;1,012,039;221,400
2469;2.469015971069983;13;0;0.092127;1,011,911;1,011,911;0;0;53,784;1.000126;4.116466;2219.469162;395,911;616,000;1,011,911;0;0;0;7.190379119874417e-05;7.333283018488455e-05;86.907949;181.835358;3.378334;1,012,039;221,400
2470;2.470032152342773;14;0;0.099516;1,011,911;1,011,911;0;0;53,784;1.000126;4.116466;2219.710475;395,911;616,000;1,011,911;0;0;0;7.190083293392886e-05;7.344255860928333e-05;86.907949;181.835358;3.378334;1,012,039;221,400
2471;2.471045327383875;14;0;0.102537;1,011,911;1,011,911;0;0;53,784;1.000126;4.116466;2219.939639;395,911;616,000;1,011,911;0;0;0;0.0000718345402015758;7.319492774435706e-05;86.907949;181.835358;3.378334;1,012,039;221,400
2472;2.472004669755797;13;0;0.094045;1,011,911;1,011,911;0;0;53,784;1.000126;4.116466;2220.160809;395,911;616,000;1,011,911;0;0;0;0.0000727120561523139;0.0000752579085195046;86.907949;181.835358;3.378334;1,012,039;221,400
2473;2.473035091332601;14;0;0.175178;1,011,911;1,011,911;0;0;53,784;1.000126;4.116466;2220.729505;395,911;616,000;1,011,911;0;0;0;0.0000708811949338202;7.541609356889033e-05;86.907949;181.835358;3.378334;1,012,039;221,400
2474;2.474042062158067;14;0;0.102409;1,011,911;1,011,911;0;0;53,784;1.000126;4.116466;2221.395240;395,911;616,000;1,011,911;0;0;0;7.092255692869011e-05;7.387852657296045e-05;86.907949;181.835358;3.378334;1,012,039;221,400
2475;2.47505704421159;14;0;0.098418;1,011,911;1,011,911;0;0;53,784;1.000126;4.116466;2222.070775;395,911;616,000;1,011,911;0;0;0;7.201052151639577e-05;7.334981504535676e-05;86.907949;181.835358;3.378334;1,012,039;221,400
2476;2.476000817084442;13;0;0.093237;1,011,911;1,011,911;0;0;53,784;1.000126;4.116466;2222.495524;395,911;616,000;1,011,911;0;0;0;7.224528216790944e-05;7.359388177247424e-05;86.907949;181.835358;3.378334;1,012,039;221,400
2477;2.477013068591194;14;0;0.099129;1,011,911;1,011,911;0;0;53,784;1.000126;4.116466;2222.639240;395,911;616,000;1,011,911;0;0;0;7.166730579022936e-05;0.0000738248181099471;86.907949;181.835358;3.378334;1,012,039;221,400
2478;2.478048044605334;14;0;0.121965;1,011,911;1,011,911;0;0;53,784;1.000126;4.116466;2222.800036;395,911;616,000;1,011,911;0;0;0;7.271700986573708e-05;7.581084214295202e-05;86.907949;181.835358;3.378334;1,012,039;221,400
2479;2.479015645091884;13;0;0.088521;1,011,911;1,011,911;0;0;53,784;1.000126;4.116466;2223.802154;395,911;616,000;1,011,911;0;0;0;7.229460271091715e-05;7.607071814571535e-05;86.907949;181.835358;3.378334;1,012,039;221,400
2480;2.480039421009795;14;0;0.094713;1,011,911;1,011,911;0;0;53,784;1.000126;4.116466;2223.930190;395,911;616,000;1,011,911;0;0;0;7.232847492912453e-05;7.416882314056812e-05;86.907949;181.835358;3.378334;1,012,039;221,400
2481;2.481013647842994;13;0;0.100900;1,011,911;1,011,911;0;0;53,784;1.000126;4.116466;2225.472120;395,911;616,000;1,011,911;0;0;0;7.426723246463412e-05;7.617965990217033e-05;86.907949;181.835358;3.378334;1,012,039;221,400
2482;2.482071900218626;14;0;0.104386;1,011,911;1,011,911;0;0;53,784;1.000126;4.116466;2226.310567;395,911;616,000;1,011,911;0;0;0;7.351062201386447e-05;7.664492914352383e-05;86.907949;181.835358;3.378334;1,012,039;221,400
2483;2.483025818742592;13;0;0.100824;1,011,911;1,011,911;0;0;53,784;1.000126;4.116466;2227.093844;395,911;616,000;1,011,911;0;0;0;7.307365256840884e-05;7.410956858276589e-05;86.907949;181.835358;3.378334;1,012,039;221,400
2484;2.484060067713095;14;0;0.105790;1,011,911;1,011,911;0;0;53,784;1.000126;4.116466;2227.861346;395,911;616,000;1,011,911;0;0;0;7.353727390878966e-05;7.431476204900495e-05;86.907949;181.835358;3.378334;1,012,039;221,400
2485;2.485056891938755;14;0;0.107744;1,011,911;1,011,911;0;0;53,784;1.000126;4.116466;2228.475543;395,911;616,000;1,011,911;0;0;0;7.035879882207054e-05;7.322211036016453e-05;86.907949;181.835358;3.378334;1,012,039;221,400
2486;2.486005602018595;13;0;0.104111;1,011,911;1,011,911;0;0;53,784;1.000126;4.116466;2228.911517;395,911;616,000;1,011,911;0;0;0;0.0000717231567419561;7.498749437254082e-05;86.907949;181.835358;3.378334;1,012,039;221,400
2487;2.487058992159129;14;0;0.134096;1,011,911;1,011,911;0;0;51,543;1.000126;4.295443;2229.365371;395,911;616,000;1,011,911;0;0;0;7.430207987893628e-05;7.634695344949644e-05;86.907949;181.835358;3.378334;1,012,039;221,400
2488;2.488053902642259;14;0;0.110244;1,011,911;1,011,911;0;0;51,543;1.000126;4.295443;2229.801344;395,911;616,000;1,011,911;0;0;0;6.749787896069283e-05;0.0000745164485256732;86.907949;181.835358;3.378334;1,012,039;221,400
2489;2.489026768909195;14;0;0.097956;1,011,911;1,011,911;0;0;51,543;1.000126;4.295443;2230.271122;395,911;616,000;1,011,911;0;0;0;6.790900949505374e-05;7.131081790659803e-05;86.907949;181.835358;3.378334;1,012,039;221,400
2490;2.490044464982814;14;0;0.100826;1,011,911;1,011,911;0;0;51,543;1.000126;4.295443;2230.890124;395,911;616,000;1,011,911;0;0;0;7.149302424453649e-05;7.466179547986616e-05;86.907949;181.835358;3.378334;1,012,039;221,400
2491;2.491023343731714;13;0;0.094440;1,011,911;1,011,911;0;0;51,543;1.000126;4.295443;2231.244456;395,911;616,000;1,011,911;0;0;0;7.345979324898552e-05;7.582634261631286e-05;86.907949;181.835358;3.378334;1,012,039;221,400
2492;2.492011016156967;14;0;0.099839;1,011,911;1,011,911;0;0;51,543;1.000126;4.295443;2231.779944;395,911;616,000;1,011,911;0;0;0;6.972861078081891e-05;7.222934684497963e-05;86.907949;181.835358;3.378334;1,012,039;221,400
2493;2.493020451225334;14;0;0.103617;1,011,911;1,011,911;0;0;51,543;1.000126;4.295443;2232.765700;395,911;616,000;1,011,911;0;0;0;7.114018166622159e-05;7.285214267308414e-05;86.907949;181.835358;3.378334;1,012,039;221,400
2494;2.494031555002624;14;0;0.101164;1,011,911;1,011,911;0;0;51,543;1.000126;4.295443;2234.056356;395,911;616,000;1,011,911;0;0;0;7.181040641833162e-05;7.302684718110436e-05;86.907949;181.835358;3.378334;1,012,039;221,400
2495;2.495038977398771;14;0;0.106457;1,011,911;1,011,911;0;0;51,543;1.000126;4.295443;2234.483073;395,911;616,000;1,011,911;0;0;0;7.153976598955386e-05;7.245469475190743e-05;86.907949;181.835358;3.378334;1,012,039;221,400
2496;2.496029019019703;14;0;0.103620;1,011,911;1,011,911;0;0;51,543;1.000126;4.295443;2235.031684;395,911;616,000;1,011,911;0;0;0;7.051886121411791e-05;7.111396580291217e-05;86.907949;181.835358;3.378334;1,012,039;221,400
2497;2.497031680552254;14;0;0.104667;1,011,911;1,011,911;0;0;51,543;1.000126;4.295443;2235.615840;395,911;616,000;1,011,911;0;0;0;7.130953692476226e-05;7.225653151642017e-05;86.907949;181.835358;3.378334;1,012,039;221,400
2498;2.498049642265614;14;0;0.106782;1,011,911;1,011,911;0;0;51,543;1.000126;4.295443;2236.204017;395,911;616,000;1,011,911;0;0;0;0.0000718159537739082;0.000074224233732996;86.907949;181.835358;3.378334;1,012,039;221,400
2499;2.4990050058564;13;0;0.097653;1,011,911;1,011,911;0;0;51,543;1.000126;4.295443;2236.832764;395,911;616,000;1,011,911;0;0;0;7.307851911191515e-05;7.441034310063513e-05;86.907949;181.835358;3.378334;1,012,039;221,400
2500;2.500036309050028;14;0;0.102217;1,011,911;1,011,911;0;0;51,543;1.000126;4.295443;2238.429806;395,911;616,000;1,011,911;0;0;0;7.092593813274067e-05;7.464963823859462e-05;86.907949;181.835358;3.378334;1,012,039;221,400
2501;2.501010265276053;14;0;0.108417;1,011,911;1,011,911;0;0;51,543;1.000126;4.295443;2240.020440;395,911;616,000;1,011,911;0;0;0;6.903505702344905e-05;7.048910524275132e-05;86.907949;181.835358;3.378334;1,012,039;221,400
2502;2.502009509605083;14;0;0.104578;1,011,911;1,011,911;0;0;51,543;1.000126;4.295443;2240.821575;395,911;616,000;1,011,911;0;0;0;7.075032229008107e-05;7.249250457683803e-05;86.907949;181.835358;3.378334;1,012,039;221,400
2503;2.503022335186367;14;0;0.107100;1,011,911;1,011,911;0;0;51,543;1.000126;4.295443;2242.211483;395,911;616,000;1,011,911;0;0;0;7.055764051137257e-05;7.364158130574568e-05;86.907949;181.835358;3.378334;1,012,039;221,400
2504;2.504006604594005;14;0;0.105049;1,011,911;1,011,911;0;0;51,543;1.000126;4.295443;2243.287948;395,911;616,000;1,011,911;0;0;0;6.865166390933712e-05;7.135319319340339e-05;86.907949;181.835358;3.378334;1,012,039;221,400
2505;2.505050353212466;15;0;0.104094;1,011,911;1,011,911;0;0;51,543;1.000126;4.295443;2243.743445;395,911;616,000;1,011,911;0;0;0;6.863386374341804e-05;7.149468225013009e-05;86.907949;181.835358;3.378334;1,012,039;221,400
2506;2.506066374370999;14;0;0.103354;1,011,911;1,011,911;0;0;51,543;1.000126;4.295443;2244.118543;395,911;616,000;1,011,911;0;0;0;7.173813391378875e-05;0.0000734146604360653;86.907949;181.835358;3.378334;1,012,039;221,400
2507;2.507016099271067;13;0;0.145548;1,011,911;1,011,911;0;0;51,543;1.000126;4.295443;2244.876806;395,911;616,000;1,011,911;0;0;0;7.274494412969338e-05;0.0000738223900317045;86.907949;181.835358;3.378334;1,012,039;221,400
2508;2.508049295344332;14;0;0.104171;1,011,911;1,011,911;0;0;51,543;1.000126;4.295443;2245.735556;395,911;616,000;1,011,911;0;0;0;7.206837503115026e-05;7.450932887132636e-05;86.907949;181.835358;3.378334;1,012,039;221,400
2509;2.509057359313515;14;0;0.105707;1,011,911;1,011,911;0;0;51,543;1.000126;4.295443;2246.610854;395,911;616,000;1,011,911;0;0;0;7.175679633818244e-05;0.0000725267706070007;86.907949;181.835358;3.378334;1,012,039;221,400
2510;2.510007611404741;13;0;0.095864;1,011,911;1,011,911;0;0;51,543;1.000126;4.295443;2246.826914;395,911;616,000;1,011,911;0;0;0;7.260073455326152e-05;7.401053776939173e-05;86.907949;181.835358;3.378334;1,012,039;221,400
2511;2.511044550470819;15;0;0.107045;1,011,911;1,011,911;0;0;51,543;1.000126;4.295443;2247.332224;395,911;616,000;1,011,911;0;0;0;6.364796305093663e-05;7.426610277887354e-05;86.907949;181.835358;3.378334;1,012,039;221,400
2512;2.512032855389596;15;0;0.102943;1,011,911;1,011,911;0;0;51,543;1.000126;4.295443;2248.726428;395,911;616,000;1,011,911;0;0;0;6.387348523387495e-05;6.917769826012903e-05;86.907949;181.835358;3.378334;1,012,039;221,400
2513;2.513019738443026;14;0;0.099948;1,011,911;1,011,911;0;0;51,543;1.000126;4.295443;2250.509007;395,911;616,000;1,011,911;0;0;0;6.953816572868874e-05;7.117082676643806e-05;86.907949;181.835358;3.378334;1,012,039;221,400
2514;2.514010991762425;14;0;0.106743;1,011,911;1,011,911;0;0;51,543;1.000126;4.295443;2252.263953;395,911;616,000;1,011,911;0;0;0;7.016759323539884e-05;7.147952295186672e-05;86.907949;181.835358;3.378334;1,012,039;221,400
2515;2.515006860679272;14;0;0.106503;1,011,911;1,011,911;0;0;51,543;1.000126;4.295443;2253.974946;395,911;616,000;1,011,911;0;0;0;7.029762933463563e-05;7.265638855309595e-05;86.907949;181.835358;3.378334;1,012,039;221,400
2516;2.516034418177423;14;0;0.181157;1,011,911;1,011,911;0;0;51,543;1.000126;4.295443;2255.797231;395,911;616,000;1,011,911;0;0;0;7.285524413279982e-05;7.398333882355381e-05;86.907949;181.835358;3.378334;1,012,039;221,400
2517;2.517030960077601;15;0;0.116048;1,011,911;1,011,911;0;0;51,543;1.000126;4.295443;2257.517528;395,911;616,000;1,011,911;0;0;0;6.386073723848229e-05;7.365013952256332e-05;86.907949;181.835358;3.378334;1,012,039;221,400
2518;2.518047168611226;15;0;0.105650;1,011,911;1,011,911;0;0;51,543;1.000126;4.295443;2259.281727;395,911;616,000;1,011,911;0;0;0;0.0000656901809609723;7.024508908364362e-05;86.907949;181.835358;3.378334;1,012,039;221,400
2519;2.519037488444726;14;0;0.103070;1,011,911;1,011,911;0;0;51,543;1.000126;4.295443;2261.000113;395,911;616,000;1,011,911;0;0;0;7.018777989504256e-05;7.194479452874468e-05;86.907949;181.835358;3.378334;1,012,039;221,400
2520;2.520052003344059;14;0;0.108093;1,011,911;1,011,911;0;0;51,543;1.000126;4.295443;2262.716174;395,911;616,000;1,011,911;0;0;0;7.212233717370272e-05;7.298788713205793e-05;86.907949;181.835358;3.378334;1,012,039;221,400
2521;2.521043742401117;14;0;0.145463;1,011,911;1,011,911;0;0;51,543;1.000126;4.295443;2264.538929;395,911;616,000;1,011,911;0;0;0;6.585771161302594e-05;7.304738959757391e-05;86.907949;181.835358;3.378334;1,012,039;221,400
2522;2.522043921903973;15;0;0.107184;1,011,911;1,011,911;0;0;51,543;1.000126;4.295443;2266.249354;395,911;616,000;1,011,911;0;0;0;6.568178740306927e-05;6.892831211973661e-05;86.907949;181.835358;3.378334;1,012,039;221,400
2523;2.523027757387436;14;0;0.097298;1,011,911;1,011,911;0;0;51,543;1.000126;4.295443;2267.986321;395,911;616,000;1,011,911;0;0;0;6.922643048933001e-05;7.143810008060919e-05;86.907949;181.835358;3.378334;1,012,039;221,400
2524;2.524011638907942;14;0;0.103001;1,011,911;1,011,911;0;0;51,543;1.000126;4.295443;2269.740281;395,911;616,000;1,011,911;0;0;0;6.992081006324537e-05;0.0000712989778234371;86.907949;181.835358;3.378334;1,012,039;221,400
2525;2.525058039172114;15;0;0.106281;1,011,911;1,011,911;0;0;51,543;1.000126;4.295443;2271.491587;395,911;616,000;1,011,911;0;0;0;6.372508814720636e-05;7.183200997291063e-05;86.907949;181.835358;3.378334;1,012,039;221,400
2526;2.526032294796579;15;0;0.113534;1,011,911;1,011,911;0;0;51,543;1.000126;4.295443;2273.246975;395,911;616,000;1,011,911;0;0;0;6.359172372748499e-05;6.780404301504215e-05;86.907949;181.835358;3.378334;1,012,039;221,400
2527;2.527008371310851;14;0;0.123104;1,011,911;1,011,911;0;0;51,543;1.000126;4.295443;2275.004241;395,911;616,000;1,011,911;0;0;0;6.816051861907337e-05;7.191847088659446e-05;86.907949;181.835358;3.378334;1,012,039;221,400
2528;2.528021383836818;14;0;0.095560;1,011,911;1,011,911;0;0;51,543;1.000126;4.295443;2276.687245;395,911;616,000;1,011,911;0;0;0;7.175351113881792e-05;7.302571950291418e-05;86.907949;181.835358;3.378334;1,012,039;221,400
2529;2.529030210304221;14;0;0.109825;1,011,911;1,011,911;0;0;51,543;1.000126;4.295443;2278.486983;395,911;616,000;1,011,911;0;0;0;7.173429577547962e-05;7.273747058304372e-05;86.907949;181.835358;3.378334;1,012,039;221,400
2530;2.530030276068203;14;0;0.103904;1,011,911;1,011,911;0;0;51,543;1.000126;4.295443;2280.191916;395,911;616,000;1,011,911;0;0;0;7.108300404720412e-05;7.217444368029691e-05;86.907949;181.835358;3.378334;1,012,039;221,400
2531;2.531028756668715;14;0;0.104626;1,011,911;1,011,911;0;0;51,543;1.000126;4.295443;2281.940230;395,911;616,000;1,011,911;0;0;0;6.968284581578979e-05;7.240480937781203e-05;86.907949;181.835358;3.378334;1,012,039;221,400
2532;2.53200944753327;14;0;0.104266;1,011,911;1,011,911;0;0;51,543;1.000126;4.295443;2283.021396;395,911;616,000;1,011,911;0;0;0;6.960682404527959e-05;0.0000711921726151033;86.907949;181.835358;3.378334;1,012,039;221,400
2533;2.533020324051638;14;0;0.106776;1,011,911;1,011,911;0;0;51,543;1.000126;4.295443;2283.798887;395,911;616,000;1,011,911;0;0;0;7.137404687478092e-05;7.301196711974938e-05;86.907949;181.835358;3.378334;1,012,039;221,400
