# DualSPHysics DS-DATA-02 Family F7 Moving Obstacle Prescribed Rotation Data
# Trajectory: Piecewise Quintic Polynomial (Minimum-Jerk) Analytic Target
# Parameters: Nominal Stroke Amplitude = 45.00 deg, Window = 12.00 s, dt = 0.001 s
# Reader: JMotionDataRotAxis::LoadFileAng (DualSPHysics JMotionObj / mvrotfile)
# Note: Solver evaluates trajectory via piecewise linear interpolation in DfGetNewAng
# Columns: Time(s) Angle(degrees)
# Precision: IEEE 754 full roundtrip (.17g)
# -----------------------------------------------------------------------------
0	0
0.001	4.4932527000000001e-07
0.002	3.5892086400000003e-06
0.0030000000000000001	1.2095390610000002e-05
0.0040000000000000001	2.8627476480000003e-05
0.0050000000000000001	5.5828968750000013e-05
0.0060000000000000001	9.632729951999999e-05
0.0070000000000000001	0.00015273386289000002
0.0080000000000000002	0.00022764404736
0.0090000000000000011	0.00032363726823000011
0.01	0.00044327700000000006
0.010999999999999999	0.00058911080876999987
0.012	0.00076367038464000012
0.013000000000000001	0.00096947157411000049
0.014	0.00120901441248
0.014999999999999999	0.0014847831562499996
0.016	0.0017992463155199999
0.017000000000000001	0.0021548566863900005
0.018000000000000002	0.0025540513833600008
0.019	0.0029992518717299999
0.02	0.0034928640000000009
0.021000000000000001	0.004037278032270001
0.021999999999999999	0.0046348686806399995
0.023	0.00528799513761
0.024	0.0059990011084799996
0.025000000000000001	0.0067702148437500014
0.026000000000000002	0.0076039491715200027
0.027	0.008502501529889999
0.028000000000000001	0.0094681539993599993
0.029000000000000001	0.010503173335230001
0.029999999999999999	0.011609810999999998
0.031	0.012790303195769999
0.032000000000000001	0.01404687089664
0.033000000000000002	0.015381719881109999
0.034000000000000002	0.016797040764480006
0.035000000000000003	0.018295009031250004
0.036000000000000004	0.019877785067520005
0.036999999999999998	0.021547514193389999
0.037999999999999999	0.023306326695359997
0.039	0.025156337858729998
0.040000000000000001	0.027099648000000011
0.041000000000000002	0.029138342499270005
0.042000000000000003	0.031274491832640007
0.043000000000000003	0.033510151604610017
0.043999999999999997	0.035847362580479998
0.044999999999999998	0.038288150718749997
0.045999999999999999	0.040834527203520002
0.047	0.043488488476889998
0.048000000000000001	0.046252016271360004
0.049000000000000002	0.04912707764223001
0.050000000000000003	0.052115625000000006
0.051000000000000004	0.055219596142770021
0.052000000000000005	0.058440914288640025
0.052999999999999999	0.061781488108109996
0.053999999999999999	0.065243211756479985
0.055	0.068827964906249997
0.056000000000000001	0.072537612779520005
0.057000000000000002	0.076374006180390017
0.058000000000000003	0.080338981527360007
0.059000000000000004	0.084434360885730003
0.059999999999999998	0.088661951999999974
0.060999999999999999	0.093023548326269995
0.062	0.09752092906463998
0.063	0.10215585919161001
0.064000000000000001	0.10693008949248001
0.065000000000000002	0.11184535659375003
0.066000000000000003	0.11690338299552001
0.067000000000000004	0.12210587710389004
0.068000000000000005	0.12745453326336004
0.069000000000000006	0.13295103178923004
0.070000000000000007	0.13859703900000003
0.071000000000000008	0.14439420724977003
0.072000000000000008	0.15034417496064004
0.072999999999999995	0.15644856665510998
0.073999999999999996	0.16270899298847999
0.074999999999999997	0.16912705078124998
0.075999999999999998	0.17570432305151998
0.076999999999999999	0.18244237904738994
0.078	0.18934277427936
0.079000000000000001	0.19640705055273
0.080000000000000002	0.20363673600000004
0.081000000000000003	0.21103334511327002
0.082000000000000003	0.21859837877664001
0.083000000000000004	0.22633332429861008
0.084000000000000005	0.23423965544448008
0.085000000000000006	0.24231883246875002
0.086000000000000007	0.25057230214752008
0.087000000000000008	0.2590014978108901
0.087999999999999995	0.26760783937535998
0.088999999999999996	0.27639273337622994
0.089999999999999997	0.28535757300000003
0.090999999999999998	0.29450373811676994
0.091999999999999998	0.30383259531264001
0.092999999999999999	0.31334549792210997
0.094	0.32304378606048006
0.095000000000000001	0.33292878665625009
0.096000000000000002	0.34300181348352005
0.097000000000000003	0.35326416719439002
0.098000000000000004	0.36371713535135997
0.099000000000000005	0.37436199245973006
0.10000000000000001	0.3852000000000001
0.10100000000000001	0.39623240646027003
0.10200000000000001	0.40746044736864007
0.10300000000000001	0.41888534532561006
0.10400000000000001	0.43050831003648016
0.105	0.44233053834374986
0.106	0.45435321425951991
0.107	0.46657750899788991
0.108	0.47900458100735993
0.109	0.49163557600322999
0.11	0.50447162699999992
0.111	0.51751385434377006
0.112	0.53076336574464
0.113	0.54422125630911
0.114	0.55788860857248013
0.115	0.57176649253125
0.11600000000000001	0.58585596567552012
0.11700000000000001	0.60015807302139002
0.11800000000000001	0.61467384714336004
0.11900000000000001	0.6294043082067301
0.12	0.64435046399999985
0.121	0.65951330996727009
0.122	0.67489382924064001
0.123	0.69049299267261011
0.124	0.70631175886847986
0.125	0.72235107421875
0.126	0.73861187293151986
0.127	0.7550950770648901
0.128	0.77180159655935998
0.129	0.78873232927023007
0.13	0.80588816100000016
0.13100000000000001	0.82326996553077014
0.13200000000000001	0.84087860465663988
0.13300000000000001	0.85871492821611017
0.13400000000000001	0.87677977412448016
0.13500000000000001	0.89507396840625009
0.13600000000000001	0.91359832522752016
0.13700000000000001	0.93235364692839018
0.13800000000000001	0.95134072405536019
0.13900000000000001	0.9705603353937301
0.14000000000000001	0.99001324800000023
0.14100000000000001	1.0097002172342704
0.14200000000000002	1.0296219867926402
0.14300000000000002	1.0497792887396105
0.14400000000000002	1.0701728435404803
0.14499999999999999	1.0908033600937499
0.14599999999999999	1.1116715357635198
0.14699999999999999	1.1327780564118899
0.14799999999999999	1.1541235964313599
0.14899999999999999	1.17570881877723
0.14999999999999999	1.1975343749999998
0.151	1.2196009052777699
0.152	1.24190903844864
0.153	1.26445939204311
0.154	1.2872525723164798
0.155	1.3102891742812501
0.156	1.3335697817395198
0.157	1.35709496731539
0.158	1.3808652924873599
0.159	1.4048813076207298
0.16	1.4291435520000006
0.161	1.4536525538612701
0.16200000000000001	1.4784088304246401
0.16300000000000001	1.50341288792661
0.16400000000000001	1.5286652216524803
0.16500000000000001	1.5541663159687502
0.16600000000000001	1.5799166443555206
0.16700000000000001	1.60591666943889
0.16800000000000001	1.6321668430233602
0.16900000000000001	1.6586676061242305
0.17000000000000001	1.6854193890000002
0.17100000000000001	1.7124226111847702
0.17200000000000001	1.7396776815206407
0.17300000000000001	1.7671849981901104
0.17400000000000002	1.7949449487484808
0.17500000000000002	1.8229579101562503
0.17599999999999999	1.8512242488115198
0.17699999999999999	1.8797443205823898
0.17799999999999999	1.9085184708393597
0.17899999999999999	1.9375470344877295
0.17999999999999999	1.9668303360000001
0.18099999999999999	1.9963686894482697
0.182	2.0261623985366395
0.183	2.0562117566336098
0.184	2.08651704680448
0.185	2.1170785418437497
0.186	2.1478965043075204
0.187	2.1789711865458905
0.188	2.21030283073536
0.189	2.2418916689112303
0.19	2.2737379230000005
0.191	2.3058418048517701
0.192	2.3382035162726402
0.193	2.3708232490571102
0.19400000000000001	2.4037011850204801
0.19500000000000001	2.43683749603125
0.19600000000000001	2.4702323440435201
0.19700000000000001	2.5038858811293903
0.19800000000000001	2.5377982495113605
0.19900000000000001	2.5719695815947308
0.20000000000000001	2.6064000000000003
0.20100000000000001	2.6410896175952709
0.20200000000000001	2.67603853752864
0.20300000000000001	2.7112468532606107
0.20400000000000001	2.7467146485964808
0.20500000000000002	2.7824419977187502
0.20600000000000002	2.8184289652195202
0.20700000000000002	2.8546756061328904
0.20800000000000002	2.8911819659673612
0.20899999999999999	2.9279480807382301
0.20999999999999999	2.9649739769999992
0.21099999999999999	3.0022596718787695
0.21199999999999999	3.0398051731046394
0.21299999999999999	3.0776104790441092
0.214	3.1156755787324797
0.215	3.1540004519062497
0.216	3.1925850690355193
0.217	3.2314293913563903
0.218	3.2705333709033599
0.219	3.3098969505417304
0.22	3.3495200639999996
0.221	3.38940263590227
0.222	3.42954458180064
0.223	3.4699458082076098
0.224	3.5106062126284807
0.22500000000000001	3.5515256835937508
0.22600000000000001	3.5927041006915204
0.22700000000000001	3.6341413345998896
0.22800000000000001	3.675837247119361
0.22900000000000001	3.7177916912052296
0.23000000000000001	3.760004511
0.23100000000000001	3.8024755418657712
0.23200000000000001	3.8452046104166406
0.23300000000000001	3.8881915345511109
0.23400000000000001	3.931436123484481
0.23500000000000001	3.9749381777812509
0.23600000000000002	4.0186974893875202
0.23700000000000002	4.0627138416633901
0.23800000000000002	4.1069870094153602
0.23900000000000002	4.1515167589287305
0.23999999999999999	4.1963028479999993
0.24099999999999999	4.2413450259692693
0.24199999999999999	4.2866430337526404
0.24299999999999999	4.3321966038746096
0.24399999999999999	4.3780054605004795
0.245	4.4240693194687486
0.246	4.4703878883235211
0.247	4.5169608663468894
0.248	4.5637879445913594
0.249	4.6108688059122294
0.25	4.658203125
0.251	4.7057905684127697
0.252	4.7536307946086396
0.253	4.8017234539781111
0.254	4.8500681888764801
0.255	4.898664633656252
0.25600000000000001	4.9475124146995197
0.25700000000000001	4.9966111504503896
0.25800000000000001	5.0459604514473604
0.25900000000000001	5.09555992035573
0.26000000000000001	5.1454091520000009
0.26100000000000001	5.1955077333962709
0.26200000000000001	5.2458552437846411
0.26300000000000001	5.2964512546616112
0.26400000000000001	5.3472953298124795
0.26500000000000001	5.3983870253437498
0.26600000000000001	5.4497258897155207
0.26700000000000002	5.5013114637738907
0.26800000000000002	5.5531432807833605
0.26900000000000002	5.6052208664592316
0.27000000000000002	5.6575437390000012
0.27100000000000002	5.7101114091197722
0.27200000000000002	5.7629233800806423
0.27300000000000002	5.8159791477251117
0.27400000000000002	5.8692782005084814
0.27500000000000002	5.9228200195312528
0.27600000000000002	5.9766040785715218
0.27700000000000002	6.0306298441173913
0.27800000000000002	6.0848967753993604
0.27900000000000003	6.139404324422733
0.28000000000000003	6.1941519360000008
0.28100000000000003	6.2491390477832702
0.28200000000000003	6.3043650902966428
0.28300000000000003	6.3598294869686107
0.28400000000000003	6.4155316541644813
0.28500000000000003	6.4714710012187515
0.28600000000000003	6.5276469304675224
0.28700000000000003	6.5840588372808915
0.28800000000000003	6.6407061100953619
0.28899999999999998	6.6975881304462286
0.28999999999999998	6.754704272999998
0.29099999999999998	6.812053905586767
0.29199999999999998	6.8696363892326389
0.29299999999999998	6.9274510781921075
0.29399999999999998	6.98549731998048
0.29499999999999998	7.0437744554062505
0.29599999999999999	7.1022818186035197
0.29699999999999999	7.1610187370643885
0.29799999999999999	7.2199845316713596
0.29899999999999999	7.2791785167297283
0.29999999999999999	7.3385999999999978
0.30099999999999999	7.3982482827302682
0.30199999999999999	7.4581226596886392
0.30299999999999999	7.5182224191956104
0.30399999999999999	7.5785468431564791
0.30499999999999999	7.6390952070937495
0.30599999999999999	7.6998667801795193
0.307	7.7608608252678897
0.308	7.8220765989273584
0.309	7.8835133514732298
0.31	7.9451703270000005
0.311	8.0070467634137721
0.312	8.0691418924646392
0.313	8.1314549397791112
0.314	8.19398512489248
0.315	8.2567316612812487
0.316	8.3196937563955196
0.317	8.3828706116913878
0.318	8.4462614226633583
0.31900000000000001	8.5098653788767304
0.32000000000000001	8.573681664000004
0.32100000000000001	8.6377094558372676
0.32200000000000001	8.7019479263606403
0.32300000000000001	8.766396241742612
0.32400000000000001	8.8310535623884796
0.32500000000000001	8.8959190429687478
0.32600000000000001	8.9609918324515192
0.32700000000000001	9.0262710741348915
0.32800000000000001	9.0917559056793618
0.32900000000000001	9.1574454591402308
0.33000000000000002	9.2233388610000002
0.33100000000000002	9.2894352322007716
0.33200000000000002	9.3557336881766435
0.33300000000000002	9.4222333388861124
0.33400000000000002	9.4889332888444802
0.33500000000000002	9.5558326371562519
0.33600000000000002	9.6229304775475235
0.33700000000000002	9.6902258983983884
0.33800000000000002	9.7577179827753628
0.33900000000000002	9.8254058084637315
0.34000000000000002	9.8932884479999998
0.34100000000000003	9.961364968704272
0.34200000000000003	10.029634432712642
0.34300000000000003	10.098095897009612
0.34400000000000003	10.166748413460484
0.34500000000000003	10.235591028843755
0.34600000000000003	10.30462278488352
0.34700000000000003	10.373842718281892
0.34800000000000003	10.443249860751363
0.34900000000000003	10.512843239047234
0.35000000000000003	10.582621875000001
0.35100000000000003	10.652584785547772
0.35199999999999998	10.722730982768638
0.35299999999999998	10.793059473913107
0.35399999999999998	10.86356926143648
0.35499999999999998	10.934259343031245
0.35599999999999998	11.00512871165952
0.35699999999999998	11.076176355585387
0.35799999999999998	11.147401258407356
0.35899999999999999	11.21880239909073
0.35999999999999999	11.290378752000001
0.36099999999999999	11.362129286931269
0.36199999999999999	11.43405296914464
0.36299999999999999	11.506148759396609
0.36399999999999999	11.578415613972478
0.36499999999999999	11.650852484718749
0.36599999999999999	11.723458319075517
0.36699999999999999	11.796232060108888
0.36799999999999999	11.86917264654336
0.36899999999999999	11.942279012794229
0.37	12.015550089
0.371	12.088984801054771
0.372	12.162582070640639
0.373	12.23634081526011
0.374	12.310259948268483
0.375	12.38433837890625
0.376	12.45857501233152
0.377	12.532968749652392
0.378	12.607518487959359
0.379	12.682223120357731
0.38	12.757081536000005
0.38100000000000001	12.832092620118273
0.38200000000000001	12.90725525405664
0.38300000000000001	12.982568315303606
0.38400000000000001	13.05803067752448
0.38500000000000001	13.133641210593749
0.38600000000000001	13.209398780627522
0.38700000000000001	13.285302250015892
0.38800000000000001	13.36135047745536
0.38900000000000001	13.437542317981229
0.39000000000000001	13.513876622999998
0.39100000000000001	13.590352240321772
0.39200000000000002	13.666968014192642
0.39300000000000002	13.74372278532711
0.39400000000000002	13.820615390940484
0.39500000000000002	13.897644664781252
0.39600000000000002	13.974809437163524
0.39700000000000002	14.052108534999391
0.39800000000000002	14.129540781831365
0.39900000000000002	14.207104997864736
0.40000000000000002	14.284800000000002
0.40100000000000002	14.362624601865273
0.40200000000000002	14.440577613848644
0.40300000000000002	14.518657843130615
0.40400000000000003	14.596864093716482
0.40500000000000003	14.675195166468749
0.40600000000000003	14.753649859139522
0.40700000000000003	14.832226966402892
0.40800000000000003	14.910925279887365
0.40900000000000003	14.989743588208231
0.41000000000000003	15.068680676999996
0.41100000000000003	15.147735328948771
0.41200000000000003	15.226906323824643
0.41300000000000003	15.306192438514111
0.41400000000000003	15.385592447052483
0.41500000000000004	15.465105120656254
0.41600000000000004	15.544729227755527
0.41699999999999998	15.624463534026388
0.41799999999999998	15.704306802423359
0.41899999999999998	15.784257793211735
0.41999999999999998	15.864315263999995
0.42099999999999999	15.944477969772274
0.42199999999999999	16.024744662920643
0.42299999999999999	16.105114093277614
0.42399999999999999	16.185585008148472
0.42499999999999999	16.266156152343751
0.42599999999999999	16.346826268211519
0.42699999999999999	16.427594095669885
0.42799999999999999	16.50845837223936
0.42899999999999999	16.589417833075224
0.42999999999999999	16.670471210999999
0.43099999999999999	16.751617236535772
0.432	16.832854637936634
0.433	16.914182141221104
0.434	16.995598470204477
0.435	17.077102346531248
0.436	17.158692489707523
0.437	17.240367617133387
0.438	17.322126444135357
0.439	17.403967683998729
0.44	17.485890047999995
0.441	17.567892245439275
0.442	17.64997298367264
0.443	17.732130968144613
0.44400000000000001	17.814364902420483
0.44500000000000001	17.896673488218752
0.44600000000000001	17.979055425443519
0.44700000000000001	18.061509412216896
0.44800000000000001	18.144034144911362
0.44900000000000001	18.226628318182232
0.45000000000000001	18.309290625000006
0.45100000000000001	18.392019756682767
0.45200000000000001	18.474814402928644
0.45300000000000001	18.557673251848115
0.45400000000000001	18.640594989996476
0.45500000000000002	18.723578302406253
0.45600000000000002	18.806621872619527
0.45700000000000002	18.889724382720388
0.45800000000000002	18.972884513367362
0.45900000000000002	19.056100943825729
0.46000000000000002	19.139372351999995
0.46100000000000002	19.222697414466275
0.46200000000000002	19.30607480650465
0.46300000000000002	19.389503202131618
0.46400000000000002	19.472981274132483
0.46500000000000002	19.556507694093749
0.46600000000000003	19.640081132435526
0.46700000000000003	19.723700258443895
0.46800000000000003	19.807363740303362
0.46900000000000003	19.891070245129232
0.47000000000000003	19.974818439000007
0.47100000000000003	20.05860698698978
0.47200000000000003	20.142434553200637
0.47300000000000003	20.226299800795108
0.47400000000000003	20.310201392028482
0.47500000000000003	20.394137988281258
0.47600000000000003	20.47810825009152
0.47700000000000004	20.56211083718739
0.47800000000000004	20.646144408519365
0.47900000000000004	20.730207622292731
0.47999999999999998	20.814299135999995
0.48099999999999998	20.898417606453268
0.48199999999999998	20.982561689816642
0.48299999999999998	21.066730041638603
0.48399999999999999	21.150921316884482
0.48499999999999999	21.235134169968752
0.48599999999999999	21.319367254787519
0.48699999999999999	21.403619224750887
0.48799999999999999	21.487888732815353
0.48899999999999999	21.572174431516228
0.48999999999999999	21.656474972999995
0.49099999999999999	21.740789009056765
0.49199999999999999	21.825115191152641
0.49299999999999999	21.909452170462107
0.49399999999999999	21.993798597900476
0.495	22.078153124156252
0.496	22.162514399723516
0.497	22.246881074934389
0.498	22.331251799991353
0.499	22.415625224999729
0.5	22.5
0.501	22.58437477500026
0.502	22.66874820000864
0.503	22.753118925065614
0.504	22.83748560027648
0.505	22.921846875843752
0.50600000000000001	23.006201402099524
0.50700000000000001	23.090547829537886
0.50800000000000001	23.174884808847363
0.50900000000000001	23.259210990943242
0.51000000000000001	23.343525027000013
0.51100000000000001	23.427825568483772
0.51200000000000001	23.512111267184633
0.51300000000000001	23.596380775249102
0.51400000000000001	23.680632745212471
0.51500000000000001	23.764865830031244
0.51600000000000001	23.849078683115529
0.51700000000000002	23.933269958361379
0.51800000000000002	24.017438310183366
0.51900000000000002	24.101582393546732
0.52000000000000002	24.185700864000005
0.52100000000000002	24.269792377707265
0.52200000000000002	24.353855591480642
0.52300000000000002	24.437889162812617
0.52400000000000002	24.521891749908487
0.52500000000000002	24.605862011718756
0.52600000000000002	24.689798607971525
0.52700000000000002	24.773700199204885
0.52800000000000002	24.857565446799345
0.52900000000000003	24.941393013010231
0.53000000000000003	25.025181561
0.53100000000000003	25.108929754870783
0.53200000000000003	25.192636259696645
0.53300000000000003	25.276299741556105
0.53400000000000003	25.359918867564488
0.53500000000000003	25.443492305906251
0.53600000000000003	25.527018725867524
0.53700000000000003	25.610496797868393
0.53800000000000003	25.693925193495375
0.53900000000000003	25.777302585533736
0.54000000000000004	25.860627648000008
0.54100000000000004	25.943899056174278
0.54200000000000004	26.027115486632653
0.54300000000000004	26.110275617279619
0.54400000000000004	26.193378127380491
0.54500000000000004	26.27642169759374
0.54600000000000004	26.359405010003528
0.54700000000000004	26.442326748151892
0.54800000000000004	26.525185597071356
0.54900000000000004	26.607980243317229
0.55000000000000004	26.690709375000012
0.55100000000000005	26.773371681817775
0.55200000000000005	26.855965855088648
0.55300000000000005	26.938490587783111
0.55400000000000005	27.020944574556488
0.55500000000000005	27.103326511781251
0.55600000000000005	27.185635097579514
0.55700000000000005	27.267869031855398
0.55800000000000005	27.350027016327374
0.55900000000000005	27.432107754560739
0.56000000000000005	27.514109951999995
0.56100000000000005	27.596032316001267
0.56200000000000006	27.677873555864636
0.56300000000000006	27.759632382866613
0.56400000000000006	27.841307510292484
0.56500000000000006	27.922897653468755
0.56600000000000006	28.004401529795519
0.56700000000000006	28.085817858778888
0.56800000000000006	28.167145362063362
0.56900000000000006	28.248382763464232
0.57000000000000006	28.329528788999994
0.57100000000000006	28.410582166924776
0.57200000000000006	28.491541627760647
0.57300000000000006	28.572405904330118
0.57400000000000007	28.653173731788488
0.57500000000000007	28.733843847656246
0.57600000000000007	28.814414991851521
0.57699999999999996	28.894885906722386
0.57799999999999996	28.975255337079364
0.57899999999999996	29.055522030227728
0.57999999999999996	29.135684735999991
0.58099999999999996	29.215742206788271
0.58199999999999996	29.295693197576632
0.58299999999999996	29.3755364659736
0.58399999999999996	29.455270772244475
0.58499999999999996	29.534894879343746
0.58599999999999997	29.614407552947512
0.58699999999999997	29.693807561485894
0.58799999999999997	29.77309367617536
0.58899999999999997	29.852264671051234
0.58999999999999997	29.931319323000007
0.59099999999999997	30.010256411791762
0.59199999999999997	30.089074720112645
0.59299999999999997	30.167773033597118
0.59399999999999997	30.246350140860471
0.59499999999999997	30.324804833531239
0.59599999999999997	30.403135906283524
0.59699999999999998	30.48134215686941
0.59799999999999998	30.559422386151347
0.59899999999999998	30.637375398134708
0.59999999999999998	30.715199999999982
0.60099999999999998	30.792895002135261
0.60199999999999998	30.87045921816863
0.60299999999999998	30.947891465000612
0.60399999999999998	31.025190562836475
0.60499999999999998	31.102355335218739
0.60599999999999998	31.179384609059532
0.60699999999999998	31.256277214672874
0.60799999999999998	31.333031985807359
0.60899999999999999	31.409647759678236
0.60999999999999999	31.486123377000002
0.61099999999999999	31.56245768201876
0.61199999999999999	31.638649522544643
0.61299999999999999	31.714697749984111
0.61399999999999999	31.790601219372476
0.61499999999999999	31.866358789406227
0.61599999999999999	31.941969322475494
0.61699999999999999	32.017431684696376
0.61799999999999999	32.092744745943357
0.61899999999999999	32.167907379881726
0.62	32.242918464000006
0.621	32.317776879642281
0.622	32.392481512040654
0.623	32.46703125034761
0.624	32.541424987668485
0.625	32.61566162109375
0.626	32.689740051731526
0.627	32.763659184739872
0.628	32.837417929359361
0.629	32.911015198945222
0.63	32.984449910999992
0.63100000000000001	33.057720987205776
0.63200000000000001	33.130827353456624
0.63300000000000001	33.203767939891087
0.63400000000000001	33.27654168092446
0.63500000000000001	33.349147515281267
0.63600000000000001	33.421584386027497
0.63700000000000001	33.493851240603391
0.63800000000000001	33.565947030855355
0.63900000000000001	33.637870713068757
0.64000000000000001	33.70962124800004
0.64100000000000001	33.781197600909259
0.64200000000000002	33.852598741592622
0.64300000000000002	33.923823644414618
0.64400000000000002	33.994871288340477
0.64500000000000002	34.06574065696875
0.64600000000000002	34.136430738563526
0.64700000000000002	34.206940526086917
0.64800000000000002	34.277269017231347
0.64900000000000002	34.347415214452234
0.65000000000000002	34.417378124999971
0.65100000000000002	34.487156760952779
0.65200000000000002	34.556750139248635
0.65300000000000002	34.6261572817181
0.65400000000000003	34.69537721511648
0.65500000000000003	34.764408971156236
0.65600000000000003	34.833251586539532
0.65700000000000003	34.901904102990393
0.65800000000000003	34.970365567287367
0.65900000000000003	35.038635031295726
0.66000000000000003	35.106711552
0.66100000000000003	35.174594191536286
0.66200000000000003	35.242282017224653
0.66300000000000003	35.309774101601604
0.66400000000000003	35.377069522452501
0.66500000000000004	35.444167362843771
0.66600000000000004	35.511066711155536
0.66700000000000004	35.577766661113877
0.66800000000000004	35.644266311823351
0.66900000000000004	35.710564767799227
0.67000000000000004	35.776661139000005
0.67100000000000004	35.842554540859773
0.67200000000000004	35.908244094320644
0.67300000000000004	35.973728925865096
0.67400000000000004	36.039008167548467
0.67500000000000004	36.104080957031243
0.67600000000000005	36.168946437611524
0.67700000000000005	36.233603758257402
0.67800000000000005	36.298052073639369
0.67900000000000005	36.36229054416274
0.68000000000000005	36.426318335999973
0.68100000000000005	36.490134621123296
0.68200000000000005	36.553738577336645
0.68300000000000005	36.617129388308634
0.68400000000000005	36.680306243604484
0.68500000000000005	36.743268338718757
0.68600000000000005	36.806014875107522
0.68700000000000006	36.868545060220889
0.68800000000000006	36.930858107535357
0.68900000000000006	36.992953236586239
0.69000000000000006	37.054829673000029
0.69100000000000006	37.116486648526774
0.69200000000000006	37.177923401072626
0.69300000000000006	37.239139174732102
0.69400000000000006	37.300133219820481
0.69500000000000006	37.360904792906254
0.69600000000000006	37.42145315684354
0.69700000000000006	37.481777580804398
0.69800000000000006	37.541877340311373
0.69900000000000007	37.60175171726975
0.70000000000000007	37.661399999999986
0.70100000000000007	37.720821483270264
0.70200000000000007	37.780015468328642
0.70300000000000007	37.838981262935633
0.70399999999999996	37.897718181396485
0.70499999999999996	37.956225544593771
0.70599999999999996	38.014502680019504
0.70699999999999996	38.072548921807908
0.70799999999999996	38.130363610767375
0.70899999999999996	38.187946094413242
0.70999999999999996	38.245295726999977
0.71099999999999997	38.302411869553808
0.71199999999999997	38.359293889904635
0.71299999999999997	38.415941162719115
0.71399999999999997	38.47235306953246
0.71499999999999997	38.528528998781248
0.71599999999999997	38.584468345835496
0.71699999999999997	38.640170513031379
0.71799999999999997	38.695634909703372
0.71899999999999997	38.750860952216712
0.71999999999999997	38.805848064000017
0.72099999999999997	38.860595675577265
0.72199999999999998	38.915103224600649
0.72299999999999998	38.969370155882594
0.72399999999999998	39.023395921428467
0.72499999999999998	39.077179980468742
0.72599999999999998	39.130721799491532
0.72699999999999998	39.184020852274898
0.72799999999999998	39.237076619919343
0.72899999999999998	39.289888590880196
0.72999999999999998	39.342456261000002
0.73099999999999998	39.394779133540766
0.73199999999999998	39.446856719216612
0.73299999999999998	39.498688536226098
0.73399999999999999	39.550274110284455
0.73499999999999999	39.601612974656256
0.73599999999999999	39.652704670187525
0.73699999999999999	39.703548745338388
0.73799999999999999	39.754144756215361
0.73899999999999999	39.804492266603752
0.73999999999999999	39.854590847999994
0.74099999999999999	39.904440079644274
0.74199999999999999	39.95403954855265
0.74299999999999999	40.00338884954963
0.74399999999999999	40.052487585300462
0.745	40.101335366343775
0.746	40.149931811123516
0.747	40.198276546021887
0.748	40.246369205391382
0.749	40.294209431587277
0.75	40.341796875
0.751	40.38913119408776
0.752	40.436212055408639
0.753	40.483039133653101
0.754	40.529612111676514
0.755	40.575930680531251
0.75600000000000001	40.621994539499525
0.75700000000000001	40.66780339612535
0.75800000000000001	40.713356966247353
0.75900000000000001	40.75865497403074
0.76000000000000001	40.803697152000034
0.76100000000000001	40.848483241071278
0.76200000000000001	40.893012990584658
0.76300000000000001	40.937286158336605
0.76400000000000001	40.981302510612458
0.76500000000000001	41.025061822218746
0.76600000000000001	41.068563876515469
0.76700000000000002	41.111808465448931
0.76800000000000002	41.154795389583363
0.76900000000000002	41.197524458134204
0.77000000000000002	41.239995488999995
0.77100000000000002	41.282208308794779
0.77200000000000002	41.324162752880653
0.77300000000000002	41.365858665400133
0.77400000000000002	41.407295899308501
0.77500000000000002	41.448474316406262
0.77600000000000002	41.489393787371512
0.77700000000000002	41.530054191792409
0.77800000000000002	41.570455418199344
0.77900000000000003	41.6105973640977
0.78000000000000003	41.650479935999961
0.78100000000000003	41.690103049458322
0.78200000000000003	41.729466629096677
0.78300000000000003	41.768570608643586
0.78400000000000003	41.807414930964505
0.78500000000000003	41.845999548093729
0.78600000000000003	41.884324421267507
0.78700000000000003	41.922389520955889
0.78800000000000003	41.960194826895375
0.78900000000000003	41.997740328121239
0.79000000000000004	42.035026023000015
0.79100000000000004	42.072051919261774
0.79200000000000004	42.108818034032659
0.79300000000000004	42.145324393867121
0.79400000000000004	42.181571034780475
0.79500000000000004	42.217558002281265
0.79600000000000004	42.253285351403527
0.79700000000000004	42.288753146739374
0.79800000000000004	42.323961462471367
0.79900000000000004	42.358910382404723
0.80000000000000004	42.393600000000021
0.80100000000000005	42.428030418405292
0.80200000000000005	42.462201750488632
0.80300000000000005	42.496114118870615
0.80400000000000005	42.529767655956498
0.80500000000000005	42.563162503968783
0.80600000000000005	42.596298814979562
0.80700000000000005	42.629176750942896
0.80800000000000005	42.661796483727358
0.80900000000000005	42.694158195148241
0.81000000000000005	42.726262076999973
0.81100000000000005	42.758108331088764
0.81200000000000006	42.78969716926462
0.81300000000000006	42.821028813454134
0.81400000000000006	42.852103495692489
0.81500000000000006	42.882921458156233
0.81600000000000006	42.913482953195555
0.81700000000000006	42.943788243366392
0.81800000000000006	42.97383760146338
0.81900000000000006	43.003631310551739
0.82000000000000006	43.033169663999956
0.82100000000000006	43.062452965512293
0.82200000000000006	43.091481529160632
0.82300000000000006	43.120255679417632
0.82400000000000007	43.148775751188467
0.82500000000000007	43.177042089843759
0.82600000000000007	43.205055051251506
0.82700000000000007	43.232815001809847
0.82800000000000007	43.260322318479382
0.82900000000000007	43.287577388815265
0.83000000000000007	43.314580611000025
0.83100000000000007	43.341332393875767
0.83200000000000007	43.367833156976666
0.83299999999999996	43.394083330561102
0.83399999999999996	43.420083355644486
0.83499999999999996	43.445833684031236
0.83599999999999997	43.47133477834754
0.83699999999999997	43.496587112073399
0.83799999999999997	43.521591169575416
0.83899999999999997	43.546347446138704
0.83999999999999997	43.570856447999965
0.84099999999999997	43.595118692379273
0.84199999999999997	43.619134707512693
0.84299999999999997	43.642905032684574
0.84399999999999997	43.666430218260508
0.84499999999999997	43.68971082571877
0.84599999999999997	43.71274742768356
0.84699999999999998	43.735540607956906
0.84799999999999998	43.758090961551289
0.84899999999999998	43.780399094722227
0.84999999999999998	43.802465625000025
0.85099999999999998	43.824291181222726
0.85199999999999998	43.845876403568646
0.85299999999999998	43.867221943588078
0.85399999999999998	43.888328464236459
0.85499999999999998	43.909196639906241
0.85599999999999998	43.929827156459481
0.85699999999999998	43.950220711260364
0.85799999999999998	43.970378013207281
0.85899999999999999	43.990299782765831
0.85999999999999999	44.00998675200001
0.86099999999999999	44.029439664606237
0.86199999999999999	44.048659275944658
0.86299999999999999	44.067646353071588
0.86399999999999999	44.086401674772453
0.86499999999999999	44.104926031593749
0.86599999999999999	44.123220225875443
0.86699999999999999	44.141285071783905
0.86799999999999999	44.159121395343327
0.86899999999999999	44.176730034469216
0.87	44.194111839000016
0.871	44.211267670729768
0.872	44.228198403440658
0.873	44.244904922935071
0.874	44.261388127068521
0.875	44.27764892578125
0.876	44.293688241131491
0.877	44.309507007327312
0.878	44.325106170759341
0.879	44.340486690032691
0.88	44.355649535999959
0.88100000000000001	44.370595691793262
0.88200000000000001	44.385326152856692
0.88300000000000001	44.399841926978617
0.88400000000000001	44.414144034324465
0.88500000000000001	44.428233507468711
0.88600000000000001	44.442111391427581
0.88700000000000001	44.455778743690878
0.88800000000000001	44.469236634255388
0.88900000000000001	44.482486145656253
0.89000000000000001	44.495528373000042
0.89100000000000001	44.508364423996795
0.89200000000000002	44.520995418992669
0.89300000000000002	44.533422491002085
0.89400000000000002	44.545646785740566
0.89500000000000002	44.557669461656246
0.89600000000000002	44.56949168996352
0.89700000000000002	44.581114654674366
0.89800000000000002	44.592539552631379
0.89900000000000002	44.603767593539729
0.90000000000000002	44.614800000000074
0.90100000000000002	44.62563800754026
0.90200000000000002	44.636282864648557
0.90300000000000002	44.646735832805646
0.90400000000000003	44.656998186516546
0.90500000000000003	44.667071213343796
0.90600000000000003	44.676956213939583
0.90700000000000003	44.686654502077936
0.90800000000000003	44.696167404687337
0.90900000000000003	44.705496261883276
0.91000000000000003	44.714642427000001
0.91100000000000003	44.723607266623809
0.91200000000000003	44.732392160624656
0.91300000000000003	44.740998502189065
0.91400000000000003	44.749427697852447
0.91500000000000004	44.757681167531288
0.91600000000000004	44.765760344555538
0.91700000000000004	44.773666675701392
0.91800000000000004	44.781401621223281
0.91900000000000004	44.78896665488675
0.92000000000000004	44.796363263999986
0.92100000000000004	44.803592949447292
0.92200000000000004	44.810657225720639
0.92300000000000004	44.81755762095257
0.92400000000000004	44.824295676948573
0.92500000000000004	44.830872949218758
0.92600000000000005	44.837291007011579
0.92700000000000005	44.843551433344835
0.92800000000000005	44.849655825039406
0.92900000000000005	44.855605792750211
0.93000000000000005	44.861402960999975
0.93100000000000005	44.867048968210774
0.93200000000000005	44.872545466736696
0.93300000000000005	44.877894122896116
0.93400000000000005	44.883096617004469
0.93500000000000005	44.88815464340631
0.93600000000000005	44.893069910507478
0.93700000000000006	44.897844140808417
0.93800000000000006	44.902479070935357
0.93900000000000006	44.906976451673742
0.94000000000000006	44.911338048000047
0.94100000000000006	44.91556563911427
0.94200000000000006	44.919661018472709
0.94300000000000006	44.923625993819634
0.94400000000000006	44.92746238722043
0.94500000000000006	44.931172035093795
0.94600000000000006	44.934756788243476
0.94700000000000006	44.938218511891854
0.94800000000000006	44.941559085711383
0.94900000000000007	44.944780403857251
0.95000000000000007	44.947884375000086
0.95100000000000007	44.950872922357831
0.95200000000000007	44.953747983728569
0.95300000000000007	44.956511511523168
0.95400000000000007	44.959165472796478
0.95500000000000007	44.961711849281222
0.95600000000000007	44.96415263741951
0.95700000000000007	44.966489848395383
0.95800000000000007	44.968725508167331
0.95900000000000007	44.970861657500755
0.95999999999999996	44.972900352000011
0.96099999999999997	44.974843662141218
0.96199999999999997	44.976693673304638
0.96299999999999997	44.978452485806599
0.96399999999999997	44.980122214932486
0.96499999999999997	44.981704990968758
0.96599999999999997	44.98320295923547
0.96699999999999997	44.98461828011888
0.96799999999999997	44.985953129103386
0.96899999999999997	44.987209696804193
0.96999999999999997	44.988390188999993
0.97099999999999997	44.989496826664777
0.97199999999999998	44.990531846000614
0.97299999999999998	44.991497498470082
0.97399999999999998	44.992396050828482
0.97499999999999998	44.993229785156217
0.97599999999999998	44.994000998891451
0.97699999999999998	44.994712004862393
0.97799999999999998	44.995365131319303
0.97899999999999998	44.995962721967793
0.97999999999999998	44.99650713599997
0.98099999999999998	44.997000748128258
0.98199999999999998	44.997445948616615
0.98299999999999998	44.997845143313633
0.98399999999999999	44.998200753684465
0.98499999999999999	44.998515216843657
0.98599999999999999	44.998790985587533
0.98699999999999999	44.999030528425898
0.98799999999999999	44.999236329615314
0.98899999999999999	44.999410889191182
0.98999999999999999	44.999556723000012
0.99099999999999999	44.999676362731734
0.99199999999999999	44.999772355952587
0.99299999999999999	44.999847266137124
0.99399999999999999	44.999903672700505
0.995	44.999944171031352
0.996	44.99997137252349
0.997	44.999987904609348
0.998	44.999996410791347
0.999	44.999999550674701
1	45
1.0010000000000001	44.999999887584359
1.002	44.999999101349459
1.0030000000000001	44.999996969330276
1.004	44.999992821582723
1.0050000000000001	44.999985990181642
1.006	44.999975809218782
1.0070000000000001	44.99996161480076
1.008	44.999942745047044
1.0090000000000001	44.999918540087926
1.01	44.999888342062498
1.0110000000000001	44.999851495116637
1.012	44.99980734540096
1.0130000000000001	44.999755241068804
1.014	44.999694532274219
1.0150000000000001	44.999624571169925
1.016	44.99954471190528
1.0170000000000001	44.999454310624287
1.018	44.999352725463538
1.0190000000000001	44.999239316550202
1.02	44.999113446000003
1.0210000000000001	44.998974477915169
1.022	44.998821778382457
1.0230000000000001	44.998654715471083
1.024	44.998472659230721
1.0249999999999999	44.998274981689455
1.026	44.998061056851782
1.0269999999999999	44.997830260696567
1.028	44.997581971175038
1.0289999999999999	44.997315568208734
1.03	44.997030433687499
1.0309999999999999	44.996725951467454
1.032	44.996401507368958
1.0329999999999999	44.99605648917462
1.034	44.995690286627223
1.0349999999999999	44.995302291427734
1.036	44.994891897233281
1.0369999999999999	44.994458499655103
1.038	44.994001496256537
1.0389999999999999	44.993520286551018
1.04	44.993014272000003
1.0409999999999999	44.99248285601098
1.042	44.991925443935457
1.0429999999999999	44.991341443066901
1.044	44.990730262638721
1.0449999999999999	44.990091313822269
1.046	44.989424009724779
1.0469999999999999	44.988727765387381
1.048	44.988001997783037
1.0489999999999999	44.987246125814551
1.05	44.986459570312498
1.0509999999999999	44.985641754033267
1.052	44.984792101656957
1.0529999999999999	44.983910039785428
1.054	44.982994996940221
1.0549999999999999	44.982046403560545
1.056	44.981063692001278
1.0569999999999999	44.980046296530915
1.0580000000000001	44.978993653329539
1.0589999999999999	44.97790520048683
1.0600000000000001	44.976780378000001
1.0609999999999999	44.975618627771794
1.0620000000000001	44.974419393608457
1.0629999999999999	44.973182121217711
1.0640000000000001	44.971906258206722
1.0649999999999999	44.970591254080077
1.0660000000000001	44.969236560237782
1.0669999999999999	44.967841629973194
1.0680000000000001	44.96640591847104
1.069	44.96492888280536
1.0700000000000001	44.963409981937502
1.071	44.961848676714077
1.0720000000000001	44.960244429864957
1.073	44.958596706001245
1.0740000000000001	44.95690497161322
1.075	44.955168695068359
1.0760000000000001	44.953387346609283
1.077	44.951560398351724
1.0780000000000001	44.949687324282543
1.079	44.947767600257642
1.0800000000000001	44.945800704
1.081	44.943786115097609
1.0820000000000001	44.941723315001461
1.083	44.939611787023523
1.0840000000000001	44.93745101633472
1.085	44.935240489962894
1.0860000000000001	44.932979696790781
1.087	44.930668127554007
1.0880000000000001	44.92830527483904
1.089	44.925890633081174
1.0900000000000001	44.923423698562502
1.091	44.920903969409892
1.0920000000000001	44.918330945592963
1.093	44.915704128922059
1.0940000000000001	44.913023023046222
1.095	44.91028713345117
1.0960000000000001	44.90749596745728
1.097	44.904649034217542
1.0980000000000001	44.901745844715542
1.099	44.898785911763454
1.1000000000000001	44.895768750000002
1.101	44.892693875888419
1.1020000000000001	44.88956080771446
1.103	44.88636906558434
1.1040000000000001	44.883118171422723
1.105	44.879807648970704
1.1060000000000001	44.87643702378378
1.107	44.873005823229818
1.1080000000000001	44.869513576487037
1.109	44.865959814541988
1.1100000000000001	44.862344070187497
1.111	44.858665878020702
1.1120000000000001	44.85492477444096
1.113	44.851120297647867
1.1140000000000001	44.847251987639218
1.115	44.843319386208982
1.1160000000000001	44.839322036945276
1.117	44.835259485228349
1.1180000000000001	44.83113127822854
1.119	44.82693696490427
1.1200000000000001	44.822676096000002
1.121	44.818348224044236
1.1220000000000001	44.813952903347456
1.123	44.809489690000149
1.1240000000000001	44.804958141870721
1.125	44.800357818603516
1.1260000000000001	44.795688281616776
1.127	44.790949094100633
1.1280000000000001	44.786139821015041
1.129	44.781260029087797
1.1300000000000001	44.776309286812499
1.131	44.771287164446512
1.1320000000000001	44.766193234008959
1.133	44.761027069278683
1.1340000000000001	44.755788245792218
1.135	44.7504763408418
1.1360000000000001	44.745090933473278
1.137	44.73963160448416
1.1380000000000001	44.734097936421541
1.139	44.72848951358008
1.1400000000000001	44.722805921999999
1.141	44.717046749465048
1.1420000000000001	44.711211585500457
1.143	44.705300021370959
1.1440000000000001	44.69931165007872
1.145	44.693246066361326
1.1460000000000001	44.687102866689777
1.147	44.680881649266446
1.1480000000000001	44.674582014023038
1.149	44.668203562618608
1.1500000000000001	44.661745898437502
1.151	44.655208626587324
1.1520000000000001	44.648591353896961
1.153	44.641893688914493
1.1539999999999999	44.635115241905218
1.155	44.628255624849608
1.1559999999999999	44.621314451441279
1.157	44.614291337084978
1.1579999999999999	44.607185898894542
1.159	44.599997755690893
1.1599999999999999	44.592726528
1.161	44.585371838050861
1.1619999999999999	44.577933309773464
1.163	44.570410568796774
1.1639999999999999	44.562803242446719
1.165	44.555110959744141
1.1659999999999999	44.547333351402777
1.167	44.539470049827258
1.1679999999999999	44.531520689111041
1.169	44.523484905034422
1.1699999999999999	44.515362335062498
1.171	44.507152618343142
1.1719999999999999	44.498855395704958
1.173	44.490470309655308
1.1739999999999999	44.481997004378222
1.175	44.473435125732422
1.1759999999999999	44.464784321249283
1.177	44.456044240130787
1.1779999999999999	44.447214533247539
1.179	44.438294853136703
1.1799999999999999	44.429284854000002
1.181	44.420184191701672
1.1819999999999999	44.41099252376646
1.1830000000000001	44.401709509377589
1.1839999999999999	44.392334809374724
1.1850000000000001	44.382868086251953
1.1859999999999999	44.373309004155779
1.1870000000000001	44.363657228883071
1.1879999999999999	44.353912427879038
1.1890000000000001	44.344074270235232
1.1899999999999999	44.334142426687499
1.1910000000000001	44.324116569613949
1.1919999999999999	44.313996373032964
1.1930000000000001	44.30378151260112
1.194	44.293471665611222
1.1950000000000001	44.283066510990231
1.196	44.272565729297284
1.1970000000000001	44.2619690027216
1.198	44.251276015080542
1.1990000000000001	44.240486451817517
1.2	44.229599999999998
1.2010000000000001	44.218616348317482
1.202	44.207535187079458
1.2030000000000001	44.196356208213402
1.204	44.185079105262723
1.2050000000000001	44.173703573384763
1.206	44.162229309348781
1.2070000000000001	44.150656011533883
1.208	44.138983379927041
1.2090000000000001	44.127211116121046
1.21	44.1153389233125
1.2110000000000001	44.103366506299764
1.212	44.091293571480961
1.2130000000000001	44.07911982685193
1.214	44.06684498200422
1.2150000000000001	44.054468748123043
1.216	44.041990837985281
1.2170000000000001	44.02941096595741
1.218	44.016728847993541
1.2190000000000001	44.003944201633331
1.22	43.991056745999998
1.2210000000000001	43.978066201798292
1.222	43.964972291312463
1.2230000000000001	43.951774738404211
1.224	43.93847326851072
1.2250000000000001	43.925067608642578
1.226	43.911557487381778
1.2270000000000001	43.897942634879691
1.228	43.884222782855041
1.2290000000000001	43.870397664591863
1.23	43.8564670149375
1.2310000000000001	43.842430570300579
1.232	43.828288068648959
1.2330000000000001	43.814039249507744
1.234	43.79968385395722
1.2350000000000001	43.785221624630857
1.236	43.770652305713277
1.2370000000000001	43.755975642938225
1.238	43.741191383586539
1.2390000000000001	43.726299276484141
1.24	43.711299072000003
1.2410000000000001	43.696190522044105
1.242	43.68097338006546
1.2430000000000001	43.665647401050023
1.244	43.650212341518717
1.2450000000000001	43.634667959525387
1.246	43.61901401465478
1.2470000000000001	43.603250268020503
1.248	43.587376482263039
1.2490000000000001	43.571392421547671
1.25	43.5552978515625
1.2510000000000001	43.539092539516389
1.252	43.522776254136957
1.2530000000000001	43.506348765668555
1.254	43.489809845870219
1.2550000000000001	43.473159268013667
1.256	43.45639680688128
1.2570000000000001	43.439522238764035
1.258	43.422535341459543
1.2590000000000001	43.405435894269949
1.26	43.388223678000003
1.2610000000000001	43.37089847495492
1.262	43.35346006893846
1.2630000000000001	43.335908245250835
1.264	43.318242790686718
1.2650000000000001	43.300463493533201
1.266	43.282570143567781
1.2670000000000001	43.264562532056317
1.268	43.246440451751042
1.2690000000000001	43.228203696888485
1.27	43.209852063187498
1.2710000000000001	43.191385347847202
1.272	43.172803349544957
1.2730000000000001	43.154105868434364
1.274	43.135292706143218
1.2750000000000001	43.11636366577148
1.276	43.097318551889281
1.2770000000000001	43.078157170534851
1.278	43.058879329212537
1.2790000000000001	43.039484836890765
1.28	43.019973503999999
1.2809999999999999	43.000345142430731
1.282	42.980599565531456
1.2829999999999999	42.960736588106649
1.284	42.940756026414718
1.2849999999999999	42.920657698166018
1.286	42.900441422520778
1.2869999999999999	42.880107020087131
1.288	42.859654312919041
1.2889999999999999	42.839083124514303
1.29	42.818393279812497
1.2909999999999999	42.797584605193016
1.292	42.77665692847296
1.2929999999999999	42.755610078905178
1.294	42.734443887176219
1.2949999999999999	42.713158185404296
1.296	42.691752807137277
1.2969999999999999	42.670227587350666
1.298	42.648582362445538
1.2989999999999999	42.62681697024658
1.3	42.60493125
1.3009999999999999	42.582925042371549
1.302	42.560798189444462
1.3029999999999999	42.538550534717466
1.304	42.516181923102721
1.3049999999999999	42.493692200923832
1.306	42.471081215913777
1.3069999999999999	42.448348817212946
1.3080000000000001	42.425494855367042
1.3089999999999999	42.402519182325115
1.3100000000000001	42.379421651437497
1.3109999999999999	42.356202117453826
1.3120000000000001	42.33286043652096
1.3129999999999999	42.309396466180992
1.3140000000000001	42.285810065369219
1.3149999999999999	42.26210109441211
1.3160000000000001	42.238269415025279
1.3169999999999999	42.214314890311478
1.3180000000000001	42.190237384758539
1.319	42.16603676423739
1.3200000000000001	42.141712896000001
1.321	42.11726564867736
1.3220000000000001	42.092694892277457
1.323	42.068000498183274
1.3240000000000001	42.043182339150718
1.325	42.01824028930664
1.3260000000000001	41.993174224146777
1.327	41.967984020533756
1.3280000000000001	41.942669556695037
1.329	41.917230712220928
1.3300000000000001	41.8916673680625
1.331	41.86597940652964
1.3320000000000001	41.840166711288958
1.333	41.814229167361809
1.3340000000000001	41.788166661122219
1.335	41.761979080294921
1.3360000000000001	41.735666313953274
1.337	41.709228252517292
1.3380000000000001	41.682664787751541
1.339	41.655975812763202
1.3400000000000001	41.629161222
1.341	41.602220911248168
1.3420000000000001	41.575154777630459
1.343	41.547962719604087
1.3440000000000001	41.520644636958714
1.345	41.493200430814454
1.3460000000000001	41.465630003619779
1.347	41.437933259149567
1.3480000000000001	41.41011010250304
1.349	41.382160440101735
1.3500000000000001	41.354084179687497
1.351	41.325881230320455
1.3520000000000001	41.297551502376955
1.353	41.269094907547618
1.3540000000000001	41.240511358835221
1.355	41.211800770552735
1.3560000000000001	41.182963058321278
1.357	41.153998139068101
1.3580000000000001	41.124905931024536
1.359	41.09568635372402
1.3600000000000001	41.066339327999998
1.361	41.036864775983986
1.3620000000000001	41.007262621103457
1.363	40.977532788079898
1.3640000000000001	40.947675202926717
1.365	40.917689792947264
1.3660000000000001	40.887576486732776
1.367	40.857335214160386
1.3680000000000001	40.826965906391038
1.369	40.796468495867551
1.3700000000000001	40.765842916312494
1.371	40.735089102726263
1.3720000000000001	40.704206991384957
1.373	40.673196519838427
1.3740000000000001	40.642057626908219
1.375	40.610790252685547
1.3760000000000001	40.579394338529276
1.377	40.547869827063913
1.3780000000000001	40.516216662177534
1.379	40.484434789019829
1.3800000000000001	40.452524153999995
1.381	40.420484704784798
1.3820000000000001	40.38831639029646
1.383	40.356019160710716
1.3840000000000001	40.323592967454715
1.385	40.291037763205075
1.3860000000000001	40.258353501885779
1.387	40.22554013866619
1.3880000000000001	40.192597629959039
1.389	40.159525933418365
1.3900000000000001	40.126325007937496
1.391	40.092994813647074
1.3920000000000001	40.059535311912953
1.393	40.025946465334243
1.3940000000000001	39.992228237741216
1.395	39.958380594193358
1.3960000000000001	39.924403500977277
1.397	39.890296925604723
1.3980000000000001	39.856060836810535
1.399	39.821695204550636
1.4000000000000001	39.787199999999999
1.401	39.752575195550605
1.4020000000000001	39.717820764809453
1.403	39.68293668259652
1.4040000000000001	39.647922924942719
1.405	39.61277946908789
1.4060000000000001	39.577506293478777
1.407	39.542103377767006
1.4079999999999999	39.506570702807039
1.409	39.470908250654176
1.4099999999999999	39.435116004562502
1.411	39.399193948982891
1.4119999999999999	39.363142069560965
1.413	39.326960353135057
1.4139999999999999	39.29064878773422
1.415	39.254207362576167
1.4159999999999999	39.217636068065282
1.417	39.180934895790536
1.4179999999999999	39.144103838523542
1.419	39.107142890216451
1.4199999999999999	39.070052046000001
1.421	39.032831302181421
1.4219999999999999	38.995480656242464
1.423	38.958000106837339
1.4239999999999999	38.920389653790721
1.425	38.8826492980957
1.4259999999999999	38.844779041911778
1.427	38.806778888562818
1.4279999999999999	38.768648842535043
1.429	38.730388909474982
1.4299999999999999	38.691999096187502
1.431	38.6534794106337
1.4319999999999999	38.61482986192896
1.4330000000000001	38.576050460340866
1.4339999999999999	38.537141217287221
1.4350000000000001	38.498102145333981
1.4359999999999999	38.458933258193284
1.4370000000000001	38.41963457072135
1.4379999999999999	38.380206098916545
1.4390000000000001	38.340647859917269
1.4399999999999999	38.300959872
1.4410000000000001	38.261142154577229
1.4419999999999999	38.221194728195464
1.4430000000000001	38.18111761453315
1.444	38.140910836398724
1.4450000000000001	38.10057441772851
1.446	38.060108383584783
1.4470000000000001	38.019512760153631
1.448	37.978787574743038
1.4490000000000001	37.937932855780794
1.45	37.896948632812503
1.4510000000000001	37.855834936499512
1.452	37.814591798616959
1.4530000000000001	37.773219252051675
1.454	37.731717330800222
1.4550000000000001	37.690086069966796
1.456	37.648325505761278
1.4570000000000001	37.60643567549716
1.458	37.564416617589544
1.4590000000000001	37.522268371553075
1.46	37.479990978000004
1.4610000000000001	37.437584478638044
1.462	37.395048916268465
1.4630000000000001	37.352384334783963
1.464	37.309590779166719
1.4650000000000001	37.266668295486326
1.466	37.223616930897776
1.4670000000000001	37.180436733639439
1.468	37.137127753031045
1.4690000000000001	37.09369003947161
1.47	37.050123644437498
1.4710000000000001	37.006428620480321
1.472	36.96260502122496
1.4730000000000001	36.918652901367494
1.474	36.874572316673223
1.4750000000000001	36.830363323974609
1.476	36.786025981169281
1.4770000000000001	36.74156034721797
1.478	36.696966482142543
1.4790000000000001	36.65224444702389
1.48	36.607394304000003
1.4810000000000001	36.562416116263854
1.482	36.51730994806146
1.4830000000000001	36.472075864689771
1.484	36.426713932494721
1.4850000000000001	36.381224218869136
1.486	36.335606792250779
1.4870000000000001	36.28986172212025
1.488	36.243989078999043
1.4890000000000001	36.197988934447416
1.49	36.151861361062501
1.4910000000000001	36.105606432476137
1.492	36.059224223352956
1.4930000000000001	36.012714809388299
1.494	35.966078267306223
1.4950000000000001	35.919314674857418
1.496	35.872424110817278
1.4970000000000001	35.82540665498378
1.498	35.778262388175541
1.4990000000000001	35.730991392229697
1.5	35.68359375
1.5010000000000001	35.636069545354665
1.502	35.588418863174461
1.5030000000000001	35.54064178935058
1.504	35.492738410782721
1.5050000000000001	35.444708815376949
1.506	35.396553092043774
1.5070000000000001	35.348271330696065
1.508	35.299863622247038
1.5090000000000001	35.251330058608232
1.51	35.202670732687494
1.5110000000000001	35.153885738386947
1.512	35.104975170600959
1.5130000000000001	35.05593912521411
1.514	35.006777699099217
1.5150000000000001	34.957490990115225
1.516	34.908079097105279
1.5170000000000001	34.858542119894594
1.518	34.808880159288542
1.5190000000000001	34.759093317070509
1.52	34.709181696000002
1.5210000000000001	34.659145399810477
1.522	34.608984533207462
1.5230000000000001	34.558699201866396
1.524	34.508289512430721
1.5250000000000001	34.457755572509761
1.526	34.407097490676776
1.5270000000000001	34.356315376466874
1.528	34.305409340375043
1.5290000000000001	34.254379493854046
1.53	34.203225949312497
1.5310000000000001	34.151948820112757
1.532	34.10054822056896
1.5330000000000001	34.049024265944922
1.534	33.997377072452217
1.5350000000000001	33.945606757248036
1.536	33.893713438433281
1.5369999999999999	33.841697235050418
1.538	33.789558267081539
1.5389999999999999	33.737296655446329
1.54	33.684912521999998
1.5409999999999999	33.6324059895313
1.542	33.579777181760456
1.5429999999999999	33.527026223337216
1.544	33.474153239838714
1.5449999999999999	33.421158357767581
1.546	33.368041704549775
1.5469999999999999	33.314803408532697
1.548	33.261443598983035
1.5489999999999999	33.20796240608486
1.55	33.154359960937498
1.5509999999999999	33.100636395553579
1.552	33.046791842856955
1.5529999999999999	32.992826436680744
1.554	32.938740311765216
1.5549999999999999	32.884533603755862
1.556	32.830206449201278
1.5569999999999999	32.775758985551235
1.5580000000000001	32.72119135115453
1.5589999999999999	32.666503685257148
1.5600000000000001	32.611696127999998
1.5609999999999999	32.556768820417112
1.5620000000000001	32.50172190443346
1.5629999999999999	32.446555522863029
1.5640000000000001	32.391269819406716
1.5649999999999999	32.335864938650396
1.5660000000000001	32.280341026062779
1.5669999999999999	32.224698227993514
1.5680000000000001	32.168936691671036
1.569	32.113056565200679
1.5700000000000001	32.057057997562495
1.571	32.000941138609392
1.5720000000000001	31.944706139064955
1.573	31.888353150521564
1.5740000000000001	31.831882325438215
1.575	31.775293817138671
1.5760000000000001	31.718587779809276
1.577	31.661764368497039
1.5780000000000001	31.604823739107538
1.579	31.547766048402956
1.5800000000000001	31.490591453999997
1.581	31.433300114367924
1.5820000000000001	31.375892188826459
1.583	31.318367837543839
1.5840000000000001	31.260727221534715
1.585	31.202970502658204
1.5860000000000001	31.145097843615773
1.587	31.08710940794932
1.5880000000000001	31.029005360039033
1.589	30.970785865101487
1.5900000000000001	30.912451089187492
1.591	30.854001199180203
1.5920000000000001	30.795436362792955
1.593	30.73675674856737
1.5940000000000001	30.677962525871216
1.595	30.619053864896486
1.5960000000000001	30.56003093665727
1.597	30.500893912987848
1.5980000000000001	30.441642966540531
1.599	30.382278270783772
1.6000000000000001	30.322799999999994
1.601	30.263208329283735
1.6020000000000001	30.203503434539456
1.603	30.143685492479651
1.6040000000000001	30.083754680622718
1.605	30.02371117729102
1.6060000000000001	29.963555161608774
1.607	29.903286813500134
1.6080000000000001	29.842906313687031
1.609	29.782413843687298
1.6100000000000001	29.721809585812494
1.611	29.661093723166019
1.6120000000000001	29.600266439640954
1.613	29.539327919918183
1.6140000000000001	29.478278349464212
1.615	29.4171179145293
1.6160000000000001	29.355846802145276
1.617	29.294465200123664
1.6180000000000001	29.232973297053533
1.619	29.171371282299582
1.6200000000000001	29.109659345999994
1.621	29.047837679064543
1.6220000000000001	28.985906473172452
1.623	28.923865920770464
1.6240000000000001	28.861716215070707
1.625	28.799457550048828
1.6260000000000001	28.737090120441771
1.627	28.67461412174595
1.6280000000000001	28.612029750215033
1.629	28.549337202858112
1.6300000000000001	28.486536677437496
1.631	28.423628372466826
1.6320000000000001	28.360612487208954
1.633	28.297489221673995
1.6340000000000001	28.234258776617214
1.635	28.170921353537103
1.6360000000000001	28.107477154673269
1.637	28.043926383004475
1.6380000000000001	27.980269242246528
1.639	27.916505936850388
1.6400000000000001	27.852636671999992
1.641	27.788661653610358
1.6420000000000001	27.724581088325451
1.643	27.660395183516272
1.6440000000000001	27.596104147278712
1.645	27.531708188431637
1.6460000000000001	27.467207516514776
1.647	27.40260234178675
1.6480000000000001	27.337892875223027
1.649	27.273079328513923
1.6500000000000001	27.20816191406249
1.651	27.143140844982636
1.6520000000000001	27.078016335096951
1.653	27.012788598934804
1.6540000000000001	26.94745785173021
1.655	26.882024309419922
1.6560000000000001	26.816488188641269
1.657	26.750849706730286
1.6580000000000001	26.685109081719531
1.659	26.619266532336205
1.6600000000000001	26.553322277999989
1.661	26.487276538821167
1.6620000000000001	26.421129535598453
1.663	26.354881489817085
1.6640000000000001	26.288532623646713
1.665	26.222083159939448
1.6659999999999999	26.155533322227782
1.667	26.088883334722571
1.6679999999999999	26.02213342231104
1.669	25.955283810554736
1.6699999999999999	25.888334725687507
1.671	25.821286394613448
1.6719999999999999	25.754139044904964
1.673	25.686892904800619
1.6739999999999999	25.619548203203223
1.675	25.552105169677731
1.6759999999999999	25.484564034449285
1.677	25.416925028401096
1.6779999999999999	25.349188383072544
1.679	25.28135433065701
1.6799999999999999	25.213423103999997
1.681	25.145394936596979
1.6819999999999999	25.077270062591467
1.6830000000000001	25.009048716772892
1.6839999999999999	24.940731134574726
1.6850000000000001	24.872317552072261
1.6859999999999999	24.803808205980783
1.6870000000000001	24.735203333653377
1.6879999999999999	24.666503173079043
1.6890000000000001	24.597707962880545
1.6899999999999999	24.5288179423125
1.6910000000000001	24.45983335125926
1.6919999999999999	24.390754430232963
1.6930000000000001	24.32158142037143
1.694	24.252314563436222
1.6950000000000001	24.182954101810541
1.696	24.113500278497284
1.6970000000000001	24.043953337116907
1.698	23.97431352190554
1.6990000000000001	23.904581077712823
1.7	23.834756250000005
1.7010000000000001	23.764839284837795
1.702	23.694830428904464
1.7030000000000001	23.624729929483706
1.704	23.554538034462723
1.7050000000000001	23.484254992330076
1.706	23.413881052173785
1.7070000000000001	23.343416463679183
1.708	23.272861477127041
1.7090000000000001	23.20221634339136
1.71	23.13148131393751
1.7110000000000001	23.060656640820071
1.712	22.98974257668096
1.7130000000000001	22.918739374747236
1.714	22.847647288829226
1.7150000000000001	22.776466573318356
1.716	22.705197483185287
1.7170000000000001	22.633840273977722
1.718	22.562395201818539
1.7190000000000001	22.490862523403639
1.72	22.419242495999999
1.7210000000000001	22.347535377443606
1.722	22.275741426137461
1.7230000000000001	22.20386090104952
1.724	22.131894061710721
1.7250000000000001	22.059841168212884
1.726	21.987702481206782
1.7270000000000001	21.915478261899999
1.728	21.843168772055044
1.7290000000000001	21.770774273987168
1.73	21.698295030562502
1.7310000000000001	21.625731305195877
1.732	21.553083361848966
1.7330000000000001	21.480351465028047
1.734	21.407535879782223
1.7350000000000001	21.334636871701161
1.736	21.26165470691328
1.7370000000000001	21.188589652083529
1.738	21.115441974411542
1.7390000000000001	21.042211941629446
1.74	20.968899822000001
1.7410000000000001	20.89550588431441
1.742	20.822030397890458
1.7430000000000001	20.748473632570327
1.744	20.674835858718723
1.7450000000000001	20.60111734722069
1.746	20.527318369479779
1.7470000000000001	20.453439197415811
1.748	20.379480103463035
1.7490000000000001	20.305441360567976
1.75	20.2313232421875
1.7510000000000001	20.1571260222867
1.752	20.082849975336959
1.7530000000000001	20.008495376313849
1.754	19.934062500695216
1.7550000000000001	19.859551624458977
1.756	19.784963024081282
1.7570000000000001	19.710296976534337
1.758	19.635553759284537
1.7590000000000001	19.560733650290253
1.76	19.485836927999991
1.7610000000000001	19.41086387135022
1.762	19.335814759763455
1.7630000000000001	19.260689873146138
1.764	19.18548949188672
1.7650000000000001	19.110213896853512
1.766	19.034863369392788
1.7670000000000001	18.959438191326619
1.768	18.883938644951041
1.7690000000000001	18.808365013033793
1.77	18.732717578812501
1.7710000000000001	18.656996625992509
1.772	18.581202438744956
1.7730000000000001	18.505335301704669
1.774	18.429395499968216
1.7750000000000001	18.353383319091787
1.776	18.277299045089279
1.7770000000000001	18.201142964430154
1.778	18.124915364037541
1.7790000000000001	18.048616531286076
1.78	17.972246754000004
1.7810000000000001	17.89580632045104
1.782	17.819295519356455
1.7830000000000001	17.742714639876958
1.784	17.666063971614715
1.7850000000000001	17.589343804611321
1.786	17.51255442934578
1.7870000000000001	17.435696136732439
1.788	17.358769218119033
1.7890000000000001	17.281773965284593
1.79	17.204710670437496
1.7910000000000001	17.127579626213315
1.792	17.050381125672953
1.7929999999999999	16.973115462300498
1.794	16.895782930001218
1.7949999999999999	16.818383823099609
1.796	16.740918436337271
1.7969999999999999	16.663387064870985
1.798	16.585790004270528
1.7989999999999999	16.508127550516903
1.8	16.430399999999995
1.8009999999999999	16.352607649516866
1.802	16.274750796269455
1.8029999999999999	16.196829737862785
1.804	16.118844772302712
1.8049999999999999	16.04079619799414
1.806	15.96268431373877
1.8069999999999999	15.884509418733259
1.8080000000000001	15.806271812567037
1.8089999999999999	15.727971795220427
1.8100000000000001	15.649609667062503
1.8109999999999999	15.571185728849152
1.8120000000000001	15.492700281720957
1.8129999999999999	15.414153627201301
1.8140000000000001	15.335546067194215
1.8149999999999999	15.256877903982424
1.8160000000000001	15.178149440225269
1.8169999999999999	15.099360978956792
1.8180000000000001	15.020512823583537
1.819	14.941605277882708
1.8200000000000001	14.862638646000008
1.821	14.783613232447674
1.8220000000000001	14.704529342102457
1.823	14.62538728020359
1.8240000000000001	14.546187352350714
1.825	14.466929864501942
1.8260000000000001	14.387615122971777
1.827	14.30824343442908
1.8280000000000001	14.228815105895034
1.829	14.149330444741231
1.8300000000000001	14.069789758687492
1.831	13.990193355799949
1.8320000000000001	13.910541544488947
1.833	13.830834633507123
1.8340000000000001	13.751072931947213
1.835	13.671256749240243
1.8360000000000001	13.591386395153272
1.837	13.5114621797876
1.8380000000000001	13.431484413576531
1.839	13.351453407283522
1.8400000000000001	13.271369471999996
1.841	13.191232919143488
1.8420000000000001	13.111044060455455
1.843	13.030803207999408
1.8440000000000001	12.950510674158714
1.845	12.870166771634764
1.8460000000000001	12.789771813444787
1.847	12.709326112919882
1.8480000000000001	12.628829983703028
1.849	12.548283739747056
1.8500000000000001	12.467687695312499
1.851	12.387042164965777
1.8520000000000001	12.306347463576962
1.853	12.225603906317936
1.8540000000000001	12.144811808660208
1.855	12.063971486373049
1.8560000000000001	11.983083255521279
1.857	11.902147432463423
1.8580000000000001	11.821164333849516
1.859	11.740134276619315
1.8600000000000001	11.659057578000002
1.861	11.577934555504299
1.8620000000000001	11.496765526928449
1.863	11.415550810350219
1.8640000000000001	11.33429072412671
1.865	11.252985586892578
1.8660000000000001	11.171635717557777
1.867	11.090241435305693
1.8680000000000001	11.008803059591031
1.869	10.927320910137858
1.8700000000000001	10.845795306937482
1.871	10.764226570246571
1.8720000000000001	10.682615020584954
1.873	10.600960978733752
1.8740000000000001	10.519264765733197
1.875	10.437526702880859
1.8760000000000001	10.355747111729279
1.877	10.273926314084235
1.8780000000000001	10.192064632002534
1.879	10.110162387790147
1.8800000000000001	10.02821990399999
1.881	9.9462375034301047
1.8820000000000001	9.8642155091214576
1.883	9.7821542443560219
1.8840000000000001	9.7000540326547124
1.885	9.6179151977753889
1.8860000000000001	9.5357380637107667
1.887	9.4535229546865054
1.8880000000000001	9.3712701951590205
1.889	9.2889801098136644
1.8900000000000001	9.2066530235624811
1.891	9.124289261542387
1.8920000000000001	9.0418891491129472
1.893	8.9594530118545563
1.8940000000000001	8.8769811755662076
1.895	8.7944739662636664
1.8960000000000001	8.7119317101772751
1.897	8.6293547337500414
1.8980000000000001	8.5467433636355281
1.899	8.4640979266959491
1.9000000000000001	8.3814187499999946
1.901	8.2987061608209203
1.9020000000000001	8.2159604866344509
1.903	8.1331820551168263
1.9040000000000001	8.0503711941427056
1.905	7.9675282317831915
1.9060000000000001	7.8846534963037556
1.907	7.801747316162313
1.9080000000000001	7.7188100200070338
1.909	7.6358419366744741
1.9100000000000001	7.5528433951874945
1.911	7.4698147247531921
1.9120000000000001	7.3867562547609538
1.913	7.3036683147803672
1.9140000000000001	7.2205512345592027
1.915	7.1374053440214738
1.9160000000000001	7.0542309732652626
1.917	6.9710284525608444
1.9180000000000001	6.8877981123485199
1.919	6.8045402832367614
1.9199999999999999	6.7212552959999954
1.921	6.6379434815767269
1.9219999999999999	6.5546051710674718
1.923	6.4712406957326536
1.9239999999999999	6.3878503869907206
1.925	6.304434576416007
1.9259999999999999	6.2209935957367861
1.927	6.1375277768331387
1.9279999999999999	6.0540374517350344
1.929	5.9705229526202999
1.9299999999999999	5.886984611812494
1.931	5.8034227617790108
1.9319999999999999	5.7198377351289551
1.9330000000000001	5.636229864611181
1.9339999999999999	5.5525994831122318
1.9350000000000001	5.4689469236542791
1.9359999999999999	5.3852725193932898
1.9370000000000001	5.3015766036166525
1.9379999999999999	5.2178595097415581
1.9390000000000001	5.1341215713125692
1.9399999999999999	5.0503631220000074
1.9410000000000001	4.9665844955975444
1.9419999999999999	4.8827860260204616
1.9430000000000001	4.7989680473034539
1.944	4.7151308935987259
1.9450000000000001	4.6312748991738104
1.946	4.5474003984097777
1.9470000000000001	4.4635077257989408
1.948	4.3795972159430647
1.9490000000000001	4.2956692035510997
1.95	4.2117240234375117
1.9510000000000001	4.1277620105198096
1.952	4.0437834998169464
1.9530000000000001	3.9597888264469816
1.954	3.8757783256252338
1.9550000000000001	3.7917523326621136
1.956	3.7077111829612761
1.9570000000000001	3.6236552120174679
1.958	3.5395847554145448
1.9590000000000001	3.4555001488233827
1.96	3.3714017280000093
1.9610000000000001	3.2872898287833365
1.962	3.2031647870934634
1.9630000000000001	3.1190269389292595
1.964	3.0348766203667168
1.9650000000000001	2.9507141675566331
1.966	2.8665399167227932
1.9670000000000001	2.7823542041597449
1.968	2.6981573662310367
1.9690000000000001	2.613949739366916
1.97	2.5297316600624953
1.9710000000000001	2.4455034648756211
1.972	2.3612654904249624
1.9730000000000001	2.2770180733877936
1.974	2.1927615504982256
1.9750000000000001	2.1084962585449105
1.976	2.0242225343692937
1.9770000000000001	1.9399407148632903
1.978	1.8556511369675448
1.9790000000000001	1.7713541376692064
1.98	1.6870500540000108
1.9810000000000001	1.6027392230341704
1.982	1.518421981886469
1.9830000000000001	1.4340986677100673
1.984	1.3497696176947187
1.9850000000000001	1.2654351690644461
1.986	1.1810956590757868
1.9870000000000001	1.0967514250155688
1.988	1.0124028041990485
1.9890000000000001	0.92805013396772296
1.99	0.84369375168749627
1.9910000000000001	0.75933399474644858
1.992	0.67497120055296733
1.9930000000000001	0.59060570653359434
1.994	0.50623785013122102
1.9950000000000001	0.42186796880272937
1.996	0.33749640001729375
1.9970000000000001	0.25312348125410011
1.998	0.16874955000054115
1.9990000000000001	0.084374943749999431
2	0
2.0009999999999999	-0.084374943750020748
2.0020000000000002	-0.16874955000054825
2.0030000000000001	-0.25312348125412143
2.004	-0.33749640001727954
2.0049999999999999	-0.42186796880271515
2.0060000000000002	-0.50623785013125655
2.0070000000000001	-0.59060570653365829
2.008	-0.67497120055296023
2.0089999999999999	-0.75933399474642727
2.0100000000000002	-0.8436937516875247
2.0110000000000001	-0.92805013396775848
2.012	-1.0124028041990485
2.0129999999999999	-1.0967514250155546
2.0140000000000002	-1.1810956590758011
2.0150000000000001	-1.2654351690644674
2.016	-1.3497696176947258
2.0169999999999999	-1.4340986677100673
2.0180000000000002	-1.5184219818864833
2.0190000000000001	-1.6027392230341917
2.02	-1.6870500540000251
2.0209999999999999	-1.7713541376691921
2.0220000000000002	-1.8556511369675661
2.0230000000000001	-1.9399407148632974
2.024	-2.0242225343692652
2.0249999999999999	-2.1084962585449176
2.0260000000000002	-2.1927615504982469
2.0270000000000001	-2.277018073387822
2.028	-2.361265490424941
2.0289999999999999	-2.4455034648756424
2.0300000000000002	-2.5297316600625308
2.0310000000000001	-2.6139497393669231
2.032	-2.6981573662310581
2.0329999999999999	-2.7823542041597236
2.0340000000000003	-2.866539916722779
2.0350000000000001	-2.9507141675566331
2.036	-3.034876620366731
2.0369999999999999	-3.1190269389292666
2.0380000000000003	-3.2031647870934634
2.0390000000000001	-3.2872898287833721
2.04	-3.3714017280000093
2.0409999999999999	-3.4555001488233685
2.0420000000000003	-3.5395847554145519
2.0430000000000001	-3.623655212017475
2.044	-3.7077111829612832
2.0449999999999999	-3.7917523326621065
2.0460000000000003	-3.8757783256252196
2.0470000000000002	-3.9597888264469958
2.048	-4.0437834998169748
2.0489999999999999	-4.1277620105198238
2.0499999999999998	-4.2117240234375046
2.0510000000000002	-4.2956692035511566
2.052	-4.3795972159430505
2.0529999999999999	-4.4635077257989337
2.0539999999999998	-4.5474003984097706
2.0550000000000002	-4.6312748991738459
2.056	-4.7151308935986904
2.0569999999999999	-4.7989680473034753
2.0579999999999998	-4.8827860260204616
2.0590000000000002	-4.9665844955975444
2.0600000000000001	-5.0503631220000003
2.0609999999999999	-5.1341215713125763
2.0619999999999998	-5.2178595097415013
2.0630000000000002	-5.3015766036166667
2.0640000000000001	-5.3852725193932898
2.0649999999999999	-5.4689469236542791
2.0659999999999998	-5.5525994831122105
2.0670000000000002	-5.6362298646112166
2.0680000000000001	-5.7198377351289764
2.069	-5.8034227617790108
2.0699999999999998	-5.8869846118125011
2.0710000000000002	-5.970522952620307
2.0720000000000001	-6.0540374517350486
2.073	-6.1375277768331316
2.0739999999999998	-6.2209935957367861
2.0750000000000002	-6.3044345764160425
2.0760000000000001	-6.387850386990749
2.077	-6.4712406957326252
2.0779999999999998	-6.5546051710674575
2.0790000000000002	-6.6379434815767411
2.0800000000000001	-6.7212552960000167
2.081	-6.8045402832367614
2.0819999999999999	-6.8877981123485057
2.0830000000000002	-6.9710284525608657
2.0840000000000001	-7.0542309732653052
2.085	-7.1374053440214595
2.0859999999999999	-7.2205512345592027
2.0870000000000002	-7.3036683147803885
2.0880000000000001	-7.3867562547609822
2.089	-7.4698147247531992
2.0899999999999999	-7.5528433951875016
2.0910000000000002	-7.6358419366744954
2.0920000000000001	-7.7188100200070551
2.093	-7.801747316162313
2.0939999999999999	-7.884653496303784
2.0950000000000002	-7.9675282317832128
2.0960000000000001	-8.0503711941427127
2.097	-8.1331820551168263
2.0979999999999999	-8.2159604866344509
2.0990000000000002	-8.2987061608209416
2.1000000000000001	-8.381418750000023
2.101	-8.4640979266959633
2.1019999999999999	-8.5467433636355352
2.1030000000000002	-8.6293547337500485
2.1040000000000001	-8.7119317101772964
2.105	-8.7944739662636735
2.1059999999999999	-8.8769811755662076
2.1070000000000002	-8.9594530118545777
2.1080000000000001	-9.0418891491129756
2.109	-9.1242892615423798
2.1099999999999999	-9.2066530235624953
2.1110000000000002	-9.288980109813707
2.1120000000000001	-9.3712701951590276
2.113	-9.4535229546865338
2.1139999999999999	-9.5357380637107454
2.1150000000000002	-9.6179151977753747
2.1160000000000001	-9.700054032654748
2.117	-9.7821542443560219
2.1179999999999999	-9.8642155091214505
2.1190000000000002	-9.9462375034301331
2.1200000000000001	-10.02821990399999
2.121	-10.11016238779014
2.1219999999999999	-10.192064632002534
2.1230000000000002	-10.273926314084264
2.1240000000000001	-10.355747111729272
2.125	-10.437526702880859
2.1259999999999999	-10.519264765733183
2.1270000000000002	-10.600960978733788
2.1280000000000001	-10.682615020584969
2.129	-10.764226570246585
2.1299999999999999	-10.845795306937489
2.1310000000000002	-10.927320910137887
2.1320000000000001	-11.008803059591038
2.133	-11.090241435305678
2.1339999999999999	-11.171635717557749
2.1350000000000002	-11.252985586892592
2.1360000000000001	-11.334290724126724
2.137	-11.415550810350211
2.1379999999999999	-11.496765526928463
2.1390000000000002	-11.577934555504321
2.1400000000000001	-11.659057577999988
2.141	-11.740134276619337
2.1419999999999999	-11.821164333849524
2.1430000000000002	-11.90214743246343
2.1440000000000001	-11.983083255521294
2.145	-12.063971486373035
2.1459999999999999	-12.14481180866018
2.1470000000000002	-12.225603906317957
2.1480000000000001	-12.306347463576977
2.149	-12.387042164965763
2.1499999999999999	-12.467687695312527
2.1510000000000002	-12.54828373974707
2.1520000000000001	-12.628829983703042
2.153	-12.709326112919896
2.1539999999999999	-12.789771813444773
2.1550000000000002	-12.870166771634786
2.1560000000000001	-12.950510674158735
2.157	-13.030803207999391
2.1579999999999999	-13.111044060455455
2.1590000000000003	-13.191232919143502
2.1600000000000001	-13.271369472000003
2.161	-13.351453407283515
2.1619999999999999	-13.431484413576541
2.1630000000000003	-13.511462179787607
2.1640000000000001	-13.591386395153279
2.165	-13.671256749240243
2.1659999999999999	-13.751072931947199
2.1670000000000003	-13.830834633507116
2.1680000000000001	-13.910541544488972
2.169	-13.990193355799967
2.1699999999999999	-14.069789758687492
2.1710000000000003	-14.149330444741274
2.1720000000000002	-14.228815105895052
2.173	-14.308243434429095
2.1739999999999999	-14.387615122971788
2.1750000000000003	-14.466929864501964
2.1760000000000002	-14.546187352350742
2.177	-14.625387280203597
2.1779999999999999	-14.704529342102468
2.1789999999999998	-14.783613232447664
2.1800000000000002	-14.862638646000029
2.181	-14.941605277882715
2.1819999999999999	-15.020512823583523
2.1829999999999998	-15.099360978956774
2.1840000000000002	-15.178149440225269
2.1850000000000001	-15.256877903982442
2.1859999999999999	-15.335546067194237
2.1869999999999998	-15.414153627201323
2.1880000000000002	-15.492700281720971
2.1890000000000001	-15.571185728849123
2.1899999999999999	-15.649609667062478
2.1909999999999998	-15.727971795220427
2.1920000000000002	-15.806271812567068
2.1930000000000001	-15.884509418733238
2.194	-15.962684313738819
2.1949999999999998	-16.040796197994148
2.1960000000000002	-16.118844772302758
2.1970000000000001	-16.196829737862785
2.198	-16.274750796269416
2.1989999999999998	-16.352607649516848
2.2000000000000002	-16.430400000000027
2.2010000000000001	-16.508127550516889
2.202	-16.585790004270521
2.2029999999999998	-16.663387064870932
2.2040000000000002	-16.740918436337274
2.2050000000000001	-16.818383823099609
2.206	-16.895782930001225
2.2069999999999999	-16.973115462300505
2.2080000000000002	-17.050381125672949
2.2090000000000001	-17.127579626213347
2.21	-17.204710670437478
2.2109999999999999	-17.281773965284586
2.2120000000000002	-17.358769218119058
2.2130000000000001	-17.435696136732467
2.214	-17.512554429345748
2.2149999999999999	-17.589343804611303
2.2160000000000002	-17.666063971614761
2.2170000000000001	-17.742714639876979
2.218	-17.819295519356473
2.2189999999999999	-17.895806320450987
2.2200000000000002	-17.972246754000018
2.2210000000000001	-18.048616531286136
2.222	-18.12491536403752
2.2229999999999999	-18.20114296443014
2.2240000000000002	-18.277299045089286
2.2250000000000001	-18.353383319091797
2.226	-18.429395499968223
2.2269999999999999	-18.505335301704676
2.2280000000000002	-18.581202438744995
2.2290000000000001	-18.656996625992548
2.23	-18.732717578812455
2.2309999999999999	-18.8083650130338
2.2320000000000002	-18.883938644951037
2.2330000000000001	-18.959438191326626
2.234	-19.034863369392752
2.2349999999999999	-19.110213896853523
2.2360000000000002	-19.185489491886727
2.2370000000000001	-19.260689873146191
2.238	-19.335814759763451
2.2389999999999999	-19.410863871350244
2.2400000000000002	-19.485836928000026
2.2410000000000001	-19.560733650290288
2.242	-19.635553759284562
2.2429999999999999	-19.710296976534295
2.2440000000000002	-19.784963024081307
2.2450000000000001	-19.859551624458987
2.246	-19.934062500695219
2.2469999999999999	-20.008495376313874
2.2480000000000002	-20.082849975337027
2.2490000000000001	-20.157126022286704
2.25	-20.2313232421875
2.2509999999999999	-20.305441360567968
2.2520000000000002	-20.379480103463095
2.2530000000000001	-20.453439197415861
2.254	-20.527318369479744
2.2549999999999999	-20.601117347220693
2.2560000000000002	-20.674835858718723
2.2570000000000001	-20.748473632570324
2.258	-20.822030397890444
2.2589999999999999	-20.895505884314417
2.2600000000000002	-20.968899821999997
2.2610000000000001	-21.042211941629489
2.262	-21.115441974411553
2.2629999999999999	-21.188589652083493
2.2640000000000002	-21.261654706913305
2.2650000000000001	-21.33463687170115
2.266	-21.407535879782174
2.2669999999999999	-21.48035146502805
2.2680000000000002	-21.553083361848962
2.2690000000000001	-21.62573130519587
2.27	-21.698295030562534
2.2709999999999999	-21.770774273987172
2.2720000000000002	-21.84316877205508
2.2730000000000001	-21.915478261899992
2.274	-21.987702481206782
2.2749999999999999	-22.059841168212884
2.2760000000000002	-22.131894061710767
2.2770000000000001	-22.203860901049538
2.278	-22.275741426137515
2.2789999999999999	-22.347535377443577
2.2800000000000002	-22.41924249600001
2.2810000000000001	-22.490862523403649
2.282	-22.562395201818518
2.2829999999999999	-22.633840273977711
2.2840000000000003	-22.705197483185316
2.2850000000000001	-22.776466573318345
2.286	-22.847647288829236
2.2869999999999999	-22.918739374747261
2.2880000000000003	-22.989742576680968
2.2890000000000001	-23.060656640820085
2.29	-23.131481313937499
2.2909999999999999	-23.202216343391356
2.2920000000000003	-23.272861477127009
2.2930000000000001	-23.343416463679205
2.294	-23.413881052173835
2.2949999999999999	-23.484254992330079
2.2960000000000003	-23.554538034462794
2.2970000000000002	-23.624729929483692
2.298	-23.694830428904467
2.2989999999999999	-23.764839284837734
2.3000000000000003	-23.834756250000027
2.3010000000000002	-23.904581077712862
2.302	-23.974313521905557
2.3029999999999999	-24.043953337116875
2.3040000000000003	-24.113500278497312
2.3050000000000002	-24.182954101810566
2.306	-24.252314563436201
2.3069999999999999	-24.321581420371473
2.3079999999999998	-24.390754430232931
2.3090000000000002	-24.459833351259263
2.3100000000000001	-24.528817942312472
2.3109999999999999	-24.597707962880548
2.3119999999999998	-24.66650317307905
2.3130000000000002	-24.735203333653402
2.3140000000000001	-24.803808205980786
2.3149999999999999	-24.872317552072232
2.3159999999999998	-24.940731134574676
2.3170000000000002	-25.009048716772909
2.3180000000000001	-25.077270062591452
2.319	-25.145394936596986
2.3199999999999998	-25.213423104000029
2.3210000000000002	-25.281354330656995
2.3220000000000001	-25.349188383072573
2.323	-25.41692502840111
2.3239999999999998	-25.484564034449292
2.3250000000000002	-25.552105169677731
2.3260000000000001	-25.619548203203209
2.327	-25.686892904800629
2.3279999999999998	-25.754139044904989
2.3290000000000002	-25.821286394613452
2.3300000000000001	-25.888334725687542
2.331	-25.955283810554747
2.3319999999999999	-26.022133422311057
2.3330000000000002	-26.088883334722553
2.3340000000000001	-26.155533322227754
2.335	-26.222083159939501
2.3359999999999999	-26.288532623646759
2.3370000000000002	-26.354881489817089
2.3380000000000001	-26.421129535598453
2.339	-26.487276538821121
2.3399999999999999	-26.553322277999996
2.3410000000000002	-26.619266532336241
2.3420000000000001	-26.685109081719546
2.343	-26.750849706730278
2.3439999999999999	-26.816488188641273
2.3450000000000002	-26.882024309419947
2.3460000000000001	-26.947457851730192
2.347	-27.012788598934804
2.3479999999999999	-27.078016335096947
2.3490000000000002	-27.143140844982682
2.3500000000000001	-27.208161914062487
2.351	-27.273079328513916
2.3519999999999999	-27.337892875223034
2.3530000000000002	-27.402602341786775
2.3540000000000001	-27.467207516514804
2.355	-27.531708188431665
2.3559999999999999	-27.596104147278695
2.3570000000000002	-27.660395183516286
2.3580000000000001	-27.724581088325479
2.359	-27.788661653610362
2.3599999999999999	-27.852636672000045
2.3610000000000002	-27.916505936850371
2.3620000000000001	-27.980269242246592
2.363	-28.043926383004489
2.3639999999999999	-28.107477154673262
2.3650000000000002	-28.170921353537125
2.3660000000000001	-28.234258776617267
2.367	-28.297489221674013
2.3679999999999999	-28.360612487208954
2.3690000000000002	-28.423628372466865
2.3700000000000001	-28.486536677437513
2.371	-28.54933720285814
2.3719999999999999	-28.612029750215058
2.3730000000000002	-28.674614121745961
2.3740000000000001	-28.737090120441778
2.375	-28.799457550048828
2.3759999999999999	-28.861716215070714
2.3770000000000002	-28.923865920770453
2.3780000000000001	-28.985906473172477
2.379	-29.047837679064557
2.3799999999999999	-29.109659346000029
2.3810000000000002	-29.171371282299603
2.3820000000000001	-29.232973297053547
2.383	-29.294465200123682
2.3839999999999999	-29.355846802145294
2.3850000000000002	-29.417117914529342
2.3860000000000001	-29.478278349464205
2.387	-29.539327919918165
2.3879999999999999	-29.600266439640976
2.3890000000000002	-29.661093723166033
2.3900000000000001	-29.721809585812508
2.391	-29.78241384368728
2.3919999999999999	-29.842906313687038
2.3930000000000002	-29.903286813500145
2.3940000000000001	-29.963555161608795
2.395	-30.02371117729102
2.3959999999999999	-30.083754680622746
2.3970000000000002	-30.143685492479676
2.3980000000000001	-30.203503434539499
2.399	-30.2632083292837
2.3999999999999999	-30.322799999999972
2.4010000000000002	-30.382278270783729
2.4020000000000001	-30.441642966540527
2.403	-30.500893912987863
2.4039999999999999	-30.560030936657284
2.4050000000000002	-30.619053864896529
2.4060000000000001	-30.677962525871266
2.407	-30.736756748567373
2.4079999999999999	-30.795436362792969
2.4090000000000003	-30.854001199180203
2.4100000000000001	-30.912451089187471
2.411	-30.970785865101504
2.4119999999999999	-31.029005360039008
2.4130000000000003	-31.087109407949342
2.4140000000000001	-31.145097843615815
2.415	-31.202970502658232
2.4159999999999999	-31.260727221534751
2.4170000000000003	-31.318367837543832
2.4180000000000001	-31.375892188826441
2.419	-31.433300114367924
2.4199999999999999	-31.490591453999954
2.4210000000000003	-31.547766048402949
2.4220000000000002	-31.604823739107559
2.423	-31.66176436849706
2.4239999999999999	-31.718587779809269
2.4250000000000003	-31.775293817138689
2.4260000000000002	-31.831882325438229
2.427	-31.888353150521581
2.4279999999999999	-31.94470613906492
2.4290000000000003	-32.000941138609406
2.4300000000000002	-32.057057997562495
2.431	-32.113056565200665
2.4319999999999999	-32.168936691670993
2.4329999999999998	-32.224698227993542
2.4340000000000002	-32.280341026062757
2.4350000000000001	-32.335864938650388
2.4359999999999999	-32.391269819406745
2.4369999999999998	-32.446555522863036
2.4380000000000002	-32.501721904433467
2.4390000000000001	-32.556768820417076
2.4399999999999999	-32.611696128000034
2.4409999999999998	-32.666503685257112
2.4420000000000002	-32.72119135115453
2.4430000000000001	-32.775758985551278
2.444	-32.830206449201299
2.4449999999999998	-32.884533603755784
2.4460000000000002	-32.938740311765201
2.4470000000000001	-32.992826436680716
2.448	-33.046791842856933
2.4489999999999998	-33.100636395553593
2.4500000000000002	-33.154359960937484
2.4510000000000001	-33.207962406084803
2.452	-33.261443598983064
2.4529999999999998	-33.314803408532725
2.4540000000000002	-33.368041704549796
2.4550000000000001	-33.421158357767581
2.456	-33.474153239838685
2.4569999999999999	-33.527026223337245
2.4580000000000002	-33.579777181760463
2.4590000000000001	-33.632405989531335
2.46	-33.684912522000005
2.4609999999999999	-33.737296655446258
2.4620000000000002	-33.789558267081617
2.4630000000000001	-33.84169723505039
2.464	-33.893713438433224
2.4649999999999999	-33.945606757248058
2.4660000000000002	-33.997377072452196
2.4670000000000001	-34.049024265944936
2.468	-34.100548220568911
2.4689999999999999	-34.151948820112793
2.4700000000000002	-34.203225949312525
2.4710000000000001	-34.25437949385406
2.472	-34.30540934037505
2.4729999999999999	-34.35631537646691
2.4740000000000002	-34.407097490676833
2.4750000000000001	-34.457755572509811
2.476	-34.508289512430721
2.4769999999999999	-34.558699201866361
2.4780000000000002	-34.608984533207419
2.4790000000000001	-34.659145399810498
2.48	-34.709181695999987
2.4809999999999999	-34.759093317070523
2.4820000000000002	-34.808880159288563
2.4830000000000001	-34.858542119894565
2.484	-34.908079097105301
2.4849999999999999	-34.957490990115303
2.4860000000000002	-35.006777699099274
2.4870000000000001	-35.055939125214095
2.488	-35.104975170600923
2.4889999999999999	-35.153885738386947
2.4900000000000002	-35.202670732687565
2.4910000000000001	-35.251330058608161
2.492	-35.299863622247031
2.4929999999999999	-35.348271330696093
2.4940000000000002	-35.396553092043803
2.4950000000000001	-35.444708815376956
2.496	-35.492738410782763
2.4969999999999999	-35.540641789350573
2.4980000000000002	-35.588418863174482
2.4990000000000001	-35.636069545354715
2.5	-35.68359375
2.5009999999999999	-35.730991392229726
2.5020000000000002	-35.778262388175463
2.5030000000000001	-35.825406654983865
2.504	-35.872424110817278
2.5049999999999999	-35.919314674857432
2.5060000000000002	-35.966078267306301
2.5070000000000001	-36.012714809388314
2.508	-36.059224223353027
2.5089999999999999	-36.105606432476193
2.5100000000000002	-36.151861361062515
2.5110000000000001	-36.19798893444738
2.512	-36.24398907899905
2.5129999999999999	-36.289861722120264
2.5140000000000002	-36.335606792250857
2.5150000000000001	-36.381224218869207
2.516	-36.426713932494707
2.5169999999999999	-36.472075864689813
2.5180000000000002	-36.517309948061481
2.5190000000000001	-36.562416116263847
2.52	-36.607394304000067
2.5209999999999999	-36.652244447023847
2.5220000000000002	-36.696966482142585
2.5230000000000001	-36.741560347217998
2.524	-36.786025981169317
2.5249999999999999	-36.830363323974623
2.5260000000000002	-36.874572316673238
2.5270000000000001	-36.918652901367494
2.528	-36.962605021224917
2.5289999999999999	-37.006428620480293
2.5300000000000002	-37.050123644437406
2.5310000000000001	-37.093690039471639
2.532	-37.137127753030938
2.5329999999999999	-37.180436733639539
2.5340000000000003	-37.223616930897819
2.5350000000000001	-37.266668295486369
2.536	-37.309590779166726
2.5369999999999999	-37.352384334784091
2.5380000000000003	-37.395048916268451
2.5390000000000001	-37.437584478638101
2.54	-37.479990977999989
2.5409999999999999	-37.522268371553068
2.5420000000000003	-37.564416617589487
2.5430000000000001	-37.606435675497167
2.544	-37.648325505761306
2.5449999999999999	-37.690086069966753
2.5460000000000003	-37.731717330800222
2.5470000000000002	-37.773219252051689
2.548	-37.814591798617002
2.5489999999999999	-37.855834936499491
2.5500000000000003	-37.896948632812482
2.5510000000000002	-37.937932855780787
2.552	-37.978787574743023
2.5529999999999999	-38.01951276015356
2.5540000000000003	-38.06010838358479
2.5550000000000002	-38.100574417728538
2.556	-38.140910836398689
2.5569999999999999	-38.181117614533122
2.5580000000000003	-38.221194728195442
2.5590000000000002	-38.261142154577286
2.5600000000000001	-38.300959871999922
2.5609999999999999	-38.340647859917254
2.5619999999999998	-38.380206098916531
2.5630000000000002	-38.419634570721342
2.5640000000000001	-38.458933258193355
2.5649999999999999	-38.498102145334016
2.5659999999999998	-38.537141217287214
2.5670000000000002	-38.576050460340824
2.5680000000000001	-38.61482986192901
2.569	-38.653479410633651
2.5699999999999998	-38.691999096187502
2.5710000000000002	-38.730388909474954
2.5720000000000001	-38.768648842535015
2.573	-38.806778888562874
2.5739999999999998	-38.844779041911664
2.5750000000000002	-38.882649298095657
2.5760000000000001	-38.92038965379075
2.577	-38.958000106837318
2.5779999999999998	-38.995480656242435
2.5790000000000002	-39.032831302181364
2.5800000000000001	-39.070052046000029
2.581	-39.107142890216409
2.5819999999999999	-39.144103838523506
2.5830000000000002	-39.180934895790429
2.5840000000000001	-39.217636068065318
2.585	-39.254207362576196
2.5859999999999999	-39.290648787734199
2.5870000000000002	-39.326960353135135
2.5880000000000001	-39.363142069560951
2.589	-39.39919394898287
2.5899999999999999	-39.435116004562573
2.5910000000000002	-39.470908250654247
2.5920000000000001	-39.506570702807053
2.593	-39.542103377767148
2.5939999999999999	-39.577506293478706
2.5950000000000002	-39.612779469087954
2.5960000000000001	-39.647922924942733
2.597	-39.682936682596576
2.5979999999999999	-39.717820764809403
2.5990000000000002	-39.752575195550619
2.6000000000000001	-39.787200000000041
2.601	-39.82169520455065
2.6019999999999999	-39.856060836810542
2.6030000000000002	-39.890296925604744
2.6040000000000001	-39.924403500977263
2.605	-39.958380594193343
2.6059999999999999	-39.992228237741159
2.6070000000000002	-40.025946465334243
2.6080000000000001	-40.059535311912995
2.609	-40.092994813647039
2.6099999999999999	-40.126325007937481
2.6110000000000002	-40.159525933418351
2.6120000000000001	-40.192597629959124
2.613	-40.225540138666162
2.6139999999999999	-40.258353501885793
2.6150000000000002	-40.291037763205125
2.6160000000000001	-40.323592967454715
2.617	-40.356019160710645
2.6179999999999999	-40.388316390296438
2.6190000000000002	-40.420484704784755
2.6200000000000001	-40.452524153999946
2.621	-40.484434789019815
2.6219999999999999	-40.516216662177484
2.6230000000000002	-40.547869827063863
2.6240000000000001	-40.579394338529241
2.625	-40.610790252685547
2.6259999999999999	-40.642057626908311
2.6270000000000002	-40.673196519838513
2.6280000000000001	-40.704206991384979
2.629	-40.735089102726278
2.6299999999999999	-40.765842916312508
2.6310000000000002	-40.796468495867501
2.6320000000000001	-40.826965906391109
2.633	-40.8573352141605
2.6339999999999999	-40.887576486732783
2.6350000000000002	-40.917689792947272
2.6360000000000001	-40.94767520292676
2.637	-40.977532788079998
2.6379999999999999	-41.00726262110345
2.6390000000000002	-41.036864775983958
2.6400000000000001	-41.066339327999913
2.641	-41.095686353724005
2.6419999999999999	-41.124905931024543
2.6430000000000002	-41.153998139068094
2.6440000000000001	-41.182963058321263
2.645	-41.211800770552699
2.6459999999999999	-41.240511358835221
2.6470000000000002	-41.269094907547682
2.6480000000000001	-41.297551502376933
2.649	-41.325881230320419
2.6499999999999999	-41.354084179687632
2.6510000000000002	-41.382160440101799
2.6520000000000001	-41.410110102503012
2.653	-41.43793325914956
2.6539999999999999	-41.465630003619736
2.6550000000000002	-41.493200430814468
2.6560000000000001	-41.520644636958764
2.657	-41.547962719604158
2.6579999999999999	-41.57515477763053
2.6590000000000003	-41.602220911248139
2.6600000000000001	-41.62916122200005
2.661	-41.655975812763259
2.6619999999999999	-41.682664787751577
2.6630000000000003	-41.709228252517306
2.6640000000000001	-41.735666313953331
2.665	-41.761979080294964
2.6659999999999999	-41.788166661122204
2.6670000000000003	-41.814229167361759
2.6680000000000001	-41.84016671128893
2.669	-41.865979406529803
2.6699999999999999	-41.891667368062471
2.6710000000000003	-41.917230712220913
2.6720000000000002	-41.94266955669508
2.673	-41.967984020533805
2.6739999999999999	-41.993174224146799
2.6750000000000003	-42.018240289306704
2.6760000000000002	-42.043182339150718
2.677	-42.068000498183309
2.6779999999999999	-42.092694892277407
2.6790000000000003	-42.117265648677318
2.6800000000000002	-42.141712896000001
2.681	-42.166036764237475
2.6819999999999999	-42.190237384758547
2.6830000000000003	-42.2143148903114
2.6840000000000002	-42.238269415025215
2.6850000000000001	-42.262101094412046
2.6859999999999999	-42.285810065369148
2.6870000000000003	-42.309396466181127
2.6880000000000002	-42.332860436520903
2.6890000000000001	-42.356202117453876
2.6899999999999999	-42.379421651437539
2.6909999999999998	-42.402519182325179
2.6920000000000002	-42.425494855366921
2.6930000000000001	-42.44834881721286
2.694	-42.471081215913813
2.6949999999999998	-42.493692200923704
2.6960000000000002	-42.51618192310282
2.6970000000000001	-42.538550534717515
2.698	-42.560798189444455
2.6989999999999998	-42.582925042371642
2.7000000000000002	-42.604931249999964
2.7010000000000001	-42.626816970246693
2.702	-42.648582362445453
2.7029999999999998	-42.670227587350652
2.7040000000000002	-42.691752807137206
2.7050000000000001	-42.713158185404339
2.706	-42.734443887176155
2.7069999999999999	-42.75561007890515
2.7080000000000002	-42.77665692847296
2.7090000000000001	-42.797584605192966
2.71	-42.818393279812483
2.7109999999999999	-42.839083124514303
2.7120000000000002	-42.859654312919005
2.7130000000000001	-42.880107020087138
2.714	-42.900441422520728
2.7149999999999999	-42.920657698165968
2.7160000000000002	-42.940756026414888
2.7170000000000001	-42.960736588106698
2.718	-42.980599565531662
2.7189999999999999	-43.000345142430803
2.7200000000000002	-43.019973503999907
2.7210000000000001	-43.039484836890779
2.722	-43.058879329212473
2.7229999999999999	-43.07815717053478
2.7240000000000002	-43.097318551889344
2.7250000000000001	-43.116363665771544
2.726	-43.135292706143176
2.7269999999999999	-43.15410586843447
2.7280000000000002	-43.172803349544907
2.7290000000000001	-43.191385347847216
2.73	-43.209852063187498
2.7309999999999999	-43.228203696888585
2.7320000000000002	-43.246440451751013
2.7330000000000001	-43.264562532056317
2.734	-43.28257014356781
2.7349999999999999	-43.300463493533286
2.7360000000000002	-43.318242790686725
2.7370000000000001	-43.335908245250891
2.738	-43.353460068938432
2.7389999999999999	-43.37089847495487
2.7400000000000002	-43.388223678000074
2.7410000000000001	-43.405435894269942
2.742	-43.422535341459536
2.7429999999999999	-43.439522238764113
2.7440000000000002	-43.45639680688123
2.7450000000000001	-43.473159268013646
2.746	-43.489809845870141
2.7469999999999999	-43.506348765668704
2.7480000000000002	-43.522776254136915
2.7490000000000001	-43.539092539516389
2.75	-43.5552978515625
2.7509999999999999	-43.571392421547642
2.7520000000000002	-43.58737648226294
2.7530000000000001	-43.603250268020588
2.754	-43.619014014654624
2.7549999999999999	-43.634667959525459
2.7560000000000002	-43.650212341518639
2.7570000000000001	-43.665647401050023
2.758	-43.680973380065382
2.7589999999999999	-43.696190522043992
2.7600000000000002	-43.71129907199996
2.7610000000000001	-43.726299276484127
2.762	-43.741191383586525
2.7629999999999999	-43.755975642938111
2.7640000000000002	-43.770652305713213
2.7650000000000001	-43.785221624630921
2.766	-43.799683853957234
2.7669999999999999	-43.814039249507744
2.7680000000000002	-43.828288068648973
2.7690000000000001	-43.842430570300579
2.77	-43.856467014937422
2.7709999999999999	-43.870397664591934
2.7720000000000002	-43.88422278285509
2.7730000000000001	-43.897942634879641
2.774	-43.911557487381756
2.7749999999999999	-43.925067608642721
2.7760000000000002	-43.938473268510862
2.7770000000000001	-43.951774738404225
2.778	-43.964972291312506
2.7789999999999999	-43.978066201798299
2.7800000000000002	-43.991056746000083
2.7810000000000001	-44.003944201633303
2.782	-44.016728847993591
2.7829999999999999	-44.029410965957382
2.7840000000000003	-44.041990837985367
2.7850000000000001	-44.054468748123028
2.786	-44.06684498200417
2.7869999999999999	-44.079119826851922
2.7880000000000003	-44.091293571481003
2.7890000000000001	-44.103366506299835
2.79	-44.115338923312493
2.7909999999999999	-44.127211116121018
2.7920000000000003	-44.138983379926998
2.7930000000000001	-44.150656011533883
2.794	-44.162229309348731
2.7949999999999999	-44.173703573384856
2.7960000000000003	-44.185079105262673
2.7970000000000002	-44.196356208213501
2.798	-44.207535187079458
2.7989999999999999	-44.218616348317582
2.8000000000000003	-44.229599999999991
2.8010000000000002	-44.240486451817532
2.802	-44.251276015080521
2.8029999999999999	-44.261969002721457
2.8040000000000003	-44.272565729297199
2.8050000000000002	-44.283066510990338
2.806	-44.293471665611293
2.8069999999999999	-44.303781512601176
2.8080000000000003	-44.313996373033021
2.8090000000000002	-44.324116569613935
2.8100000000000001	-44.334142426687592
2.8109999999999999	-44.344074270235268
2.8120000000000003	-44.353912427879166
2.8130000000000002	-44.363657228883142
2.8140000000000001	-44.373309004155871
2.8149999999999999	-44.382868086251946
2.8159999999999998	-44.392334809374603
2.8170000000000002	-44.401709509377639
2.8180000000000001	-44.410992523766552
2.819	-44.420184191701523
2.8199999999999998	-44.429284854000002
2.8210000000000002	-44.438294853136696
2.8220000000000001	-44.447214533247617
2.823	-44.456044240130865
2.8239999999999998	-44.464784321249269
2.8250000000000002	-44.473435125732308
2.8260000000000001	-44.48199700437813
2.827	-44.490470309655393
2.8279999999999998	-44.498855395704979
2.8290000000000002	-44.507152618343056
2.8300000000000001	-44.515362335062576
2.831	-44.523484905034437
2.8319999999999999	-44.531520689111076
2.8330000000000002	-44.539470049827159
2.8340000000000001	-44.547333351402784
2.835	-44.555110959744155
2.8359999999999999	-44.562803242446805
2.8370000000000002	-44.570410568796817
2.8380000000000001	-44.577933309773499
2.839	-44.585371838050904
2.8399999999999999	-44.592726528000128
2.8410000000000002	-44.599997755690794
2.8420000000000001	-44.607185898894585
2.843	-44.614291337084964
2.8439999999999999	-44.621314451441236
2.8450000000000002	-44.628255624849643
2.8460000000000001	-44.63511524190514
2.847	-44.641893688914521
2.8479999999999999	-44.64859135389699
2.8490000000000002	-44.655208626587267
2.8500000000000001	-44.661745898437516
2.851	-44.668203562618501
2.8519999999999999	-44.674582014023073
2.8530000000000002	-44.680881649266453
2.8540000000000001	-44.687102866689671
2.855	-44.693246066361439
2.8559999999999999	-44.699311650078897
2.8570000000000002	-44.705300021371016
2.8580000000000001	-44.711211585500422
2.859	-44.717046749465084
2.8599999999999999	-44.722805922000106
2.8610000000000002	-44.728489513580044
2.8620000000000001	-44.734097936421549
2.863	-44.739631604484288
2.8639999999999999	-44.745090933473321
2.8650000000000002	-44.750476340841772
2.8660000000000001	-44.755788245792232
2.867	-44.761027069278697
2.8679999999999999	-44.766193234008853
2.8690000000000002	-44.771287164446477
2.8700000000000001	-44.776309286812619
2.871	-44.781260029087946
2.8719999999999999	-44.786139821014956
2.8730000000000002	-44.790949094100654
2.8740000000000001	-44.795688281616833
2.875	-44.800357818603516
2.8759999999999999	-44.804958141870713
2.8770000000000002	-44.809489690000021
2.8780000000000001	-44.813952903347484
2.879	-44.818348224044172
2.8799999999999999	-44.822676095999938
2.8810000000000002	-44.826936964904363
2.8820000000000001	-44.83113127822854
2.883	-44.835259485228377
2.8839999999999999	-44.839322036945333
2.8850000000000002	-44.843319386209089
2.8860000000000001	-44.847251987639268
2.887	-44.851120297647753
2.8879999999999999	-44.854924774440946
2.8890000000000002	-44.858665878020432
2.8900000000000001	-44.862344070187589
2.891	-44.865959814541924
2.8919999999999999	-44.869513576487122
2.8930000000000002	-44.873005823229946
2.8940000000000001	-44.876437023783708
2.895	-44.879807648970754
2.8959999999999999	-44.883118171422524
2.8970000000000002	-44.88636906558439
2.8980000000000001	-44.889560807714503
2.899	-44.89269387588844
2.8999999999999999	-44.895768749999846
2.9010000000000002	-44.898785911763397
2.9020000000000001	-44.901745844715663
2.903	-44.904649034217499
2.9039999999999999	-44.90749596745745
2.9050000000000002	-44.91028713345122
2.9060000000000001	-44.913023023046335
2.907	-44.915704128922215
2.9079999999999999	-44.918330945592871
2.9090000000000003	-44.920903969409835
2.9100000000000001	-44.923423698562445
2.911	-44.925890633081195
2.9119999999999999	-44.92830527483909
2.9130000000000003	-44.9306681275541
2.9140000000000001	-44.932979696790767
2.915	-44.935240489962794
2.9159999999999999	-44.937451016334663
2.9170000000000003	-44.939611787023438
2.9180000000000001	-44.941723315001511
2.919	-44.943786115097524
2.9199999999999999	-44.945800704000021
2.9210000000000003	-44.947767600257563
2.9220000000000002	-44.949687324282678
2.923	-44.951560398351802
2.9239999999999999	-44.953387346609276
2.9250000000000003	-44.955168695068267
2.9260000000000002	-44.956904971613355
2.927	-44.958596706001288
2.9279999999999999	-44.960244429864971
2.9290000000000003	-44.961848676714084
2.9300000000000002	-44.963409981937431
2.931	-44.964928882805239
2.9319999999999999	-44.96640591847094
2.9330000000000003	-44.967841629973265
2.9340000000000002	-44.969236560237832
2.9350000000000001	-44.970591254080063
2.9359999999999999	-44.971906258206772
2.9370000000000003	-44.973182121217775
2.9380000000000002	-44.974419393608471
2.9390000000000001	-44.975618627771638
2.9399999999999999	-44.976780377999987
2.9410000000000003	-44.977905200486816
2.9420000000000002	-44.978993653329638
2.9430000000000001	-44.980046296530872
2.944	-44.981063692001229
2.9449999999999998	-44.98204640356056
2.9460000000000002	-44.982994996940249
2.9470000000000001	-44.983910039785499
2.948	-44.984792101656964
2.9489999999999998	-44.985641754033253
2.9500000000000002	-44.98645957031259
2.9510000000000001	-44.987246125814522
2.952	-44.988001997782902
2.9529999999999998	-44.988727765387395
2.9540000000000002	-44.989424009724701
2.9550000000000001	-44.990091313822205
2.956	-44.990730262638607
2.9569999999999999	-44.991341443066801
2.9580000000000002	-44.991925443935429
2.9590000000000001	-44.992482856010881
2.96	-44.99301427199994
2.9609999999999999	-44.993520286551075
2.9620000000000002	-44.994001496256445
2.9630000000000001	-44.994458499655167
2.964	-44.994891897233231
2.9649999999999999	-44.995302291427777
2.9660000000000002	-44.995690286627422
2.9670000000000001	-44.996056489174592
2.968	-44.99640150736893
2.9689999999999999	-44.996725951467553
2.9700000000000002	-44.99703043368747
2.9710000000000001	-44.997315568208819
2.972	-44.997581971175066
2.9729999999999999	-44.997830260696489
2.9740000000000002	-44.998061056851796
2.9750000000000001	-44.998274981689249
2.976	-44.998472659230629
2.9769999999999999	-44.998654715471105
2.9780000000000002	-44.998821778382535
2.9790000000000001	-44.998974477915141
2.98	-44.999113446000024
2.9809999999999999	-44.999239316550174
2.9820000000000002	-44.999352725463467
2.9830000000000001	-44.999454310624401
2.984	-44.999544711905173
2.9849999999999999	-44.999624571169974
2.9860000000000002	-44.999694532274248
2.9870000000000001	-44.999755241068797
2.988	-44.99980734540101
2.9889999999999999	-44.999851495116644
2.9900000000000002	-44.999888342062462
2.9910000000000001	-44.99991854008799
2.992	-44.99994274504698
2.9929999999999999	-44.999961614800824
2.9940000000000002	-44.999975809218697
2.9950000000000001	-44.999985990181656
2.996	-44.999992821582694
2.9969999999999999	-44.999996969330283
2.9980000000000002	-44.999999101349573
2.9990000000000001	-44.999999887584323
3	-45
3.0009999999999999	-44.999999887584359
3.0020000000000002	-44.999999101349459
3.0030000000000001	-44.999996969330276
3.004	-44.999992821582723
3.0049999999999999	-44.999985990181642
3.0060000000000002	-44.999975809218782
3.0070000000000001	-44.99996161480076
3.008	-44.999942745047044
3.0089999999999999	-44.999918540087926
3.0100000000000002	-44.999888342062498
3.0110000000000001	-44.999851495116637
3.012	-44.99980734540096
3.0129999999999999	-44.999755241068804
3.0140000000000002	-44.999694532274219
3.0150000000000001	-44.999624571169925
3.016	-44.99954471190528
3.0169999999999999	-44.999454310624287
3.0180000000000002	-44.999352725463538
3.0190000000000001	-44.999239316550202
3.02	-44.999113446000003
3.0209999999999999	-44.998974477915169
3.0220000000000002	-44.998821778382457
3.0230000000000001	-44.998654715471083
3.024	-44.998472659230721
3.0249999999999999	-44.998274981689455
3.0260000000000002	-44.998061056851782
3.0270000000000001	-44.997830260696567
3.028	-44.997581971175038
3.0289999999999999	-44.997315568208734
3.0300000000000002	-44.997030433687499
3.0310000000000001	-44.996725951467454
3.032	-44.996401507368958
3.0329999999999999	-44.99605648917462
3.0340000000000003	-44.995690286627223
3.0350000000000001	-44.995302291427734
3.036	-44.994891897233281
3.0369999999999999	-44.994458499655103
3.0380000000000003	-44.994001496256537
3.0390000000000001	-44.993520286551018
3.04	-44.993014272000003
3.0409999999999999	-44.99248285601098
3.0420000000000003	-44.991925443935457
3.0430000000000001	-44.991341443066901
3.044	-44.990730262638721
3.0449999999999999	-44.990091313822269
3.0460000000000003	-44.989424009724779
3.0470000000000002	-44.988727765387381
3.048	-44.988001997783037
3.0489999999999999	-44.987246125814551
3.0500000000000003	-44.986459570312498
3.0510000000000002	-44.985641754033267
3.052	-44.984792101656957
3.0529999999999999	-44.983910039785428
3.0540000000000003	-44.982994996940221
3.0550000000000002	-44.982046403560545
3.056	-44.981063692001278
3.0569999999999999	-44.980046296530915
3.0580000000000003	-44.978993653329539
3.0590000000000002	-44.97790520048683
3.0600000000000001	-44.976780378000001
3.0609999999999999	-44.975618627771794
3.0620000000000003	-44.974419393608457
3.0630000000000002	-44.973182121217711
3.0640000000000001	-44.971906258206722
3.0649999999999999	-44.970591254080077
3.0660000000000003	-44.969236560237782
3.0670000000000002	-44.967841629973194
3.0680000000000001	-44.96640591847104
3.069	-44.96492888280536
3.0700000000000003	-44.963409981937502
3.0710000000000002	-44.961848676714077
3.0720000000000001	-44.960244429864957
3.073	-44.958596706001245
3.0739999999999998	-44.95690497161322
3.0750000000000002	-44.955168695068359
3.0760000000000001	-44.953387346609283
3.077	-44.951560398351724
3.0779999999999998	-44.949687324282543
3.0790000000000002	-44.947767600257642
3.0800000000000001	-44.945800704
3.081	-44.943786115097609
3.0819999999999999	-44.941723315001461
3.0830000000000002	-44.939611787023523
3.0840000000000001	-44.93745101633472
3.085	-44.935240489962894
3.0859999999999999	-44.932979696790781
3.0870000000000002	-44.930668127554007
3.0880000000000001	-44.92830527483904
3.089	-44.925890633081174
3.0899999999999999	-44.923423698562502
3.0910000000000002	-44.920903969409892
3.0920000000000001	-44.918330945592963
3.093	-44.915704128922059
3.0939999999999999	-44.913023023046222
3.0950000000000002	-44.91028713345117
3.0960000000000001	-44.90749596745728
3.097	-44.904649034217542
3.0979999999999999	-44.901745844715542
3.0990000000000002	-44.898785911763454
3.1000000000000001	-44.895768750000002
3.101	-44.892693875888419
3.1019999999999999	-44.88956080771446
3.1030000000000002	-44.886369065584333
3.1040000000000001	-44.883118171422723
3.105	-44.879807648970704
3.1059999999999999	-44.87643702378378
3.1070000000000002	-44.873005823229818
3.1080000000000001	-44.869513576487037
3.109	-44.865959814541988
3.1099999999999999	-44.862344070187497
3.1110000000000002	-44.858665878020702
3.1120000000000001	-44.85492477444096
3.113	-44.851120297647867
3.1139999999999999	-44.847251987639218
3.1150000000000002	-44.843319386208982
3.1160000000000001	-44.839322036945276
3.117	-44.835259485228349
3.1179999999999999	-44.83113127822854
3.1190000000000002	-44.826936964904263
3.1200000000000001	-44.822676096000002
3.121	-44.818348224044236
3.1219999999999999	-44.813952903347463
3.1230000000000002	-44.809489690000149
3.1240000000000001	-44.804958141870721
3.125	-44.800357818603516
3.1259999999999999	-44.795688281616783
3.1270000000000002	-44.790949094100633
3.1280000000000001	-44.786139821015041
3.129	-44.781260029087797
3.1299999999999999	-44.776309286812499
3.1310000000000002	-44.771287164446512
3.1320000000000001	-44.766193234008959
3.133	-44.761027069278683
3.1339999999999999	-44.755788245792218
3.1350000000000002	-44.750476340841793
3.1360000000000001	-44.745090933473278
3.137	-44.73963160448416
3.1379999999999999	-44.734097936421541
3.1390000000000002	-44.72848951358008
3.1400000000000001	-44.722805921999999
3.141	-44.717046749465048
3.1419999999999999	-44.711211585500457
3.1430000000000002	-44.705300021370959
3.1440000000000001	-44.69931165007872
3.145	-44.693246066361326
3.1459999999999999	-44.687102866689777
3.1470000000000002	-44.680881649266446
3.1480000000000001	-44.674582014023038
3.149	-44.668203562618608
3.1499999999999999	-44.661745898437502
3.1510000000000002	-44.655208626587324
3.1520000000000001	-44.648591353896961
3.153	-44.641893688914493
3.1539999999999999	-44.635115241905218
3.1550000000000002	-44.628255624849608
3.1560000000000001	-44.621314451441279
3.157	-44.614291337084978
3.1579999999999999	-44.607185898894542
3.1590000000000003	-44.599997755690893
3.1600000000000001	-44.592726528
3.161	-44.585371838050861
3.1619999999999999	-44.577933309773464
3.1630000000000003	-44.570410568796774
3.1640000000000001	-44.562803242446719
3.165	-44.555110959744141
3.1659999999999999	-44.547333351402777
3.1670000000000003	-44.539470049827258
3.1680000000000001	-44.531520689111041
3.169	-44.523484905034422
3.1699999999999999	-44.515362335062498
3.1710000000000003	-44.507152618343135
3.1720000000000002	-44.498855395704958
3.173	-44.490470309655308
3.1739999999999999	-44.481997004378222
3.1750000000000003	-44.473435125732422
3.1760000000000002	-44.464784321249276
3.177	-44.456044240130787
3.1779999999999999	-44.447214533247539
3.1790000000000003	-44.438294853136703
3.1800000000000002	-44.429284853999995
3.181	-44.420184191701672
3.1819999999999999	-44.41099252376646
3.1830000000000003	-44.401709509377582
3.1840000000000002	-44.392334809374717
3.1850000000000001	-44.382868086251953
3.1859999999999999	-44.373309004155779
3.1870000000000003	-44.363657228883064
3.1880000000000002	-44.353912427879038
3.1890000000000001	-44.344074270235232
3.1899999999999999	-44.334142426687499
3.1910000000000003	-44.324116569613949
3.1920000000000002	-44.313996373032957
3.1930000000000001	-44.30378151260112
3.194	-44.293471665611222
3.1950000000000003	-44.283066510990231
3.1960000000000002	-44.272565729297277
3.1970000000000001	-44.2619690027216
3.198	-44.251276015080542
3.1990000000000003	-44.24048645181751
3.2000000000000002	-44.229599999999998
3.2010000000000001	-44.218616348317482
3.202	-44.207535187079458
3.2029999999999998	-44.196356208213402
3.2040000000000002	-44.185079105262716
3.2050000000000001	-44.173703573384763
3.206	-44.162229309348781
3.2069999999999999	-44.150656011533883
3.2080000000000002	-44.138983379927041
3.2090000000000001	-44.127211116121046
3.21	-44.1153389233125
3.2109999999999999	-44.103366506299764
3.2120000000000002	-44.091293571480961
3.2130000000000001	-44.07911982685193
3.214	-44.06684498200422
3.2149999999999999	-44.05446874812305
3.2160000000000002	-44.041990837985274
3.2170000000000001	-44.02941096595741
3.218	-44.016728847993541
3.2189999999999999	-44.003944201633331
3.2200000000000002	-43.991056745999998
3.2210000000000001	-43.978066201798292
3.222	-43.964972291312463
3.2229999999999999	-43.951774738404211
3.2240000000000002	-43.93847326851072
3.2250000000000001	-43.925067608642578
3.226	-43.911557487381778
3.2269999999999999	-43.897942634879698
3.2280000000000002	-43.884222782855041
3.2290000000000001	-43.870397664591863
3.23	-43.8564670149375
3.2309999999999999	-43.842430570300579
3.2320000000000002	-43.828288068648959
3.2330000000000001	-43.814039249507744
3.234	-43.79968385395722
3.2349999999999999	-43.785221624630864
3.2360000000000002	-43.770652305713277
3.2370000000000001	-43.755975642938225
3.238	-43.741191383586539
3.2389999999999999	-43.726299276484141
3.2400000000000002	-43.711299071999996
3.2410000000000001	-43.696190522044105
3.242	-43.68097338006546
3.2429999999999999	-43.665647401050023
3.2440000000000002	-43.650212341518717
3.2450000000000001	-43.634667959525387
3.246	-43.61901401465478
3.2469999999999999	-43.60325026802051
3.2480000000000002	-43.587376482263039
3.2490000000000001	-43.571392421547671
3.25	-43.5552978515625
3.2509999999999999	-43.539092539516389
3.2520000000000002	-43.522776254136957
3.2530000000000001	-43.506348765668555
3.254	-43.489809845870219
3.2549999999999999	-43.473159268013674
3.2560000000000002	-43.456396806881273
3.2570000000000001	-43.439522238764035
3.258	-43.422535341459543
3.2589999999999999	-43.405435894269957
3.2600000000000002	-43.388223677999996
3.2610000000000001	-43.37089847495492
3.262	-43.35346006893846
3.2629999999999999	-43.335908245250842
3.2640000000000002	-43.318242790686718
3.2650000000000001	-43.300463493533201
3.266	-43.282570143567781
3.2669999999999999	-43.264562532056324
3.2680000000000002	-43.246440451751035
3.2690000000000001	-43.228203696888485
3.27	-43.209852063187498
3.2709999999999999	-43.191385347847202
3.2720000000000002	-43.172803349544957
3.2730000000000001	-43.154105868434364
3.274	-43.135292706143218
3.2749999999999999	-43.116363665771487
3.2760000000000002	-43.097318551889273
3.2770000000000001	-43.078157170534851
3.278	-43.058879329212537
3.2789999999999999	-43.039484836890772
3.2800000000000002	-43.019973503999992
3.2810000000000001	-43.000345142430731
3.282	-42.980599565531456
3.2829999999999999	-42.960736588106649
3.2840000000000003	-42.940756026414718
3.2850000000000001	-42.920657698166011
3.286	-42.900441422520778
3.2869999999999999	-42.880107020087131
3.2880000000000003	-42.859654312919034
3.2890000000000001	-42.839083124514296
3.29	-42.818393279812497
3.2909999999999999	-42.797584605193016
3.2920000000000003	-42.776656928472953
3.2930000000000001	-42.755610078905178
3.294	-42.734443887176219
3.2949999999999999	-42.713158185404296
3.2960000000000003	-42.691752807137277
3.2970000000000002	-42.670227587350659
3.298	-42.648582362445538
3.2989999999999999	-42.62681697024658
3.3000000000000003	-42.604931249999993
3.3010000000000002	-42.582925042371542
3.302	-42.560798189444462
3.3029999999999999	-42.538550534717466
3.3040000000000003	-42.516181923102714
3.3050000000000002	-42.493692200923824
3.306	-42.471081215913777
3.3069999999999999	-42.448348817212946
3.3080000000000003	-42.425494855367035
3.3090000000000002	-42.402519182325108
3.3100000000000001	-42.379421651437497
3.3109999999999999	-42.356202117453826
3.3120000000000003	-42.332860436520953
3.3130000000000002	-42.309396466180985
3.3140000000000001	-42.285810065369219
3.3149999999999999	-42.26210109441211
3.3160000000000003	-42.238269415025272
3.3170000000000002	-42.214314890311471
3.3180000000000001	-42.190237384758539
3.319	-42.16603676423739
3.3200000000000003	-42.141712895999994
3.3210000000000002	-42.117265648677353
3.3220000000000001	-42.092694892277457
3.323	-42.068000498183274
3.3240000000000003	-42.043182339150711
3.3250000000000002	-42.01824028930664
3.3260000000000001	-41.993174224146777
3.327	-41.967984020533756
3.3280000000000003	-41.94266955669503
3.3290000000000002	-41.91723071222092
3.3300000000000001	-41.8916673680625
3.331	-41.86597940652964
3.3319999999999999	-41.840166711288965
3.3330000000000002	-41.814229167361802
3.3340000000000001	-41.788166661122219
3.335	-41.761979080294921
3.3359999999999999	-41.735666313953281
3.3370000000000002	-41.709228252517285
3.3380000000000001	-41.682664787751541
3.339	-41.655975812763202
3.3399999999999999	-41.629161222
3.3410000000000002	-41.602220911248168
3.3420000000000001	-41.575154777630459
3.343	-41.547962719604087
3.3439999999999999	-41.520644636958721
3.3450000000000002	-41.493200430814447
3.3460000000000001	-41.465630003619779
3.347	-41.437933259149567
3.3479999999999999	-41.410110102503047
3.3490000000000002	-41.382160440101728
3.3500000000000001	-41.354084179687497
3.351	-41.325881230320455
3.3519999999999999	-41.297551502376962
3.3530000000000002	-41.269094907547611
3.3540000000000001	-41.240511358835221
3.355	-41.211800770552735
3.3559999999999999	-41.182963058321285
3.3570000000000002	-41.153998139068094
3.3580000000000001	-41.124905931024536
3.359	-41.09568635372402
3.3599999999999999	-41.066339328000005
3.3610000000000002	-41.036864775983979
3.3620000000000001	-41.007262621103457
3.363	-40.977532788079898
3.3639999999999999	-40.947675202926725
3.3650000000000002	-40.917689792947257
3.3660000000000001	-40.887576486732776
3.367	-40.857335214160386
3.3679999999999999	-40.826965906391045
3.3690000000000002	-40.796468495867543
3.3700000000000001	-40.765842916312494
3.371	-40.735089102726263
3.3719999999999999	-40.704206991384964
3.3730000000000002	-40.673196519838427
3.3740000000000001	-40.642057626908219
3.375	-40.610790252685547
3.3759999999999999	-40.579394338529283
3.3770000000000002	-40.547869827063906
3.3780000000000001	-40.516216662177534
3.379	-40.484434789019829
3.3799999999999999	-40.452524154000002
3.3810000000000002	-40.420484704784791
3.3820000000000001	-40.38831639029646
3.383	-40.356019160710716
3.3839999999999999	-40.323592967454722
3.3850000000000002	-40.291037763205068
3.3860000000000001	-40.258353501885779
3.387	-40.22554013866619
3.3879999999999999	-40.192597629959046
3.3890000000000002	-40.159525933418351
3.3900000000000001	-40.126325007937496
3.391	-40.092994813647074
3.3919999999999999	-40.05953531191296
3.3930000000000002	-40.025946465334236
3.3940000000000001	-39.992228237741216
3.395	-39.958380594193358
3.3959999999999999	-39.924403500977284
3.3970000000000002	-39.890296925604716
3.3980000000000001	-39.856060836810535
3.399	-39.821695204550636
3.3999999999999999	-39.787200000000006
3.4010000000000002	-39.752575195550605
3.4020000000000001	-39.717820764809453
3.403	-39.68293668259652
3.4039999999999999	-39.647922924942726
3.4050000000000002	-39.612779469087883
3.4060000000000001	-39.577506293478777
3.407	-39.542103377767006
3.4079999999999999	-39.506570702807039
3.4090000000000003	-39.470908250654162
3.4100000000000001	-39.435116004562495
3.411	-39.399193948982891
3.4119999999999999	-39.363142069560965
3.4130000000000003	-39.32696035313505
3.4140000000000001	-39.290648787734213
3.415	-39.254207362576167
3.4159999999999999	-39.217636068065282
3.4170000000000003	-39.180934895790529
3.4180000000000001	-39.144103838523534
3.419	-39.107142890216451
3.4199999999999999	-39.070052046000001
3.4210000000000003	-39.032831302181407
3.4220000000000002	-38.995480656242457
3.423	-38.958000106837339
3.4239999999999999	-38.920389653790721
3.4250000000000003	-38.882649298095693
3.4260000000000002	-38.844779041911778
3.427	-38.806778888562818
3.4279999999999999	-38.768648842535043
3.4290000000000003	-38.730388909474975
3.4300000000000002	-38.691999096187494
3.431	-38.6534794106337
3.4319999999999999	-38.61482986192896
3.4330000000000003	-38.576050460340859
3.4340000000000002	-38.537141217287214
3.4350000000000001	-38.498102145333981
3.4359999999999999	-38.458933258193284
3.4370000000000003	-38.419634570721342
3.4380000000000002	-38.380206098916531
3.4390000000000001	-38.340647859917269
3.4399999999999999	-38.300959872
3.4410000000000003	-38.261142154577222
3.4420000000000002	-38.221194728195456
3.4430000000000001	-38.18111761453315
3.444	-38.140910836398724
3.4450000000000003	-38.100574417728502
3.4460000000000002	-38.060108383584769
3.4470000000000001	-38.019512760153631
3.448	-37.978787574743038
3.4490000000000003	-37.937932855780787
3.4500000000000002	-37.896948632812496
3.4510000000000001	-37.855834936499512
3.452	-37.814591798616959
3.4530000000000003	-37.773219252051668
3.4540000000000002	-37.731717330800208
3.4550000000000001	-37.690086069966796
3.456	-37.648325505761278
3.4569999999999999	-37.606435675497167
3.4580000000000002	-37.564416617589529
3.4590000000000001	-37.522268371553075
3.46	-37.479990978000004
3.4609999999999999	-37.437584478638051
3.4620000000000002	-37.395048916268451
3.4630000000000001	-37.352384334783963
3.464	-37.309590779166719
3.4649999999999999	-37.266668295486333
3.4660000000000002	-37.223616930897769
3.4670000000000001	-37.180436733639439
3.468	-37.137127753031045
3.4689999999999999	-37.093690039471618
3.4700000000000002	-37.050123644437491
3.4710000000000001	-37.006428620480321
3.472	-36.96260502122496
3.4729999999999999	-36.918652901367501
3.4740000000000002	-36.874572316673209
3.4750000000000001	-36.830363323974609
3.476	-36.786025981169281
3.4769999999999999	-36.741560347217984
3.4780000000000002	-36.696966482142528
3.4790000000000001	-36.65224444702389
3.48	-36.607394304000003
3.4809999999999999	-36.562416116263861
3.4820000000000002	-36.517309948061452
3.4830000000000001	-36.472075864689771
3.484	-36.426713932494721
3.4849999999999999	-36.381224218869143
3.4860000000000002	-36.335606792250772
3.4870000000000001	-36.28986172212025
3.488	-36.243989078999043
3.4889999999999999	-36.197988934447423
3.4900000000000002	-36.151861361062487
3.4910000000000001	-36.105606432476137
3.492	-36.059224223352956
3.4929999999999999	-36.012714809388314
3.4940000000000002	-35.966078267306209
3.4950000000000001	-35.919314674857418
3.496	-35.872424110817278
3.4969999999999999	-35.825406654983794
3.4980000000000002	-35.778262388175527
3.4990000000000001	-35.730991392229697
3.5	-35.68359375
3.5009999999999999	-35.63606954535468
3.5020000000000002	-35.588418863174446
3.5030000000000001	-35.54064178935058
3.504	-35.492738410782721
3.5049999999999999	-35.444708815376956
3.5060000000000002	-35.396553092043774
3.5070000000000001	-35.348271330696065
3.508	-35.299863622247038
3.5089999999999999	-35.251330058608239
3.5100000000000002	-35.202670732687487
3.5110000000000001	-35.153885738386947
3.512	-35.104975170600959
3.5129999999999999	-35.055939125214124
3.5140000000000002	-35.00677769909921
3.5150000000000001	-34.957490990115225
3.516	-34.908079097105279
3.5169999999999999	-34.858542119894608
3.5180000000000002	-34.808880159288528
3.5190000000000001	-34.759093317070509
3.52	-34.709181696000002
3.5209999999999999	-34.659145399810484
3.5220000000000002	-34.608984533207447
3.5230000000000001	-34.558699201866396
3.524	-34.508289512430721
3.5249999999999999	-34.457755572509768
3.5260000000000002	-34.407097490676769
3.5270000000000001	-34.356315376466874
3.528	-34.305409340375043
3.5289999999999999	-34.254379493854053
3.5300000000000002	-34.20322594931249
3.5310000000000001	-34.151948820112757
3.532	-34.10054822056896
3.5329999999999999	-34.049024265944936
3.5340000000000003	-33.99737707245221
3.5350000000000001	-33.945606757248036
3.536	-33.893713438433281
3.5369999999999999	-33.841697235050418
3.5380000000000003	-33.789558267081524
3.5390000000000001	-33.737296655446322
3.54	-33.684912521999998
3.5409999999999999	-33.6324059895313
3.5420000000000003	-33.579777181760448
3.5430000000000001	-33.527026223337202
3.544	-33.474153239838714
3.5449999999999999	-33.421158357767581
3.5460000000000003	-33.368041704549768
3.5470000000000002	-33.314803408532683
3.548	-33.261443598983035
3.5489999999999999	-33.20796240608486
3.5500000000000003	-33.154359960937484
3.5510000000000002	-33.100636395553572
3.552	-33.046791842856955
3.5529999999999999	-32.992826436680744
3.5540000000000003	-32.938740311765208
3.5550000000000002	-32.884533603755848
3.556	-32.830206449201278
3.5569999999999999	-32.775758985551235
3.5580000000000003	-32.721191351154523
3.5590000000000002	-32.666503685257133
3.5600000000000001	-32.611696127999998
3.5609999999999999	-32.556768820417112
3.5620000000000003	-32.501721904433438
3.5630000000000002	-32.446555522863015
3.5640000000000001	-32.391269819406716
3.5649999999999999	-32.335864938650396
3.5660000000000003	-32.280341026062764
3.5670000000000002	-32.2246982279935
3.5680000000000001	-32.168936691671036
3.569	-32.113056565200679
3.5700000000000003	-32.057057997562481
3.5710000000000002	-32.000941138609377
3.5720000000000001	-31.944706139064955
3.573	-31.888353150521564
3.5740000000000003	-31.831882325438205
3.5750000000000002	-31.775293817138667
3.5760000000000001	-31.718587779809276
3.577	-31.661764368497039
3.5780000000000003	-31.604823739107523
3.5790000000000002	-31.547766048402941
3.5800000000000001	-31.490591453999997
3.581	-31.433300114367924
3.5820000000000003	-31.375892188826441
3.5830000000000002	-31.318367837543825
3.5840000000000001	-31.260727221534715
3.585	-31.202970502658204
3.5859999999999999	-31.145097843615787
3.5870000000000002	-31.087109407949306
3.5880000000000001	-31.029005360039033
3.589	-30.970785865101487
3.5899999999999999	-30.912451089187513
3.5910000000000002	-30.854001199180189
3.5920000000000001	-30.795436362792955
3.593	-30.73675674856737
3.5939999999999999	-30.67796252587123
3.5950000000000002	-30.619053864896472
3.5960000000000001	-30.56003093665727
3.597	-30.500893912987848
3.5979999999999999	-30.441642966540549
3.5990000000000002	-30.382278270783754
3.6000000000000001	-30.322799999999994
3.601	-30.263208329283735
3.6019999999999999	-30.203503434539471
3.6030000000000002	-30.143685492479637
3.6040000000000001	-30.083754680622718
3.605	-30.02371117729102
3.6059999999999999	-29.963555161608788
3.6070000000000002	-29.90328681350012
3.6080000000000001	-29.842906313687031
3.609	-29.782413843687298
3.6099999999999999	-29.721809585812515
3.6110000000000002	-29.661093723166001
3.6120000000000001	-29.600266439640954
3.613	-29.539327919918183
3.6139999999999999	-29.47827834946423
3.6150000000000002	-29.417117914529285
3.6160000000000001	-29.355846802145276
3.617	-29.294465200123664
3.6179999999999999	-29.232973297053551
3.6190000000000002	-29.171371282299564
3.6200000000000001	-29.109659345999994
3.621	-29.047837679064543
3.6219999999999999	-28.985906473172466
3.6230000000000002	-28.923865920770449
3.6240000000000001	-28.861716215070707
3.625	-28.799457550048828
3.6259999999999999	-28.737090120441788
3.6270000000000002	-28.674614121745929
3.6280000000000001	-28.612029750215033
3.629	-28.549337202858112
3.6299999999999999	-28.486536677437506
3.6310000000000002	-28.423628372466816
3.6320000000000001	-28.360612487208954
3.633	-28.297489221673995
3.6339999999999999	-28.234258776617221
3.6350000000000002	-28.170921353537103
3.6360000000000001	-28.107477154673269
3.637	-28.043926383004475
3.6379999999999999	-27.980269242246546
3.6390000000000002	-27.916505936850374
3.6400000000000001	-27.852636671999992
3.641	-27.788661653610358
3.6419999999999999	-27.724581088325465
3.6430000000000002	-27.660395183516258
3.6440000000000001	-27.596104147278712
3.645	-27.531708188431637
3.6459999999999999	-27.46720751651479
3.6470000000000002	-27.402602341786739
3.6480000000000001	-27.337892875223027
3.649	-27.273079328513923
3.6499999999999999	-27.208161914062504
3.6510000000000002	-27.143140844982625
3.6520000000000001	-27.078016335096951
3.653	-27.012788598934804
3.6539999999999999	-26.947457851730228
3.6550000000000002	-26.882024309419904
3.6560000000000001	-26.816488188641269
3.657	-26.750849706730286
3.6579999999999999	-26.685109081719549
3.6590000000000003	-26.619266532336184
3.6600000000000001	-26.553322277999989
3.661	-26.487276538821167
3.6619999999999999	-26.421129535598464
3.6630000000000003	-26.354881489817075
3.6640000000000001	-26.288532623646713
3.665	-26.222083159939448
3.6659999999999999	-26.155533322227782
3.6670000000000003	-26.088883334722549
3.6680000000000001	-26.022133422311029
3.669	-25.955283810554736
3.6699999999999999	-25.888334725687507
3.6710000000000003	-25.821286394613438
3.6720000000000002	-25.754139044904949
3.673	-25.686892904800619
3.6739999999999999	-25.619548203203223
3.6750000000000003	-25.552105169677716
3.6760000000000002	-25.484564034449274
3.677	-25.416925028401096
3.6779999999999999	-25.349188383072544
3.6790000000000003	-25.281354330657003
3.6800000000000002	-25.21342310399999
3.681	-25.145394936596979
3.6819999999999999	-25.077270062591467
3.6830000000000003	-25.009048716772885
3.6840000000000002	-24.940731134574712
3.6850000000000001	-24.872317552072261
3.6859999999999999	-24.803808205980783
3.6870000000000003	-24.735203333653363
3.6880000000000002	-24.666503173079029
3.6890000000000001	-24.597707962880545
3.6899999999999999	-24.5288179423125
3.6910000000000003	-24.459833351259242
3.6920000000000002	-24.390754430232949
3.6930000000000001	-24.32158142037143
3.694	-24.252314563436222
3.6950000000000003	-24.18295410181053
3.6960000000000002	-24.11350027849727
3.6970000000000001	-24.043953337116907
3.698	-23.97431352190554
3.6990000000000003	-23.904581077712812
3.7000000000000002	-23.834756249999987
3.7010000000000001	-23.764839284837795
3.702	-23.694830428904464
3.7030000000000003	-23.624729929483692
3.7040000000000002	-23.554538034462702
3.7050000000000001	-23.484254992330076
3.706	-23.413881052173785
3.7070000000000003	-23.343416463679169
3.7080000000000002	-23.272861477127027
3.7090000000000001	-23.20221634339136
3.71	-23.13148131393751
3.7110000000000003	-23.060656640820056
3.7120000000000002	-22.989742576680946
3.7130000000000001	-22.918739374747236
3.714	-22.847647288829226
3.7149999999999999	-22.776466573318366
3.7160000000000002	-22.70519748318527
3.7170000000000001	-22.633840273977722
3.718	-22.562395201818539
3.7189999999999999	-22.490862523403653
3.7200000000000002	-22.419242495999988
3.7210000000000001	-22.347535377443606
3.722	-22.275741426137461
3.7229999999999999	-22.203860901049531
3.7240000000000002	-22.1318940617107
3.7250000000000001	-22.059841168212884
3.726	-21.987702481206782
3.7269999999999999	-21.915478261900017
3.7280000000000002	-21.843168772055023
3.7290000000000001	-21.770774273987168
3.73	-21.698295030562502
3.7309999999999999	-21.625731305195902
3.7320000000000002	-21.553083361848941
3.7330000000000001	-21.480351465028047
3.734	-21.407535879782223
3.7349999999999999	-21.334636871701193
3.7360000000000002	-21.261654706913266
3.7370000000000001	-21.188589652083529
3.738	-21.115441974411542
3.7389999999999999	-21.042211941629468
3.7400000000000002	-20.968899821999983
3.7410000000000001	-20.89550588431441
3.742	-20.822030397890458
3.7429999999999999	-20.748473632570352
3.7440000000000002	-20.674835858718708
3.7450000000000001	-20.60111734722069
3.746	-20.527318369479779
3.7469999999999999	-20.453439197415825
3.7480000000000002	-20.37948010346302
3.7490000000000001	-20.305441360567976
3.75	-20.2313232421875
3.7509999999999999	-20.157126022286715
3.7520000000000002	-20.082849975336945
3.7530000000000001	-20.008495376313849
3.754	-19.934062500695216
3.7549999999999999	-19.859551624458991
3.7560000000000002	-19.784963024081268
3.7570000000000001	-19.710296976534337
3.758	-19.635553759284537
3.7589999999999999	-19.560733650290274
3.7600000000000002	-19.485836927999976
3.7610000000000001	-19.41086387135022
3.762	-19.335814759763455
3.7629999999999999	-19.260689873146156
3.7640000000000002	-19.185489491886702
3.7650000000000001	-19.110213896853512
3.766	-19.034863369392788
3.7669999999999999	-18.959438191326637
3.7680000000000002	-18.883938644951016
3.7690000000000001	-18.808365013033793
3.77	-18.732717578812501
3.7709999999999999	-18.656996625992516
3.7720000000000002	-18.581202438744942
3.7730000000000001	-18.505335301704669
3.774	-18.429395499968216
3.7749999999999999	-18.353383319091797
3.7760000000000002	-18.277299045089265
3.7770000000000001	-18.201142964430154
3.778	-18.124915364037541
3.7789999999999999	-18.048616531286086
3.7800000000000002	-17.972246753999979
3.7810000000000001	-17.89580632045104
3.782	-17.819295519356455
3.7829999999999999	-17.742714639876969
3.7840000000000003	-17.666063971614697
3.7850000000000001	-17.589343804611321
3.786	-17.51255442934578
3.7869999999999999	-17.43569613673246
3.7880000000000003	-17.358769218119019
3.7890000000000001	-17.281773965284593
3.79	-17.204710670437496
3.7909999999999999	-17.127579626213333
3.7920000000000003	-17.050381125672939
3.7930000000000001	-16.973115462300477
3.794	-16.895782930001218
3.7949999999999999	-16.818383823099609
3.7960000000000003	-16.740918436337267
3.7970000000000002	-16.663387064870971
3.798	-16.585790004270528
3.7989999999999999	-16.508127550516903
3.8000000000000003	-16.430399999999974
3.8010000000000002	-16.352607649516845
3.802	-16.274750796269455
3.8029999999999999	-16.196829737862785
3.8040000000000003	-16.118844772302701
3.8050000000000002	-16.040796197994119
3.806	-15.96268431373877
3.8069999999999999	-15.884509418733259
3.8080000000000003	-15.806271812567019
3.8090000000000002	-15.727971795220419
3.8100000000000001	-15.649609667062503
3.8109999999999999	-15.571185728849152
3.8120000000000003	-15.492700281720932
3.8130000000000002	-15.414153627201291
3.8140000000000001	-15.335546067194215
3.8149999999999999	-15.256877903982424
3.8160000000000003	-15.178149440225258
3.8170000000000002	-15.099360978956771
3.8180000000000001	-15.020512823583537
3.819	-14.941605277882708
3.8200000000000003	-14.862638645999986
3.8210000000000002	-14.78361323244766
3.8220000000000001	-14.704529342102457
3.823	-14.62538728020359
3.8240000000000003	-14.546187352350689
3.8250000000000002	-14.466929864501939
3.8260000000000001	-14.387615122971777
3.827	-14.30824343442908
3.8280000000000003	-14.228815105895009
3.8290000000000002	-14.149330444741217
3.8300000000000001	-14.069789758687492
3.831	-13.990193355799949
3.8320000000000003	-13.910541544488932
3.8330000000000002	-13.830834633507113
3.8340000000000001	-13.751072931947213
3.835	-13.671256749240243
3.8360000000000003	-13.591386395153272
3.8370000000000002	-13.511462179787582
3.8380000000000001	-13.431484413576531
3.839	-13.351453407283522
3.8399999999999999	-13.271369472000021
3.8410000000000002	-13.191232919143459
3.8420000000000001	-13.111044060455455
3.843	-13.030803207999408
3.8439999999999999	-12.950510674158728
3.8450000000000002	-12.870166771634743
3.8460000000000001	-12.789771813444787
3.847	-12.709326112919882
3.8479999999999999	-12.628829983703049
3.8490000000000002	-12.548283739747028
3.8500000000000001	-12.467687695312499
3.851	-12.387042164965777
3.8519999999999999	-12.306347463576969
3.8530000000000002	-12.225603906317922
3.8540000000000001	-12.144811808660208
3.855	-12.063971486373049
3.8559999999999999	-11.983083255521287
3.8570000000000002	-11.90214743246338
3.8580000000000001	-11.821164333849516
3.859	-11.740134276619315
3.8599999999999999	-11.659057578000002
3.8610000000000002	-11.577934555504285
3.8620000000000001	-11.496765526928449
3.863	-11.415550810350219
3.8639999999999999	-11.334290724126724
3.8650000000000002	-11.252985586892557
3.8660000000000001	-11.171635717557777
3.867	-11.090241435305693
3.8679999999999999	-11.008803059591052
3.8690000000000002	-10.927320910137837
3.8700000000000001	-10.845795306937482
3.871	-10.764226570246571
3.8719999999999999	-10.682615020584976
3.8730000000000002	-10.600960978733717
3.8740000000000001	-10.519264765733197
3.875	-10.437526702880859
3.8759999999999999	-10.355747111729286
3.8770000000000002	-10.2739263140842
3.8780000000000001	-10.192064632002534
3.879	-10.110162387790147
3.8799999999999999	-10.028219904000004
3.8810000000000002	-9.9462375034300905
3.8820000000000001	-9.8642155091214576
3.883	-9.7821542443560219
3.8839999999999999	-9.7000540326547267
3.8850000000000002	-9.6179151977753818
3.8860000000000001	-9.5357380637107667
3.887	-9.4535229546865054
3.8879999999999999	-9.3712701951590489
3.8890000000000002	-9.2889801098136573
3.8900000000000001	-9.2066530235624811
3.891	-9.124289261542387
3.8919999999999999	-9.0418891491129756
3.8930000000000002	-8.9594530118545279
3.8940000000000001	-8.8769811755662076
3.895	-8.7944739662636664
3.8959999999999999	-8.7119317101772964
3.8970000000000002	-8.62935473375002
3.8980000000000001	-8.5467433636355281
3.899	-8.4640979266959491
3.8999999999999999	-8.3814187500000159
3.9010000000000002	-8.2987061608209061
3.9020000000000001	-8.2159604866344509
3.903	-8.1331820551168263
3.9039999999999999	-8.0503711941427198
3.9050000000000002	-7.9675282317831773
3.9060000000000001	-7.8846534963037556
3.907	-7.801747316162313
3.9079999999999999	-7.7188100200070551
3.9090000000000003	-7.635841936674467
3.9100000000000001	-7.5528433951874945
3.911	-7.4698147247531921
3.9119999999999999	-7.386756254760968
3.9130000000000003	-7.3036683147803387
3.9140000000000001	-7.2205512345592027
3.915	-7.1374053440214738
3.9159999999999999	-7.0542309732652839
3.9170000000000003	-6.9710284525608301
3.9180000000000001	-6.8877981123485199
3.919	-6.8045402832367614
3.9199999999999999	-6.7212552959999954
3.9210000000000003	-6.6379434815767127
3.9220000000000002	-6.5546051710674433
3.923	-6.4712406957326536
3.9239999999999999	-6.3878503869907206
3.9250000000000003	-6.3044345764159928
3.9260000000000002	-6.220993595736779
3.927	-6.1375277768331387
3.9279999999999999	-6.0540374517350344
3.9290000000000003	-5.9705229526202928
3.9300000000000002	-5.8869846118124869
3.931	-5.8034227617790108
3.9319999999999999	-5.7198377351289551
3.9330000000000003	-5.6362298646111739
3.9340000000000002	-5.5525994831121963
3.9350000000000001	-5.4689469236542791
3.9359999999999999	-5.3852725193932898
3.9370000000000003	-5.3015766036166241
3.9380000000000002	-5.2178595097415297
3.9390000000000001	-5.1341215713125692
3.9399999999999999	-5.0503631220000074
3.9410000000000003	-4.9665844955975231
3.9420000000000002	-4.8827860260204474
3.9430000000000001	-4.7989680473034539
3.944	-4.7151308935987259
3.9450000000000003	-4.6312748991738104
3.9460000000000002	-4.5474003984097777
3.9470000000000001	-4.4635077257989408
3.948	-4.3795972159430647
3.9490000000000003	-4.2956692035510855
3.9500000000000002	-4.2117240234374904
3.9510000000000001	-4.1277620105198096
3.952	-4.0437834998169464
3.9530000000000003	-3.9597888264469745
3.9540000000000002	-3.8757783256251983
3.9550000000000001	-3.7917523326621136
3.956	-3.7077111829612761
3.9570000000000003	-3.6236552120174466
3.9580000000000002	-3.5395847554145234
3.9590000000000001	-3.4555001488233827
3.96	-3.3714017280000093
3.9610000000000003	-3.2872898287833365
3.9620000000000002	-3.2031647870934492
3.9630000000000001	-3.1190269389292595
3.964	-3.0348766203667168
3.9650000000000003	-2.9507141675566118
3.9660000000000002	-2.8665399167227719
3.9670000000000001	-2.7823542041597449
3.968	-2.6981573662310367
3.9689999999999999	-2.613949739366916
3.9700000000000002	-2.5297316600624811
3.9710000000000001	-2.4455034648756211
3.972	-2.3612654904249624
3.9729999999999999	-2.2770180733878078
3.9740000000000002	-2.1927615504981972
3.9750000000000001	-2.1084962585449105
3.976	-2.0242225343692937
3.9769999999999999	-1.9399407148632974
3.9780000000000002	-1.8556511369675235
3.9790000000000001	-1.7713541376692064
3.98	-1.6870500540000108
3.9809999999999999	-1.6027392230341775
3.9820000000000002	-1.5184219818864477
3.9830000000000001	-1.4340986677100673
3.984	-1.3497696176947187
3.9849999999999999	-1.2654351690644603
3.9860000000000002	-1.1810956590757655
3.9870000000000001	-1.0967514250155688
3.988	-1.0124028041990485
3.9889999999999999	-0.92805013396775138
3.9900000000000002	-0.84369375168749627
3.9910000000000001	-0.75933399474644858
3.992	-0.67497120055296733
3.9929999999999999	-0.59060570653361566
3.9940000000000002	-0.50623785013120681
3.9950000000000001	-0.42186796880272937
3.996	-0.33749640001729375
3.9969999999999999	-0.25312348125412143
3.9980000000000002	-0.16874955000052694
3.9990000000000001	-0.084374943749999431
4	0
4.0010000000000003	0.084374943750070486
4.0019999999999998	0.16874955000049852
4.0030000000000001	0.25312348125412143
4.0040000000000004	0.33749640001732217
4.0049999999999999	0.42186796880271515
4.0060000000000002	0.50623785013125655
4.0069999999999997	0.59060570653360855
4.008	0.67497120055296023
4.0090000000000003	0.759333994746477
4.0099999999999998	0.84369375168748206
4.0110000000000001	0.92805013396775848
4.0120000000000005	1.0124028041990627
4.0129999999999999	1.0967514250155546
4.0140000000000002	1.1810956590758011
4.0149999999999997	1.2654351690643963
4.016	1.3497696176947258
4.0170000000000003	1.4340986677101242
4.0179999999999998	1.5184219818864335
4.0190000000000001	1.6027392230341917
4.0200000000000005	1.6870500540000464
4.0209999999999999	1.7713541376691921
4.0220000000000002	1.8556511369675661
4.0229999999999997	1.9399407148632619
4.024	2.0242225343692652
4.0250000000000004	2.108496258544946
4.0259999999999998	2.1927615504982256
4.0270000000000001	2.277018073387822
4.0280000000000005	2.361265490425005
4.0289999999999999	2.4455034648756424
4.0300000000000002	2.5297316600625308
4.0309999999999997	2.6139497393669018
4.032	2.6981573662310581
4.0330000000000004	2.7823542041597946
4.0339999999999998	2.8665399167227577
4.0350000000000001	2.9507141675566331
4.0360000000000005	3.0348766203667665
4.0369999999999999	3.1190269389292666
4.0380000000000003	3.2031647870934634
4.0389999999999997	3.2872898287833365
4.04	3.3714017280000093
4.0410000000000004	3.4555001488234325
4.0419999999999998	3.5395847554145305
4.0430000000000001	3.623655212017475
4.0440000000000005	3.7077111829612974
4.0449999999999999	3.7917523326621065
4.0460000000000003	3.8757783256252196
4.0469999999999997	3.9597888264469603
4.048	4.0437834998169748
4.0490000000000004	4.1277620105198594
4.0499999999999998	4.2117240234375046
4.0510000000000002	4.2956692035511566
4.0520000000000005	4.3795972159430576
4.0529999999999999	4.4635077257989337
4.0540000000000003	4.547400398409799
4.0549999999999997	4.6312748991738175
4.056	4.7151308935986904
4.0570000000000004	4.7989680473034824
4.0579999999999998	4.8827860260204616
4.0590000000000002	4.9665844955975444
4.0600000000000005	5.0503631220000216
4.0609999999999999	5.1341215713125763
4.0620000000000003	5.2178595097415652
4.0629999999999997	5.3015766036166312
4.0640000000000001	5.3852725193932898
4.0650000000000004	5.4689469236543289
4.0659999999999998	5.5525994831122105
4.0670000000000002	5.6362298646112166
4.0680000000000005	5.7198377351290048
4.069	5.8034227617790108
4.0700000000000003	5.8869846118125366
4.0709999999999997	5.9705229526202714
4.0720000000000001	6.0540374517350486
4.0730000000000004	6.1375277768331742
4.0739999999999998	6.2209935957367861
4.0750000000000002	6.3044345764160425
4.0760000000000005	6.3878503869907775
4.077	6.4712406957326252
4.0780000000000003	6.554605171067486
4.0789999999999997	6.6379434815766913
4.0800000000000001	6.7212552960000167
4.0810000000000004	6.8045402832367969
4.0819999999999999	6.8877981123485057
4.0830000000000002	6.9710284525608657
4.0840000000000005	7.0542309732653194
4.085	7.1374053440214595
4.0860000000000003	7.2205512345592382
4.0869999999999997	7.3036683147803387
4.0880000000000001	7.3867562547609822
4.0890000000000004	7.4698147247532347
4.0899999999999999	7.5528433951875016
4.0910000000000002	7.6358419366744954
4.0920000000000005	7.7188100200071048
4.093	7.801747316162313
4.0940000000000003	7.8846534963038124
4.0949999999999998	7.9675282317831773
4.0960000000000001	8.0503711941427127
4.0970000000000004	8.1331820551168619
4.0979999999999999	8.2159604866344509
4.0990000000000002	8.2987061608209416
4.0999999999999996	8.381418749999952
4.101	8.4640979266959633
4.1020000000000003	8.5467433636355565
4.1029999999999998	8.6293547337500129
4.1040000000000001	8.7119317101772964
4.1050000000000004	8.7944739662637019
4.1059999999999999	8.8769811755662076
4.1070000000000002	8.9594530118545777
4.1079999999999997	9.0418891491129116
4.109	9.1242892615423798
4.1100000000000003	9.2066530235625166
4.1109999999999998	9.2889801098136573
4.1120000000000001	9.3712701951590276
4.1130000000000004	9.4535229546865196
4.1139999999999999	9.5357380637107454
4.1150000000000002	9.6179151977753747
4.1159999999999997	9.7000540326546911
4.117	9.7821542443560219
4.1180000000000003	9.8642155091214931
4.1189999999999998	9.9462375034300905
4.1200000000000001	10.02821990399999
4.1210000000000004	10.110162387790197
4.1219999999999999	10.192064632002534
4.1230000000000002	10.273926314084264
4.1239999999999997	10.355747111729258
4.125	10.437526702880859
4.1260000000000003	10.519264765733247
4.1269999999999998	10.600960978733724
4.1280000000000001	10.682615020584969
4.1290000000000004	10.764226570246628
4.1299999999999999	10.845795306937489
4.1310000000000002	10.927320910137887
4.1319999999999997	11.008803059591003
4.133	11.090241435305678
4.1340000000000003	11.17163571755782
4.1349999999999998	11.252985586892549
4.1360000000000001	11.334290724126724
4.1370000000000005	11.415550810350261
4.1379999999999999	11.496765526928463
4.1390000000000002	11.577934555504321
4.1399999999999997	11.659057577999967
4.141	11.740134276619337
4.1420000000000003	11.821164333849573
4.1429999999999998	11.90214743246338
4.1440000000000001	11.983083255521294
4.1450000000000005	12.063971486373056
4.1459999999999999	12.14481180866018
4.1470000000000002	12.225603906317957
4.1479999999999997	12.306347463576934
4.149	12.387042164965763
4.1500000000000004	12.467687695312506
4.1509999999999998	12.548283739747028
4.1520000000000001	12.628829983703042
4.1530000000000005	12.709326112919925
4.1539999999999999	12.789771813444773
4.1550000000000002	12.870166771634786
4.1559999999999997	12.950510674158686
4.157	13.030803207999391
4.1580000000000004	13.111044060455505
4.1589999999999998	13.191232919143481
4.1600000000000001	13.271369472000003
4.1610000000000005	13.351453407283515
4.1619999999999999	13.431484413576541
4.1630000000000003	13.511462179787607
4.1639999999999997	13.591386395153243
4.165	13.671256749240243
4.1660000000000004	13.751072931947249
4.1669999999999998	13.830834633507081
4.1680000000000001	13.910541544488972
4.1690000000000005	13.990193355799974
4.1699999999999999	14.069789758687492
4.1710000000000003	14.149330444741274
4.1719999999999997	14.228815105895023
4.173	14.308243434429095
4.1740000000000004	14.387615122971823
4.1749999999999998	14.466929864501942
4.1760000000000002	14.546187352350742
4.1770000000000005	14.625387280203633
4.1779999999999999	14.704529342102468
4.1790000000000003	14.783613232447692
4.1799999999999997	14.862638645999958
4.181	14.941605277882715
4.1820000000000004	15.020512823583594
4.1829999999999998	15.099360978956774
4.1840000000000002	15.178149440225269
4.1850000000000005	15.256877903982478
4.1859999999999999	15.335546067194237
4.1870000000000003	15.41415362720133
4.1879999999999997	15.492700281720943
4.1890000000000001	15.571185728849123
4.1900000000000004	15.649609667062535
4.1909999999999998	15.727971795220427
4.1920000000000002	15.806271812567068
4.1930000000000005	15.884509418733302
4.194	15.962684313738819
4.1950000000000003	16.040796197994162
4.1959999999999997	16.118844772302708
4.1970000000000001	16.196829737862785
4.1980000000000004	16.274750796269494
4.1989999999999998	16.352607649516848
4.2000000000000002	16.430400000000027
4.2010000000000005	16.508127550516953
4.202	16.585790004270521
4.2030000000000003	16.663387064870975
4.2039999999999997	16.74091843633726
4.2050000000000001	16.818383823099609
4.2060000000000004	16.895782930001253
4.2069999999999999	16.973115462300505
4.2080000000000002	17.050381125672949
4.2090000000000005	17.127579626213347
4.21	17.204710670437478
4.2110000000000003	17.281773965284621
4.2119999999999997	17.358769218118987
4.2130000000000001	17.435696136732467
4.2140000000000004	17.512554429345791
4.2149999999999999	17.589343804611303
4.2160000000000002	17.666063971614761
4.2170000000000005	17.742714639876986
4.218	17.819295519356473
4.2190000000000003	17.895806320451065
4.2199999999999998	17.972246753999933
4.2210000000000001	18.048616531286136
4.2220000000000004	18.12491536403757
4.2229999999999999	18.20114296443014
4.2240000000000002	18.277299045089286
4.2249999999999996	18.35338331909179
4.226	18.429395499968223
4.2270000000000003	18.505335301704676
4.2279999999999998	18.581202438744945
4.2290000000000001	18.656996625992548
4.2300000000000004	18.732717578812505
4.2309999999999999	18.8083650130338
4.2320000000000002	18.883938644951037
4.2329999999999997	18.959438191326626
4.234	19.034863369392752
4.2350000000000003	19.110213896853537
4.2359999999999998	19.185489491886685
4.2370000000000001	19.260689873146191
4.2380000000000004	19.335814759763508
4.2389999999999999	19.410863871350244
4.2400000000000002	19.485836928000026
4.2409999999999997	19.560733650290246
4.242	19.635553759284562
4.2430000000000003	19.710296976534394
4.2439999999999998	19.784963024081264
4.2450000000000001	19.859551624458987
4.2460000000000004	19.934062500695234
4.2469999999999999	20.008495376313874
4.2480000000000002	20.082849975337027
4.2489999999999997	20.15712602228669
4.25	20.2313232421875
4.2510000000000003	20.305441360568025
4.2519999999999998	20.379480103462996
4.2530000000000001	20.453439197415861
4.2540000000000004	20.527318369479829
4.2549999999999999	20.601117347220693
4.2560000000000002	20.674835858718723
4.2569999999999997	20.74847363257031
4.258	20.822030397890444
4.2590000000000003	20.895505884314431
4.2599999999999998	20.968899821999983
4.2610000000000001	21.042211941629489
4.2620000000000005	21.115441974411581
4.2629999999999999	21.188589652083493
4.2640000000000002	21.261654706913305
4.2649999999999997	21.334636871701136
4.266	21.407535879782174
4.2670000000000003	21.480351465028065
4.2679999999999998	21.553083361848991
4.2690000000000001	21.62573130519587
4.2700000000000005	21.698295030562477
4.2709999999999999	21.770774273987172
4.2720000000000002	21.84316877205508
4.2729999999999997	21.915478261899963
4.274	21.987702481206782
4.2750000000000004	22.059841168212927
4.2759999999999998	22.13189406171071
4.2770000000000001	22.203860901049538
4.2780000000000005	22.275741426137515
4.2789999999999999	22.347535377443577
4.2800000000000002	22.41924249600001
4.2809999999999997	22.490862523403635
4.282	22.562395201818518
4.2830000000000004	22.633840273977697
4.2839999999999998	22.705197483185273
4.2850000000000001	22.776466573318345
4.2860000000000005	22.847647288829293
4.2869999999999999	22.918739374747261
4.2880000000000003	22.989742576680968
4.2889999999999997	23.060656640820028
4.29	23.131481313937499
4.2910000000000004	23.202216343391413
4.2919999999999998	23.272861477126995
4.2930000000000001	23.343416463679205
4.2940000000000005	23.413881052173821
4.2949999999999999	23.484254992330079
4.2960000000000003	23.554538034462794
4.2969999999999997	23.624729929483692
4.298	23.694830428904467
4.2990000000000004	23.764839284837805
4.2999999999999998	23.834756250000012
4.3010000000000002	23.904581077712862
4.3020000000000005	23.974313521905557
4.3029999999999999	24.043953337116875
4.3040000000000003	24.113500278497312
4.3049999999999997	24.182954101810566
4.306	24.252314563436201
4.3070000000000004	24.321581420371444
4.3079999999999998	24.390754430232931
4.3090000000000002	24.459833351259263
4.3100000000000005	24.528817942312543
4.3109999999999999	24.597707962880548
4.3120000000000003	24.666503173079079
4.3129999999999997	24.735203333653374
4.3140000000000001	24.803808205980786
4.3150000000000004	24.872317552072303
4.3159999999999998	24.940731134574676
4.3170000000000002	25.009048716772909
4.3180000000000005	25.077270062591523
4.319	25.145394936596986
4.3200000000000003	25.213423104000029
4.3209999999999997	25.281354330657038
4.3220000000000001	25.349188383072573
4.3230000000000004	25.416925028401138
4.3239999999999998	25.484564034449292
4.3250000000000002	25.552105169677731
4.3260000000000005	25.619548203203209
4.327	25.686892904800629
4.3280000000000003	25.754139044904946
4.3289999999999997	25.821286394613452
4.3300000000000001	25.888334725687542
4.3310000000000004	25.955283810554775
4.3319999999999999	26.022133422311057
4.3330000000000002	26.088883334722553
4.3340000000000005	26.155533322227839
4.335	26.222083159939501
4.3360000000000003	26.288532623646759
4.3369999999999997	26.354881489817046
4.3380000000000001	26.421129535598453
4.3390000000000004	26.487276538821163
4.3399999999999999	26.553322277999996
4.3410000000000002	26.619266532336241
4.3420000000000005	26.685109081719546
4.343	26.750849706730278
4.3440000000000003	26.816488188641316
4.3449999999999998	26.882024309419862
4.3460000000000001	26.947457851730192
4.3470000000000004	27.012788598934804
4.3479999999999999	27.078016335096947
4.3490000000000002	27.143140844982682
4.3500000000000005	27.208161914062529
4.351	27.273079328513916
4.3520000000000003	27.337892875222991
4.3529999999999998	27.402602341786746
4.3540000000000001	27.467207516514804
4.3550000000000004	27.531708188431665
4.3559999999999999	27.596104147278695
4.3570000000000002	27.660395183516286
4.3579999999999997	27.724581088325394
4.359	27.788661653610362
4.3600000000000003	27.852636672000017
4.3609999999999998	27.916505936850385
4.3620000000000001	27.980269242246592
4.3630000000000004	28.043926383004504
4.3639999999999999	28.107477154673262
4.3650000000000002	28.170921353537125
4.3659999999999997	28.23425877661721
4.367	28.297489221674013
4.3680000000000003	28.360612487208954
4.3689999999999998	28.423628372466851
4.3700000000000001	28.486536677437513
4.3710000000000004	28.549337202858155
4.3719999999999999	28.612029750215058
4.3730000000000002	28.674614121745961
4.3739999999999997	28.737090120441721
4.375	28.799457550048828
4.3760000000000003	28.861716215070743
4.3769999999999998	28.923865920770496
4.3780000000000001	28.985906473172477
4.3790000000000004	29.047837679064571
4.3799999999999999	29.109659346000029
4.3810000000000002	29.171371282299603
4.3819999999999997	29.232973297053519
4.383	29.294465200123682
4.3840000000000003	29.355846802145265
4.3849999999999998	29.417117914529285
4.3860000000000001	29.478278349464205
4.3870000000000005	29.539327919918193
4.3879999999999999	29.600266439640976
4.3890000000000002	29.661093723166033
4.3899999999999997	29.721809585812508
4.391	29.78241384368728
4.3920000000000003	29.842906313687081
4.3929999999999998	29.903286813500088
4.3940000000000001	29.963555161608795
4.3950000000000005	30.023711177291077
4.3959999999999999	30.083754680622746
4.3970000000000002	30.143685492479676
4.3979999999999997	30.203503434539442
4.399	30.2632083292837
4.4000000000000004	30.322800000000043
4.4009999999999998	30.382278270783729
4.4020000000000001	30.441642966540527
4.4030000000000005	30.500893912987877
4.4039999999999999	30.560030936657284
4.4050000000000002	30.619053864896529
4.4059999999999997	30.67796252587118
4.407	30.736756748567373
4.4080000000000004	30.795436362792998
4.4089999999999998	30.854001199180175
4.4100000000000001	30.912451089187471
4.4110000000000005	30.970785865101547
4.4119999999999999	31.029005360039008
4.4130000000000003	31.087109407949342
4.4139999999999997	31.145097843615773
4.415	31.202970502658232
4.4160000000000004	31.260727221534751
4.4169999999999998	31.318367837543775
4.4180000000000001	31.375892188826441
4.4190000000000005	31.433300114367981
4.4199999999999999	31.490591453999954
4.4210000000000003	31.547766048402949
4.4219999999999997	31.604823739107502
4.423	31.66176436849706
4.4240000000000004	31.718587779809297
4.4249999999999998	31.775293817138703
4.4260000000000002	31.831882325438229
4.4270000000000005	31.888353150521596
4.4279999999999999	31.94470613906492
4.4290000000000003	32.000941138609406
4.4299999999999997	32.057057997562538
4.431	32.113056565200665
4.4320000000000004	32.168936691671036
4.4329999999999998	32.224698227993542
4.4340000000000002	32.280341026062757
4.4350000000000005	32.335864938650445
4.4359999999999999	32.391269819406745
4.4370000000000003	32.446555522863022
4.4379999999999997	32.501721904433424
4.4390000000000001	32.556768820417076
4.4400000000000004	32.611696127999977
4.4409999999999998	32.666503685257112
4.4420000000000002	32.72119135115453
4.4430000000000005	32.775758985551221
4.444	32.830206449201299
4.4450000000000003	32.884533603755784
4.4459999999999997	32.93874031176523
4.4470000000000001	32.992826436680716
4.4480000000000004	33.046791842857004
4.4489999999999998	33.100636395553593
4.4500000000000002	33.154359960937484
4.4510000000000005	33.207962406084945
4.452	33.261443598983064
4.4530000000000003	33.314803408532683
4.4539999999999997	33.368041704549768
4.4550000000000001	33.421158357767581
4.4560000000000004	33.47415323983877
4.4569999999999999	33.527026223337245
4.4580000000000002	33.579777181760463
4.4590000000000005	33.632405989531279
4.46	33.684912522000005
4.4610000000000003	33.737296655446343
4.4619999999999997	33.789558267081503
4.4630000000000001	33.84169723505039
4.4640000000000004	33.893713438433352
4.4649999999999999	33.945606757248058
4.4660000000000002	33.997377072452196
4.4670000000000005	34.049024265944979
4.468	34.100548220568911
4.4690000000000003	34.151948820112821
4.4699999999999998	34.203225949312383
4.4710000000000001	34.25437949385406
4.4720000000000004	34.30540934037505
4.4729999999999999	34.35631537646691
4.4740000000000002	34.407097490676833
4.4750000000000005	34.457755572509811
4.476	34.508289512430721
4.4770000000000003	34.558699201866389
4.4779999999999998	34.608984533207405
4.4790000000000001	34.659145399810498
4.4800000000000004	34.709181696000016
4.4809999999999999	34.759093317070523
4.4820000000000002	34.808880159288563
4.4829999999999997	34.858542119894622
4.484	34.908079097105301
4.4850000000000003	34.957490990115232
4.4859999999999998	35.00677769909916
4.4870000000000001	35.055939125214095
4.4880000000000004	35.104975170600966
4.4889999999999999	35.153885738386947
4.4900000000000002	35.202670732687565
4.4909999999999997	35.251330058608232
4.492	35.299863622247031
4.4930000000000003	35.348271330696022
4.4939999999999998	35.396553092043774
4.4950000000000001	35.444708815376956
4.4960000000000004	35.492738410782806
4.4969999999999999	35.540641789350573
4.4980000000000002	35.588418863174482
4.4989999999999997	35.636069545354701
4.5	35.68359375
4.5010000000000003	35.730991392229768
4.5019999999999998	35.77826238817552
4.5030000000000001	35.825406654983865
4.5040000000000004	35.872424110817292
4.5049999999999999	35.919314674857432
4.5060000000000002	35.966078267306301
4.5069999999999997	36.012714809388314
4.508	36.059224223353027
4.5090000000000003	36.105606432476222
4.5099999999999998	36.151861361062501
4.5110000000000001	36.19798893444738
4.5120000000000005	36.243989078998993
4.5129999999999999	36.289861722120264
4.5140000000000002	36.335606792250857
4.5149999999999997	36.381224218869164
4.516	36.426713932494707
4.5170000000000003	36.472075864689771
4.5179999999999998	36.517309948061452
4.5190000000000001	36.562416116263847
4.5200000000000005	36.607394304000124
4.5209999999999999	36.652244447023847
4.5220000000000002	36.696966482142585
4.5229999999999997	36.741560347217941
4.524	36.786025981169317
4.5250000000000004	36.830363323974595
4.5259999999999998	36.874572316673209
4.5270000000000001	36.918652901367494
4.5280000000000005	36.962605021224974
4.5289999999999999	37.006428620480293
4.5300000000000002	37.050123644437406
4.5309999999999997	37.093690039471667
4.532	37.137127753030938
4.5330000000000004	37.180436733639496
4.5339999999999998	37.223616930897776
4.5350000000000001	37.266668295486369
4.5360000000000005	37.309590779166783
4.5369999999999999	37.352384334784091
4.5380000000000003	37.395048916268451
4.5389999999999997	37.437584478638044
4.54	37.479990977999989
4.5410000000000004	37.52226837155311
4.5419999999999998	37.564416617589586
4.5430000000000001	37.606435675497167
4.5440000000000005	37.648325505761264
4.5449999999999999	37.690086069966753
4.5460000000000003	37.731717330800222
4.5469999999999997	37.773219252051689
4.548	37.814591798617002
4.5490000000000004	37.855834936499534
4.5499999999999998	37.896948632812524
4.5510000000000002	37.937932855780787
4.5520000000000005	37.978787574743023
4.5529999999999999	38.01951276015356
4.5540000000000003	38.06010838358479
4.5549999999999997	38.10057441772851
4.556	38.140910836398689
4.5570000000000004	38.181117614533164
4.5579999999999998	38.221194728195485
4.5590000000000002	38.261142154577286
4.5600000000000005	38.300959872000035
4.5609999999999999	38.340647859917254
4.5620000000000003	38.380206098916531
4.5629999999999997	38.419634570721342
4.5640000000000001	38.458933258193355
4.5650000000000004	38.498102145334002
4.5659999999999998	38.537141217287214
4.5670000000000002	38.576050460340824
4.5680000000000005	38.61482986192901
4.569	38.653479410633651
4.5700000000000003	38.691999096187502
4.5709999999999997	38.730388909475053
4.5720000000000001	38.768648842535015
4.5730000000000004	38.806778888562874
4.5739999999999998	38.844779041911664
4.5750000000000002	38.882649298095657
4.5760000000000005	38.92038965379075
4.577	38.958000106837318
4.5780000000000003	38.99548065624252
4.5789999999999997	39.032831302181364
4.5800000000000001	39.070052046000029
4.5810000000000004	39.107142890216409
4.5819999999999999	39.144103838523506
4.5830000000000002	39.180934895790429
4.5840000000000005	39.217636068065303
4.585	39.254207362576196
4.5860000000000003	39.290648787734284
4.5869999999999997	39.32696035313505
4.5880000000000001	39.363142069560951
4.5890000000000004	39.39919394898287
4.5899999999999999	39.435116004562573
4.5910000000000002	39.470908250654247
4.5920000000000005	39.506570702806968
4.593	39.542103377767148
4.5940000000000003	39.577506293478706
4.5949999999999998	39.612779469087869
4.5960000000000001	39.647922924942733
4.5970000000000004	39.682936682596576
4.5979999999999999	39.717820764809403
4.5990000000000002	39.752575195550619
4.6000000000000005	39.787200000000041
4.601	39.82169520455065
4.6020000000000003	39.856060836810542
4.6029999999999998	39.890296925604659
4.6040000000000001	39.924403500977263
4.6050000000000004	39.958380594193386
4.6059999999999999	39.992228237741159
4.6070000000000002	40.025946465334243
4.6080000000000005	40.059535311912924
4.609	40.092994813647039
4.6100000000000003	40.126325007937609
4.6109999999999998	40.159525933418323
4.6120000000000001	40.192597629959124
4.6130000000000004	40.225540138666133
4.6139999999999999	40.258353501885793
4.6150000000000002	40.291037763205125
4.6159999999999997	40.32359296745463
4.617	40.356019160710645
4.6180000000000003	40.38831639029641
4.6189999999999998	40.420484704784883
4.6200000000000001	40.452524153999946
4.6210000000000004	40.4844347890199
4.6219999999999999	40.516216662177484
4.6230000000000002	40.547869827063863
4.6239999999999997	40.579394338529283
4.625	40.610790252685547
4.6260000000000003	40.642057626908269
4.6269999999999998	40.673196519838513
4.6280000000000001	40.704206991384979
4.6290000000000004	40.735089102726192
4.6299999999999999	40.765842916312508
4.6310000000000002	40.796468495867501
4.6319999999999997	40.826965906391067
4.633	40.8573352141605
4.6340000000000003	40.887576486732826
4.6349999999999998	40.917689792947229
4.6360000000000001	40.94767520292676
4.6370000000000005	40.977532788079913
4.6379999999999999	41.00726262110345
4.6390000000000002	41.036864775983958
4.6399999999999997	41.066339327999984
4.641	41.095686353724005
4.6420000000000003	41.1249059310245
4.6429999999999998	41.153998139068051
4.6440000000000001	41.182963058321263
4.6450000000000005	41.211800770552742
4.6459999999999999	41.240511358835221
4.6470000000000002	41.269094907547682
4.6479999999999997	41.297551502376848
4.649	41.325881230320419
4.6500000000000004	41.354084179687518
4.6509999999999998	41.382160440101686
4.6520000000000001	41.410110102503012
4.6530000000000005	41.43793325914956
4.6539999999999999	41.465630003619736
4.6550000000000002	41.493200430814468
4.6559999999999997	41.520644636958792
4.657	41.547962719604158
4.6580000000000004	41.575154777630502
4.6589999999999998	41.602220911248182
4.6600000000000001	41.62916122200005
4.6610000000000005	41.655975812763216
4.6619999999999999	41.682664787751577
4.6630000000000003	41.709228252517306
4.6639999999999997	41.735666313953246
4.665	41.761979080294964
4.6660000000000004	41.788166661122162
4.6669999999999998	41.814229167361802
4.6680000000000001	41.84016671128893
4.6690000000000005	41.865979406529561
4.6699999999999999	41.891667368062471
4.6710000000000003	41.917230712220913
4.6719999999999997	41.942669556694995
4.673	41.967984020533805
4.6740000000000004	41.993174224146827
4.6749999999999998	42.018240289306661
4.6760000000000002	42.043182339150718
4.6770000000000005	42.068000498183309
4.6779999999999999	42.092694892277407
4.6790000000000003	42.117265648677318
4.6799999999999997	42.14171289599993
4.681	42.166036764237475
4.6820000000000004	42.190237384758589
4.6829999999999998	42.2143148903114
4.6840000000000002	42.238269415025215
4.6850000000000005	42.262101094412003
4.6859999999999999	42.285810065369148
4.6870000000000003	42.309396466181127
4.6879999999999997	42.332860436520946
4.6890000000000001	42.356202117453876
4.6900000000000004	42.379421651437539
4.6909999999999998	42.402519182325179
4.6920000000000002	42.425494855366921
4.6930000000000005	42.448348817212946
4.694	42.471081215913813
4.6950000000000003	42.493692200923903
4.6959999999999997	42.516181923102735
4.6970000000000001	42.538550534717515
4.6980000000000004	42.56079818944454
4.6989999999999998	42.582925042371642
4.7000000000000002	42.604931249999964
4.7010000000000005	42.626816970246693
4.702	42.648582362445453
4.7030000000000003	42.670227587350723
4.7039999999999997	42.691752807137291
4.7050000000000001	42.713158185404339
4.7060000000000004	42.734443887176155
4.7069999999999999	42.75561007890515
4.7080000000000002	42.77665692847296
4.7090000000000005	42.797584605193009
4.71	42.818393279812483
4.7110000000000003	42.839083124514346
4.7119999999999997	42.859654312919091
4.7130000000000001	42.880107020087138
4.7140000000000004	42.90044142252097
4.7149999999999999	42.920657698165968
4.7160000000000002	42.940756026414888
4.7170000000000005	42.960736588106613
4.718	42.980599565531662
4.7190000000000003	43.000345142430717
4.7199999999999998	43.019973504000063
4.7210000000000001	43.039484836890779
4.7220000000000004	43.058879329212431
4.7229999999999999	43.07815717053478
4.7240000000000002	43.097318551889344
4.7250000000000005	43.116363665771459
4.726	43.135292706143176
4.7270000000000003	43.154105868434314
4.7279999999999998	43.172803349545063
4.7290000000000001	43.191385347847216
4.7300000000000004	43.20985206318754
4.7309999999999999	43.228203696888585
4.7320000000000002	43.246440451751013
4.7330000000000005	43.264562532056274
4.734	43.28257014356781
4.7350000000000003	43.30046349353313
4.7359999999999998	43.318242790686725
4.7370000000000001	43.335908245250891
4.7380000000000004	43.353460068938546
4.7389999999999999	43.37089847495487
4.7400000000000002	43.388223678000074
4.7409999999999997	43.405435894269985
4.742	43.422535341459536
4.7430000000000003	43.439522238763999
4.7439999999999998	43.45639680688123
4.7450000000000001	43.473159268013646
4.7460000000000004	43.489809845870298
4.7469999999999999	43.506348765668704
4.7480000000000002	43.522776254136915
4.7489999999999997	43.539092539516389
4.75	43.5552978515625
4.7510000000000003	43.571392421547813
4.7519999999999998	43.587376482263068
4.7530000000000001	43.603250268020588
4.7540000000000004	43.619014014654866
4.7549999999999999	43.634667959525459
4.7560000000000002	43.650212341518639
4.7569999999999997	43.665647401050137
4.758	43.680973380065382
4.7590000000000003	43.696190522044077
4.7599999999999998	43.711299072000074
4.7610000000000001	43.726299276484127
4.7620000000000005	43.741191383586482
4.7629999999999999	43.755975642938111
4.7640000000000002	43.770652305713213
4.7649999999999997	43.785221624630807
4.766	43.799683853957234
4.7670000000000003	43.814039249507715
4.7679999999999998	43.828288068649016
4.7690000000000001	43.842430570300579
4.7700000000000005	43.85646701493738
4.7709999999999999	43.870397664591934
4.7720000000000002	43.88422278285509
4.7729999999999997	43.897942634879755
4.774	43.911557487381756
4.7750000000000004	43.925067608642593
4.7759999999999998	43.938473268510705
4.7770000000000001	43.951774738404225
4.7780000000000005	43.964972291312506
4.7789999999999999	43.978066201798299
4.7800000000000002	43.991056746000083
4.7809999999999997	44.003944201633416
4.782	44.016728847993591
4.7830000000000004	44.029410965957382
4.7839999999999998	44.041990837985168
4.7850000000000001	44.054468748123028
4.7860000000000005	44.066844982004241
4.7869999999999999	44.079119826851922
4.7880000000000003	44.091293571481003
4.7889999999999997	44.103366506299864
4.79	44.115338923312493
4.7910000000000004	44.127211116121018
4.7919999999999998	44.138983379926955
4.7930000000000001	44.150656011533883
4.7940000000000005	44.162229309348817
4.7949999999999999	44.173703573384856
4.7960000000000003	44.185079105262673
4.7969999999999997	44.196356208213217
4.798	44.207535187079458
4.7990000000000004	44.218616348317497
4.7999999999999998	44.229599999999948
4.8010000000000002	44.240486451817532
4.8020000000000005	44.251276015080435
4.8029999999999999	44.261969002721457
4.8040000000000003	44.272565729297199
4.8049999999999997	44.283066510990338
4.806	44.293471665611293
4.8070000000000004	44.303781512601148
4.8079999999999998	44.313996373033021
4.8090000000000002	44.324116569613935
4.8100000000000005	44.334142426687563
4.8109999999999999	44.344074270235268
4.8120000000000003	44.353912427879166
4.8129999999999997	44.363657228883099
4.8140000000000001	44.373309004155871
4.8150000000000004	44.382868086251833
4.8159999999999998	44.392334809374603
4.8170000000000002	44.401709509377639
4.8180000000000005	44.410992523766424
4.819	44.420184191701523
4.8200000000000003	44.429284853999917
4.8209999999999997	44.438294853136696
4.8220000000000001	44.447214533247617
4.8230000000000004	44.456044240130794
4.8239999999999998	44.464784321249269
4.8250000000000002	44.473435125732308
4.8260000000000005	44.481997004378329
4.827	44.490470309655393
4.8280000000000003	44.498855395704979
4.8289999999999997	44.507152618343127
4.8300000000000001	44.515362335062576
4.8310000000000004	44.523484905034366
4.8319999999999999	44.531520689111076
4.8330000000000002	44.539470049827159
4.8340000000000005	44.547333351402756
4.835	44.555110959744155
4.8360000000000003	44.562803242446762
4.8369999999999997	44.570410568796703
4.8380000000000001	44.577933309773499
4.8390000000000004	44.585371838050833
4.8399999999999999	44.592726528000128
4.8410000000000002	44.599997755690794
4.8420000000000005	44.6071858988945
4.843	44.614291337084964
4.8440000000000003	44.621314451441364
4.8449999999999998	44.628255624849572
4.8460000000000001	44.63511524190514
4.8470000000000004	44.641893688914521
4.8479999999999999	44.64859135389699
4.8490000000000002	44.655208626587267
4.8500000000000005	44.661745898437516
4.851	44.668203562618501
4.8520000000000003	44.674582014022917
4.8529999999999998	44.680881649266453
4.8540000000000001	44.687102866689671
4.8550000000000004	44.693246066361198
4.8559999999999999	44.699311650078897
4.8570000000000002	44.705300021371016
4.8580000000000005	44.711211585500266
4.859	44.717046749465084
4.8600000000000003	44.722805921999949
4.8609999999999998	44.728489513580044
4.8620000000000001	44.734097936421549
4.8630000000000004	44.739631604484202
4.8639999999999999	44.745090933473321
4.8650000000000002	44.750476340841772
4.8659999999999997	44.755788245792232
4.867	44.761027069278697
4.8680000000000003	44.766193234009023
4.8689999999999998	44.771287164446321
4.8700000000000001	44.776309286812619
4.8710000000000004	44.78126002908779
4.8719999999999999	44.786139821014956
4.8730000000000002	44.790949094100654
4.8739999999999997	44.795688281616833
4.875	44.800357818603516
4.8760000000000003	44.804958141870642
4.8769999999999998	44.809489690000177
4.8780000000000001	44.813952903347484
4.8790000000000004	44.818348224044172
4.8799999999999999	44.822676095999938
4.8810000000000002	44.826936964904363
4.8819999999999997	44.83113127822854
4.883	44.835259485228377
4.8840000000000003	44.839322036945177
4.8849999999999998	44.843319386208933
4.8860000000000001	44.847251987639268
4.8870000000000005	44.85112029764791
4.8879999999999999	44.854924774440946
4.8890000000000002	44.858665878020432
4.8899999999999997	44.862344070187589
4.891	44.865959814541924
4.8920000000000003	44.869513576486952
4.8929999999999998	44.873005823229789
4.8940000000000001	44.876437023783708
4.8950000000000005	44.879807648970754
4.8959999999999999	44.883118171422524
4.8970000000000002	44.88636906558439
4.8979999999999997	44.889560807714332
4.899	44.89269387588844
4.9000000000000004	44.895768749999931
4.9009999999999998	44.898785911763397
4.9020000000000001	44.901745844715663
4.9030000000000005	44.904649034217499
4.9039999999999999	44.90749596745745
4.9050000000000002	44.91028713345122
4.9059999999999997	44.913023023046335
4.907	44.915704128922215
4.9080000000000004	44.918330945593027
4.9089999999999998	44.920903969410006
4.9100000000000001	44.923423698562445
4.9110000000000005	44.925890633081195
4.9119999999999999	44.92830527483909
4.9130000000000003	44.9306681275541
4.9139999999999997	44.932979696790767
4.915	44.935240489962794
4.9160000000000004	44.937451016334748
4.9169999999999998	44.939611787023438
4.9180000000000001	44.941723315001511
4.9190000000000005	44.94378611509768
4.9199999999999999	44.945800704000021
4.9210000000000003	44.947767600257563
4.9219999999999997	44.949687324282507
4.923	44.951560398351802
4.9240000000000004	44.953387346609276
4.9249999999999998	44.955168695068338
4.9260000000000002	44.956904971613355
4.9270000000000005	44.958596706001131
4.9279999999999999	44.960244429864971
4.9290000000000003	44.961848676714084
4.9299999999999997	44.963409981937602
4.931	44.964928882805239
4.9320000000000004	44.966405918471011
4.9329999999999998	44.967841629973179
4.9340000000000002	44.969236560237832
4.9350000000000005	44.970591254079892
4.9359999999999999	44.971906258206772
4.9370000000000003	44.973182121217775
4.9379999999999997	44.974419393608628
4.9390000000000001	44.975618627771638
4.9400000000000004	44.976780378000058
4.9409999999999998	44.977905200486973
4.9420000000000002	44.978993653329638
4.9430000000000005	44.980046296530958
4.944	44.981063692001229
4.9450000000000003	44.982046403560474
4.9459999999999997	44.98299499694032
4.9470000000000001	44.983910039785499
4.9480000000000004	44.984792101656964
4.9489999999999998	44.985641754033253
4.9500000000000002	44.98645957031259
4.9510000000000005	44.987246125814437
4.952	44.988001997782902
4.9530000000000003	44.988727765387395
4.9539999999999997	44.989424009724786
4.9550000000000001	44.990091313822205
4.9560000000000004	44.990730262638778
4.9569999999999999	44.991341443066801
4.9580000000000002	44.991925443935429
4.9590000000000005	44.992482856010966
4.96	44.99301427199994
4.9610000000000003	44.99352028655116
4.9619999999999997	44.994001496256516
4.9630000000000001	44.994458499655167
4.9640000000000004	44.994891897233316
4.9649999999999999	44.995302291427777
4.9660000000000002	44.995690286627422
4.9670000000000005	44.996056489174435
4.968	44.99640150736893
4.9690000000000003	44.996725951467468
4.9699999999999998	44.997030433687556
4.9710000000000001	44.997315568208819
4.9720000000000004	44.997581971174995
4.9729999999999999	44.997830260696489
4.9740000000000002	44.998061056851796
4.9750000000000005	44.998274981689562
4.976	44.998472659230629
4.9770000000000003	44.99865471547119
4.9779999999999998	44.998821778382364
4.9790000000000001	44.998974477915141
4.9800000000000004	44.999113445999953
4.9809999999999999	44.999239316550174
4.9820000000000002	44.999352725463467
4.9830000000000005	44.999454310624316
4.984	44.999544711905173
4.9850000000000003	44.999624571169903
4.9859999999999998	44.999694532274333
4.9870000000000001	44.999755241068797
4.9880000000000004	44.999807345400853
4.9889999999999999	44.999851495116644
4.9900000000000002	44.999888342062462
4.9910000000000005	44.999918540087904
4.992	44.99994274504698
4.9930000000000003	44.999961614800824
4.9939999999999998	44.999975809218697
4.9950000000000001	44.999985990181656
4.9960000000000004	44.999992821582694
4.9969999999999999	44.999996969330283
4.9980000000000002	44.999999101349573
4.9989999999999997	44.999999887584408
5	45
5.0010000000000003	44.999999887584359
5.0019999999999998	44.999999101349459
5.0030000000000001	44.999996969330276
5.0040000000000004	44.999992821582723
5.0049999999999999	44.999985990181642
5.0060000000000002	44.999975809218782
5.0069999999999997	44.99996161480076
5.008	44.999942745047044
5.0090000000000003	44.999918540087926
5.0099999999999998	44.999888342062498
5.0110000000000001	44.999851495116637
5.0120000000000005	44.99980734540096
5.0129999999999999	44.999755241068804
5.0140000000000002	44.999694532274219
5.0149999999999997	44.999624571169925
5.016	44.99954471190528
5.0170000000000003	44.999454310624287
5.0179999999999998	44.999352725463538
5.0190000000000001	44.999239316550202
5.0200000000000005	44.999113446000003
5.0209999999999999	44.998974477915169
5.0220000000000002	44.998821778382457
5.0229999999999997	44.998654715471083
5.024	44.998472659230721
5.0250000000000004	44.998274981689455
5.0259999999999998	44.998061056851782
5.0270000000000001	44.997830260696567
5.0280000000000005	44.997581971175038
5.0289999999999999	44.997315568208734
5.0300000000000002	44.997030433687499
5.0309999999999997	44.996725951467454
5.032	44.996401507368958
5.0330000000000004	44.99605648917462
5.0339999999999998	44.995690286627223
5.0350000000000001	44.995302291427734
5.0360000000000005	44.994891897233281
5.0369999999999999	44.994458499655103
5.0380000000000003	44.994001496256537
5.0389999999999997	44.993520286551018
5.04	44.993014272000003
5.0410000000000004	44.99248285601098
5.0419999999999998	44.991925443935457
5.0430000000000001	44.991341443066901
5.0440000000000005	44.990730262638721
5.0449999999999999	44.990091313822269
5.0460000000000003	44.989424009724779
5.0469999999999997	44.988727765387381
5.048	44.988001997783037
5.0490000000000004	44.987246125814551
5.0499999999999998	44.986459570312498
5.0510000000000002	44.985641754033267
5.0520000000000005	44.984792101656957
5.0529999999999999	44.983910039785428
5.0540000000000003	44.982994996940221
5.0549999999999997	44.982046403560545
5.056	44.981063692001278
5.0570000000000004	44.980046296530915
5.0579999999999998	44.978993653329539
5.0590000000000002	44.97790520048683
5.0600000000000005	44.976780378000001
5.0609999999999999	44.975618627771794
5.0620000000000003	44.974419393608457
5.0629999999999997	44.973182121217711
5.0640000000000001	44.971906258206722
5.0650000000000004	44.970591254080077
5.0659999999999998	44.969236560237782
5.0670000000000002	44.967841629973194
5.0680000000000005	44.96640591847104
5.069	44.96492888280536
5.0700000000000003	44.963409981937502
5.0709999999999997	44.961848676714077
5.0720000000000001	44.960244429864957
5.0730000000000004	44.958596706001245
5.0739999999999998	44.95690497161322
5.0750000000000002	44.955168695068359
5.0760000000000005	44.953387346609276
5.077	44.951560398351724
5.0780000000000003	44.949687324282543
5.0789999999999997	44.947767600257642
5.0800000000000001	44.945800704
5.0810000000000004	44.943786115097609
5.0819999999999999	44.941723315001461
5.0830000000000002	44.939611787023523
5.0840000000000005	44.93745101633472
5.085	44.935240489962894
5.0860000000000003	44.932979696790781
5.0869999999999997	44.930668127554007
5.0880000000000001	44.92830527483904
5.0890000000000004	44.925890633081174
5.0899999999999999	44.923423698562502
5.0910000000000002	44.920903969409892
5.0920000000000005	44.918330945592956
5.093	44.915704128922059
5.0940000000000003	44.913023023046222
5.0949999999999998	44.91028713345117
5.0960000000000001	44.90749596745728
5.0970000000000004	44.904649034217535
5.0979999999999999	44.901745844715542
5.0990000000000002	44.898785911763454
5.1000000000000005	44.895768749999995
5.101	44.892693875888419
5.1020000000000003	44.88956080771446
5.1029999999999998	44.88636906558434
5.1040000000000001	44.883118171422723
5.1050000000000004	44.879807648970704
5.1059999999999999	44.87643702378378
5.1070000000000002	44.873005823229818
5.1080000000000005	44.869513576487037
5.109	44.865959814541988
5.1100000000000003	44.862344070187497
5.1109999999999998	44.858665878020702
5.1120000000000001	44.85492477444096
5.1130000000000004	44.851120297647867
5.1139999999999999	44.847251987639218
5.1150000000000002	44.843319386208982
5.1160000000000005	44.839322036945276
5.117	44.835259485228349
5.1180000000000003	44.83113127822854
5.1189999999999998	44.82693696490427
5.1200000000000001	44.822676096000002
5.1210000000000004	44.818348224044229
5.1219999999999999	44.813952903347463
5.1230000000000002	44.809489690000149
5.1239999999999997	44.804958141870721
5.125	44.800357818603516
5.1260000000000003	44.795688281616776
5.1269999999999998	44.790949094100633
5.1280000000000001	44.786139821015041
5.1290000000000004	44.781260029087797
5.1299999999999999	44.776309286812499
5.1310000000000002	44.771287164446512
5.1319999999999997	44.766193234008959
5.133	44.761027069278683
5.1340000000000003	44.755788245792218
5.1349999999999998	44.7504763408418
5.1360000000000001	44.745090933473278
5.1370000000000005	44.73963160448416
5.1379999999999999	44.734097936421541
5.1390000000000002	44.72848951358008
5.1399999999999997	44.722805921999999
5.141	44.717046749465048
5.1420000000000003	44.711211585500457
5.1429999999999998	44.705300021370967
5.1440000000000001	44.69931165007872
5.1450000000000005	44.693246066361326
5.1459999999999999	44.687102866689777
5.1470000000000002	44.680881649266446
5.1479999999999997	44.674582014023045
5.149	44.668203562618608
5.1500000000000004	44.661745898437495
5.1509999999999998	44.655208626587331
5.1520000000000001	44.648591353896961
5.1530000000000005	44.641893688914493
5.1539999999999999	44.635115241905218
5.1550000000000002	44.628255624849608
5.1559999999999997	44.621314451441279
5.157	44.614291337084978
5.1580000000000004	44.607185898894535
5.1589999999999998	44.599997755690893
5.1600000000000001	44.592726528
5.1610000000000005	44.585371838050854
5.1619999999999999	44.577933309773464
5.1630000000000003	44.570410568796774
5.1639999999999997	44.562803242446719
5.165	44.555110959744141
5.1660000000000004	44.547333351402777
5.1669999999999998	44.539470049827258
5.1680000000000001	44.531520689111041
5.1690000000000005	44.523484905034422
5.1699999999999999	44.515362335062498
5.1710000000000003	44.507152618343135
5.1719999999999997	44.498855395704965
5.173	44.490470309655308
5.1740000000000004	44.481997004378215
5.1749999999999998	44.473435125732422
5.1760000000000002	44.464784321249276
5.1770000000000005	44.456044240130787
5.1779999999999999	44.447214533247539
5.1790000000000003	44.438294853136703
5.1799999999999997	44.429284854000002
5.181	44.420184191701672
5.1820000000000004	44.41099252376646
5.1829999999999998	44.401709509377589
5.1840000000000002	44.392334809374717
5.1850000000000005	44.382868086251946
5.1859999999999999	44.373309004155779
5.1870000000000003	44.363657228883064
5.1879999999999997	44.353912427879045
5.1890000000000001	44.344074270235232
5.1900000000000004	44.334142426687499
5.1909999999999998	44.324116569613956
5.1920000000000002	44.313996373032957
5.1930000000000005	44.303781512601113
5.194	44.293471665611222
5.1950000000000003	44.283066510990231
5.1959999999999997	44.272565729297284
5.1970000000000001	44.2619690027216
5.1980000000000004	44.251276015080535
5.1989999999999998	44.240486451817517
5.2000000000000002	44.229599999999998
5.2010000000000005	44.218616348317475
5.202	44.207535187079458
5.2030000000000003	44.196356208213395
5.2039999999999997	44.185079105262723
5.2050000000000001	44.173703573384763
5.2060000000000004	44.162229309348774
5.2069999999999999	44.150656011533883
5.2080000000000002	44.138983379927041
5.2090000000000005	44.127211116121039
5.21	44.1153389233125
5.2110000000000003	44.103366506299764
5.2119999999999997	44.091293571480961
5.2130000000000001	44.07911982685193
5.2140000000000004	44.066844982004213
5.2149999999999999	44.05446874812305
5.2160000000000002	44.041990837985274
5.2170000000000005	44.029410965957403
5.218	44.016728847993541
5.2190000000000003	44.003944201633324
5.2199999999999998	43.991056746000005
5.2210000000000001	43.978066201798292
5.2220000000000004	43.964972291312456
5.2229999999999999	43.951774738404211
5.2240000000000002	43.93847326851072
5.2250000000000005	43.925067608642571
5.226	43.911557487381778
5.2270000000000003	43.897942634879691
5.2279999999999998	43.884222782855041
5.2290000000000001	43.870397664591863
5.2300000000000004	43.856467014937493
5.2309999999999999	43.842430570300579
5.2320000000000002	43.828288068648959
5.2330000000000005	43.814039249507736
5.234	43.79968385395722
5.2350000000000003	43.785221624630857
5.2359999999999998	43.770652305713284
5.2370000000000001	43.755975642938225
5.2380000000000004	43.741191383586532
5.2389999999999999	43.726299276484141
5.2400000000000002	43.711299071999996
5.2410000000000005	43.696190522044098
5.242	43.68097338006546
5.2430000000000003	43.665647401050016
5.2439999999999998	43.650212341518724
5.2450000000000001	43.634667959525387
5.2460000000000004	43.619014014654773
5.2469999999999999	43.60325026802051
5.2480000000000002	43.587376482263039
5.2489999999999997	43.571392421547678
5.25	43.5552978515625
5.2510000000000003	43.539092539516382
5.2519999999999998	43.522776254136964
5.2530000000000001	43.506348765668555
5.2540000000000004	43.489809845870212
5.2549999999999999	43.473159268013674
5.2560000000000002	43.456396806881273
5.2569999999999997	43.439522238764042
5.258	43.422535341459543
5.2590000000000003	43.405435894269949
5.2599999999999998	43.388223678000003
5.2610000000000001	43.37089847495492
5.2620000000000005	43.353460068938453
5.2629999999999999	43.335908245250842
5.2640000000000002	43.318242790686718
5.2649999999999997	43.300463493533208
5.266	43.282570143567781
5.2670000000000003	43.26456253205631
5.2679999999999998	43.246440451751042
5.2690000000000001	43.228203696888485
5.2700000000000005	43.209852063187491
5.2709999999999999	43.191385347847202
5.2720000000000002	43.172803349544957
5.2729999999999997	43.154105868434371
5.274	43.135292706143218
5.2750000000000004	43.11636366577148
5.2759999999999998	43.097318551889281
5.2770000000000001	43.078157170534851
5.2780000000000005	43.05887932921253
5.2789999999999999	43.039484836890772
5.2800000000000002	43.019973503999992
5.2809999999999997	43.000345142430739
5.282	42.980599565531456
5.2830000000000004	42.960736588106641
5.2839999999999998	42.940756026414725
5.2850000000000001	42.920657698166011
5.2860000000000005	42.900441422520771
5.2869999999999999	42.880107020087131
5.2880000000000003	42.859654312919034
5.2889999999999997	42.839083124514303
5.29	42.818393279812497
5.2910000000000004	42.797584605193009
5.2919999999999998	42.776656928472967
5.2930000000000001	42.755610078905178
5.2940000000000005	42.734443887176212
5.2949999999999999	42.713158185404296
5.2960000000000003	42.691752807137277
5.2969999999999997	42.670227587350666
5.298	42.648582362445538
5.2990000000000004	42.626816970246573
5.2999999999999998	42.604931250000007
5.3010000000000002	42.582925042371542
5.3020000000000005	42.560798189444448
5.3029999999999999	42.538550534717466
5.3040000000000003	42.516181923102714
5.3049999999999997	42.493692200923832
5.306	42.471081215913777
5.3070000000000004	42.448348817212938
5.3079999999999998	42.425494855367042
5.3090000000000002	42.402519182325108
5.3100000000000005	42.37942165143749
5.3109999999999999	42.356202117453826
5.3120000000000003	42.332860436520953
5.3129999999999997	42.309396466180999
5.3140000000000001	42.285810065369219
5.3150000000000004	42.262101094412102
5.3159999999999998	42.238269415025286
5.3170000000000002	42.214314890311471
5.3180000000000005	42.190237384758525
5.319	42.16603676423739
5.3200000000000003	42.141712895999994
5.3209999999999997	42.117265648677368
5.3220000000000001	42.092694892277457
5.3230000000000004	42.068000498183267
5.3239999999999998	42.043182339150725
5.3250000000000002	42.01824028930664
5.3260000000000005	41.99317422414677
5.327	41.967984020533756
5.3280000000000003	41.94266955669503
5.3289999999999997	41.917230712220928
5.3300000000000001	41.8916673680625
5.3310000000000004	41.865979406529632
5.3319999999999999	41.840166711288965
5.3330000000000002	41.814229167361802
5.3340000000000005	41.788166661122204
5.335	41.761979080294921
5.3360000000000003	41.735666313953274
5.3369999999999997	41.709228252517292
5.3380000000000001	41.682664787751541
5.3390000000000004	41.655975812763195
5.3399999999999999	41.629161222
5.3410000000000002	41.602220911248168
5.3420000000000005	41.575154777630445
5.343	41.547962719604087
5.3440000000000003	41.520644636958714
5.3449999999999998	41.493200430814461
5.3460000000000001	41.465630003619779
5.3470000000000004	41.43793325914956
5.3479999999999999	41.410110102503047
5.3490000000000002	41.382160440101728
5.3500000000000005	41.354084179687483
5.351	41.325881230320455
5.3520000000000003	41.297551502376947
5.3529999999999998	41.269094907547625
5.3540000000000001	41.240511358835221
5.3550000000000004	41.211800770552721
5.3559999999999999	41.182963058321285
5.3570000000000002	41.153998139068094
5.3580000000000005	41.124905931024522
5.359	41.09568635372402
5.3600000000000003	41.066339327999991
5.3609999999999998	41.036864775983993
5.3620000000000001	41.007262621103457
5.3630000000000004	40.977532788079884
5.3639999999999999	40.947675202926725
5.3650000000000002	40.917689792947257
5.3660000000000005	40.887576486732762
5.367	40.857335214160386
5.3680000000000003	40.826965906391031
5.3689999999999998	40.796468495867558
5.3700000000000001	40.765842916312494
5.3710000000000004	40.735089102726249
5.3719999999999999	40.704206991384964
5.3730000000000002	40.673196519838427
5.3740000000000006	40.642057626908205
5.375	40.610790252685547
5.3760000000000003	40.579394338529269
5.3769999999999998	40.54786982706392
5.3780000000000001	40.516216662177534
5.3790000000000004	40.484434789019815
5.3799999999999999	40.452524154000002
5.3810000000000002	40.420484704784791
5.3819999999999997	40.388316390296467
5.383	40.356019160710716
5.3840000000000003	40.323592967454708
5.3849999999999998	40.291037763205082
5.3860000000000001	40.258353501885779
5.3870000000000005	40.225540138666176
5.3879999999999999	40.192597629959046
5.3890000000000002	40.159525933418351
5.3899999999999997	40.12632500793751
5.391	40.092994813647074
5.3920000000000003	40.059535311912946
5.3929999999999998	40.02594646533425
5.3940000000000001	39.992228237741216
5.3950000000000005	39.958380594193343
5.3959999999999999	39.924403500977284
5.3970000000000002	39.890296925604716
5.3979999999999997	39.856060836810549
5.399	39.821695204550636
5.4000000000000004	39.787199999999991
5.4009999999999998	39.752575195550619
5.4020000000000001	39.717820764809453
5.4030000000000005	39.682936682596505
5.4039999999999999	39.647922924942726
5.4050000000000002	39.612779469087883
5.4059999999999997	39.577506293478791
5.407	39.542103377767006
5.4080000000000004	39.506570702807025
5.4089999999999998	39.470908250654183
5.4100000000000001	39.435116004562495
5.4110000000000005	39.39919394898287
5.4119999999999999	39.363142069560965
5.4130000000000003	39.32696035313505
5.4139999999999997	39.290648787734234
5.415	39.254207362576167
5.4160000000000004	39.217636068065268
5.4169999999999998	39.180934895790543
5.4180000000000001	39.144103838523534
5.4190000000000005	39.107142890216437
5.4199999999999999	39.070052046000001
5.4210000000000003	39.032831302181407
5.4219999999999997	38.995480656242471
5.423	38.958000106837339
5.4240000000000004	38.920389653790707
5.4249999999999998	38.882649298095714
5.4260000000000002	38.844779041911778
5.4270000000000005	38.806778888562803
5.4279999999999999	38.768648842535043
5.4290000000000003	38.730388909474975
5.4299999999999997	38.691999096187516
5.431	38.6534794106337
5.4320000000000004	38.614829861928946
5.4329999999999998	38.576050460340873
5.4340000000000002	38.537141217287214
5.4350000000000005	38.498102145333966
5.4359999999999999	38.458933258193284
5.4370000000000003	38.419634570721342
5.4379999999999997	38.380206098916553
5.4390000000000001	38.340647859917269
5.4400000000000004	38.300959871999986
5.4409999999999998	38.261142154577243
5.4420000000000002	38.221194728195456
5.4430000000000005	38.181117614533129
5.444	38.140910836398724
5.4450000000000003	38.100574417728502
5.4459999999999997	38.06010838358479
5.4470000000000001	38.019512760153631
5.4480000000000004	37.978787574743023
5.4489999999999998	37.937932855780808
5.4500000000000002	37.896948632812496
5.4510000000000005	37.855834936499491
5.452	37.814591798616959
5.4530000000000003	37.773219252051668
5.4539999999999997	37.73171733080023
5.4550000000000001	37.690086069966796
5.4560000000000004	37.648325505761264
5.4569999999999999	37.606435675497167
5.4580000000000002	37.564416617589529
5.4590000000000005	37.522268371553054
5.46	37.479990978000004
5.4610000000000003	37.437584478638037
5.4619999999999997	37.395048916268472
5.4630000000000001	37.352384334783963
5.4640000000000004	37.309590779166705
5.4649999999999999	37.266668295486333
5.4660000000000002	37.223616930897769
5.4670000000000005	37.180436733639425
5.468	37.137127753031045
5.4690000000000003	37.093690039471596
5.4699999999999998	37.050123644437512
5.4710000000000001	37.006428620480321
5.4720000000000004	36.962605021224945
5.4729999999999999	36.918652901367501
5.4740000000000002	36.874572316673209
5.4750000000000005	36.830363323974588
5.476	36.786025981169281
5.4770000000000003	36.741560347217963
5.4779999999999998	36.69696648214255
5.4790000000000001	36.65224444702389
5.4800000000000004	36.607394303999982
5.4809999999999999	36.562416116263861
5.4820000000000002	36.517309948061452
5.4830000000000005	36.472075864689749
5.484	36.426713932494721
5.4850000000000003	36.381224218869129
5.4859999999999998	36.335606792250793
5.4870000000000001	36.28986172212025
5.4880000000000004	36.243989078999022
5.4889999999999999	36.197988934447423
5.4900000000000002	36.151861361062487
5.4910000000000005	36.105606432476115
5.492	36.059224223352956
5.4930000000000003	36.012714809388292
5.4939999999999998	35.96607826730623
5.4950000000000001	35.919314674857418
5.4960000000000004	35.872424110817263
5.4969999999999999	35.825406654983794
5.4980000000000002	35.778262388175527
5.4990000000000006	35.730991392229683
5.5	35.68359375
5.5010000000000003	35.636069545354651
5.5019999999999998	35.588418863174468
5.5030000000000001	35.54064178935058
5.5040000000000004	35.4927384107827
5.5049999999999999	35.444708815376956
5.5060000000000002	35.396553092043774
5.5069999999999997	35.348271330696086
5.508	35.299863622247038
5.5090000000000003	35.251330058608218
5.5099999999999998	35.202670732687508
5.5110000000000001	35.153885738386947
5.5120000000000005	35.104975170600937
5.5129999999999999	35.055939125214124
5.5140000000000002	35.00677769909921
5.5149999999999997	34.957490990115247
5.516	34.908079097105279
5.5170000000000003	34.85854211989458
5.5179999999999998	34.808880159288549
5.5190000000000001	34.759093317070509
5.5200000000000005	34.709181695999973
5.5209999999999999	34.659145399810484
5.5220000000000002	34.608984533207447
5.5229999999999997	34.558699201866418
5.524	34.508289512430721
5.5250000000000004	34.457755572509747
5.5259999999999998	34.40709749067679
5.5270000000000001	34.356315376466874
5.5280000000000005	34.305409340375022
5.5289999999999999	34.254379493854053
5.5300000000000002	34.20322594931249
5.5309999999999997	34.151948820112779
5.532	34.10054822056896
5.5330000000000004	34.049024265944915
5.5339999999999998	33.997377072452231
5.5350000000000001	33.945606757248036
5.5360000000000005	33.893713438433252
5.5369999999999999	33.841697235050418
5.5380000000000003	33.789558267081524
5.5389999999999997	33.737296655446343
5.54	33.684912521999998
5.5410000000000004	33.632405989531279
5.5419999999999998	33.57977718176047
5.5430000000000001	33.527026223337202
5.5440000000000005	33.474153239838699
5.5449999999999999	33.421158357767581
5.5460000000000003	33.368041704549768
5.5469999999999997	33.314803408532711
5.548	33.261443598983035
5.5490000000000004	33.207962406084839
5.5499999999999998	33.154359960937512
5.5510000000000002	33.100636395553572
5.5520000000000005	33.046791842856933
5.5529999999999999	32.992826436680744
5.5540000000000003	32.938740311765208
5.5549999999999997	32.884533603755877
5.556	32.830206449201278
5.5570000000000004	32.775758985551207
5.5579999999999998	32.721191351154545
5.5590000000000002	32.666503685257133
5.5600000000000005	32.611696127999977
5.5609999999999999	32.556768820417112
5.5620000000000003	32.501721904433438
5.5629999999999997	32.446555522863036
5.5640000000000001	32.391269819406716
5.5650000000000004	32.335864938650374
5.5659999999999998	32.280341026062793
5.5670000000000002	32.2246982279935
5.5680000000000005	32.168936691671014
5.569	32.113056565200679
5.5700000000000003	32.057057997562481
5.5709999999999997	32.000941138609406
5.5720000000000001	31.944706139064955
5.5730000000000004	31.888353150521532
5.5739999999999998	31.831882325438233
5.5750000000000002	31.775293817138667
5.5760000000000005	31.718587779809251
5.577	31.661764368497039
5.5780000000000003	31.604823739107523
5.5789999999999997	31.547766048402963
5.5800000000000001	31.490591453999997
5.5810000000000004	31.433300114367899
5.5819999999999999	31.375892188826469
5.5830000000000002	31.318367837543825
5.5840000000000005	31.26072722153469
5.585	31.202970502658204
5.5860000000000003	31.145097843615762
5.5869999999999997	31.087109407949331
5.5880000000000001	31.029005360039033
5.5890000000000004	30.970785865101462
5.5899999999999999	30.912451089187513
5.5910000000000002	30.854001199180189
5.5920000000000005	30.79543636279293
5.593	30.73675674856737
5.5940000000000003	30.677962525871205
5.5949999999999998	30.619053864896497
5.5960000000000001	30.56003093665727
5.5970000000000004	30.500893912987827
5.5979999999999999	30.441642966540549
5.5990000000000002	30.382278270783754
5.6000000000000005	30.322799999999965
5.601	30.263208329283735
5.6020000000000003	30.203503434539442
5.6029999999999998	30.143685492479662
5.6040000000000001	30.083754680622718
5.6050000000000004	30.023711177290991
5.6059999999999999	29.963555161608788
5.6070000000000002	29.90328681350012
5.6080000000000005	29.842906313687006
5.609	29.782413843687298
5.6100000000000003	29.72180958581248
5.6109999999999998	29.661093723166029
5.6120000000000001	29.600266439640954
5.6130000000000004	29.539327919918158
5.6139999999999999	29.47827834946423
5.6150000000000002	29.417117914529285
5.6160000000000005	29.355846802145244
5.617	29.294465200123664
5.6180000000000003	29.232973297053519
5.6189999999999998	29.171371282299596
5.6200000000000001	29.109659345999994
5.6210000000000004	29.047837679064518
5.6219999999999999	28.985906473172466
5.6230000000000002	28.923865920770449
5.6240000000000006	28.861716215070686
5.625	28.799457550048828
5.6260000000000003	28.737090120441756
5.6269999999999998	28.674614121745957
5.6280000000000001	28.612029750215033
5.6290000000000004	28.549337202858084
5.6299999999999999	28.486536677437506
5.6310000000000002	28.423628372466816
5.6319999999999997	28.360612487208975
5.633	28.297489221673995
5.6340000000000003	28.234258776617203
5.6349999999999998	28.170921353537121
5.6360000000000001	28.107477154673269
5.6370000000000005	28.043926383004447
5.6379999999999999	27.980269242246546
5.6390000000000002	27.916505936850374
5.6399999999999997	27.852636672000017
5.641	27.788661653610358
5.6420000000000003	27.724581088325436
5.6429999999999998	27.660395183516282
5.6440000000000001	27.596104147278712
5.6450000000000005	27.531708188431608
5.6459999999999999	27.46720751651479
5.6470000000000002	27.402602341786739
5.6479999999999997	27.337892875223062
5.649	27.273079328513923
5.6500000000000004	27.20816191406248
5.6509999999999998	27.143140844982653
5.6520000000000001	27.078016335096951
5.6530000000000005	27.012788598934772
5.6539999999999999	26.947457851730228
5.6550000000000002	26.882024309419904
5.6559999999999997	26.816488188641301
5.657	26.750849706730286
5.6580000000000004	26.685109081719517
5.6589999999999998	26.619266532336216
5.6600000000000001	26.553322277999989
5.6610000000000005	26.487276538821142
5.6619999999999999	26.421129535598464
5.6630000000000003	26.354881489817075
5.6639999999999997	26.288532623646734
5.665	26.222083159939448
5.6660000000000004	26.15553332222775
5.6669999999999998	26.088883334722581
5.6680000000000001	26.022133422311029
5.6690000000000005	25.955283810554704
5.6699999999999999	25.888334725687507
5.6710000000000003	25.821286394613438
5.6719999999999997	25.754139044904978
5.673	25.686892904800619
5.6740000000000004	25.619548203203198
5.6749999999999998	25.552105169677741
5.6760000000000002	25.484564034449274
5.6770000000000005	25.416925028401071
5.6779999999999999	25.349188383072544
5.6790000000000003	25.281354330657003
5.6799999999999997	25.213423104000018
5.681	25.145394936596979
5.6820000000000004	25.077270062591435
5.6829999999999998	25.009048716772909
5.6840000000000002	24.940731134574712
5.6850000000000005	24.872317552072232
5.6859999999999999	24.803808205980783
5.6870000000000003	24.735203333653363
5.6879999999999997	24.666503173079057
5.6890000000000001	24.597707962880545
5.6900000000000004	24.528817942312472
5.6909999999999998	24.459833351259277
5.6920000000000002	24.390754430232949
5.6930000000000005	24.321581420371398
5.694	24.252314563436222
5.6950000000000003	24.18295410181053
5.6959999999999997	24.113500278497305
5.6970000000000001	24.043953337116907
5.6980000000000004	23.974313521905511
5.6989999999999998	23.904581077712841
5.7000000000000002	23.834756249999987
5.7010000000000005	23.764839284837763
5.702	23.694830428904464
5.7030000000000003	23.624729929483692
5.7039999999999997	23.554538034462734
5.7050000000000001	23.484254992330076
5.7060000000000004	23.413881052173753
5.7069999999999999	23.343416463679205
5.7080000000000002	23.272861477127027
5.7090000000000005	23.202216343391317
5.71	23.13148131393751
5.7110000000000003	23.060656640820056
5.7119999999999997	22.989742576680978
5.7130000000000001	22.918739374747236
5.7140000000000004	22.84764728882919
5.7149999999999999	22.776466573318366
5.7160000000000002	22.70519748318527
5.7170000000000005	22.633840273977683
5.718	22.562395201818539
5.7190000000000003	22.490862523403621
5.7199999999999998	22.41924249600002
5.7210000000000001	22.347535377443606
5.7220000000000004	22.275741426137436
5.7229999999999999	22.203860901049531
5.7240000000000002	22.1318940617107
5.7250000000000005	22.059841168212852
5.726	21.987702481206782
5.7270000000000003	21.915478261899988
5.7279999999999998	21.843168772055058
5.7290000000000001	21.770774273987168
5.7300000000000004	21.698295030562473
5.7309999999999999	21.625731305195902
5.7320000000000002	21.553083361848941
5.7330000000000005	21.480351465028019
5.734	21.407535879782223
5.7350000000000003	21.33463687170115
5.7359999999999998	21.261654706913294
5.7370000000000001	21.188589652083529
5.7380000000000004	21.11544197441151
5.7389999999999999	21.042211941629468
5.7400000000000002	20.968899821999983
5.7410000000000005	20.895505884314382
5.742	20.822030397890458
5.7430000000000003	20.748473632570317
5.7439999999999998	20.674835858718737
5.7450000000000001	20.60111734722069
5.7460000000000004	20.527318369479747
5.7469999999999999	20.453439197415825
5.7480000000000002	20.37948010346302
5.7490000000000006	20.30544136056794
5.75	20.2313232421875
5.7510000000000003	20.157126022286668
5.7519999999999998	20.082849975336984
5.7530000000000001	20.008495376313849
5.7540000000000004	19.934062500695191
5.7549999999999999	19.859551624458991
5.7560000000000002	19.784963024081268
5.7570000000000006	19.710296976534305
5.758	19.635553759284537
5.7590000000000003	19.560733650290238
5.7599999999999998	19.485836928000015
5.7610000000000001	19.41086387135022
5.7620000000000005	19.335814759763426
5.7629999999999999	19.260689873146156
5.7640000000000002	19.185489491886702
5.7649999999999997	19.110213896853548
5.766	19.034863369392788
5.7670000000000003	18.959438191326608
5.7679999999999998	18.883938644951066
5.7690000000000001	18.808365013033793
5.7700000000000005	18.732717578812466
5.7709999999999999	18.656996625992516
5.7720000000000002	18.581202438744942
5.7729999999999997	18.505335301704704
5.774	18.429395499968216
5.7750000000000004	18.353383319091769
5.7759999999999998	18.277299045089297
5.7770000000000001	18.201142964430154
5.7780000000000005	18.124915364037506
5.7789999999999999	18.048616531286086
5.7800000000000002	17.972246753999979
5.7809999999999997	17.895806320451065
5.782	17.819295519356455
5.7830000000000004	17.742714639876933
5.7839999999999998	17.666063971614733
5.7850000000000001	17.589343804611321
5.7860000000000005	17.512554429345744
5.7869999999999999	17.43569613673246
5.7880000000000003	17.358769218119019
5.7889999999999997	17.281773965284629
5.79	17.204710670437496
5.7910000000000004	17.127579626213294
5.7919999999999998	17.050381125672978
5.7930000000000001	16.973115462300477
5.7940000000000005	16.895782930001175
5.7949999999999999	16.818383823099609
5.7960000000000003	16.740918436337267
5.7969999999999997	16.663387064871003
5.798	16.585790004270528
5.7990000000000004	16.508127550516861
5.7999999999999998	16.430400000000017
5.8010000000000002	16.352607649516845
5.8020000000000005	16.27475079626943
5.8029999999999999	16.196829737862785
5.8040000000000003	16.118844772302701
5.8049999999999997	16.040796197994162
5.806	15.96268431373877
5.8070000000000004	15.884509418733224
5.8079999999999998	15.806271812567061
5.8090000000000002	15.727971795220419
5.8100000000000005	15.649609667062467
5.8109999999999999	15.571185728849152
5.8120000000000003	15.492700281720932
5.8129999999999997	15.414153627201326
5.8140000000000001	15.335546067194215
5.8150000000000004	15.256877903982396
5.8159999999999998	15.178149440225287
5.8170000000000002	15.099360978956771
5.8180000000000005	15.020512823583505
5.819	14.941605277882708
5.8200000000000003	14.862638645999986
5.8209999999999997	14.783613232447692
5.8220000000000001	14.704529342102457
5.8230000000000004	14.625387280203558
5.8239999999999998	14.546187352350742
5.8250000000000002	14.466929864501939
5.8260000000000005	14.387615122971741
5.827	14.30824343442908
5.8280000000000003	14.228815105895009
5.8289999999999997	14.149330444741246
5.8300000000000001	14.069789758687492
5.8310000000000004	13.990193355799917
5.8319999999999999	13.910541544488972
5.8330000000000002	13.830834633507113
5.8340000000000005	13.751072931947178
5.835	13.671256749240243
5.8360000000000003	13.591386395153272
5.8369999999999997	13.511462179787614
5.8380000000000001	13.431484413576531
5.8390000000000004	13.351453407283483
5.8399999999999999	13.271369472000021
5.8410000000000002	13.191232919143459
5.8420000000000005	13.11104406045542
5.843	13.030803207999408
5.8440000000000003	12.9505106741587
5.8449999999999998	12.870166771634786
5.8460000000000001	12.789771813444787
5.8470000000000004	12.709326112919847
5.8479999999999999	12.628829983703049
5.8490000000000002	12.548283739747028
5.8500000000000005	12.467687695312456
5.851	12.387042164965777
5.8520000000000003	12.306347463576941
5.8529999999999998	12.225603906317957
5.8540000000000001	12.144811808660208
5.8550000000000004	12.063971486373006
5.8559999999999999	11.983083255521287
5.8570000000000002	11.90214743246338
5.8580000000000005	11.821164333849495
5.859	11.740134276619315
5.8600000000000003	11.659057577999974
5.8609999999999998	11.577934555504307
5.8620000000000001	11.496765526928449
5.8630000000000004	11.415550810350169
5.8639999999999999	11.334290724126724
5.8650000000000002	11.252985586892557
5.8660000000000005	11.171635717557734
5.867	11.090241435305693
5.8680000000000003	11.00880305959101
5.8689999999999998	10.927320910137894
5.8700000000000001	10.845795306937482
5.8710000000000004	10.764226570246535
5.8719999999999999	10.682615020584976
5.8730000000000002	10.600960978733717
5.8740000000000006	10.519264765733162
5.875	10.437526702880859
5.8760000000000003	10.355747111729244
5.8769999999999998	10.273926314084235
5.8780000000000001	10.192064632002534
5.8790000000000004	10.110162387790098
5.8799999999999999	10.028219904000004
5.8810000000000002	9.9462375034300905
5.8820000000000006	9.8642155091214221
5.883	9.7821542443560219
5.8840000000000003	9.7000540326546911
5.8849999999999998	9.6179151977754103
5.8860000000000001	9.5357380637107667
5.8870000000000005	9.4535229546864628
5.8879999999999999	9.3712701951590489
5.8890000000000002	9.2889801098136573
5.8899999999999997	9.2066530235625166
5.891	9.124289261542387
5.8920000000000003	9.0418891491129258
5.8929999999999998	8.9594530118545705
5.8940000000000001	8.8769811755662076
5.8950000000000005	8.7944739662636309
5.8959999999999999	8.7119317101772964
5.8970000000000002	8.62935473375002
5.8979999999999997	8.5467433636355707
5.899	8.4640979266959491
5.9000000000000004	8.3814187499999733
5.9009999999999998	8.2987061608209558
5.9020000000000001	8.2159604866344509
5.9030000000000005	8.1331820551168121
5.9039999999999999	8.0503711941427198
5.9050000000000002	7.9675282317831773
5.9059999999999997	7.8846534963037982
5.907	7.801747316162313
5.9080000000000004	7.7188100200070195
5.9089999999999998	7.6358419366744954
5.9100000000000001	7.5528433951874945
5.9110000000000005	7.4698147247531494
5.9119999999999999	7.386756254760968
5.9130000000000003	7.3036683147803387
5.9139999999999997	7.2205512345592524
5.915	7.1374053440214738
5.9160000000000004	7.0542309732652484
5.9169999999999998	6.9710284525608728
5.9180000000000001	6.8877981123485199
5.9190000000000005	6.804540283236733
5.9199999999999999	6.7212552959999954
5.9210000000000003	6.6379434815767127
5.9219999999999997	6.5546051710674718
5.923	6.4712406957326536
5.9240000000000004	6.3878503869906922
5.9249999999999998	6.3044345764160354
5.9260000000000002	6.220993595736779
5.9270000000000005	6.1375277768330889
5.9279999999999999	6.0540374517350344
5.9290000000000003	5.9705229526202928
5.9299999999999997	5.8869846118125366
5.931	5.8034227617790108
5.9320000000000004	5.7198377351289196
5.9329999999999998	5.6362298646111952
5.9340000000000002	5.5525994831121963
5.9350000000000005	5.4689469236542578
5.9359999999999999	5.3852725193932898
5.9370000000000003	5.3015766036166241
5.9379999999999997	5.2178595097415652
5.9390000000000001	5.1341215713125692
5.9400000000000004	5.0503631219999718
5.9409999999999998	4.9665844955975587
5.9420000000000002	4.8827860260204474
5.9430000000000005	4.7989680473034184
5.944	4.7151308935987259
5.9450000000000003	4.6312748991738104
5.9459999999999997	4.5474003984098132
5.9470000000000001	4.4635077257989408
5.9480000000000004	4.379597215943015
5.9489999999999998	4.2956692035511352
5.9500000000000002	4.2117240234374904
5.9510000000000005	4.1277620105197812
5.952	4.0437834998169464
5.9530000000000003	3.9597888264469745
5.9539999999999997	3.8757783256252409
5.9550000000000001	3.7917523326621136
5.9560000000000004	3.7077111829612335
5.9569999999999999	3.6236552120174892
5.9580000000000002	3.5395847554145234
5.9590000000000005	3.4555001488233401
5.96	3.3714017280000093
5.9610000000000003	3.2872898287833365
5.9619999999999997	3.2031647870934918
5.9630000000000001	3.1190269389292595
5.9640000000000004	3.0348766203666813
5.9649999999999999	2.9507141675566473
5.9660000000000002	2.8665399167227719
5.9670000000000005	2.7823542041597307
5.968	2.6981573662310367
5.9690000000000003	2.6139497393668805
5.9699999999999998	2.5297316600625095
5.9710000000000001	2.4455034648756211
5.9720000000000004	2.3612654904249268
5.9729999999999999	2.2770180733878078
5.9740000000000002	2.1927615504981972
5.9750000000000005	2.108496258544875
5.976	2.0242225343692937
5.9770000000000003	1.9399407148632619
5.9779999999999998	1.8556511369675448
5.9790000000000001	1.7713541376692064
5.9800000000000004	1.6870500539999682
5.9809999999999999	1.6027392230341775
5.9820000000000002	1.5184219818864477
5.9830000000000005	1.434098667710046
5.984	1.3497696176947187
5.9850000000000003	1.2654351690644177
5.9859999999999998	1.1810956590757868
5.9870000000000001	1.0967514250155688
5.9880000000000004	1.0124028041989988
5.9889999999999999	0.92805013396775138
5.9900000000000002	0.84369375168749627
5.9910000000000005	0.75933399474641305
5.992	0.67497120055296733
5.9930000000000003	0.59060570653359434
5.9939999999999998	0.50623785013123523
5.9950000000000001	0.42186796880272937
5.9960000000000004	0.33749640001724401
5.9969999999999999	0.25312348125412143
5.9980000000000002	0.16874955000052694
5.9990000000000006	0.08437494374997101
6	0
6.0010000000000003	-0.084374943750070486
6.0019999999999998	-0.16874955000049852
6.0030000000000001	-0.25312348125412143
6.0040000000000004	-0.33749640001732217
6.0049999999999999	-0.42186796880271515
6.0060000000000002	-0.50623785013125655
6.0070000000000006	-0.59060570653365829
6.008	-0.67497120055296023
6.0090000000000003	-0.759333994746477
6.0099999999999998	-0.84369375168748206
6.0110000000000001	-0.92805013396775848
6.0120000000000005	-1.0124028041990627
6.0129999999999999	-1.0967514250155546
6.0140000000000002	-1.1810956590758011
6.0150000000000006	-1.2654351690644958
6.016	-1.3497696176947258
6.0170000000000003	-1.4340986677101242
6.0179999999999998	-1.5184219818864335
6.0190000000000001	-1.6027392230341917
6.0200000000000005	-1.6870500540000464
6.0209999999999999	-1.7713541376691921
6.0220000000000002	-1.8556511369675661
6.0229999999999997	-1.9399407148632619
6.024	-2.0242225343692652
6.0250000000000004	-2.108496258544946
6.0259999999999998	-2.1927615504982256
6.0270000000000001	-2.277018073387822
6.0280000000000005	-2.361265490425005
6.0289999999999999	-2.4455034648756424
6.0300000000000002	-2.5297316600625308
6.0309999999999997	-2.6139497393669018
6.032	-2.6981573662310581
6.0330000000000004	-2.7823542041597946
6.0339999999999998	-2.8665399167227577
6.0350000000000001	-2.9507141675566331
6.0360000000000005	-3.0348766203667665
6.0369999999999999	-3.1190269389292666
6.0380000000000003	-3.2031647870934634
6.0389999999999997	-3.2872898287833365
6.04	-3.3714017280000093
6.0410000000000004	-3.4555001488234325
6.0419999999999998	-3.5395847554145305
6.0430000000000001	-3.623655212017475
6.0440000000000005	-3.7077111829612974
6.0449999999999999	-3.7917523326621065
6.0460000000000003	-3.8757783256252196
6.0469999999999997	-3.9597888264469603
6.048	-4.0437834998169748
6.0490000000000004	-4.1277620105198594
6.0499999999999998	-4.2117240234375046
6.0510000000000002	-4.2956692035511566
6.0520000000000005	-4.3795972159430576
6.0529999999999999	-4.4635077257989337
6.0540000000000003	-4.547400398409799
6.0549999999999997	-4.6312748991738175
6.056	-4.7151308935986904
6.0570000000000004	-4.7989680473034824
6.0579999999999998	-4.8827860260204616
6.0590000000000002	-4.9665844955975444
6.0600000000000005	-5.0503631220000216
6.0609999999999999	-5.1341215713125763
6.0620000000000003	-5.2178595097415652
6.0629999999999997	-5.3015766036166312
6.0640000000000001	-5.3852725193932898
6.0650000000000004	-5.4689469236543289
6.0659999999999998	-5.5525994831122105
6.0670000000000002	-5.6362298646112166
6.0680000000000005	-5.7198377351290048
6.069	-5.8034227617790108
6.0700000000000003	-5.8869846118125366
6.0709999999999997	-5.9705229526202714
6.0720000000000001	-6.0540374517350486
6.0730000000000004	-6.1375277768331742
6.0739999999999998	-6.2209935957367861
6.0750000000000002	-6.3044345764160425
6.0760000000000005	-6.3878503869907775
6.077	-6.4712406957326252
6.0780000000000003	-6.554605171067486
6.0789999999999997	-6.6379434815766913
6.0800000000000001	-6.7212552960000167
6.0810000000000004	-6.8045402832367969
6.0819999999999999	-6.8877981123485057
6.0830000000000002	-6.9710284525608657
6.0840000000000005	-7.0542309732653194
6.085	-7.1374053440214595
6.0860000000000003	-7.2205512345592382
6.0869999999999997	-7.3036683147803387
6.0880000000000001	-7.3867562547609822
6.0890000000000004	-7.4698147247532347
6.0899999999999999	-7.5528433951875016
6.0910000000000002	-7.6358419366744954
6.0920000000000005	-7.7188100200071048
6.093	-7.801747316162313
6.0940000000000003	-7.8846534963038124
6.0949999999999998	-7.9675282317831773
6.0960000000000001	-8.0503711941427127
6.0970000000000004	-8.1331820551168619
6.0979999999999999	-8.2159604866344509
6.0990000000000002	-8.2987061608209416
6.1000000000000005	-8.3814187500000443
6.101	-8.4640979266959633
6.1020000000000003	-8.5467433636355565
6.1029999999999998	-8.6293547337500129
6.1040000000000001	-8.7119317101772964
6.1050000000000004	-8.7944739662637019
6.1059999999999999	-8.8769811755662076
6.1070000000000002	-8.9594530118545777
6.1080000000000005	-9.0418891491129827
6.109	-9.1242892615423798
6.1100000000000003	-9.2066530235625166
6.1109999999999998	-9.2889801098136573
6.1120000000000001	-9.3712701951590276
6.1130000000000004	-9.4535229546865196
6.1139999999999999	-9.5357380637107454
6.1150000000000002	-9.6179151977753747
6.1160000000000005	-9.7000540326547693
6.117	-9.7821542443560219
6.1180000000000003	-9.8642155091214931
6.1189999999999998	-9.9462375034300905
6.1200000000000001	-10.02821990399999
6.1210000000000004	-10.110162387790197
6.1219999999999999	-10.192064632002534
6.1230000000000002	-10.273926314084264
6.1240000000000006	-10.355747111729336
6.125	-10.437526702880859
6.1260000000000003	-10.519264765733247
6.1269999999999998	-10.600960978733724
6.1280000000000001	-10.682615020584969
6.1290000000000004	-10.764226570246628
6.1299999999999999	-10.845795306937489
6.1310000000000002	-10.927320910137887
6.1320000000000006	-11.008803059591081
6.133	-11.090241435305678
6.1340000000000003	-11.17163571755782
6.1349999999999998	-11.252985586892549
6.1360000000000001	-11.334290724126724
6.1370000000000005	-11.415550810350261
6.1379999999999999	-11.496765526928463
6.1390000000000002	-11.577934555504321
6.1400000000000006	-11.659057578000059
6.141	-11.740134276619337
6.1420000000000003	-11.821164333849573
6.1429999999999998	-11.90214743246338
6.1440000000000001	-11.983083255521294
6.1450000000000005	-12.063971486373056
6.1459999999999999	-12.14481180866018
6.1470000000000002	-12.225603906317957
6.1479999999999997	-12.306347463576934
6.149	-12.387042164965763
6.1500000000000004	-12.467687695312506
6.1509999999999998	-12.548283739747028
6.1520000000000001	-12.628829983703042
6.1530000000000005	-12.709326112919925
6.1539999999999999	-12.789771813444773
6.1550000000000002	-12.870166771634786
6.1559999999999997	-12.950510674158686
6.157	-13.030803207999391
6.1580000000000004	-13.111044060455505
6.1589999999999998	-13.191232919143481
6.1600000000000001	-13.271369472000003
6.1610000000000005	-13.351453407283515
6.1619999999999999	-13.431484413576541
6.1630000000000003	-13.511462179787607
6.1639999999999997	-13.591386395153243
6.165	-13.671256749240243
6.1660000000000004	-13.751072931947249
6.1669999999999998	-13.830834633507081
6.1680000000000001	-13.910541544488972
6.1690000000000005	-13.990193355799974
6.1699999999999999	-14.069789758687492
6.1710000000000003	-14.149330444741274
6.1719999999999997	-14.228815105895023
6.173	-14.308243434429095
6.1740000000000004	-14.387615122971823
6.1749999999999998	-14.466929864501942
6.1760000000000002	-14.546187352350742
6.1770000000000005	-14.625387280203633
6.1779999999999999	-14.704529342102468
6.1790000000000003	-14.783613232447692
6.1799999999999997	-14.862638645999958
6.181	-14.941605277882715
6.1820000000000004	-15.020512823583594
6.1829999999999998	-15.099360978956774
6.1840000000000002	-15.178149440225269
6.1850000000000005	-15.256877903982478
6.1859999999999999	-15.335546067194237
6.1870000000000003	-15.41415362720133
6.1879999999999997	-15.492700281720943
6.1890000000000001	-15.571185728849123
6.1900000000000004	-15.649609667062535
6.1909999999999998	-15.727971795220427
6.1920000000000002	-15.806271812567068
6.1930000000000005	-15.884509418733302
6.194	-15.962684313738819
6.1950000000000003	-16.040796197994162
6.1959999999999997	-16.118844772302708
6.1970000000000001	-16.196829737862785
6.1980000000000004	-16.274750796269494
6.1989999999999998	-16.352607649516848
6.2000000000000002	-16.430400000000027
6.2010000000000005	-16.508127550516953
6.202	-16.585790004270521
6.2030000000000003	-16.663387064870975
6.2039999999999997	-16.74091843633726
6.2050000000000001	-16.818383823099609
6.2060000000000004	-16.895782930001253
6.2069999999999999	-16.973115462300505
6.2080000000000002	-17.050381125672949
6.2090000000000005	-17.127579626213347
6.21	-17.204710670437478
6.2110000000000003	-17.281773965284621
6.2119999999999997	-17.358769218118987
6.2130000000000001	-17.435696136732467
6.2140000000000004	-17.512554429345791
6.2149999999999999	-17.589343804611303
6.2160000000000002	-17.666063971614761
6.2170000000000005	-17.742714639876986
6.218	-17.819295519356473
6.2190000000000003	-17.895806320451065
6.2199999999999998	-17.972246753999933
6.2210000000000001	-18.048616531286136
6.2220000000000004	-18.12491536403757
6.2229999999999999	-18.20114296443014
6.2240000000000002	-18.277299045089286
6.2250000000000005	-18.35338331909184
6.226	-18.429395499968223
6.2270000000000003	-18.505335301704676
6.2279999999999998	-18.581202438744945
6.2290000000000001	-18.656996625992548
6.2300000000000004	-18.732717578812505
6.2309999999999999	-18.8083650130338
6.2320000000000002	-18.883938644951037
6.2330000000000005	-18.959438191326676
6.234	-19.034863369392752
6.2350000000000003	-19.110213896853537
6.2359999999999998	-19.185489491886685
6.2370000000000001	-19.260689873146191
6.2380000000000004	-19.335814759763508
6.2389999999999999	-19.410863871350244
6.2400000000000002	-19.485836928000026
6.2410000000000005	-19.560733650290345
6.242	-19.635553759284562
6.2430000000000003	-19.710296976534394
6.2439999999999998	-19.784963024081264
6.2450000000000001	-19.859551624458987
6.2460000000000004	-19.934062500695234
6.2469999999999999	-20.008495376313874
6.2480000000000002	-20.082849975337027
6.2490000000000006	-20.157126022286718
6.25	-20.2313232421875
6.2510000000000003	-20.305441360568025
6.2519999999999998	-20.379480103462996
6.2530000000000001	-20.453439197415861
6.2540000000000004	-20.527318369479829
6.2549999999999999	-20.601117347220693
6.2560000000000002	-20.674835858718723
6.2570000000000006	-20.748473632570381
6.258	-20.822030397890444
6.2590000000000003	-20.895505884314431
6.2599999999999998	-20.968899821999983
6.2610000000000001	-21.042211941629489
6.2620000000000005	-21.115441974411581
6.2629999999999999	-21.188589652083493
6.2640000000000002	-21.261654706913305
6.2650000000000006	-21.334636871701235
6.266	-21.407535879782174
6.2670000000000003	-21.480351465028065
6.2679999999999998	-21.553083361848991
6.2690000000000001	-21.62573130519587
6.2700000000000005	-21.698295030562477
6.2709999999999999	-21.770774273987172
6.2720000000000002	-21.84316877205508
6.2729999999999997	-21.915478261899963
6.274	-21.987702481206782
6.2750000000000004	-22.059841168212927
6.2759999999999998	-22.13189406171071
6.2770000000000001	-22.203860901049538
6.2780000000000005	-22.275741426137515
6.2789999999999999	-22.347535377443577
6.2800000000000002	-22.41924249600001
6.2809999999999997	-22.490862523403635
6.282	-22.562395201818518
6.2830000000000004	-22.633840273977697
6.2839999999999998	-22.705197483185273
6.2850000000000001	-22.776466573318345
6.2860000000000005	-22.847647288829293
6.2869999999999999	-22.918739374747261
6.2880000000000003	-22.989742576680968
6.2889999999999997	-23.060656640820028
6.29	-23.131481313937499
6.2910000000000004	-23.202216343391413
6.2919999999999998	-23.272861477126995
6.2930000000000001	-23.343416463679205
6.2940000000000005	-23.413881052173821
6.2949999999999999	-23.484254992330079
6.2960000000000003	-23.554538034462794
6.2969999999999997	-23.624729929483692
6.298	-23.694830428904467
6.2990000000000004	-23.764839284837805
6.2999999999999998	-23.834756250000012
6.3010000000000002	-23.904581077712862
6.3020000000000005	-23.974313521905557
6.3029999999999999	-24.043953337116875
6.3040000000000003	-24.113500278497312
6.3049999999999997	-24.182954101810566
6.306	-24.252314563436201
6.3070000000000004	-24.321581420371444
6.3079999999999998	-24.390754430232931
6.3090000000000002	-24.459833351259263
6.3100000000000005	-24.528817942312543
6.3109999999999999	-24.597707962880548
6.3120000000000003	-24.666503173079079
6.3129999999999997	-24.735203333653374
6.3140000000000001	-24.803808205980786
6.3150000000000004	-24.872317552072303
6.3159999999999998	-24.940731134574676
6.3170000000000002	-25.009048716772909
6.3180000000000005	-25.077270062591523
6.319	-25.145394936596986
6.3200000000000003	-25.213423104000029
6.3209999999999997	-25.281354330657038
6.3220000000000001	-25.349188383072573
6.3230000000000004	-25.416925028401138
6.3239999999999998	-25.484564034449292
6.3250000000000002	-25.552105169677731
6.3260000000000005	-25.619548203203209
6.327	-25.686892904800629
6.3280000000000003	-25.754139044904946
6.3289999999999997	-25.821286394613452
6.3300000000000001	-25.888334725687542
6.3310000000000004	-25.955283810554775
6.3319999999999999	-26.022133422311057
6.3330000000000002	-26.088883334722553
6.3340000000000005	-26.155533322227839
6.335	-26.222083159939501
6.3360000000000003	-26.288532623646759
6.3369999999999997	-26.354881489817046
6.3380000000000001	-26.421129535598453
6.3390000000000004	-26.487276538821163
6.3399999999999999	-26.553322277999996
6.3410000000000002	-26.619266532336241
6.3420000000000005	-26.685109081719546
6.343	-26.750849706730278
6.3440000000000003	-26.816488188641316
6.3449999999999998	-26.882024309419862
6.3460000000000001	-26.947457851730192
6.3470000000000004	-27.012788598934804
6.3479999999999999	-27.078016335096947
6.3490000000000002	-27.143140844982682
6.3500000000000005	-27.208161914062529
6.351	-27.273079328513916
6.3520000000000003	-27.337892875222991
6.3529999999999998	-27.402602341786746
6.3540000000000001	-27.467207516514804
6.3550000000000004	-27.531708188431665
6.3559999999999999	-27.596104147278695
6.3570000000000002	-27.660395183516286
6.3580000000000005	-27.724581088325493
6.359	-27.788661653610362
6.3600000000000003	-27.852636672000017
6.3609999999999998	-27.916505936850385
6.3620000000000001	-27.980269242246592
6.3630000000000004	-28.043926383004504
6.3639999999999999	-28.107477154673262
6.3650000000000002	-28.170921353537125
6.3660000000000005	-28.234258776617224
6.367	-28.297489221674013
6.3680000000000003	-28.360612487208954
6.3689999999999998	-28.423628372466851
6.3700000000000001	-28.486536677437513
6.3710000000000004	-28.549337202858155
6.3719999999999999	-28.612029750215058
6.3730000000000002	-28.674614121745961
6.3740000000000006	-28.737090120441806
6.375	-28.799457550048828
6.3760000000000003	-28.861716215070743
6.3769999999999998	-28.923865920770496
6.3780000000000001	-28.985906473172477
6.3790000000000004	-29.047837679064571
6.3799999999999999	-29.109659346000029
6.3810000000000002	-29.171371282299603
6.3820000000000006	-29.232973297053604
6.383	-29.294465200123682
6.3840000000000003	-29.355846802145265
6.3849999999999998	-29.417117914529285
6.3860000000000001	-29.478278349464205
6.3870000000000005	-29.539327919918193
6.3879999999999999	-29.600266439640976
6.3890000000000002	-29.661093723166033
6.3900000000000006	-29.721809585812494
6.391	-29.78241384368728
6.3920000000000003	-29.842906313687081
6.3929999999999998	-29.903286813500088
6.3940000000000001	-29.963555161608795
6.3950000000000005	-30.023711177291077
6.3959999999999999	-30.083754680622746
6.3970000000000002	-30.143685492479676
6.3980000000000006	-30.203503434539485
6.399	-30.2632083292837
6.4000000000000004	-30.322800000000043
6.4009999999999998	-30.382278270783729
6.4020000000000001	-30.441642966540527
6.4030000000000005	-30.500893912987877
6.4039999999999999	-30.560030936657284
6.4050000000000002	-30.619053864896529
6.4059999999999997	-30.67796252587118
6.407	-30.736756748567373
6.4080000000000004	-30.795436362792998
6.4089999999999998	-30.854001199180175
6.4100000000000001	-30.912451089187471
6.4110000000000005	-30.970785865101547
6.4119999999999999	-31.029005360039008
6.4130000000000003	-31.087109407949342
6.4139999999999997	-31.145097843615773
6.415	-31.202970502658232
6.4160000000000004	-31.260727221534751
6.4169999999999998	-31.318367837543775
6.4180000000000001	-31.375892188826441
6.4190000000000005	-31.433300114367981
6.4199999999999999	-31.490591453999954
6.4210000000000003	-31.547766048402949
6.4219999999999997	-31.604823739107502
6.423	-31.66176436849706
6.4240000000000004	-31.718587779809297
6.4249999999999998	-31.775293817138703
6.4260000000000002	-31.831882325438229
6.4270000000000005	-31.888353150521596
6.4279999999999999	-31.94470613906492
6.4290000000000003	-32.000941138609406
6.4299999999999997	-32.057057997562538
6.431	-32.113056565200665
6.4320000000000004	-32.168936691671036
6.4329999999999998	-32.224698227993542
6.4340000000000002	-32.280341026062757
6.4350000000000005	-32.335864938650445
6.4359999999999999	-32.391269819406745
6.4370000000000003	-32.446555522863022
6.4379999999999997	-32.501721904433424
6.4390000000000001	-32.556768820417076
6.4400000000000004	-32.611696127999977
6.4409999999999998	-32.666503685257112
6.4420000000000002	-32.72119135115453
6.4430000000000005	-32.775758985551221
6.444	-32.830206449201299
6.4450000000000003	-32.884533603755784
6.4459999999999997	-32.93874031176523
6.4470000000000001	-32.992826436680716
6.4480000000000004	-33.046791842857004
6.4489999999999998	-33.100636395553593
6.4500000000000002	-33.154359960937484
6.4510000000000005	-33.207962406084945
6.452	-33.261443598983064
6.4530000000000003	-33.314803408532683
6.4539999999999997	-33.368041704549768
6.4550000000000001	-33.421158357767581
6.4560000000000004	-33.47415323983877
6.4569999999999999	-33.527026223337245
6.4580000000000002	-33.579777181760463
6.4590000000000005	-33.632405989531279
6.46	-33.684912522000005
6.4610000000000003	-33.737296655446343
6.4619999999999997	-33.789558267081503
6.4630000000000001	-33.84169723505039
6.4640000000000004	-33.893713438433352
6.4649999999999999	-33.945606757248058
6.4660000000000002	-33.997377072452196
6.4670000000000005	-34.049024265944979
6.468	-34.100548220568911
6.4690000000000003	-34.151948820112821
6.4699999999999998	-34.203225949312383
6.4710000000000001	-34.25437949385406
6.4720000000000004	-34.30540934037505
6.4729999999999999	-34.35631537646691
6.4740000000000002	-34.407097490676833
6.4750000000000005	-34.457755572509811
6.476	-34.508289512430721
6.4770000000000003	-34.558699201866389
6.4779999999999998	-34.608984533207405
6.4790000000000001	-34.659145399810498
6.4800000000000004	-34.709181696000016
6.4809999999999999	-34.759093317070523
6.4820000000000002	-34.808880159288563
6.4830000000000005	-34.858542119894665
6.484	-34.908079097105301
6.4850000000000003	-34.957490990115232
6.4859999999999998	-35.00677769909916
6.4870000000000001	-35.055939125214095
6.4880000000000004	-35.104975170600966
6.4889999999999999	-35.153885738386947
6.4900000000000002	-35.202670732687565
6.4910000000000005	-35.25133005860819
6.492	-35.299863622247031
6.4930000000000003	-35.348271330696022
6.4939999999999998	-35.396553092043774
6.4950000000000001	-35.444708815376956
6.4960000000000004	-35.492738410782806
6.4969999999999999	-35.540641789350573
6.4980000000000002	-35.588418863174482
6.4990000000000006	-35.636069545354687
6.5	-35.68359375
6.5010000000000003	-35.730991392229768
6.5019999999999998	-35.77826238817552
6.5030000000000001	-35.825406654983865
6.5040000000000004	-35.872424110817292
6.5049999999999999	-35.919314674857432
6.5060000000000002	-35.966078267306301
6.5070000000000006	-36.012714809388271
6.508	-36.059224223353027
6.5090000000000003	-36.105606432476222
6.5099999999999998	-36.151861361062501
6.5110000000000001	-36.19798893444738
6.5120000000000005	-36.243989078998993
6.5129999999999999	-36.289861722120264
6.5140000000000002	-36.335606792250857
6.5150000000000006	-36.381224218869164
6.516	-36.426713932494707
6.5170000000000003	-36.472075864689771
6.5179999999999998	-36.517309948061452
6.5190000000000001	-36.562416116263847
6.5200000000000005	-36.607394304000124
6.5209999999999999	-36.652244447023847
6.5220000000000002	-36.696966482142585
6.5230000000000006	-36.741560347217955
6.524	-36.786025981169317
6.5250000000000004	-36.830363323974595
6.5259999999999998	-36.874572316673209
6.5270000000000001	-36.918652901367494
6.5280000000000005	-36.962605021224974
6.5289999999999999	-37.006428620480293
6.5300000000000002	-37.050123644437406
6.5309999999999997	-37.093690039471667
6.532	-37.137127753030938
6.5330000000000004	-37.180436733639496
6.5339999999999998	-37.223616930897776
6.5350000000000001	-37.266668295486369
6.5360000000000005	-37.309590779166783
6.5369999999999999	-37.352384334784091
6.5380000000000003	-37.395048916268451
6.5389999999999997	-37.437584478638044
6.54	-37.479990977999989
6.5410000000000004	-37.52226837155311
6.5419999999999998	-37.564416617589586
6.5430000000000001	-37.606435675497167
6.5440000000000005	-37.648325505761264
6.5449999999999999	-37.690086069966753
6.5460000000000003	-37.731717330800222
6.5469999999999997	-37.773219252051689
6.548	-37.814591798617002
6.5490000000000004	-37.855834936499534
6.5499999999999998	-37.896948632812524
6.5510000000000002	-37.937932855780787
6.5520000000000005	-37.978787574743023
6.5529999999999999	-38.01951276015356
6.5540000000000003	-38.06010838358479
6.5549999999999997	-38.10057441772851
6.556	-38.140910836398689
6.5570000000000004	-38.181117614533164
6.5579999999999998	-38.221194728195485
6.5590000000000002	-38.261142154577286
6.5600000000000005	-38.300959872000035
6.5609999999999999	-38.340647859917254
6.5620000000000003	-38.380206098916531
6.5629999999999997	-38.419634570721342
6.5640000000000001	-38.458933258193355
6.5650000000000004	-38.498102145334002
6.5659999999999998	-38.537141217287214
6.5670000000000002	-38.576050460340824
6.5680000000000005	-38.61482986192901
6.569	-38.653479410633651
6.5700000000000003	-38.691999096187502
6.5709999999999997	-38.730388909475053
6.5720000000000001	-38.768648842535015
6.5730000000000004	-38.806778888562874
6.5739999999999998	-38.844779041911664
6.5750000000000002	-38.882649298095657
6.5760000000000005	-38.92038965379075
6.577	-38.958000106837318
6.5780000000000003	-38.99548065624252
6.5789999999999997	-39.032831302181364
6.5800000000000001	-39.070052046000029
6.5810000000000004	-39.107142890216409
6.5819999999999999	-39.144103838523506
6.5830000000000002	-39.180934895790429
6.5840000000000005	-39.217636068065303
6.585	-39.254207362576196
6.5860000000000003	-39.290648787734284
6.5869999999999997	-39.32696035313505
6.5880000000000001	-39.363142069560951
6.5890000000000004	-39.39919394898287
6.5899999999999999	-39.435116004562573
6.5910000000000002	-39.470908250654247
6.5920000000000005	-39.506570702806968
6.593	-39.542103377767148
6.5940000000000003	-39.577506293478706
6.5949999999999998	-39.612779469087869
6.5960000000000001	-39.647922924942733
6.5970000000000004	-39.682936682596576
6.5979999999999999	-39.717820764809403
6.5990000000000002	-39.752575195550619
6.6000000000000005	-39.787200000000041
6.601	-39.82169520455065
6.6020000000000003	-39.856060836810542
6.6029999999999998	-39.890296925604659
6.6040000000000001	-39.924403500977263
6.6050000000000004	-39.958380594193386
6.6059999999999999	-39.992228237741159
6.6070000000000002	-40.025946465334243
6.6080000000000005	-40.059535311912924
6.609	-40.092994813647039
6.6100000000000003	-40.126325007937609
6.6109999999999998	-40.159525933418323
6.6120000000000001	-40.192597629959124
6.6130000000000004	-40.225540138666133
6.6139999999999999	-40.258353501885793
6.6150000000000002	-40.291037763205125
6.6160000000000005	-40.323592967454758
6.617	-40.356019160710645
6.6180000000000003	-40.38831639029641
6.6189999999999998	-40.420484704784883
6.6200000000000001	-40.452524153999946
6.6210000000000004	-40.4844347890199
6.6219999999999999	-40.516216662177484
6.6230000000000002	-40.547869827063863
6.6240000000000006	-40.579394338529326
6.625	-40.610790252685547
6.6260000000000003	-40.642057626908269
6.6269999999999998	-40.673196519838513
6.6280000000000001	-40.704206991384979
6.6290000000000004	-40.735089102726192
6.6299999999999999	-40.765842916312508
6.6310000000000002	-40.796468495867501
6.6320000000000006	-40.826965906391024
6.633	-40.8573352141605
6.6340000000000003	-40.887576486732826
6.6349999999999998	-40.917689792947229
6.6360000000000001	-40.94767520292676
6.6370000000000005	-40.977532788079913
6.6379999999999999	-41.00726262110345
6.6390000000000002	-41.036864775983958
6.6400000000000006	-41.066339327999941
6.641	-41.095686353724005
6.6420000000000003	-41.1249059310245
6.6429999999999998	-41.153998139068051
6.6440000000000001	-41.182963058321263
6.6450000000000005	-41.211800770552742
6.6459999999999999	-41.240511358835221
6.6470000000000002	-41.269094907547682
6.6480000000000006	-41.297551502377047
6.649	-41.325881230320419
6.6500000000000004	-41.354084179687518
6.6509999999999998	-41.382160440101686
6.6520000000000001	-41.410110102503012
6.6530000000000005	-41.43793325914956
6.6539999999999999	-41.465630003619736
6.6550000000000002	-41.493200430814468
6.6560000000000006	-41.520644636958792
6.657	-41.547962719604158
6.6580000000000004	-41.575154777630502
6.6589999999999998	-41.602220911248182
6.6600000000000001	-41.62916122200005
6.6610000000000005	-41.655975812763216
6.6619999999999999	-41.682664787751577
6.6630000000000003	-41.709228252517306
6.6639999999999997	-41.735666313953246
6.665	-41.761979080294964
6.6660000000000004	-41.788166661122162
6.6669999999999998	-41.814229167361802
6.6680000000000001	-41.84016671128893
6.6690000000000005	-41.865979406529561
6.6699999999999999	-41.891667368062471
6.6710000000000003	-41.917230712220913
6.6719999999999997	-41.942669556694995
6.673	-41.967984020533805
6.6740000000000004	-41.993174224146827
6.6749999999999998	-42.018240289306661
6.6760000000000002	-42.043182339150718
6.6770000000000005	-42.068000498183309
6.6779999999999999	-42.092694892277407
6.6790000000000003	-42.117265648677318
6.6799999999999997	-42.14171289599993
6.681	-42.166036764237475
6.6820000000000004	-42.190237384758589
6.6829999999999998	-42.2143148903114
6.6840000000000002	-42.238269415025215
6.6850000000000005	-42.262101094412003
6.6859999999999999	-42.285810065369148
6.6870000000000003	-42.309396466181127
6.6879999999999997	-42.332860436520946
6.6890000000000001	-42.356202117453876
6.6900000000000004	-42.379421651437539
6.6909999999999998	-42.402519182325179
6.6920000000000002	-42.425494855366921
6.6930000000000005	-42.448348817212946
6.694	-42.471081215913813
6.6950000000000003	-42.493692200923903
6.6959999999999997	-42.516181923102735
6.6970000000000001	-42.538550534717515
6.6980000000000004	-42.56079818944454
6.6989999999999998	-42.582925042371642
6.7000000000000002	-42.604931249999964
6.7010000000000005	-42.626816970246693
6.702	-42.648582362445453
6.7030000000000003	-42.670227587350723
6.7039999999999997	-42.691752807137291
6.7050000000000001	-42.713158185404339
6.7060000000000004	-42.734443887176155
6.7069999999999999	-42.75561007890515
6.7080000000000002	-42.77665692847296
6.7090000000000005	-42.797584605193009
6.71	-42.818393279812483
6.7110000000000003	-42.839083124514346
6.7119999999999997	-42.859654312919091
6.7130000000000001	-42.880107020087138
6.7140000000000004	-42.90044142252097
6.7149999999999999	-42.920657698165968
6.7160000000000002	-42.940756026414888
6.7170000000000005	-42.960736588106613
6.718	-42.980599565531662
6.7190000000000003	-43.000345142430717
6.7199999999999998	-43.019973504000063
6.7210000000000001	-43.039484836890779
6.7220000000000004	-43.058879329212431
6.7229999999999999	-43.07815717053478
6.7240000000000002	-43.097318551889344
6.7250000000000005	-43.116363665771459
6.726	-43.135292706143176
6.7270000000000003	-43.154105868434314
6.7279999999999998	-43.172803349545063
6.7290000000000001	-43.191385347847216
6.7300000000000004	-43.20985206318754
6.7309999999999999	-43.228203696888585
6.7320000000000002	-43.246440451751013
6.7330000000000005	-43.264562532056274
6.734	-43.28257014356781
6.7350000000000003	-43.30046349353313
6.7359999999999998	-43.318242790686725
6.7370000000000001	-43.335908245250891
6.7380000000000004	-43.353460068938546
6.7389999999999999	-43.37089847495487
6.7400000000000002	-43.388223678000074
6.7410000000000005	-43.405435894269942
6.742	-43.422535341459536
6.7430000000000003	-43.439522238763999
6.7439999999999998	-43.45639680688123
6.7450000000000001	-43.473159268013646
6.7460000000000004	-43.489809845870298
6.7469999999999999	-43.506348765668704
6.7480000000000002	-43.522776254136915
6.7490000000000006	-43.539092539516389
6.75	-43.5552978515625
6.7510000000000003	-43.571392421547813
6.7519999999999998	-43.587376482263068
6.7530000000000001	-43.603250268020588
6.7540000000000004	-43.619014014654866
6.7549999999999999	-43.634667959525459
6.7560000000000002	-43.650212341518639
6.7570000000000006	-43.665647401049981
6.758	-43.680973380065382
6.7590000000000003	-43.696190522044077
6.7599999999999998	-43.711299072000074
6.7610000000000001	-43.726299276484127
6.7620000000000005	-43.741191383586482
6.7629999999999999	-43.755975642938111
6.7640000000000002	-43.770652305713213
6.7650000000000006	-43.785221624630964
6.766	-43.799683853957234
6.7670000000000003	-43.814039249507715
6.7679999999999998	-43.828288068649016
6.7690000000000001	-43.842430570300579
6.7700000000000005	-43.85646701493738
6.7709999999999999	-43.870397664591934
6.7720000000000002	-43.88422278285509
6.7730000000000006	-43.897942634879641
6.774	-43.911557487381756
6.7750000000000004	-43.925067608642593
6.7759999999999998	-43.938473268510705
6.7770000000000001	-43.951774738404225
6.7780000000000005	-43.964972291312506
6.7789999999999999	-43.978066201798299
6.7800000000000002	-43.991056746000083
6.7810000000000006	-44.003944201633345
6.782	-44.016728847993591
6.7830000000000004	-44.029410965957382
6.7839999999999998	-44.041990837985168
6.7850000000000001	-44.054468748123028
6.7860000000000005	-44.066844982004241
6.7869999999999999	-44.079119826851922
6.7880000000000003	-44.091293571481003
6.7889999999999997	-44.103366506299864
6.79	-44.115338923312493
6.7910000000000004	-44.127211116121018
6.7919999999999998	-44.138983379926955
6.7930000000000001	-44.150656011533883
6.7940000000000005	-44.162229309348817
6.7949999999999999	-44.173703573384856
6.7960000000000003	-44.185079105262673
6.7969999999999997	-44.196356208213217
6.798	-44.207535187079458
6.7990000000000004	-44.218616348317497
6.7999999999999998	-44.229599999999948
6.8010000000000002	-44.240486451817532
6.8020000000000005	-44.251276015080435
6.8029999999999999	-44.261969002721457
6.8040000000000003	-44.272565729297199
6.8049999999999997	-44.283066510990338
6.806	-44.293471665611293
6.8070000000000004	-44.303781512601148
6.8079999999999998	-44.313996373033021
6.8090000000000002	-44.324116569613935
6.8100000000000005	-44.334142426687563
6.8109999999999999	-44.344074270235268
6.8120000000000003	-44.353912427879166
6.8129999999999997	-44.363657228883099
6.8140000000000001	-44.373309004155871
6.8150000000000004	-44.382868086251833
6.8159999999999998	-44.392334809374603
6.8170000000000002	-44.401709509377639
6.8180000000000005	-44.410992523766424
6.819	-44.420184191701523
6.8200000000000003	-44.429284853999917
6.8209999999999997	-44.438294853136696
6.8220000000000001	-44.447214533247617
6.8230000000000004	-44.456044240130794
6.8239999999999998	-44.464784321249269
6.8250000000000002	-44.473435125732308
6.8260000000000005	-44.481997004378329
6.827	-44.490470309655393
6.8280000000000003	-44.498855395704979
6.8289999999999997	-44.507152618343127
6.8300000000000001	-44.515362335062576
6.8310000000000004	-44.523484905034366
6.8319999999999999	-44.531520689111076
6.8330000000000002	-44.539470049827159
6.8340000000000005	-44.547333351402756
6.835	-44.555110959744155
6.8360000000000003	-44.562803242446762
6.8369999999999997	-44.570410568796703
6.8380000000000001	-44.577933309773499
6.8390000000000004	-44.585371838050833
6.8399999999999999	-44.592726528000128
6.8410000000000002	-44.599997755690794
6.8420000000000005	-44.6071858988945
6.843	-44.614291337084964
6.8440000000000003	-44.621314451441364
6.8449999999999998	-44.628255624849572
6.8460000000000001	-44.63511524190514
6.8470000000000004	-44.641893688914521
6.8479999999999999	-44.64859135389699
6.8490000000000002	-44.655208626587267
6.8500000000000005	-44.661745898437516
6.851	-44.668203562618501
6.8520000000000003	-44.674582014022917
6.8529999999999998	-44.680881649266453
6.8540000000000001	-44.687102866689671
6.8550000000000004	-44.693246066361198
6.8559999999999999	-44.699311650078897
6.8570000000000002	-44.705300021371016
6.8580000000000005	-44.711211585500266
6.859	-44.717046749465084
6.8600000000000003	-44.722805921999949
6.8609999999999998	-44.728489513580044
6.8620000000000001	-44.734097936421549
6.8630000000000004	-44.739631604484202
6.8639999999999999	-44.745090933473321
6.8650000000000002	-44.750476340841772
6.8660000000000005	-44.755788245792075
6.867	-44.761027069278697
6.8680000000000003	-44.766193234009023
6.8689999999999998	-44.771287164446321
6.8700000000000001	-44.776309286812619
6.8710000000000004	-44.78126002908779
6.8719999999999999	-44.786139821014956
6.8730000000000002	-44.790949094100654
6.8740000000000006	-44.795688281617004
6.875	-44.800357818603516
6.8760000000000003	-44.804958141870642
6.8769999999999998	-44.809489690000177
6.8780000000000001	-44.813952903347484
6.8790000000000004	-44.818348224044172
6.8799999999999999	-44.822676095999938
6.8810000000000002	-44.826936964904363
6.8820000000000006	-44.83113127822854
6.883	-44.835259485228377
6.8840000000000003	-44.839322036945177
6.8849999999999998	-44.843319386208933
6.8860000000000001	-44.847251987639268
6.8870000000000005	-44.85112029764791
6.8879999999999999	-44.854924774440946
6.8890000000000002	-44.858665878020432
6.8900000000000006	-44.862344070187433
6.891	-44.865959814541924
6.8920000000000003	-44.869513576486952
6.8929999999999998	-44.873005823229789
6.8940000000000001	-44.876437023783708
6.8950000000000005	-44.879807648970754
6.8959999999999999	-44.883118171422524
6.8970000000000002	-44.88636906558439
6.8980000000000006	-44.889560807714503
6.899	-44.89269387588844
6.9000000000000004	-44.895768749999931
6.9009999999999998	-44.898785911763397
6.9020000000000001	-44.901745844715663
6.9030000000000005	-44.904649034217499
6.9039999999999999	-44.90749596745745
6.9050000000000002	-44.91028713345122
6.9060000000000006	-44.913023023046179
6.907	-44.915704128922215
6.9080000000000004	-44.918330945593027
6.9089999999999998	-44.920903969410006
6.9100000000000001	-44.923423698562445
6.9110000000000005	-44.925890633081195
6.9119999999999999	-44.92830527483909
6.9130000000000003	-44.9306681275541
6.9139999999999997	-44.932979696790767
6.915	-44.935240489962794
6.9160000000000004	-44.937451016334748
6.9169999999999998	-44.939611787023438
6.9180000000000001	-44.941723315001511
6.9190000000000005	-44.94378611509768
6.9199999999999999	-44.945800704000021
6.9210000000000003	-44.947767600257563
6.9219999999999997	-44.949687324282507
6.923	-44.951560398351802
6.9240000000000004	-44.953387346609276
6.9249999999999998	-44.955168695068338
6.9260000000000002	-44.956904971613355
6.9270000000000005	-44.958596706001131
6.9279999999999999	-44.960244429864971
6.9290000000000003	-44.961848676714084
6.9299999999999997	-44.963409981937602
6.931	-44.964928882805239
6.9320000000000004	-44.966405918471011
6.9329999999999998	-44.967841629973179
6.9340000000000002	-44.969236560237832
6.9350000000000005	-44.970591254079892
6.9359999999999999	-44.971906258206772
6.9370000000000003	-44.973182121217775
6.9379999999999997	-44.974419393608628
6.9390000000000001	-44.975618627771638
6.9400000000000004	-44.976780378000058
6.9409999999999998	-44.977905200486973
6.9420000000000002	-44.978993653329638
6.9430000000000005	-44.980046296530958
6.944	-44.981063692001229
6.9450000000000003	-44.982046403560474
6.9459999999999997	-44.98299499694032
6.9470000000000001	-44.983910039785499
6.9480000000000004	-44.984792101656964
6.9489999999999998	-44.985641754033253
6.9500000000000002	-44.98645957031259
6.9510000000000005	-44.987246125814437
6.952	-44.988001997782902
6.9530000000000003	-44.988727765387395
6.9539999999999997	-44.989424009724786
6.9550000000000001	-44.990091313822205
6.9560000000000004	-44.990730262638778
6.9569999999999999	-44.991341443066801
6.9580000000000002	-44.991925443935429
6.9590000000000005	-44.992482856010966
6.96	-44.99301427199994
6.9610000000000003	-44.99352028655116
6.9619999999999997	-44.994001496256516
6.9630000000000001	-44.994458499655167
6.9640000000000004	-44.994891897233316
6.9649999999999999	-44.995302291427777
6.9660000000000002	-44.995690286627422
6.9670000000000005	-44.996056489174435
6.968	-44.99640150736893
6.9690000000000003	-44.996725951467468
6.9699999999999998	-44.997030433687556
6.9710000000000001	-44.997315568208819
6.9720000000000004	-44.997581971174995
6.9729999999999999	-44.997830260696489
6.9740000000000002	-44.998061056851796
6.9750000000000005	-44.998274981689562
6.976	-44.998472659230629
6.9770000000000003	-44.99865471547119
6.9779999999999998	-44.998821778382364
6.9790000000000001	-44.998974477915141
6.9800000000000004	-44.999113445999953
6.9809999999999999	-44.999239316550174
6.9820000000000002	-44.999352725463467
6.9830000000000005	-44.999454310624316
6.984	-44.999544711905173
6.9850000000000003	-44.999624571169903
6.9859999999999998	-44.999694532274333
6.9870000000000001	-44.999755241068797
6.9880000000000004	-44.999807345400853
6.9889999999999999	-44.999851495116644
6.9900000000000002	-44.999888342062462
6.9910000000000005	-44.999918540087904
6.992	-44.99994274504698
6.9930000000000003	-44.999961614800824
6.9939999999999998	-44.999975809218697
6.9950000000000001	-44.999985990181656
6.9960000000000004	-44.999992821582694
6.9969999999999999	-44.999996969330283
6.9980000000000002	-44.999999101349573
6.9990000000000006	-44.999999887584323
7	-45
7.0010000000000003	-44.99999955067473
7.0019999999999998	-44.999996410791361
7.0030000000000001	-44.999987904609391
7.0040000000000004	-44.999971372523518
7.0049999999999999	-44.999944171031252
7.0060000000000002	-44.999903672700484
7.0070000000000006	-44.99984726613711
7.008	-44.999772355952643
7.0090000000000003	-44.999676362731769
7.0099999999999998	-44.999556722999998
7.0110000000000001	-44.999410889191232
7.0120000000000005	-44.999236329615357
7.0129999999999999	-44.999030528425891
7.0140000000000002	-44.998790985587519
7.0150000000000006	-44.998515216843749
7.016	-44.998200753684479
7.0170000000000003	-44.997845143313612
7.0179999999999998	-44.997445948616637
7.0190000000000001	-44.997000748128272
7.0200000000000005	-44.996507135999998
7.0209999999999999	-44.995962721967729
7.0220000000000002	-44.99536513131936
7.0230000000000006	-44.994712004862393
7.024	-44.994000998891522
7.0250000000000004	-44.993229785156252
7.0259999999999998	-44.992396050828482
7.0270000000000001	-44.99149749847011
7.0280000000000005	-44.990531846000643
7.0289999999999999	-44.989496826664769
7.0300000000000002	-44.988390189
7.0310000000000006	-44.987209696804229
7.032	-44.985953129103358
7.0330000000000004	-44.984618280118887
7.0339999999999998	-44.98320295923552
7.0350000000000001	-44.981704990968751
7.0360000000000005	-44.980122214932479
7.0369999999999999	-44.978452485806613
7.0380000000000003	-44.976693673304638
7.0390000000000006	-44.974843662141268
7.04	-44.972900352000003
7.0410000000000004	-44.970861657500727
7.0419999999999998	-44.96872550816736
7.0430000000000001	-44.966489848395391
7.0440000000000005	-44.964152637419517
7.0449999999999999	-44.961711849281251
7.0460000000000003	-44.959165472796478
7.0469999999999997	-44.956511511523111
7.048	-44.95374798372864
7.0490000000000004	-44.950872922357767
7.0499999999999998	-44.947884375000001
7.0510000000000002	-44.94478040385723
7.0520000000000005	-44.941559085711361
7.0529999999999999	-44.93821851189189
7.0540000000000003	-44.934756788243519
7.0549999999999997	-44.931172035093752
7.056	-44.92746238722048
7.0570000000000004	-44.923625993819606
7.0579999999999998	-44.919661018472638
7.0590000000000002	-44.91556563911427
7.0600000000000005	-44.911338047999998
7.0609999999999999	-44.906976451673728
7.0620000000000003	-44.902479070935357
7.0629999999999997	-44.897844140808388
7.0640000000000001	-44.893069910507521
7.0650000000000004	-44.888154643406246
7.0659999999999998	-44.883096617004483
7.0670000000000002	-44.877894122896109
7.0680000000000005	-44.872545466736639
7.069	-44.867048968210767
7.0700000000000003	-44.861402960999996
7.0709999999999997	-44.855605792750232
7.0720000000000001	-44.849655825039356
7.0730000000000004	-44.843551433344885
7.0739999999999998	-44.837291007011522
7.0750000000000002	-44.830872949218751
7.0760000000000005	-44.824295676948473
7.077	-44.817557620952613
7.0780000000000003	-44.810657225720639
7.0789999999999997	-44.803592949447271
7.0800000000000001	-44.796363264
7.0810000000000004	-44.788966654886728
7.0819999999999999	-44.78140162122336
7.0830000000000002	-44.773666675701385
7.0840000000000005	-44.765760344555517
7.085	-44.757681167531253
7.0860000000000003	-44.749427697852475
7.0869999999999997	-44.740998502189115
7.0880000000000001	-44.732392160624642
7.0890000000000004	-44.723607266623766
7.0899999999999999	-44.714642427000001
7.0910000000000002	-44.705496261883226
7.0920000000000005	-44.696167404687358
7.093	-44.686654502077893
7.0940000000000003	-44.676956213939519
7.0949999999999998	-44.667071213343753
7.0960000000000001	-44.656998186516482
7.0970000000000004	-44.646735832805604
7.0979999999999999	-44.636282864648642
7.0990000000000002	-44.625638007540267
7.1000000000000005	-44.614799999999995
7.101	-44.603767593539729
7.1020000000000003	-44.592539552631358
7.1029999999999998	-44.581114654674394
7.1040000000000001	-44.56949168996352
7.1050000000000004	-44.557669461656246
7.1059999999999999	-44.54564678574048
7.1070000000000002	-44.533422491002106
7.1080000000000005	-44.520995418992634
7.109	-44.508364423996767
7.1100000000000003	-44.495528372999999
7.1109999999999998	-44.482486145656232
7.1120000000000001	-44.46923663425536
7.1130000000000004	-44.455778743690885
7.1139999999999999	-44.442111391427524
7.1150000000000002	-44.428233507468747
7.1160000000000005	-44.414144034324472
7.117	-44.39984192697861
7.1180000000000003	-44.385326152856635
7.1189999999999998	-44.370595691793277
7.1200000000000001	-44.355649536000001
7.1210000000000004	-44.340486690032726
7.1219999999999999	-44.325106170759362
7.1230000000000002	-44.309507007327383
7.1240000000000006	-44.293688241131512
7.125	-44.27764892578125
7.1260000000000003	-44.261388127068471
7.1269999999999998	-44.244904922935113
7.1280000000000001	-44.228198403440636
7.1290000000000004	-44.211267670729761
7.1299999999999999	-44.194111839000001
7.1310000000000002	-44.176730034469223
7.1320000000000006	-44.159121395343348
7.133	-44.141285071783891
7.1340000000000003	-44.123220225875514
7.1349999999999998	-44.104926031593756
7.1360000000000001	-44.086401674772475
7.1370000000000005	-44.067646353071602
7.1379999999999999	-44.048659275944644
7.1390000000000002	-44.029439664606265
7.1400000000000006	-44.009986751999989
7.141	-43.990299782765732
7.1420000000000003	-43.970378013207352
7.1429999999999998	-43.950220711260393
7.1440000000000001	-43.929827156459517
7.1450000000000005	-43.909196639906241
7.1459999999999999	-43.88832846423648
7.1470000000000002	-43.867221943588106
7.1480000000000006	-43.845876403568624
7.149	-43.824291181222769
7.1500000000000004	-43.802465624999989
7.1509999999999998	-43.780399094722235
7.1520000000000001	-43.75809096155136
7.1530000000000005	-43.735540607956878
7.1539999999999999	-43.712747427683524
7.1550000000000002	-43.689710825718741
7.1560000000000006	-43.666430218260466
7.157	-43.64290503268461
7.1580000000000004	-43.619134707512629
7.1589999999999998	-43.595118692379273
7.1600000000000001	-43.570856447999994
7.1610000000000005	-43.546347446138718
7.1619999999999999	-43.521591169575359
7.1630000000000003	-43.496587112073385
7.1640000000000006	-43.471334778347504
7.165	-43.44583368403125
7.1660000000000004	-43.420083355644472
7.1669999999999998	-43.394083330561116
7.1680000000000001	-43.367833156976637
7.1690000000000005	-43.34133239387576
7.1699999999999999	-43.314580611000004
7.1710000000000003	-43.287577388815222
7.1719999999999997	-43.260322318479368
7.173	-43.23281500180989
7.1740000000000004	-43.205055051251506
7.1749999999999998	-43.177042089843752
7.1760000000000002	-43.148775751188474
7.1770000000000005	-43.120255679417596
7.1779999999999999	-43.091481529160639
7.1790000000000003	-43.062452965512264
7.1799999999999997	-43.033169664000006
7.181	-43.003631310551725
7.1820000000000004	-42.973837601463352
7.1829999999999998	-42.943788243366399
7.1840000000000002	-42.913482953195512
7.1850000000000005	-42.882921458156233
7.1859999999999999	-42.852103495692482
7.1870000000000003	-42.821028813454099
7.1879999999999997	-42.789697169264649
7.1890000000000001	-42.758108331088771
7.1900000000000004	-42.726262076999987
7.1909999999999998	-42.694158195148233
7.1920000000000002	-42.661796483727358
7.1930000000000005	-42.629176750942875
7.194	-42.596298814979519
7.1950000000000003	-42.563162503968741
7.1959999999999997	-42.529767655956491
7.1970000000000001	-42.496114118870608
7.1980000000000004	-42.462201750488624
7.1989999999999998	-42.428030418405278
7.2000000000000002	-42.393599999999992
7.2010000000000005	-42.358910382404716
7.202	-42.32396146247136
7.2030000000000003	-42.288753146739381
7.2039999999999997	-42.253285351403527
7.2050000000000001	-42.217558002281251
7.2060000000000004	-42.181571034780468
7.2069999999999999	-42.145324393867114
7.2080000000000002	-42.10881803403263
7.2090000000000005	-42.072051919261753
7.21	-42.035026023
7.2110000000000003	-41.997740328121218
7.2119999999999997	-41.960194826895368
7.2130000000000001	-41.922389520955889
7.2140000000000004	-41.884324421267507
7.2149999999999999	-41.845999548093758
7.2160000000000002	-41.80741493096447
7.2170000000000005	-41.768570608643593
7.218	-41.729466629096642
7.2190000000000003	-41.690103049458259
7.2199999999999998	-41.650479936000011
7.2210000000000001	-41.610597364097728
7.2220000000000004	-41.570455418199344
7.2229999999999999	-41.530054191792395
7.2240000000000002	-41.489393787371512
7.2250000000000005	-41.448474316406227
7.226	-41.40729589930848
7.2270000000000003	-41.365858665400097
7.2279999999999998	-41.324162752880653
7.2290000000000001	-41.282208308794765
7.2300000000000004	-41.23999548899998
7.2309999999999999	-41.197524458134239
7.2320000000000002	-41.154795389583349
7.2330000000000005	-41.111808465448867
7.234	-41.068563876515519
7.2350000000000003	-41.025061822218738
7.2359999999999998	-40.981302510612494
7.2370000000000001	-40.937286158336605
7.2380000000000004	-40.893012990584623
7.2389999999999999	-40.848483241071278
7.2400000000000002	-40.803697151999991
7.2410000000000005	-40.758654974030705
7.242	-40.71335696624736
7.2430000000000003	-40.667803396125372
7.2439999999999998	-40.621994539499532
7.2450000000000001	-40.575930680531243
7.2460000000000004	-40.529612111676457
7.2469999999999999	-40.483039133653115
7.2480000000000002	-40.436212055408632
7.2490000000000006	-40.389131194087746
7.25	-40.341796875
7.2510000000000003	-40.294209431587213
7.2519999999999998	-40.246369205391375
7.2530000000000001	-40.198276546021887
7.2540000000000004	-40.149931811123501
7.2549999999999999	-40.101335366343754
7.2560000000000002	-40.052487585300469
7.2570000000000006	-40.00338884954958
7.258	-39.954039548552643
7.2590000000000003	-39.904440079644253
7.2599999999999998	-39.854590848000015
7.2610000000000001	-39.804492266603724
7.2620000000000005	-39.754144756215339
7.2629999999999999	-39.703548745338395
7.2640000000000002	-39.652704670187511
7.2650000000000006	-39.60161297465622
7.266	-39.550274110284477
7.2670000000000003	-39.498688536226091
7.2679999999999998	-39.446856719216655
7.2690000000000001	-39.394779133540766
7.2700000000000005	-39.342456260999974
7.2709999999999999	-39.289888590880231
7.2720000000000002	-39.23707661991935
7.2730000000000006	-39.184020852274863
7.274	-39.130721799491518
7.2750000000000004	-39.077179980468728
7.2759999999999998	-39.023395921428488
7.2770000000000001	-38.969370155882601
7.2780000000000005	-38.915103224600614
7.2789999999999999	-38.860595675577272
7.2800000000000002	-38.805848063999989
7.2810000000000006	-38.750860952216698
7.282	-38.695634909703358
7.2830000000000004	-38.640170513031372
7.2839999999999998	-38.584468345835532
7.2850000000000001	-38.52852899878124
7.2860000000000005	-38.472353069532453
7.2869999999999999	-38.415941162719115
7.2880000000000003	-38.359293889904627
7.2890000000000006	-38.302411869553737
7.29	-38.245295726999998
7.2910000000000004	-38.187946094413206
7.2919999999999998	-38.130363610767375
7.2930000000000001	-38.072548921807879
7.2940000000000005	-38.01450268001949
7.2949999999999999	-37.956225544593757
7.2960000000000003	-37.897718181396463
7.2969999999999997	-37.838981262935626
7.298	-37.780015468328635
7.2990000000000004	-37.72082148327025
7.2999999999999998	-37.661400000000015
7.3010000000000002	-37.601751717269721
7.3020000000000005	-37.541877340311331
7.3029999999999999	-37.481777580804398
7.3040000000000003	-37.421453156843505
7.3049999999999997	-37.360904792906268
7.306	-37.300133219820481
7.3070000000000004	-37.239139174732088
7.3079999999999998	-37.177923401072647
7.3090000000000002	-37.116486648526759
7.3100000000000005	-37.054829672999972
7.3109999999999999	-36.992953236586231
7.3120000000000003	-36.930858107535343
7.3129999999999997	-36.86854506022091
7.3140000000000001	-36.806014875107515
7.3150000000000004	-36.743268338718728
7.3159999999999998	-36.680306243604491
7.3170000000000002	-36.617129388308598
7.3180000000000005	-36.55373857733661
7.319	-36.490134621123275
7.3200000000000003	-36.42631833599998
7.3209999999999997	-36.362290544162747
7.3220000000000001	-36.298052073639354
7.3230000000000004	-36.233603758257367
7.3239999999999998	-36.168946437611531
7.3250000000000002	-36.104080957031243
7.3260000000000005	-36.039008167548445
7.327	-35.973728925865117
7.3280000000000003	-35.908244094320615
7.3289999999999997	-35.842554540859787
7.3300000000000001	-35.776661138999998
7.3310000000000004	-35.710564767799205
7.3319999999999999	-35.644266311823365
7.3330000000000002	-35.577766661113877
7.3340000000000005	-35.511066711155486
7.335	-35.444167362843757
7.3360000000000003	-35.377069522452459
7.3369999999999997	-35.309774101601626
7.3380000000000001	-35.242282017224639
7.3390000000000004	-35.174594191536244
7.3399999999999999	-35.106711552000007
7.3410000000000002	-35.038635031295719
7.3420000000000005	-34.970365567287324
7.343	-34.901904102990393
7.3440000000000003	-34.833251586539504
7.3449999999999998	-34.764408971156271
7.3460000000000001	-34.695377215116473
7.3470000000000004	-34.626157281718079
7.3479999999999999	-34.556750139248649
7.3490000000000002	-34.487156760952757
7.3500000000000005	-34.417378124999964
7.351	-34.347415214452234
7.3520000000000003	-34.277269017231333
7.3529999999999998	-34.20694052608691
7.3540000000000001	-34.136430738563512
7.3550000000000004	-34.065740656968721
7.3559999999999999	-33.994871288340491
7.3570000000000002	-33.923823644414597
7.3580000000000005	-33.852598741592601
7.359	-33.781197600909266
7.3600000000000003	-33.709621247999976
7.3609999999999998	-33.63787071306875
7.3620000000000001	-33.565947030855348
7.3630000000000004	-33.493851240603362
7.3639999999999999	-33.421584386027533
7.3650000000000002	-33.349147515281238
7.3660000000000005	-33.276541680924439
7.367	-33.203767939891108
7.3680000000000003	-33.130827353456617
7.3689999999999998	-33.057720987205784
7.3700000000000001	-32.984449910999992
7.3710000000000004	-32.911015198945201
7.3719999999999999	-32.837417929359368
7.3730000000000002	-32.763659184739872
7.3740000000000006	-32.689740051731476
7.375	-32.61566162109375
7.3760000000000003	-32.541424987668449
7.3769999999999998	-32.467031250347631
7.3780000000000001	-32.392481512040632
7.3790000000000004	-32.317776879642238
7.3799999999999999	-32.242918464000006
7.3810000000000002	-32.167907379881711
7.3820000000000006	-32.092744745943314
7.383	-32.01743168469639
7.3840000000000003	-31.941969322475494
7.3849999999999998	-31.86635878940627
7.3860000000000001	-31.790601219372469
7.3870000000000005	-31.714697749984076
7.3879999999999999	-31.638649522544647
7.3890000000000002	-31.562457682018753
7.3900000000000006	-31.486123376999956
7.391	-31.409647759678229
7.3920000000000003	-31.333031985807338
7.3929999999999998	-31.256277214672906
7.3940000000000001	-31.179384609059511
7.3950000000000005	-31.102355335218714
7.3959999999999999	-31.025190562836489
7.3970000000000002	-30.947891465000588
7.3980000000000006	-30.870459218168595
7.399	-30.792895002135264
7.4000000000000004	-30.715199999999975
7.4009999999999998	-30.637375398134747
7.4020000000000001	-30.559422386151351
7.4030000000000005	-30.481342156869356
7.4039999999999999	-30.403135906283531
7.4050000000000002	-30.324804833531232
7.4060000000000006	-30.246350140860436
7.407	-30.167773033597108
7.4080000000000004	-30.08907472011261
7.4089999999999998	-30.010256411791786
7.4100000000000001	-29.931319322999993
7.4110000000000005	-29.852264671051195
7.4119999999999999	-29.773093676175371
7.4130000000000003	-29.693807561485869
7.4140000000000006	-29.614407552947473
7.415	-29.534894879343746
7.4160000000000004	-29.455270772244454
7.4169999999999998	-29.375536465973624
7.4180000000000001	-29.295693197576636
7.4190000000000005	-29.215742206788228
7.4199999999999999	-29.135684736000009
7.4210000000000003	-29.05552203022771
7.4220000000000006	-28.975255337079318
7.423	-28.894885906722394
7.4240000000000004	-28.814414991851496
7.4249999999999998	-28.733843847656264
7.4260000000000002	-28.65317373178847
7.4270000000000005	-28.572405904330072
7.4279999999999999	-28.491541627760643
7.4290000000000003	-28.410582166924748
7.4299999999999997	-28.329528789000022
7.431	-28.248382763464225
7.4320000000000004	-28.16714536206333
7.4329999999999998	-28.085817858778903
7.4340000000000002	-28.004401529795505
7.4350000000000005	-27.922897653468709
7.4359999999999999	-27.841307510292488
7.4370000000000003	-27.759632382866581
7.4379999999999997	-27.677873555864661
7.4390000000000001	-27.596032316001267
7.4400000000000004	-27.514109951999963
7.4409999999999998	-27.432107754560747
7.4420000000000002	-27.350027016327346
7.4430000000000005	-27.267869031855348
7.444	-27.185635097579524
7.4450000000000003	-27.103326511781226
7.4459999999999997	-27.020944574556506
7.4470000000000001	-26.938490587783104
7.4480000000000004	-26.855965855088613
7.4489999999999998	-26.773371681817785
7.4500000000000002	-26.690709374999987
7.4510000000000005	-26.607980243317186
7.452	-26.52518559707136
7.4530000000000003	-26.44232674815186
7.4539999999999997	-26.359405010003538
7.4550000000000001	-26.276421697593747
7.4560000000000004	-26.193378127380445
7.4569999999999999	-26.110275617279626
7.4580000000000002	-26.027115486632624
7.4590000000000005	-25.943899056174221
7.46	-25.860627647999998
7.4610000000000003	-25.777302585533715
7.4619999999999997	-25.693925193495382
7.4630000000000001	-25.61049679786839
7.4640000000000004	-25.527018725867489
7.4649999999999999	-25.443492305906268
7.4660000000000002	-25.35991886756446
7.4670000000000005	-25.276299741556066
7.468	-25.192636259696645
7.4690000000000003	-25.108929754870751
7.4699999999999998	-25.025181561000029
7.4710000000000001	-24.941393013010224
7.4720000000000004	-24.857565446799327
7.4729999999999999	-24.773700199204907
7.4740000000000002	-24.689798607971507
7.4750000000000005	-24.605862011718703
7.476	-24.521891749908473
7.4770000000000003	-24.437889162812578
7.4779999999999998	-24.353855591480659
7.4790000000000001	-24.269792377707262
7.4800000000000004	-24.185700863999962
7.4809999999999999	-24.101582393546746
7.4820000000000002	-24.017438310183341
7.4830000000000005	-23.933269958361347
7.484	-23.849078683115518
7.4850000000000003	-23.764865830031223
7.4859999999999998	-23.68063274521251
7.4870000000000001	-23.596380775249099
7.4880000000000004	-23.512111267184597
7.4889999999999999	-23.427825568483772
7.4900000000000002	-23.343525026999984
7.4910000000000005	-23.259210990943185
7.492	-23.174884808847359
7.4930000000000003	-23.090547829537865
7.4939999999999998	-23.006201402099542
7.4950000000000001	-22.921846875843748
7.4960000000000004	-22.837485600276445
7.4969999999999999	-22.753118925065618
7.4980000000000002	-22.668748200008622
7.4990000000000006	-22.584374775000224
7.5	-22.5
7.5010000000000003	-22.415625224999694
7.5019999999999998	-22.331251799991385
7.5030000000000001	-22.246881074934372
7.5040000000000004	-22.162514399723481
7.5049999999999999	-22.078153124156259
7.5060000000000002	-21.993798597900469
7.5070000000000006	-21.909452170462057
7.508	-21.825115191152637
7.5090000000000003	-21.740789009056748
7.5099999999999998	-21.656474973000016
7.5110000000000001	-21.572174431516217
7.5120000000000005	-21.487888732815328
7.5129999999999999	-21.403619224750887
7.5140000000000002	-21.319367254787498
7.5150000000000006	-21.235134169968703
7.516	-21.150921316884471
7.5170000000000003	-21.066730041638575
7.5179999999999998	-20.982561689816645
7.5190000000000001	-20.898417606453268
7.5200000000000005	-20.814299135999956
7.5209999999999999	-20.730207622292735
7.5220000000000002	-20.646144408519351
7.5230000000000006	-20.562110837187348
7.524	-20.478108250091513
7.5250000000000004	-20.394137988281223
7.5259999999999998	-20.310201392028507
7.5270000000000001	-20.2262998007951
7.5280000000000005	-20.142434553200601
7.5289999999999999	-20.058606986989769
7.5300000000000002	-19.974818438999989
7.5310000000000006	-19.891070245129178
7.532	-19.807363740303355
7.5330000000000004	-19.72370025844387
7.5339999999999998	-19.64008113243554
7.5350000000000001	-19.556507694093732
7.5360000000000005	-19.472981274132447
7.5369999999999999	-19.389503202131607
7.5380000000000003	-19.306074806504611
7.5390000000000006	-19.222697414466214
7.54	-19.139372351999992
7.5410000000000004	-19.056100943825697
7.5419999999999998	-18.972884513367369
7.5430000000000001	-18.889724382720381
7.5440000000000005	-18.806621872619491
7.5449999999999999	-18.723578302406249
7.5460000000000003	-18.640594989996448
7.5470000000000006	-18.557673251848058
7.548	-18.474814402928644
7.5490000000000004	-18.392019756682735
7.5499999999999998	-18.309290625000024
7.5510000000000002	-18.226628318182222
7.5520000000000005	-18.14403414491132
7.5529999999999999	-18.061509412216896
7.5540000000000003	-17.979055425443509
7.5549999999999997	-17.896673488218777
7.556	-17.814364902420486
7.5570000000000004	-17.732130968144578
7.5579999999999998	-17.649972983672654
7.5590000000000002	-17.567892245439253
7.5600000000000005	-17.485890047999966
7.5609999999999999	-17.403967683998733
7.5620000000000003	-17.322126444135332
7.5629999999999997	-17.240367617133419
7.5640000000000001	-17.158692489707516
7.5650000000000004	-17.077102346531223
7.5659999999999998	-16.995598470204499
7.5670000000000002	-16.91418214122109
7.5680000000000005	-16.832854637936599
7.569	-16.751617236535768
7.5700000000000003	-16.67047121099997
7.5709999999999997	-16.589417833075249
7.5720000000000001	-16.508458372239353
7.5730000000000004	-16.427594095669861
7.5739999999999998	-16.346826268211533
7.5750000000000002	-16.266156152343747
7.5760000000000005	-16.185585008148436
7.577	-16.105114093277614
7.5780000000000003	-16.024744662920618
7.5789999999999997	-15.944477969772286
7.5800000000000001	-15.864315263999998
7.5810000000000004	-15.784257793211705
7.5819999999999999	-15.704306802423378
7.5830000000000002	-15.624463534026376
7.5840000000000005	-15.544729227755475
7.585	-15.465105120656254
7.5860000000000003	-15.385592447052456
7.5869999999999997	-15.30619243851412
7.5880000000000001	-15.226906323824629
7.5890000000000004	-15.147735328948738
7.5899999999999999	-15.068680677000021
7.5910000000000002	-14.989743588208203
7.5920000000000005	-14.910925279887326
7.593	-14.832226966402882
7.5940000000000003	-14.753649859139504
7.5949999999999998	-14.675195166468772
7.5960000000000001	-14.596864093716466
7.5970000000000004	-14.518657843130587
7.5979999999999999	-14.440577613848646
7.5990000000000002	-14.362624601865253
7.6000000000000005	-14.284799999999958
7.601	-14.207104997864739
7.6020000000000003	-14.129540781831331
7.6029999999999998	-14.052108534999395
7.6040000000000001	-13.974809437163525
7.6050000000000004	-13.897644664781222
7.6059999999999999	-13.820615390940507
7.6070000000000002	-13.743722785327105
7.6080000000000005	-13.666968014192594
7.609	-13.590352240321764
7.6100000000000003	-13.513876622999973
7.6109999999999998	-13.43754231798124
7.6120000000000001	-13.361350477455357
7.6130000000000004	-13.285302250015867
7.6139999999999999	-13.209398780627527
7.6150000000000002	-13.133641210593748
7.6160000000000005	-13.058030677524435
7.617	-12.982568315303624
7.6180000000000003	-12.907255254056608
7.6189999999999998	-12.832092620118296
7.6200000000000001	-12.757081535999987
7.6210000000000004	-12.682223120357691
7.6219999999999999	-12.607518487959368
7.6230000000000002	-12.532968749652383
7.6240000000000006	-12.45857501233148
7.625	-12.38433837890625
7.6260000000000003	-12.310259948268452
7.6269999999999998	-12.236340815260114
7.6280000000000001	-12.162582070640639
7.6290000000000004	-12.088984801054742
7.6299999999999999	-12.015550089000008
7.6310000000000002	-11.942279012794209
7.6320000000000006	-11.869172646543298
7.633	-11.796232060108913
7.6340000000000003	-11.723458319075512
7.6349999999999998	-11.650852484718762
7.6360000000000001	-11.57841561397246
7.6370000000000005	-11.506148759396574
7.6379999999999999	-11.434052969144645
7.6390000000000002	-11.362129286931243
7.6400000000000006	-11.290378751999953
7.641	-11.218802399090741
7.6420000000000003	-11.147401258407314
7.6429999999999998	-11.076176355585375
7.6440000000000001	-11.005128711659516
7.6450000000000005	-10.934259343031201
7.6459999999999999	-10.863569261436503
7.6470000000000002	-10.79305947391309
7.6480000000000006	-10.722730982768596
7.649	-10.652584785547766
7.6500000000000004	-10.582621874999994
7.6509999999999998	-10.51284323904725
7.6520000000000001	-10.443249860751344
7.6530000000000005	-10.37384271828185
7.6539999999999999	-10.304622784883534
7.6550000000000002	-10.235591028843729
7.6560000000000006	-10.166748413460411
7.657	-10.098095897009607
7.6580000000000004	-10.029634432712612
7.6589999999999998	-9.9613649687042738
7.6600000000000001	-9.8932884479999856
7.6610000000000005	-9.8254058084637208
7.6619999999999999	-9.757717982775354
7.6630000000000003	-9.6902258983983955
7.6640000000000006	-9.6229304775474702
7.665	-9.5558326371562288
7.6660000000000004	-9.4889332888444429
7.6669999999999998	-9.422233338886123
7.6680000000000001	-9.3557336881766204
7.6690000000000005	-9.2894352322007308
7.6699999999999999	-9.223338861000002
7.6710000000000003	-9.1574454591402272
7.6720000000000006	-9.0917559056793138
7.673	-9.0262710741349039
7.6740000000000004	-8.9609918324515121
7.6749999999999998	-8.8959190429687425
7.6760000000000002	-8.8310535623885045
7.6770000000000005	-8.7663962417425978
7.6779999999999999	-8.7019479263606527
7.6790000000000003	-8.6377094558372534
7.6799999999999997	-8.5736816639999986
7.681	-8.5098653788767038
7.6820000000000004	-8.4462614226633335
7.6829999999999998	-8.3828706116913949
7.6840000000000002	-8.3196937563955231
7.6850000000000005	-8.256731661281222
7.6859999999999999	-8.1939851248924711
7.6870000000000003	-8.1314549397790969
7.6879999999999997	-8.0691418924646428
7.6890000000000001	-8.0070467634137614
7.6900000000000004	-7.9451703269999783
7.6909999999999998	-7.8835133514732405
7.6920000000000002	-7.8220765989273673
7.6930000000000005	-7.7608608252678764
7.694	-7.6998667801795122
7.6950000000000003	-7.639095207093753
7.6959999999999997	-7.5785468431565235
7.6970000000000001	-7.5182224191956024
7.6980000000000004	-7.4581226596886268
7.6989999999999998	-7.3982482827302789
7.7000000000000002	-7.3385999999999783
7.7010000000000005	-7.2791785167297149
7.702	-7.2199845316713578
7.7030000000000003	-7.1610187370643672
7.7039999999999997	-7.1022818186035295
7.7050000000000001	-7.0437744554062647
7.7060000000000004	-6.9854973199804746
7.7069999999999999	-6.9274510781921137
7.7080000000000002	-6.8696363892326247
7.7090000000000005	-6.8120539055867084
7.71	-6.7547042730000229
7.7110000000000003	-6.6975881304461993
7.7119999999999997	-6.6407061100953797
7.7130000000000001	-6.5840588372808853
7.7140000000000004	-6.5276469304674833
7.7149999999999999	-6.4714710012187311
7.7160000000000002	-6.4155316541644822
7.7170000000000005	-6.3598294869685432
7.718	-6.3043650902966277
7.7190000000000003	-6.2491390477832454
7.7199999999999998	-6.1941519360000328
7.7210000000000001	-6.1394043244227348
7.7220000000000004	-6.084896775399379
7.7229999999999999	-6.0306298441173851
7.7240000000000002	-5.9766040785714978
7.7250000000000005	-5.9228200195312226
7.726	-5.869278200508468
7.7270000000000003	-5.8159791477251233
7.7279999999999998	-5.7629233800806574
7.7290000000000001	-5.7101114091197687
7.7300000000000004	-5.6575437389999976
7.7309999999999999	-5.6052208664592484
7.7320000000000002	-5.5531432807833241
7.7330000000000005	-5.5013114637738809
7.734	-5.4497258897155447
7.7350000000000003	-5.3983870253437516
7.7359999999999998	-5.3472953298124821
7.7370000000000001	-5.2964512546615836
7.7380000000000004	-5.245855243784618
7.7389999999999999	-5.1955077333962976
7.7400000000000002	-5.145409151999992
7.7410000000000005	-5.0955599203556829
7.742	-5.0459604514473497
7.7430000000000003	-4.9966111504503914
7.7439999999999998	-4.9475124146995455
7.7450000000000001	-4.8986646336562174
7.7460000000000004	-4.8500681888764632
7.7469999999999999	-4.8017234539781128
7.7480000000000002	-4.7536307946085969
7.7490000000000006	-4.7057905684127306
7.75	-4.658203125
7.7510000000000003	-4.6108688059121761
7.7519999999999998	-4.5637879445914109
7.7530000000000001	-4.5169608663468495
7.7540000000000004	-4.4703878883235006
7.7549999999999999	-4.4240693194687495
7.7560000000000002	-4.3780054605005034
7.7570000000000006	-4.3321966038745643
7.758	-4.2866430337526467
7.7590000000000003	-4.2413450259692382
7.7599999999999998	-4.1963028479999878
7.7610000000000001	-4.1515167589287074
7.7620000000000005	-4.1069870094153487
7.7629999999999999	-4.0627138416633954
7.7640000000000002	-4.0186974893875131
7.7650000000000006	-3.9749381777812403
7.766	-3.9314361234845308
7.7670000000000003	-3.8881915345510976
7.7679999999999998	-3.845204610416701
7.7690000000000001	-3.8024755418657747
7.7700000000000005	-3.7600045110000053
7.7709999999999999	-3.7177916912052069
7.7720000000000002	-3.6758372471193681
7.7730000000000006	-3.6341413345998674
7.774	-3.592704100691499
7.7750000000000004	-3.5515256835937379
7.7759999999999998	-3.5106062126285096
7.7770000000000001	-3.4699458082076049
7.7780000000000005	-3.4295445818006343
7.7789999999999999	-3.3894026359022575
7.7800000000000002	-3.3495200639999823
7.7810000000000006	-3.3098969505416989
7.782	-3.2705333709033226
7.7830000000000004	-3.2314293913563716
7.7839999999999998	-3.1925850690355304
7.7850000000000001	-3.1540004519062492
7.7860000000000005	-3.115675578732457
7.7869999999999999	-3.0776104790441678
7.7880000000000003	-3.0398051731046252
7.7890000000000006	-3.0022596718787611
7.79	-2.9649739769999854
7.7910000000000004	-2.9279480807382186
7.7919999999999998	-2.8911819659673768
7.7930000000000001	-2.854675606132858
7.7940000000000005	-2.8184289652194821
7.7949999999999999	-2.7824419977187134
7.7960000000000003	-2.7467146485965159
7.7970000000000006	-2.7112468532605689
7.798	-2.6760385375286333
7.7990000000000004	-2.641089617595263
7.7999999999999998	-2.606400000000022
7.8010000000000002	-2.571969581594729
7.8020000000000005	-2.5377982495113827
7.8029999999999999	-2.5038858811294205
7.8040000000000003	-2.4702323440435379
7.8050000000000006	-2.436837496031238
7.806	-2.4037011850204379
7.8070000000000004	-2.3708232490571035
7.8079999999999998	-2.3382035162726851
7.8090000000000002	-2.305841804851795
7.8100000000000005	-2.2737379230000059
7.8109999999999999	-2.2418916689112578
7.8120000000000003	-2.210302830735337
7.8129999999999997	-2.1789711865459012
7.8140000000000001	-2.1478965043075107
7.8150000000000004	-2.1170785418437461
7.8159999999999998	-2.0865170468044667
7.8170000000000002	-2.0562117566335871
7.8180000000000005	-2.0261623985366413
7.819	-1.9963686894482748
7.8200000000000003	-1.9668303360000294
7.8209999999999997	-1.9375470344877286
7.8220000000000001	-1.9085184708393683
7.8230000000000004	-1.8797443205824109
7.8239999999999998	-1.851224248811576
7.8250000000000002	-1.8229579101562408
7.8260000000000005	-1.7949449487484728
7.827	-1.7671849981901318
7.8280000000000003	-1.7396776815206039
7.8289999999999997	-1.7124226111847136
7.8300000000000001	-1.6854193889999749
7.8310000000000004	-1.6586676061242116
7.8319999999999999	-1.6321668430233771
7.8330000000000002	-1.6059166694389191
7.8340000000000005	-1.5799166443555137
7.835	-1.5541663159687644
7.8360000000000003	-1.5286652216525383
7.8369999999999997	-1.5034128879265864
7.8380000000000001	-1.478408830424641
7.8390000000000004	-1.453652553861275
7.8399999999999999	-1.4291435520000348
7.8410000000000002	-1.4048813076207054
7.8420000000000005	-1.3808652924873712
7.843	-1.357094967315426
7.8440000000000003	-1.3335697817395484
7.8449999999999998	-1.3102891742812517
7.8460000000000001	-1.2872525723165396
7.8470000000000004	-1.2644593920431149
7.8479999999999999	-1.2419090384486324
7.8490000000000002	-1.2196009052777299
7.8500000000000005	-1.1975343749999965
7.851	-1.1757088187772737
7.8520000000000003	-1.1541235964314183
7.8529999999999998	-1.1327780564119578
7.8540000000000001	-1.1116715357635201
7.8550000000000004	-1.0908033600937159
7.8559999999999999	-1.0701728435404547
7.8570000000000002	-1.049779288739515
7.8580000000000005	-1.0296219867926197
7.859	-1.0097002172341689
7.8600000000000003	-0.990013248000011
7.8609999999999998	-0.97056033539372777
7.8620000000000001	-0.95134072405532777
7.8630000000000004	-0.93235364692831268
7.8639999999999999	-0.91359832522746842
7.8650000000000002	-0.89507396840622988
7.8660000000000005	-0.87677977412449337
7.867	-0.85871492821609507
7.8680000000000003	-0.84087860465661635
7.8689999999999998	-0.82326996553082665
7.8700000000000001	-0.80588816099996308
7.8710000000000004	-0.78873232927023196
7.8719999999999999	-0.77180159655938496
7.8730000000000002	-0.75509507706485124
7.8740000000000006	-0.73861187293147879
7.875	-0.72235107421875
7.8760000000000003	-0.70631175886843067
7.8769999999999998	-0.69049299267254582
7.8780000000000001	-0.67489382924068053
7.8790000000000004	-0.65951330996719548
7.8799999999999999	-0.6443504639999631
7.8810000000000002	-0.62940430820675886
7.8820000000000006	-0.61467384714342899
7.883	-0.60015807302138313
7.8840000000000003	-0.58585596567553466
7.8849999999999998	-0.57176649253123202
7.8860000000000001	-0.55788860857245481
7.8870000000000005	-0.54422125630904361
7.8879999999999999	-0.53076336574464733
7.8890000000000002	-0.51751385434374697
7.8900000000000006	-0.50447162700000092
7.891	-0.49163557600320473
7.8920000000000003	-0.47900458100731669
7.8929999999999998	-0.46657750899787942
7.8940000000000001	-0.45435321425949837
7.8950000000000005	-0.44233053834375369
7.8959999999999999	-0.43050831003652235
7.8970000000000002	-0.41888534532559163
7.8980000000000006	-0.40746044736857812
7.899	-0.39623240646027114
7.9000000000000004	-0.38520000000000465
7.9009999999999998	-0.37436199245981783
7.9020000000000001	-0.3637171353514006
7.9030000000000005	-0.35326416719447451
7.9039999999999999	-0.34300181348348957
7.9050000000000002	-0.33292878665621828
7.9060000000000006	-0.32304378606041695
7.907	-0.31334549792206445
7.9080000000000004	-0.30383259531268436
7.9089999999999998	-0.29450373811674524
7.9100000000000001	-0.2853575730000415
7.9110000000000005	-0.27639273337614867
7.9119999999999999	-0.26760783937536559
7.9130000000000003	-0.2590014978108357
7.9140000000000006	-0.25057230214748927
7.915	-0.24231883246871178
7.9160000000000004	-0.2342396554444619
7.9169999999999998	-0.22633332429864339
7.9180000000000001	-0.21859837877661903
7.9190000000000005	-0.21103334511329308
7.9199999999999999	-0.20363673599993604
7.9210000000000003	-0.19640705055275021
7.9220000000000006	-0.18934277427948132
7.923	-0.18244237904742988
7.9240000000000004	-0.17570432305150518
7.9249999999999998	-0.16912705078128454
7.9260000000000002	-0.16270899298854147
7.9270000000000005	-0.15644856665508655
7.9279999999999999	-0.15034417496055141
7.9290000000000003	-0.14439420724986718
7.9300000000000006	-0.13859703900006082
7.931	-0.13295103178922574
7.9320000000000004	-0.12745453326333944
7.9329999999999998	-0.1221058771038841
7.9340000000000002	-0.11690338299548841
7.9350000000000005	-0.11184535659377559
7.9359999999999999	-0.10693008949252203
7.9370000000000003	-0.10215585919149817
7.9379999999999997	-0.097520929064643269
7.9390000000000001	-0.09302354832625781
7.9400000000000004	-0.088661952000030908
7.9409999999999998	-0.084434360885730086
7.9420000000000002	-0.08033898152741159
7.9430000000000005	-0.076374006180401466
7.944	-0.072537612779527194
7.9450000000000003	-0.068827964906283512
7.9459999999999997	-0.065243211756524033
7.9470000000000001	-0.061781488108145766
7.9480000000000004	-0.05844091428865994
7.9489999999999998	-0.055219596142833893
7.9500000000000002	-0.052115625000034527
7.9510000000000005	-0.04912707764225388
7.952	-0.046252016271274954
7.9530000000000003	-0.043488488476910447
7.9539999999999997	-0.040834527203521986
7.9550000000000001	-0.038288150718777558
7.9560000000000004	-0.035847362580412323
7.9569999999999999	-0.033510151604616567
7.9580000000000002	-0.031274491832625984
7.9590000000000005	-0.029138342499209102
7.96	-0.027099647999989429
7.9610000000000003	-0.025156337858746269
7.9619999999999997	-0.023306326695397672
7.9630000000000001	-0.02154751419332257
7.9640000000000004	-0.019877785067478726
7.9649999999999999	-0.018295009031199072
7.9660000000000002	-0.016797040764494398
7.9670000000000005	-0.015381719881204958
7.968	-0.014046870896613939
7.9690000000000003	-0.012790303195721719
7.9699999999999998	-0.011609810999928527
7.9710000000000001	-0.010503173335180804
7.9720000000000004	-0.00946815399938572
7.9729999999999999	-0.0085025015298398898
7.9740000000000002	-0.0076039491715178542
7.9750000000000005	-0.0067702148437049914
7.976	-0.0059990011085488959
7.9770000000000003	-0.0052879951376070267
7.9779999999999998	-0.0046348686805757211
7.9790000000000001	-0.0040372780322854851
7.9800000000000004	-0.003492864000030238
7.9809999999999999	-0.0029992518717421035
7.9820000000000002	-0.0025540513833419709
7.9830000000000005	-0.0021548566864098007
7.984	-0.0017992463155351857
7.9850000000000003	-0.0014847831562221359
7.9859999999999998	-0.0012090144124243807
7.9870000000000001	-0.0009694715741019877
7.9880000000000004	-0.00076367038465008363
7.9889999999999999	-0.00058911080881784983
7.9900000000000002	-0.00044327700002355641
7.9910000000000005	-0.00032363726826645234
7.992	-0.00022764404741337785
7.9930000000000003	-0.00015273386291880797
7.9939999999999998	-9.6327299495158059e-05
7.9950000000000001	-5.582896876887844e-05
7.9960000000000004	-2.8627476467590895e-05
7.9969999999999999	-1.2095390651722937e-05
7.9980000000000002	-3.5892086529543121e-06
7.9990000000000006	-4.493252987458618e-07
8	0
8.0009999999999994	0
8.0020000000000007	0
8.0030000000000001	0
8.0039999999999996	0
8.0050000000000008	0
8.0060000000000002	0
8.0069999999999997	0
8.0080000000000009	0
8.0090000000000003	0
8.0099999999999998	0
8.011000000000001	0
8.0120000000000005	0
8.0129999999999999	0
8.0139999999999993	0
8.0150000000000006	0
8.016	0
8.0169999999999995	0
8.0180000000000007	0
8.0190000000000001	0
8.0199999999999996	0
8.0210000000000008	0
8.0220000000000002	0
8.0229999999999997	0
8.0240000000000009	0
8.0250000000000004	0
8.0259999999999998	0
8.027000000000001	0
8.0280000000000005	0
8.0289999999999999	0
8.0299999999999994	0
8.0310000000000006	0
8.032	0
8.0329999999999995	0
8.0340000000000007	0
8.0350000000000001	0
8.0359999999999996	0
8.0370000000000008	0
8.0380000000000003	0
8.0389999999999997	0
8.0400000000000009	0
8.0410000000000004	0
8.0419999999999998	0
8.043000000000001	0
8.0440000000000005	0
8.0449999999999999	0
8.0459999999999994	0
8.0470000000000006	0
8.048	0
8.0489999999999995	0
8.0500000000000007	0
8.0510000000000002	0
8.0519999999999996	0
8.0530000000000008	0
8.0540000000000003	0
8.0549999999999997	0
8.0560000000000009	0
8.0570000000000004	0
8.0579999999999998	0
8.0590000000000011	0
8.0600000000000005	0
8.0609999999999999	0
8.0619999999999994	0
8.0630000000000006	0
8.0640000000000001	0
8.0649999999999995	0
8.0660000000000007	0
8.0670000000000002	0
8.0679999999999996	0
8.0690000000000008	0
8.0700000000000003	0
8.0709999999999997	0
8.072000000000001	0
8.0730000000000004	0
8.0739999999999998	0
8.0749999999999993	0
8.0760000000000005	0
8.077	0
8.0779999999999994	0
8.0790000000000006	0
8.0800000000000001	0
8.0809999999999995	0
8.0820000000000007	0
8.0830000000000002	0
8.0839999999999996	0
8.0850000000000009	0
8.0860000000000003	0
8.0869999999999997	0
8.088000000000001	0
8.0890000000000004	0
8.0899999999999999	0
8.0909999999999993	0
8.0920000000000005	0
8.093	0
8.0939999999999994	0
8.0950000000000006	0
8.0960000000000001	0
8.0969999999999995	0
8.0980000000000008	0
8.0990000000000002	0
8.0999999999999996	0
8.1010000000000009	0
8.1020000000000003	0
8.1029999999999998	0
8.104000000000001	0
8.1050000000000004	0
8.1059999999999999	0
8.1069999999999993	0
8.1080000000000005	0
8.109	0
8.1099999999999994	0
8.1110000000000007	0
8.1120000000000001	0
8.1129999999999995	0
8.1140000000000008	0
8.1150000000000002	0
8.1159999999999997	0
8.1170000000000009	0
8.1180000000000003	0
8.1189999999999998	0
8.120000000000001	0
8.1210000000000004	0
8.1219999999999999	0
8.1229999999999993	0
8.1240000000000006	0
8.125	0
8.1259999999999994	0
8.1270000000000007	0
8.1280000000000001	0
8.1289999999999996	0
8.1300000000000008	0
8.1310000000000002	0
8.1319999999999997	0
8.1330000000000009	0
8.1340000000000003	0
8.1349999999999998	0
8.136000000000001	0
8.1370000000000005	0
8.1379999999999999	0
8.1389999999999993	0
8.1400000000000006	0
8.141	0
8.1419999999999995	0
8.1430000000000007	0
8.1440000000000001	0
8.1449999999999996	0
8.1460000000000008	0
8.1470000000000002	0
8.1479999999999997	0
8.1490000000000009	0
8.1500000000000004	0
8.1509999999999998	0
8.152000000000001	0
8.1530000000000005	0
8.1539999999999999	0
8.1549999999999994	0
8.1560000000000006	0
8.157	0
8.1579999999999995	0
8.1590000000000007	0
8.1600000000000001	0
8.1609999999999996	0
8.1620000000000008	0
8.1630000000000003	0
8.1639999999999997	0
8.1650000000000009	0
8.1660000000000004	0
8.1669999999999998	0
8.168000000000001	0
8.1690000000000005	0
8.1699999999999999	0
8.1709999999999994	0
8.1720000000000006	0
8.173	0
8.1739999999999995	0
8.1750000000000007	0
8.1760000000000002	0
8.1769999999999996	0
8.1780000000000008	0
8.1790000000000003	0
8.1799999999999997	0
8.1810000000000009	0
8.1820000000000004	0
8.1829999999999998	0
8.1840000000000011	0
8.1850000000000005	0
8.1859999999999999	0
8.1869999999999994	0
8.1880000000000006	0
8.1890000000000001	0
8.1899999999999995	0
8.1910000000000007	0
8.1920000000000002	0
8.1929999999999996	0
8.1940000000000008	0
8.1950000000000003	0
8.1959999999999997	0
8.197000000000001	0
8.1980000000000004	0
8.1989999999999998	0
8.1999999999999993	0
8.2010000000000005	0
8.202	0
8.2029999999999994	0
8.2040000000000006	0
8.2050000000000001	0
8.2059999999999995	0
8.2070000000000007	0
8.2080000000000002	0
8.2089999999999996	0
8.2100000000000009	0
8.2110000000000003	0
8.2119999999999997	0
8.213000000000001	0
8.2140000000000004	0
8.2149999999999999	0
8.2159999999999993	0
8.2170000000000005	0
8.218	0
8.2189999999999994	0
8.2200000000000006	0
8.2210000000000001	0
8.2219999999999995	0
8.2230000000000008	0
8.2240000000000002	0
8.2249999999999996	0
8.2260000000000009	0
8.2270000000000003	0
8.2279999999999998	0
8.229000000000001	0
8.2300000000000004	0
8.2309999999999999	0
8.2319999999999993	0
8.2330000000000005	0
8.234	0
8.2349999999999994	0
8.2360000000000007	0
8.2370000000000001	0
8.2379999999999995	0
8.2390000000000008	0
8.2400000000000002	0
8.2409999999999997	0
8.2420000000000009	0
8.2430000000000003	0
8.2439999999999998	0
8.245000000000001	0
8.2460000000000004	0
8.2469999999999999	0
8.2479999999999993	0
8.2490000000000006	0
8.25	0
8.2509999999999994	0
8.2520000000000007	0
8.2530000000000001	0
8.2539999999999996	0
8.2550000000000008	0
8.2560000000000002	0
8.2569999999999997	0
8.2580000000000009	0
8.2590000000000003	0
8.2599999999999998	0
8.261000000000001	0
8.2620000000000005	0
8.2629999999999999	0
8.2639999999999993	0
8.2650000000000006	0
8.266	0
8.2669999999999995	0
8.2680000000000007	0
8.2690000000000001	0
8.2699999999999996	0
8.2710000000000008	0
8.2720000000000002	0
8.2729999999999997	0
8.2740000000000009	0
8.2750000000000004	0
8.2759999999999998	0
8.277000000000001	0
8.2780000000000005	0
8.2789999999999999	0
8.2799999999999994	0
8.2810000000000006	0
8.282	0
8.2829999999999995	0
8.2840000000000007	0
8.2850000000000001	0
8.2859999999999996	0
8.2870000000000008	0
8.2880000000000003	0
8.2889999999999997	0
8.2900000000000009	0
8.2910000000000004	0
8.2919999999999998	0
8.293000000000001	0
8.2940000000000005	0
8.2949999999999999	0
8.2959999999999994	0
8.2970000000000006	0
8.298	0
8.2989999999999995	0
8.3000000000000007	0
8.3010000000000002	0
8.3019999999999996	0
8.3030000000000008	0
8.3040000000000003	0
8.3049999999999997	0
8.3060000000000009	0
8.3070000000000004	0
8.3079999999999998	0
8.3090000000000011	0
8.3100000000000005	0
8.3109999999999999	0
8.3119999999999994	0
8.3130000000000006	0
8.3140000000000001	0
8.3149999999999995	0
8.3160000000000007	0
8.3170000000000002	0
8.3179999999999996	0
8.3190000000000008	0
8.3200000000000003	0
8.3209999999999997	0
8.322000000000001	0
8.3230000000000004	0
8.3239999999999998	0
8.3249999999999993	0
8.3260000000000005	0
8.327	0
8.3279999999999994	0
8.3290000000000006	0
8.3300000000000001	0
8.3309999999999995	0
8.3320000000000007	0
8.3330000000000002	0
8.3339999999999996	0
8.3350000000000009	0
8.3360000000000003	0
8.3369999999999997	0
8.338000000000001	0
8.3390000000000004	0
8.3399999999999999	0
8.3409999999999993	0
8.3420000000000005	0
8.343	0
8.3439999999999994	0
8.3450000000000006	0
8.3460000000000001	0
8.3469999999999995	0
8.3480000000000008	0
8.3490000000000002	0
8.3499999999999996	0
8.3510000000000009	0
8.3520000000000003	0
8.3529999999999998	0
8.354000000000001	0
8.3550000000000004	0
8.3559999999999999	0
8.3569999999999993	0
8.3580000000000005	0
8.359	0
8.3599999999999994	0
8.3610000000000007	0
8.3620000000000001	0
8.3629999999999995	0
8.3640000000000008	0
8.3650000000000002	0
8.3659999999999997	0
8.3670000000000009	0
8.3680000000000003	0
8.3689999999999998	0
8.370000000000001	0
8.3710000000000004	0
8.3719999999999999	0
8.3729999999999993	0
8.3740000000000006	0
8.375	0
8.3759999999999994	0
8.3770000000000007	0
8.3780000000000001	0
8.3789999999999996	0
8.3800000000000008	0
8.3810000000000002	0
8.3819999999999997	0
8.3830000000000009	0
8.3840000000000003	0
8.3849999999999998	0
8.386000000000001	0
8.3870000000000005	0
8.3879999999999999	0
8.3889999999999993	0
8.3900000000000006	0
8.391	0
8.3919999999999995	0
8.3930000000000007	0
8.3940000000000001	0
8.3949999999999996	0
8.3960000000000008	0
8.3970000000000002	0
8.3979999999999997	0
8.3990000000000009	0
8.4000000000000004	0
8.4009999999999998	0
8.402000000000001	0
8.4030000000000005	0
8.4039999999999999	0
8.4049999999999994	0
8.4060000000000006	0
8.407	0
8.4079999999999995	0
8.4090000000000007	0
8.4100000000000001	0
8.4109999999999996	0
8.4120000000000008	0
8.4130000000000003	0
8.4139999999999997	0
8.4150000000000009	0
8.4160000000000004	0
8.4169999999999998	0
8.418000000000001	0
8.4190000000000005	0
8.4199999999999999	0
8.4209999999999994	0
8.4220000000000006	0
8.423	0
8.4239999999999995	0
8.4250000000000007	0
8.4260000000000002	0
8.4269999999999996	0
8.4280000000000008	0
8.4290000000000003	0
8.4299999999999997	0
8.4310000000000009	0
8.4320000000000004	0
8.4329999999999998	0
8.4340000000000011	0
8.4350000000000005	0
8.4359999999999999	0
8.4369999999999994	0
8.4380000000000006	0
8.4390000000000001	0
8.4399999999999995	0
8.4410000000000007	0
8.4420000000000002	0
8.4429999999999996	0
8.4440000000000008	0
8.4450000000000003	0
8.4459999999999997	0
8.447000000000001	0
8.4480000000000004	0
8.4489999999999998	0
8.4499999999999993	0
8.4510000000000005	0
8.452	0
8.4529999999999994	0
8.4540000000000006	0
8.4550000000000001	0
8.4559999999999995	0
8.4570000000000007	0
8.4580000000000002	0
8.4589999999999996	0
8.4600000000000009	0
8.4610000000000003	0
8.4619999999999997	0
8.463000000000001	0
8.4640000000000004	0
8.4649999999999999	0
8.4659999999999993	0
8.4670000000000005	0
8.468	0
8.4689999999999994	0
8.4700000000000006	0
8.4710000000000001	0
8.4719999999999995	0
8.4730000000000008	0
8.4740000000000002	0
8.4749999999999996	0
8.4760000000000009	0
8.4770000000000003	0
8.4779999999999998	0
8.479000000000001	0
8.4800000000000004	0
8.4809999999999999	0
8.4819999999999993	0
8.4830000000000005	0
8.484	0
8.4849999999999994	0
8.4860000000000007	0
8.4870000000000001	0
8.4879999999999995	0
8.4890000000000008	0
8.4900000000000002	0
8.4909999999999997	0
8.4920000000000009	0
8.4930000000000003	0
8.4939999999999998	0
8.495000000000001	0
8.4960000000000004	0
8.4969999999999999	0
8.4979999999999993	0
8.4990000000000006	0
8.5	0
8.5009999999999994	0
8.5020000000000007	0
8.5030000000000001	0
8.5039999999999996	0
8.5050000000000008	0
8.5060000000000002	0
8.5069999999999997	0
8.5080000000000009	0
8.5090000000000003	0
8.5099999999999998	0
8.511000000000001	0
8.5120000000000005	0
8.5129999999999999	0
8.5139999999999993	0
8.5150000000000006	0
8.516	0
8.5169999999999995	0
8.5180000000000007	0
8.5190000000000001	0
8.5199999999999996	0
8.5210000000000008	0
8.5220000000000002	0
8.5229999999999997	0
8.5240000000000009	0
8.5250000000000004	0
8.5259999999999998	0
8.527000000000001	0
8.5280000000000005	0
8.5289999999999999	0
8.5299999999999994	0
8.5310000000000006	0
8.532	0
8.5329999999999995	0
8.5340000000000007	0
8.5350000000000001	0
8.5359999999999996	0
8.5370000000000008	0
8.5380000000000003	0
8.5389999999999997	0
8.5400000000000009	0
8.5410000000000004	0
8.5419999999999998	0
8.543000000000001	0
8.5440000000000005	0
8.5449999999999999	0
8.5459999999999994	0
8.5470000000000006	0
8.548	0
8.5489999999999995	0
8.5500000000000007	0
8.5510000000000002	0
8.5519999999999996	0
8.5530000000000008	0
8.5540000000000003	0
8.5549999999999997	0
8.5560000000000009	0
8.5570000000000004	0
8.5579999999999998	0
8.5590000000000011	0
8.5600000000000005	0
8.5609999999999999	0
8.5619999999999994	0
8.5630000000000006	0
8.5640000000000001	0
8.5649999999999995	0
8.5660000000000007	0
8.5670000000000002	0
8.5679999999999996	0
8.5690000000000008	0
8.5700000000000003	0
8.5709999999999997	0
8.572000000000001	0
8.5730000000000004	0
8.5739999999999998	0
8.5750000000000011	0
8.5760000000000005	0
8.577	0
8.5779999999999994	0
8.5790000000000006	0
8.5800000000000001	0
8.5809999999999995	0
8.5820000000000007	0
8.5830000000000002	0
8.5839999999999996	0
8.5850000000000009	0
8.5860000000000003	0
8.5869999999999997	0
8.588000000000001	0
8.5890000000000004	0
8.5899999999999999	0
8.5909999999999993	0
8.5920000000000005	0
8.593	0
8.5939999999999994	0
8.5950000000000006	0
8.5960000000000001	0
8.5969999999999995	0
8.5980000000000008	0
8.5990000000000002	0
8.5999999999999996	0
8.6010000000000009	0
8.6020000000000003	0
8.6029999999999998	0
8.604000000000001	0
8.6050000000000004	0
8.6059999999999999	0
8.6069999999999993	0
8.6080000000000005	0
8.609	0
8.6099999999999994	0
8.6110000000000007	0
8.6120000000000001	0
8.6129999999999995	0
8.6140000000000008	0
8.6150000000000002	0
8.6159999999999997	0
8.6170000000000009	0
8.6180000000000003	0
8.6189999999999998	0
8.620000000000001	0
8.6210000000000004	0
8.6219999999999999	0
8.6229999999999993	0
8.6240000000000006	0
8.625	0
8.6259999999999994	0
8.6270000000000007	0
8.6280000000000001	0
8.6289999999999996	0
8.6300000000000008	0
8.6310000000000002	0
8.6319999999999997	0
8.6330000000000009	0
8.6340000000000003	0
8.6349999999999998	0
8.636000000000001	0
8.6370000000000005	0
8.6379999999999999	0
8.6389999999999993	0
8.6400000000000006	0
8.641	0
8.6419999999999995	0
8.6430000000000007	0
8.6440000000000001	0
8.6449999999999996	0
8.6460000000000008	0
8.6470000000000002	0
8.6479999999999997	0
8.6490000000000009	0
8.6500000000000004	0
8.6509999999999998	0
8.652000000000001	0
8.6530000000000005	0
8.6539999999999999	0
8.6549999999999994	0
8.6560000000000006	0
8.657	0
8.6579999999999995	0
8.6590000000000007	0
8.6600000000000001	0
8.6609999999999996	0
8.6620000000000008	0
8.6630000000000003	0
8.6639999999999997	0
8.6650000000000009	0
8.6660000000000004	0
8.6669999999999998	0
8.668000000000001	0
8.6690000000000005	0
8.6699999999999999	0
8.6709999999999994	0
8.6720000000000006	0
8.673	0
8.6739999999999995	0
8.6750000000000007	0
8.6760000000000002	0
8.6769999999999996	0
8.6780000000000008	0
8.6790000000000003	0
8.6799999999999997	0
8.6810000000000009	0
8.6820000000000004	0
8.6829999999999998	0
8.6840000000000011	0
8.6850000000000005	0
8.6859999999999999	0
8.6869999999999994	0
8.6880000000000006	0
8.6890000000000001	0
8.6899999999999995	0
8.6910000000000007	0
8.6920000000000002	0
8.6929999999999996	0
8.6940000000000008	0
8.6950000000000003	0
8.6959999999999997	0
8.697000000000001	0
8.6980000000000004	0
8.6989999999999998	0
8.7000000000000011	0
8.7010000000000005	0
8.702	0
8.7029999999999994	0
8.7040000000000006	0
8.7050000000000001	0
8.7059999999999995	0
8.7070000000000007	0
8.7080000000000002	0
8.7089999999999996	0
8.7100000000000009	0
8.7110000000000003	0
8.7119999999999997	0
8.713000000000001	0
8.7140000000000004	0
8.7149999999999999	0
8.7159999999999993	0
8.7170000000000005	0
8.718	0
8.7189999999999994	0
8.7200000000000006	0
8.7210000000000001	0
8.7219999999999995	0
8.7230000000000008	0
8.7240000000000002	0
8.7249999999999996	0
8.7260000000000009	0
8.7270000000000003	0
8.7279999999999998	0
8.729000000000001	0
8.7300000000000004	0
8.7309999999999999	0
8.7319999999999993	0
8.7330000000000005	0
8.734	0
8.7349999999999994	0
8.7360000000000007	0
8.7370000000000001	0
8.7379999999999995	0
8.7390000000000008	0
8.7400000000000002	0
8.7409999999999997	0
8.7420000000000009	0
8.7430000000000003	0
8.7439999999999998	0
8.745000000000001	0
8.7460000000000004	0
8.7469999999999999	0
8.7479999999999993	0
8.7490000000000006	0
8.75	0
8.7509999999999994	0
8.7520000000000007	0
8.7530000000000001	0
8.7539999999999996	0
8.7550000000000008	0
8.7560000000000002	0
8.7569999999999997	0
8.7580000000000009	0
8.7590000000000003	0
8.7599999999999998	0
8.761000000000001	0
8.7620000000000005	0
8.7629999999999999	0
8.7639999999999993	0
8.7650000000000006	0
8.766	0
8.7669999999999995	0
8.7680000000000007	0
8.7690000000000001	0
8.7699999999999996	0
8.7710000000000008	0
8.7720000000000002	0
8.7729999999999997	0
8.7740000000000009	0
8.7750000000000004	0
8.7759999999999998	0
8.777000000000001	0
8.7780000000000005	0
8.7789999999999999	0
8.7799999999999994	0
8.7810000000000006	0
8.782	0
8.7829999999999995	0
8.7840000000000007	0
8.7850000000000001	0
8.7859999999999996	0
8.7870000000000008	0
8.7880000000000003	0
8.7889999999999997	0
8.7900000000000009	0
8.7910000000000004	0
8.7919999999999998	0
8.793000000000001	0
8.7940000000000005	0
8.7949999999999999	0
8.7959999999999994	0
8.7970000000000006	0
8.798	0
8.7989999999999995	0
8.8000000000000007	0
8.8010000000000002	0
8.8019999999999996	0
8.8030000000000008	0
8.8040000000000003	0
8.8049999999999997	0
8.8060000000000009	0
8.8070000000000004	0
8.8079999999999998	0
8.8090000000000011	0
8.8100000000000005	0
8.8109999999999999	0
8.8119999999999994	0
8.8130000000000006	0
8.8140000000000001	0
8.8149999999999995	0
8.8160000000000007	0
8.8170000000000002	0
8.8179999999999996	0
8.8190000000000008	0
8.8200000000000003	0
8.8209999999999997	0
8.822000000000001	0
8.8230000000000004	0
8.8239999999999998	0
8.8250000000000011	0
8.8260000000000005	0
8.827	0
8.8279999999999994	0
8.8290000000000006	0
8.8300000000000001	0
8.8309999999999995	0
8.8320000000000007	0
8.8330000000000002	0
8.8339999999999996	0
8.8350000000000009	0
8.8360000000000003	0
8.8369999999999997	0
8.838000000000001	0
8.8390000000000004	0
8.8399999999999999	0
8.8409999999999993	0
8.8420000000000005	0
8.843	0
8.8439999999999994	0
8.8450000000000006	0
8.8460000000000001	0
8.8469999999999995	0
8.8480000000000008	0
8.8490000000000002	0
8.8499999999999996	0
8.8510000000000009	0
8.8520000000000003	0
8.8529999999999998	0
8.854000000000001	0
8.8550000000000004	0
8.8559999999999999	0
8.8569999999999993	0
8.8580000000000005	0
8.859	0
8.8599999999999994	0
8.8610000000000007	0
8.8620000000000001	0
8.8629999999999995	0
8.8640000000000008	0
8.8650000000000002	0
8.8659999999999997	0
8.8670000000000009	0
8.8680000000000003	0
8.8689999999999998	0
8.870000000000001	0
8.8710000000000004	0
8.8719999999999999	0
8.8729999999999993	0
8.8740000000000006	0
8.875	0
8.8759999999999994	0
8.8770000000000007	0
8.8780000000000001	0
8.8789999999999996	0
8.8800000000000008	0
8.8810000000000002	0
8.8819999999999997	0
8.8830000000000009	0
8.8840000000000003	0
8.8849999999999998	0
8.886000000000001	0
8.8870000000000005	0
8.8879999999999999	0
8.8889999999999993	0
8.8900000000000006	0
8.891	0
8.8919999999999995	0
8.8930000000000007	0
8.8940000000000001	0
8.8949999999999996	0
8.8960000000000008	0
8.8970000000000002	0
8.8979999999999997	0
8.8990000000000009	0
8.9000000000000004	0
8.9009999999999998	0
8.902000000000001	0
8.9030000000000005	0
8.9039999999999999	0
8.9049999999999994	0
8.9060000000000006	0
8.907	0
8.9079999999999995	0
8.9090000000000007	0
8.9100000000000001	0
8.9109999999999996	0
8.9120000000000008	0
8.9130000000000003	0
8.9139999999999997	0
8.9150000000000009	0
8.9160000000000004	0
8.9169999999999998	0
8.918000000000001	0
8.9190000000000005	0
8.9199999999999999	0
8.9209999999999994	0
8.9220000000000006	0
8.923	0
8.9239999999999995	0
8.9250000000000007	0
8.9260000000000002	0
8.9269999999999996	0
8.9280000000000008	0
8.9290000000000003	0
8.9299999999999997	0
8.9310000000000009	0
8.9320000000000004	0
8.9329999999999998	0
8.9340000000000011	0
8.9350000000000005	0
8.9359999999999999	0
8.9369999999999994	0
8.9380000000000006	0
8.9390000000000001	0
8.9399999999999995	0
8.9410000000000007	0
8.9420000000000002	0
8.9429999999999996	0
8.9440000000000008	0
8.9450000000000003	0
8.9459999999999997	0
8.947000000000001	0
8.9480000000000004	0
8.9489999999999998	0
8.9500000000000011	0
8.9510000000000005	0
8.952	0
8.9529999999999994	0
8.9540000000000006	0
8.9550000000000001	0
8.9559999999999995	0
8.9570000000000007	0
8.9580000000000002	0
8.9589999999999996	0
8.9600000000000009	0
8.9610000000000003	0
8.9619999999999997	0
8.963000000000001	0
8.9640000000000004	0
8.9649999999999999	0
8.9659999999999993	0
8.9670000000000005	0
8.968	0
8.9689999999999994	0
8.9700000000000006	0
8.9710000000000001	0
8.9719999999999995	0
8.9730000000000008	0
8.9740000000000002	0
8.9749999999999996	0
8.9760000000000009	0
8.9770000000000003	0
8.9779999999999998	0
8.979000000000001	0
8.9800000000000004	0
8.9809999999999999	0
8.9819999999999993	0
8.9830000000000005	0
8.984	0
8.9849999999999994	0
8.9860000000000007	0
8.9870000000000001	0
8.9879999999999995	0
8.9890000000000008	0
8.9900000000000002	0
8.9909999999999997	0
8.9920000000000009	0
8.9930000000000003	0
8.9939999999999998	0
8.995000000000001	0
8.9960000000000004	0
8.9969999999999999	0
8.9979999999999993	0
8.9990000000000006	0
9	0
9.0009999999999994	0
9.0020000000000007	0
9.0030000000000001	0
9.0039999999999996	0
9.0050000000000008	0
9.0060000000000002	0
9.0069999999999997	0
9.0080000000000009	0
9.0090000000000003	0
9.0099999999999998	0
9.011000000000001	0
9.0120000000000005	0
9.0129999999999999	0
9.0139999999999993	0
9.0150000000000006	0
9.016	0
9.0169999999999995	0
9.0180000000000007	0
9.0190000000000001	0
9.0199999999999996	0
9.0210000000000008	0
9.0220000000000002	0
9.0229999999999997	0
9.0240000000000009	0
9.0250000000000004	0
9.0259999999999998	0
9.027000000000001	0
9.0280000000000005	0
9.0289999999999999	0
9.0299999999999994	0
9.0310000000000006	0
9.032	0
9.0329999999999995	0
9.0340000000000007	0
9.0350000000000001	0
9.0359999999999996	0
9.0370000000000008	0
9.0380000000000003	0
9.0389999999999997	0
9.0400000000000009	0
9.0410000000000004	0
9.0419999999999998	0
9.043000000000001	0
9.0440000000000005	0
9.0449999999999999	0
9.0459999999999994	0
9.0470000000000006	0
9.048	0
9.0489999999999995	0
9.0500000000000007	0
9.0510000000000002	0
9.0519999999999996	0
9.0530000000000008	0
9.0540000000000003	0
9.0549999999999997	0
9.0560000000000009	0
9.0570000000000004	0
9.0579999999999998	0
9.0590000000000011	0
9.0600000000000005	0
9.0609999999999999	0
9.0619999999999994	0
9.0630000000000006	0
9.0640000000000001	0
9.0649999999999995	0
9.0660000000000007	0
9.0670000000000002	0
9.0679999999999996	0
9.0690000000000008	0
9.0700000000000003	0
9.0709999999999997	0
9.072000000000001	0
9.0730000000000004	0
9.0739999999999998	0
9.0750000000000011	0
9.0760000000000005	0
9.077	0
9.0779999999999994	0
9.0790000000000006	0
9.0800000000000001	0
9.0809999999999995	0
9.0820000000000007	0
9.0830000000000002	0
9.0839999999999996	0
9.0850000000000009	0
9.0860000000000003	0
9.0869999999999997	0
9.088000000000001	0
9.0890000000000004	0
9.0899999999999999	0
9.0909999999999993	0
9.0920000000000005	0
9.093	0
9.0939999999999994	0
9.0950000000000006	0
9.0960000000000001	0
9.0969999999999995	0
9.0980000000000008	0
9.0990000000000002	0
9.0999999999999996	0
9.1010000000000009	0
9.1020000000000003	0
9.1029999999999998	0
9.104000000000001	0
9.1050000000000004	0
9.1059999999999999	0
9.1069999999999993	0
9.1080000000000005	0
9.109	0
9.1099999999999994	0
9.1110000000000007	0
9.1120000000000001	0
9.1129999999999995	0
9.1140000000000008	0
9.1150000000000002	0
9.1159999999999997	0
9.1170000000000009	0
9.1180000000000003	0
9.1189999999999998	0
9.120000000000001	0
9.1210000000000004	0
9.1219999999999999	0
9.1229999999999993	0
9.1240000000000006	0
9.125	0
9.1259999999999994	0
9.1270000000000007	0
9.1280000000000001	0
9.1289999999999996	0
9.1300000000000008	0
9.1310000000000002	0
9.1319999999999997	0
9.1330000000000009	0
9.1340000000000003	0
9.1349999999999998	0
9.136000000000001	0
9.1370000000000005	0
9.1379999999999999	0
9.1389999999999993	0
9.1400000000000006	0
9.141	0
9.1419999999999995	0
9.1430000000000007	0
9.1440000000000001	0
9.1449999999999996	0
9.1460000000000008	0
9.1470000000000002	0
9.1479999999999997	0
9.1490000000000009	0
9.1500000000000004	0
9.1509999999999998	0
9.152000000000001	0
9.1530000000000005	0
9.1539999999999999	0
9.1549999999999994	0
9.1560000000000006	0
9.157	0
9.1579999999999995	0
9.1590000000000007	0
9.1600000000000001	0
9.1609999999999996	0
9.1620000000000008	0
9.1630000000000003	0
9.1639999999999997	0
9.1650000000000009	0
9.1660000000000004	0
9.1669999999999998	0
9.168000000000001	0
9.1690000000000005	0
9.1699999999999999	0
9.1709999999999994	0
9.1720000000000006	0
9.173	0
9.1739999999999995	0
9.1750000000000007	0
9.1760000000000002	0
9.1769999999999996	0
9.1780000000000008	0
9.1790000000000003	0
9.1799999999999997	0
9.1810000000000009	0
9.1820000000000004	0
9.1829999999999998	0
9.1840000000000011	0
9.1850000000000005	0
9.1859999999999999	0
9.1869999999999994	0
9.1880000000000006	0
9.1890000000000001	0
9.1899999999999995	0
9.1910000000000007	0
9.1920000000000002	0
9.1929999999999996	0
9.1940000000000008	0
9.1950000000000003	0
9.1959999999999997	0
9.197000000000001	0
9.1980000000000004	0
9.1989999999999998	0
9.2000000000000011	0
9.2010000000000005	0
9.202	0
9.2029999999999994	0
9.2040000000000006	0
9.2050000000000001	0
9.2059999999999995	0
9.2070000000000007	0
9.2080000000000002	0
9.2089999999999996	0
9.2100000000000009	0
9.2110000000000003	0
9.2119999999999997	0
9.213000000000001	0
9.2140000000000004	0
9.2149999999999999	0
9.2160000000000011	0
9.2170000000000005	0
9.218	0
9.2189999999999994	0
9.2200000000000006	0
9.2210000000000001	0
9.2219999999999995	0
9.2230000000000008	0
9.2240000000000002	0
9.2249999999999996	0
9.2260000000000009	0
9.2270000000000003	0
9.2279999999999998	0
9.229000000000001	0
9.2300000000000004	0
9.2309999999999999	0
9.2319999999999993	0
9.2330000000000005	0
9.234	0
9.2349999999999994	0
9.2360000000000007	0
9.2370000000000001	0
9.2379999999999995	0
9.2390000000000008	0
9.2400000000000002	0
9.2409999999999997	0
9.2420000000000009	0
9.2430000000000003	0
9.2439999999999998	0
9.245000000000001	0
9.2460000000000004	0
9.2469999999999999	0
9.2479999999999993	0
9.2490000000000006	0
9.25	0
9.2509999999999994	0
9.2520000000000007	0
9.2530000000000001	0
9.2539999999999996	0
9.2550000000000008	0
9.2560000000000002	0
9.2569999999999997	0
9.2580000000000009	0
9.2590000000000003	0
9.2599999999999998	0
9.261000000000001	0
9.2620000000000005	0
9.2629999999999999	0
9.2639999999999993	0
9.2650000000000006	0
9.266	0
9.2669999999999995	0
9.2680000000000007	0
9.2690000000000001	0
9.2699999999999996	0
9.2710000000000008	0
9.2720000000000002	0
9.2729999999999997	0
9.2740000000000009	0
9.2750000000000004	0
9.2759999999999998	0
9.277000000000001	0
9.2780000000000005	0
9.2789999999999999	0
9.2799999999999994	0
9.2810000000000006	0
9.282	0
9.2829999999999995	0
9.2840000000000007	0
9.2850000000000001	0
9.2859999999999996	0
9.2870000000000008	0
9.2880000000000003	0
9.2889999999999997	0
9.2900000000000009	0
9.2910000000000004	0
9.2919999999999998	0
9.293000000000001	0
9.2940000000000005	0
9.2949999999999999	0
9.2959999999999994	0
9.2970000000000006	0
9.298	0
9.2989999999999995	0
9.3000000000000007	0
9.3010000000000002	0
9.3019999999999996	0
9.3030000000000008	0
9.3040000000000003	0
9.3049999999999997	0
9.3060000000000009	0
9.3070000000000004	0
9.3079999999999998	0
9.3090000000000011	0
9.3100000000000005	0
9.3109999999999999	0
9.3119999999999994	0
9.3130000000000006	0
9.3140000000000001	0
9.3149999999999995	0
9.3160000000000007	0
9.3170000000000002	0
9.3179999999999996	0
9.3190000000000008	0
9.3200000000000003	0
9.3209999999999997	0
9.322000000000001	0
9.3230000000000004	0
9.3239999999999998	0
9.3250000000000011	0
9.3260000000000005	0
9.327	0
9.3279999999999994	0
9.3290000000000006	0
9.3300000000000001	0
9.3309999999999995	0
9.3320000000000007	0
9.3330000000000002	0
9.3339999999999996	0
9.3350000000000009	0
9.3360000000000003	0
9.3369999999999997	0
9.338000000000001	0
9.3390000000000004	0
9.3399999999999999	0
9.3410000000000011	0
9.3420000000000005	0
9.343	0
9.3439999999999994	0
9.3450000000000006	0
9.3460000000000001	0
9.3469999999999995	0
9.3480000000000008	0
9.3490000000000002	0
9.3499999999999996	0
9.3510000000000009	0
9.3520000000000003	0
9.3529999999999998	0
9.354000000000001	0
9.3550000000000004	0
9.3559999999999999	0
9.3569999999999993	0
9.3580000000000005	0
9.359	0
9.3599999999999994	0
9.3610000000000007	0
9.3620000000000001	0
9.3629999999999995	0
9.3640000000000008	0
9.3650000000000002	0
9.3659999999999997	0
9.3670000000000009	0
9.3680000000000003	0
9.3689999999999998	0
9.370000000000001	0
9.3710000000000004	0
9.3719999999999999	0
9.3729999999999993	0
9.3740000000000006	0
9.375	0
9.3759999999999994	0
9.3770000000000007	0
9.3780000000000001	0
9.3789999999999996	0
9.3800000000000008	0
9.3810000000000002	0
9.3819999999999997	0
9.3830000000000009	0
9.3840000000000003	0
9.3849999999999998	0
9.386000000000001	0
9.3870000000000005	0
9.3879999999999999	0
9.3889999999999993	0
9.3900000000000006	0
9.391	0
9.3919999999999995	0
9.3930000000000007	0
9.3940000000000001	0
9.3949999999999996	0
9.3960000000000008	0
9.3970000000000002	0
9.3979999999999997	0
9.3990000000000009	0
9.4000000000000004	0
9.4009999999999998	0
9.402000000000001	0
9.4030000000000005	0
9.4039999999999999	0
9.4049999999999994	0
9.4060000000000006	0
9.407	0
9.4079999999999995	0
9.4090000000000007	0
9.4100000000000001	0
9.4109999999999996	0
9.4120000000000008	0
9.4130000000000003	0
9.4139999999999997	0
9.4150000000000009	0
9.4160000000000004	0
9.4169999999999998	0
9.418000000000001	0
9.4190000000000005	0
9.4199999999999999	0
9.4209999999999994	0
9.4220000000000006	0
9.423	0
9.4239999999999995	0
9.4250000000000007	0
9.4260000000000002	0
9.4269999999999996	0
9.4280000000000008	0
9.4290000000000003	0
9.4299999999999997	0
9.4310000000000009	0
9.4320000000000004	0
9.4329999999999998	0
9.4340000000000011	0
9.4350000000000005	0
9.4359999999999999	0
9.4369999999999994	0
9.4380000000000006	0
9.4390000000000001	0
9.4399999999999995	0
9.4410000000000007	0
9.4420000000000002	0
9.4429999999999996	0
9.4440000000000008	0
9.4450000000000003	0
9.4459999999999997	0
9.447000000000001	0
9.4480000000000004	0
9.4489999999999998	0
9.4500000000000011	0
9.4510000000000005	0
9.452	0
9.4529999999999994	0
9.4540000000000006	0
9.4550000000000001	0
9.4559999999999995	0
9.4570000000000007	0
9.4580000000000002	0
9.4589999999999996	0
9.4600000000000009	0
9.4610000000000003	0
9.4619999999999997	0
9.463000000000001	0
9.4640000000000004	0
9.4649999999999999	0
9.4660000000000011	0
9.4670000000000005	0
9.468	0
9.4689999999999994	0
9.4700000000000006	0
9.4710000000000001	0
9.4719999999999995	0
9.4730000000000008	0
9.4740000000000002	0
9.4749999999999996	0
9.4760000000000009	0
9.4770000000000003	0
9.4779999999999998	0
9.479000000000001	0
9.4800000000000004	0
9.4809999999999999	0
9.4819999999999993	0
9.4830000000000005	0
9.484	0
9.4849999999999994	0
9.4860000000000007	0
9.4870000000000001	0
9.4879999999999995	0
9.4890000000000008	0
9.4900000000000002	0
9.4909999999999997	0
9.4920000000000009	0
9.4930000000000003	0
9.4939999999999998	0
9.495000000000001	0
9.4960000000000004	0
9.4969999999999999	0
9.4979999999999993	0
9.4990000000000006	0
9.5	0
9.5009999999999994	0
9.5020000000000007	0
9.5030000000000001	0
9.5039999999999996	0
9.5050000000000008	0
9.5060000000000002	0
9.5069999999999997	0
9.5080000000000009	0
9.5090000000000003	0
9.5099999999999998	0
9.511000000000001	0
9.5120000000000005	0
9.5129999999999999	0
9.5139999999999993	0
9.5150000000000006	0
9.516	0
9.5169999999999995	0
9.5180000000000007	0
9.5190000000000001	0
9.5199999999999996	0
9.5210000000000008	0
9.5220000000000002	0
9.5229999999999997	0
9.5240000000000009	0
9.5250000000000004	0
9.5259999999999998	0
9.527000000000001	0
9.5280000000000005	0
9.5289999999999999	0
9.5299999999999994	0
9.5310000000000006	0
9.532	0
9.5329999999999995	0
9.5340000000000007	0
9.5350000000000001	0
9.5359999999999996	0
9.5370000000000008	0
9.5380000000000003	0
9.5389999999999997	0
9.5400000000000009	0
9.5410000000000004	0
9.5419999999999998	0
9.543000000000001	0
9.5440000000000005	0
9.5449999999999999	0
9.5459999999999994	0
9.5470000000000006	0
9.548	0
9.5489999999999995	0
9.5500000000000007	0
9.5510000000000002	0
9.5519999999999996	0
9.5530000000000008	0
9.5540000000000003	0
9.5549999999999997	0
9.5560000000000009	0
9.5570000000000004	0
9.5579999999999998	0
9.5590000000000011	0
9.5600000000000005	0
9.5609999999999999	0
9.5619999999999994	0
9.5630000000000006	0
9.5640000000000001	0
9.5649999999999995	0
9.5660000000000007	0
9.5670000000000002	0
9.5679999999999996	0
9.5690000000000008	0
9.5700000000000003	0
9.5709999999999997	0
9.572000000000001	0
9.5730000000000004	0
9.5739999999999998	0
9.5750000000000011	0
9.5760000000000005	0
9.577	0
9.5779999999999994	0
9.5790000000000006	0
9.5800000000000001	0
9.5809999999999995	0
9.5820000000000007	0
9.5830000000000002	0
9.5839999999999996	0
9.5850000000000009	0
9.5860000000000003	0
9.5869999999999997	0
9.588000000000001	0
9.5890000000000004	0
9.5899999999999999	0
9.5910000000000011	0
9.5920000000000005	0
9.593	0
9.5939999999999994	0
9.5950000000000006	0
9.5960000000000001	0
9.5969999999999995	0
9.5980000000000008	0
9.5990000000000002	0
9.5999999999999996	0
9.6010000000000009	0
9.6020000000000003	0
9.6029999999999998	0
9.604000000000001	0
9.6050000000000004	0
9.6059999999999999	0
9.6069999999999993	0
9.6080000000000005	0
9.609	0
9.6099999999999994	0
9.6110000000000007	0
9.6120000000000001	0
9.6129999999999995	0
9.6140000000000008	0
9.6150000000000002	0
9.6159999999999997	0
9.6170000000000009	0
9.6180000000000003	0
9.6189999999999998	0
9.620000000000001	0
9.6210000000000004	0
9.6219999999999999	0
9.6229999999999993	0
9.6240000000000006	0
9.625	0
9.6259999999999994	0
9.6270000000000007	0
9.6280000000000001	0
9.6289999999999996	0
9.6300000000000008	0
9.6310000000000002	0
9.6319999999999997	0
9.6330000000000009	0
9.6340000000000003	0
9.6349999999999998	0
9.636000000000001	0
9.6370000000000005	0
9.6379999999999999	0
9.6389999999999993	0
9.6400000000000006	0
9.641	0
9.6419999999999995	0
9.6430000000000007	0
9.6440000000000001	0
9.6449999999999996	0
9.6460000000000008	0
9.6470000000000002	0
9.6479999999999997	0
9.6490000000000009	0
9.6500000000000004	0
9.6509999999999998	0
9.652000000000001	0
9.6530000000000005	0
9.6539999999999999	0
9.6549999999999994	0
9.6560000000000006	0
9.657	0
9.6579999999999995	0
9.6590000000000007	0
9.6600000000000001	0
9.6609999999999996	0
9.6620000000000008	0
9.6630000000000003	0
9.6639999999999997	0
9.6650000000000009	0
9.6660000000000004	0
9.6669999999999998	0
9.668000000000001	0
9.6690000000000005	0
9.6699999999999999	0
9.6709999999999994	0
9.6720000000000006	0
9.673	0
9.6739999999999995	0
9.6750000000000007	0
9.6760000000000002	0
9.6769999999999996	0
9.6780000000000008	0
9.6790000000000003	0
9.6799999999999997	0
9.6810000000000009	0
9.6820000000000004	0
9.6829999999999998	0
9.6840000000000011	0
9.6850000000000005	0
9.6859999999999999	0
9.6869999999999994	0
9.6880000000000006	0
9.6890000000000001	0
9.6899999999999995	0
9.6910000000000007	0
9.6920000000000002	0
9.6929999999999996	0
9.6940000000000008	0
9.6950000000000003	0
9.6959999999999997	0
9.697000000000001	0
9.6980000000000004	0
9.6989999999999998	0
9.7000000000000011	0
9.7010000000000005	0
9.702	0
9.7029999999999994	0
9.7040000000000006	0
9.7050000000000001	0
9.7059999999999995	0
9.7070000000000007	0
9.7080000000000002	0
9.7089999999999996	0
9.7100000000000009	0
9.7110000000000003	0
9.7119999999999997	0
9.713000000000001	0
9.7140000000000004	0
9.7149999999999999	0
9.7160000000000011	0
9.7170000000000005	0
9.718	0
9.7189999999999994	0
9.7200000000000006	0
9.7210000000000001	0
9.7219999999999995	0
9.7230000000000008	0
9.7240000000000002	0
9.7249999999999996	0
9.7260000000000009	0
9.7270000000000003	0
9.7279999999999998	0
9.729000000000001	0
9.7300000000000004	0
9.7309999999999999	0
9.7319999999999993	0
9.7330000000000005	0
9.734	0
9.7349999999999994	0
9.7360000000000007	0
9.7370000000000001	0
9.7379999999999995	0
9.7390000000000008	0
9.7400000000000002	0
9.7409999999999997	0
9.7420000000000009	0
9.7430000000000003	0
9.7439999999999998	0
9.745000000000001	0
9.7460000000000004	0
9.7469999999999999	0
9.7479999999999993	0
9.7490000000000006	0
9.75	0
9.7509999999999994	0
9.7520000000000007	0
9.7530000000000001	0
9.7539999999999996	0
9.7550000000000008	0
9.7560000000000002	0
9.7569999999999997	0
9.7580000000000009	0
9.7590000000000003	0
9.7599999999999998	0
9.761000000000001	0
9.7620000000000005	0
9.7629999999999999	0
9.7639999999999993	0
9.7650000000000006	0
9.766	0
9.7669999999999995	0
9.7680000000000007	0
9.7690000000000001	0
9.7699999999999996	0
9.7710000000000008	0
9.7720000000000002	0
9.7729999999999997	0
9.7740000000000009	0
9.7750000000000004	0
9.7759999999999998	0
9.777000000000001	0
9.7780000000000005	0
9.7789999999999999	0
9.7799999999999994	0
9.7810000000000006	0
9.782	0
9.7829999999999995	0
9.7840000000000007	0
9.7850000000000001	0
9.7859999999999996	0
9.7870000000000008	0
9.7880000000000003	0
9.7889999999999997	0
9.7900000000000009	0
9.7910000000000004	0
9.7919999999999998	0
9.793000000000001	0
9.7940000000000005	0
9.7949999999999999	0
9.7959999999999994	0
9.7970000000000006	0
9.798	0
9.7989999999999995	0
9.8000000000000007	0
9.8010000000000002	0
9.8019999999999996	0
9.8030000000000008	0
9.8040000000000003	0
9.8049999999999997	0
9.8060000000000009	0
9.8070000000000004	0
9.8079999999999998	0
9.8090000000000011	0
9.8100000000000005	0
9.8109999999999999	0
9.8119999999999994	0
9.8130000000000006	0
9.8140000000000001	0
9.8149999999999995	0
9.8160000000000007	0
9.8170000000000002	0
9.8179999999999996	0
9.8190000000000008	0
9.8200000000000003	0
9.8209999999999997	0
9.822000000000001	0
9.8230000000000004	0
9.8239999999999998	0
9.8250000000000011	0
9.8260000000000005	0
9.827	0
9.8279999999999994	0
9.8290000000000006	0
9.8300000000000001	0
9.8309999999999995	0
9.8320000000000007	0
9.8330000000000002	0
9.8339999999999996	0
9.8350000000000009	0
9.8360000000000003	0
9.8369999999999997	0
9.838000000000001	0
9.8390000000000004	0
9.8399999999999999	0
9.8410000000000011	0
9.8420000000000005	0
9.843	0
9.8439999999999994	0
9.8450000000000006	0
9.8460000000000001	0
9.8469999999999995	0
9.8480000000000008	0
9.8490000000000002	0
9.8499999999999996	0
9.8510000000000009	0
9.8520000000000003	0
9.8529999999999998	0
9.854000000000001	0
9.8550000000000004	0
9.8559999999999999	0
9.8569999999999993	0
9.8580000000000005	0
9.859	0
9.8599999999999994	0
9.8610000000000007	0
9.8620000000000001	0
9.8629999999999995	0
9.8640000000000008	0
9.8650000000000002	0
9.8659999999999997	0
9.8670000000000009	0
9.8680000000000003	0
9.8689999999999998	0
9.870000000000001	0
9.8710000000000004	0
9.8719999999999999	0
9.8729999999999993	0
9.8740000000000006	0
9.875	0
9.8759999999999994	0
9.8770000000000007	0
9.8780000000000001	0
9.8789999999999996	0
9.8800000000000008	0
9.8810000000000002	0
9.8819999999999997	0
9.8830000000000009	0
9.8840000000000003	0
9.8849999999999998	0
9.886000000000001	0
9.8870000000000005	0
9.8879999999999999	0
9.8889999999999993	0
9.8900000000000006	0
9.891	0
9.8919999999999995	0
9.8930000000000007	0
9.8940000000000001	0
9.8949999999999996	0
9.8960000000000008	0
9.8970000000000002	0
9.8979999999999997	0
9.8990000000000009	0
9.9000000000000004	0
9.9009999999999998	0
9.902000000000001	0
9.9030000000000005	0
9.9039999999999999	0
9.9049999999999994	0
9.9060000000000006	0
9.907	0
9.9079999999999995	0
9.9090000000000007	0
9.9100000000000001	0
9.9109999999999996	0
9.9120000000000008	0
9.9130000000000003	0
9.9139999999999997	0
9.9150000000000009	0
9.9160000000000004	0
9.9169999999999998	0
9.918000000000001	0
9.9190000000000005	0
9.9199999999999999	0
9.9209999999999994	0
9.9220000000000006	0
9.923	0
9.9239999999999995	0
9.9250000000000007	0
9.9260000000000002	0
9.9269999999999996	0
9.9280000000000008	0
9.9290000000000003	0
9.9299999999999997	0
9.9310000000000009	0
9.9320000000000004	0
9.9329999999999998	0
9.9340000000000011	0
9.9350000000000005	0
9.9359999999999999	0
9.9369999999999994	0
9.9380000000000006	0
9.9390000000000001	0
9.9399999999999995	0
9.9410000000000007	0
9.9420000000000002	0
9.9429999999999996	0
9.9440000000000008	0
9.9450000000000003	0
9.9459999999999997	0
9.947000000000001	0
9.9480000000000004	0
9.9489999999999998	0
9.9500000000000011	0
9.9510000000000005	0
9.952	0
9.9529999999999994	0
9.9540000000000006	0
9.9550000000000001	0
9.9559999999999995	0
9.9570000000000007	0
9.9580000000000002	0
9.9589999999999996	0
9.9600000000000009	0
9.9610000000000003	0
9.9619999999999997	0
9.963000000000001	0
9.9640000000000004	0
9.9649999999999999	0
9.9660000000000011	0
9.9670000000000005	0
9.968	0
9.9689999999999994	0
9.9700000000000006	0
9.9710000000000001	0
9.9719999999999995	0
9.9730000000000008	0
9.9740000000000002	0
9.9749999999999996	0
9.9760000000000009	0
9.9770000000000003	0
9.9779999999999998	0
9.979000000000001	0
9.9800000000000004	0
9.9809999999999999	0
9.9820000000000011	0
9.9830000000000005	0
9.984	0
9.9849999999999994	0
9.9860000000000007	0
9.9870000000000001	0
9.9879999999999995	0
9.9890000000000008	0
9.9900000000000002	0
9.9909999999999997	0
9.9920000000000009	0
9.9930000000000003	0
9.9939999999999998	0
9.995000000000001	0
9.9960000000000004	0
9.9969999999999999	0
9.9979999999999993	0
9.9990000000000006	0
10	0
10.000999999999999	0
10.002000000000001	0
10.003	0
10.004	0
10.005000000000001	0
10.006	0
10.007	0
10.008000000000001	0
10.009	0
10.01	0
10.011000000000001	0
10.012	0
10.013	0
10.013999999999999	0
10.015000000000001	0
10.016	0
10.016999999999999	0
10.018000000000001	0
10.019	0
10.02	0
10.021000000000001	0
10.022	0
10.023	0
10.024000000000001	0
10.025	0
10.026	0
10.027000000000001	0
10.028	0
10.029	0
10.029999999999999	0
10.031000000000001	0
10.032	0
10.032999999999999	0
10.034000000000001	0
10.035	0
10.036	0
10.037000000000001	0
10.038	0
10.039	0
10.040000000000001	0
10.041	0
10.042	0
10.043000000000001	0
10.044	0
10.045	0
10.045999999999999	0
10.047000000000001	0
10.048	0
10.048999999999999	0
10.050000000000001	0
10.051	0
10.052	0
10.053000000000001	0
10.054	0
10.055	0
10.056000000000001	0
10.057	0
10.058	0
10.059000000000001	0
10.06	0
10.061	0
10.061999999999999	0
10.063000000000001	0
10.064	0
10.065	0
10.066000000000001	0
10.067	0
10.068	0
10.069000000000001	0
10.07	0
10.071	0
10.072000000000001	0
10.073	0
10.074	0
10.075000000000001	0
10.076000000000001	0
10.077	0
10.077999999999999	0
10.079000000000001	0
10.08	0
10.081	0
10.082000000000001	0
10.083	0
10.084	0
10.085000000000001	0
10.086	0
10.087	0
10.088000000000001	0
10.089	0
10.09	0
10.091000000000001	0
10.092000000000001	0
10.093	0
10.093999999999999	0
10.095000000000001	0
10.096	0
10.097	0
10.098000000000001	0
10.099	0
10.1	0
10.101000000000001	0
10.102	0
10.103	0
10.104000000000001	0
10.105	0
10.106	0
10.107000000000001	0
10.108000000000001	0
10.109	0
10.109999999999999	0
10.111000000000001	0
10.112	0
10.113	0
10.114000000000001	0
10.115	0
10.116	0
10.117000000000001	0
10.118	0
10.119	0
10.120000000000001	0
10.121	0
10.122	0
10.122999999999999	0
10.124000000000001	0
10.125	0
10.125999999999999	0
10.127000000000001	0
10.128	0
10.129	0
10.130000000000001	0
10.131	0
10.132	0
10.133000000000001	0
10.134	0
10.135	0
10.136000000000001	0
10.137	0
10.138	0
10.138999999999999	0
10.140000000000001	0
10.141	0
10.141999999999999	0
10.143000000000001	0
10.144	0
10.145	0
10.146000000000001	0
10.147	0
10.148	0
10.149000000000001	0
10.15	0
10.151	0
10.152000000000001	0
10.153	0
10.154	0
10.154999999999999	0
10.156000000000001	0
10.157	0
10.157999999999999	0
10.159000000000001	0
10.16	0
10.161	0
10.162000000000001	0
10.163	0
10.164	0
10.165000000000001	0
10.166	0
10.167	0
10.168000000000001	0
10.169	0
10.17	0
10.170999999999999	0
10.172000000000001	0
10.173	0
10.173999999999999	0
10.175000000000001	0
10.176	0
10.177	0
10.178000000000001	0
10.179	0
10.18	0
10.181000000000001	0
10.182	0
10.183	0
10.184000000000001	0
10.185	0
10.186	0
10.186999999999999	0
10.188000000000001	0
10.189	0
10.19	0
10.191000000000001	0
10.192	0
10.193	0
10.194000000000001	0
10.195	0
10.196	0
10.197000000000001	0
10.198	0
10.199	0
10.200000000000001	0
10.201000000000001	0
10.202	0
10.202999999999999	0
10.204000000000001	0
10.205	0
10.206	0
10.207000000000001	0
10.208	0
10.209	0
10.210000000000001	0
10.211	0
10.212	0
10.213000000000001	0
10.214	0
10.215	0
10.216000000000001	0
10.217000000000001	0
10.218	0
10.218999999999999	0
10.220000000000001	0
10.221	0
10.222	0
10.223000000000001	0
10.224	0
10.225	0
10.226000000000001	0
10.227	0
10.228	0
10.229000000000001	0
10.23	0
10.231	0
10.232000000000001	0
10.233000000000001	0
10.234	0
10.234999999999999	0
10.236000000000001	0
10.237	0
10.238	0
10.239000000000001	0
10.24	0
10.241	0
10.242000000000001	0
10.243	0
10.244	0
10.245000000000001	0
10.246	0
10.247	0
10.247999999999999	0
10.249000000000001	0
10.25	0
10.250999999999999	0
10.252000000000001	0
10.253	0
10.254	0
10.255000000000001	0
10.256	0
10.257	0
10.258000000000001	0
10.259	0
10.26	0
10.261000000000001	0
10.262	0
10.263	0
10.263999999999999	0
10.265000000000001	0
10.266	0
10.266999999999999	0
10.268000000000001	0
10.269	0
10.27	0
10.271000000000001	0
10.272	0
10.273	0
10.274000000000001	0
10.275	0
10.276	0
10.277000000000001	0
10.278	0
10.279	0
10.279999999999999	0
10.281000000000001	0
10.282	0
10.282999999999999	0
10.284000000000001	0
10.285	0
10.286	0
10.287000000000001	0
10.288	0
10.289	0
10.290000000000001	0
10.291	0
10.292	0
10.293000000000001	0
10.294	0
10.295	0
10.295999999999999	0
10.297000000000001	0
10.298	0
10.298999999999999	0
10.300000000000001	0
10.301	0
10.302	0
10.303000000000001	0
10.304	0
10.305	0
10.306000000000001	0
10.307	0
10.308	0
10.309000000000001	0
10.31	0
10.311	0
10.311999999999999	0
10.313000000000001	0
10.314	0
10.315	0
10.316000000000001	0
10.317	0
10.318	0
10.319000000000001	0
10.32	0
10.321	0
10.322000000000001	0
10.323	0
10.324	0
10.325000000000001	0
10.326000000000001	0
10.327	0
10.327999999999999	0
10.329000000000001	0
10.33	0
10.331	0
10.332000000000001	0
10.333	0
10.334	0
10.335000000000001	0
10.336	0
10.337	0
10.338000000000001	0
10.339	0
10.34	0
10.341000000000001	0
10.342000000000001	0
10.343	0
10.343999999999999	0
10.345000000000001	0
10.346	0
10.347	0
10.348000000000001	0
10.349	0
10.35	0
10.351000000000001	0
10.352	0
10.353	0
10.354000000000001	0
10.355	0
10.356	0
10.357000000000001	0
10.358000000000001	0
10.359	0
10.359999999999999	0
10.361000000000001	0
10.362	0
10.363	0
10.364000000000001	0
10.365	0
10.366	0
10.367000000000001	0
10.368	0
10.369	0
10.370000000000001	0
10.371	0
10.372	0
10.372999999999999	0
10.374000000000001	0
10.375	0
10.375999999999999	0
10.377000000000001	0
10.378	0
10.379	0
10.380000000000001	0
10.381	0
10.382	0
10.383000000000001	0
10.384	0
10.385	0
10.386000000000001	0
10.387	0
10.388	0
10.388999999999999	0
10.390000000000001	0
10.391	0
10.391999999999999	0
10.393000000000001	0
10.394	0
10.395	0
10.396000000000001	0
10.397	0
10.398	0
10.399000000000001	0
10.4	0
10.401	0
10.402000000000001	0
10.403	0
10.404	0
10.404999999999999	0
10.406000000000001	0
10.407	0
10.407999999999999	0
10.409000000000001	0
10.41	0
10.411	0
10.412000000000001	0
10.413	0
10.414	0
10.415000000000001	0
10.416	0
10.417	0
10.418000000000001	0
10.419	0
10.42	0
10.420999999999999	0
10.422000000000001	0
10.423	0
10.423999999999999	0
10.425000000000001	0
10.426	0
10.427	0
10.428000000000001	0
10.429	0
10.43	0
10.431000000000001	0
10.432	0
10.433	0
10.434000000000001	0
10.435	0
10.436	0
10.436999999999999	0
10.438000000000001	0
10.439	0
10.44	0
10.441000000000001	0
10.442	0
10.443	0
10.444000000000001	0
10.445	0
10.446	0
10.447000000000001	0
10.448	0
10.449	0
10.450000000000001	0
10.451000000000001	0
10.452	0
10.452999999999999	0
10.454000000000001	0
10.455	0
10.456	0
10.457000000000001	0
10.458	0
10.459	0
10.460000000000001	0
10.461	0
10.462	0
10.463000000000001	0
10.464	0
10.465	0
10.466000000000001	0
10.467000000000001	0
10.468	0
10.468999999999999	0
10.470000000000001	0
10.471	0
10.472	0
10.473000000000001	0
10.474	0
10.475	0
10.476000000000001	0
10.477	0
10.478	0
10.479000000000001	0
10.48	0
10.481	0
10.482000000000001	0
10.483000000000001	0
10.484	0
10.484999999999999	0
10.486000000000001	0
10.487	0
10.488	0
10.489000000000001	0
10.49	0
10.491	0
10.492000000000001	0
10.493	0
10.494	0
10.495000000000001	0
10.496	0
10.497	0
10.497999999999999	0
10.499000000000001	0
10.5	0
10.500999999999999	0
10.502000000000001	0
10.503	0
10.504	0
10.505000000000001	0
10.506	0
10.507	0
10.508000000000001	0
10.509	0
10.51	0
10.511000000000001	0
10.512	0
10.513	0
10.513999999999999	0
10.515000000000001	0
10.516	0
10.516999999999999	0
10.518000000000001	0
10.519	0
10.52	0
10.521000000000001	0
10.522	0
10.523	0
10.524000000000001	0
10.525	0
10.526	0
10.527000000000001	0
10.528	0
10.529	0
10.529999999999999	0
10.531000000000001	0
10.532	0
10.532999999999999	0
10.534000000000001	0
10.535	0
10.536	0
10.537000000000001	0
10.538	0
10.539	0
10.540000000000001	0
10.541	0
10.542	0
10.543000000000001	0
10.544	0
10.545	0
10.545999999999999	0
10.547000000000001	0
10.548	0
10.548999999999999	0
10.550000000000001	0
10.551	0
10.552	0
10.553000000000001	0
10.554	0
10.555	0
10.556000000000001	0
10.557	0
10.558	0
10.559000000000001	0
10.56	0
10.561	0
10.561999999999999	0
10.563000000000001	0
10.564	0
10.565	0
10.566000000000001	0
10.567	0
10.568	0
10.569000000000001	0
10.57	0
10.571	0
10.572000000000001	0
10.573	0
10.574	0
10.575000000000001	0
10.576000000000001	0
10.577	0
10.577999999999999	0
10.579000000000001	0
10.58	0
10.581	0
10.582000000000001	0
10.583	0
10.584	0
10.585000000000001	0
10.586	0
10.587	0
10.588000000000001	0
10.589	0
10.59	0
10.591000000000001	0
10.592000000000001	0
10.593	0
10.593999999999999	0
10.595000000000001	0
10.596	0
10.597	0
10.598000000000001	0
10.599	0
10.6	0
10.601000000000001	0
10.602	0
10.603	0
10.604000000000001	0
10.605	0
10.606	0
10.607000000000001	0
10.608000000000001	0
10.609	0
10.609999999999999	0
10.611000000000001	0
10.612	0
10.613	0
10.614000000000001	0
10.615	0
10.616	0
10.617000000000001	0
10.618	0
10.619	0
10.620000000000001	0
10.621	0
10.622	0
10.623000000000001	0
10.624000000000001	0
10.625	0
10.625999999999999	0
10.627000000000001	0
10.628	0
10.629	0
10.630000000000001	0
10.631	0
10.632	0
10.633000000000001	0
10.634	0
10.635	0
10.636000000000001	0
10.637	0
10.638	0
10.638999999999999	0
10.640000000000001	0
10.641	0
10.641999999999999	0
10.643000000000001	0
10.644	0
10.645	0
10.646000000000001	0
10.647	0
10.648	0
10.649000000000001	0
10.65	0
10.651	0
10.652000000000001	0
10.653	0
10.654	0
10.654999999999999	0
10.656000000000001	0
10.657	0
10.657999999999999	0
10.659000000000001	0
10.66	0
10.661	0
10.662000000000001	0
10.663	0
10.664	0
10.665000000000001	0
10.666	0
10.667	0
10.668000000000001	0
10.669	0
10.67	0
10.670999999999999	0
10.672000000000001	0
10.673	0
10.673999999999999	0
10.675000000000001	0
10.676	0
10.677	0
10.678000000000001	0
10.679	0
10.68	0
10.681000000000001	0
10.682	0
10.683	0
10.684000000000001	0
10.685	0
10.686	0
10.686999999999999	0
10.688000000000001	0
10.689	0
10.69	0
10.691000000000001	0
10.692	0
10.693	0
10.694000000000001	0
10.695	0
10.696	0
10.697000000000001	0
10.698	0
10.699	0
10.700000000000001	0
10.701000000000001	0
10.702	0
10.702999999999999	0
10.704000000000001	0
10.705	0
10.706	0
10.707000000000001	0
10.708	0
10.709	0
10.710000000000001	0
10.711	0
10.712	0
10.713000000000001	0
10.714	0
10.715	0
10.716000000000001	0
10.717000000000001	0
10.718	0
10.718999999999999	0
10.720000000000001	0
10.721	0
10.722	0
10.723000000000001	0
10.724	0
10.725	0
10.726000000000001	0
10.727	0
10.728	0
10.729000000000001	0
10.73	0
10.731	0
10.732000000000001	0
10.733000000000001	0
10.734	0
10.734999999999999	0
10.736000000000001	0
10.737	0
10.738	0
10.739000000000001	0
10.74	0
10.741	0
10.742000000000001	0
10.743	0
10.744	0
10.745000000000001	0
10.746	0
10.747	0
10.748000000000001	0
10.749000000000001	0
10.75	0
10.750999999999999	0
10.752000000000001	0
10.753	0
10.754	0
10.755000000000001	0
10.756	0
10.757	0
10.758000000000001	0
10.759	0
10.76	0
10.761000000000001	0
10.762	0
10.763	0
10.763999999999999	0
10.765000000000001	0
10.766	0
10.766999999999999	0
10.768000000000001	0
10.769	0
10.77	0
10.771000000000001	0
10.772	0
10.773	0
10.774000000000001	0
10.775	0
10.776	0
10.777000000000001	0
10.778	0
10.779	0
10.779999999999999	0
10.781000000000001	0
10.782	0
10.782999999999999	0
10.784000000000001	0
10.785	0
10.786	0
10.787000000000001	0
10.788	0
10.789	0
10.790000000000001	0
10.791	0
10.792	0
10.793000000000001	0
10.794	0
10.795	0
10.795999999999999	0
10.797000000000001	0
10.798	0
10.798999999999999	0
10.800000000000001	0
10.801	0
10.802	0
10.803000000000001	0
10.804	0
10.805	0
10.806000000000001	0
10.807	0
10.808	0
10.809000000000001	0
10.81	0
10.811	0
10.811999999999999	0
10.813000000000001	0
10.814	0
10.815	0
10.816000000000001	0
10.817	0
10.818	0
10.819000000000001	0
10.82	0
10.821	0
10.822000000000001	0
10.823	0
10.824	0
10.825000000000001	0
10.826000000000001	0
10.827	0
10.827999999999999	0
10.829000000000001	0
10.83	0
10.831	0
10.832000000000001	0
10.833	0
10.834	0
10.835000000000001	0
10.836	0
10.837	0
10.838000000000001	0
10.839	0
10.84	0
10.841000000000001	0
10.842000000000001	0
10.843	0
10.843999999999999	0
10.845000000000001	0
10.846	0
10.847	0
10.848000000000001	0
10.849	0
10.85	0
10.851000000000001	0
10.852	0
10.853	0
10.854000000000001	0
10.855	0
10.856	0
10.857000000000001	0
10.858000000000001	0
10.859	0
10.859999999999999	0
10.861000000000001	0
10.862	0
10.863	0
10.864000000000001	0
10.865	0
10.866	0
10.867000000000001	0
10.868	0
10.869	0
10.870000000000001	0
10.871	0
10.872	0
10.873000000000001	0
10.874000000000001	0
10.875	0
10.875999999999999	0
10.877000000000001	0
10.878	0
10.879	0
10.880000000000001	0
10.881	0
10.882	0
10.883000000000001	0
10.884	0
10.885	0
10.886000000000001	0
10.887	0
10.888	0
10.888999999999999	0
10.890000000000001	0
10.891	0
10.891999999999999	0
10.893000000000001	0
10.894	0
10.895	0
10.896000000000001	0
10.897	0
10.898	0
10.899000000000001	0
10.9	0
10.901	0
10.902000000000001	0
10.903	0
10.904	0
10.904999999999999	0
10.906000000000001	0
10.907	0
10.907999999999999	0
10.909000000000001	0
10.91	0
10.911	0
10.912000000000001	0
10.913	0
10.914	0
10.915000000000001	0
10.916	0
10.917	0
10.918000000000001	0
10.919	0
10.92	0
10.920999999999999	0
10.922000000000001	0
10.923	0
10.923999999999999	0
10.925000000000001	0
10.926	0
10.927	0
10.928000000000001	0
10.929	0
10.93	0
10.931000000000001	0
10.932	0
10.933	0
10.934000000000001	0
10.935	0
10.936	0
10.936999999999999	0
10.938000000000001	0
10.939	0
10.94	0
10.941000000000001	0
10.942	0
10.943	0
10.944000000000001	0
10.945	0
10.946	0
10.947000000000001	0
10.948	0
10.949	0
10.950000000000001	0
10.951000000000001	0
10.952	0
10.952999999999999	0
10.954000000000001	0
10.955	0
10.956	0
10.957000000000001	0
10.958	0
10.959	0
10.960000000000001	0
10.961	0
10.962	0
10.963000000000001	0
10.964	0
10.965	0
10.966000000000001	0
10.967000000000001	0
10.968	0
10.968999999999999	0
10.970000000000001	0
10.971	0
10.972	0
10.973000000000001	0
10.974	0
10.975	0
10.976000000000001	0
10.977	0
10.978	0
10.979000000000001	0
10.98	0
10.981	0
10.982000000000001	0
10.983000000000001	0
10.984	0
10.984999999999999	0
10.986000000000001	0
10.987	0
10.988	0
10.989000000000001	0
10.99	0
10.991	0
10.992000000000001	0
10.993	0
10.994	0
10.995000000000001	0
10.996	0
10.997	0
10.998000000000001	0
10.999000000000001	0
11	0
11.000999999999999	0
11.002000000000001	0
11.003	0
11.004	0
11.005000000000001	0
11.006	0
11.007	0
11.008000000000001	0
11.009	0
11.01	0
11.011000000000001	0
11.012	0
11.013	0
11.013999999999999	0
11.015000000000001	0
11.016	0
11.016999999999999	0
11.018000000000001	0
11.019	0
11.02	0
11.021000000000001	0
11.022	0
11.023	0
11.024000000000001	0
11.025	0
11.026	0
11.027000000000001	0
11.028	0
11.029	0
11.029999999999999	0
11.031000000000001	0
11.032	0
11.032999999999999	0
11.034000000000001	0
11.035	0
11.036	0
11.037000000000001	0
11.038	0
11.039	0
11.040000000000001	0
11.041	0
11.042	0
11.043000000000001	0
11.044	0
11.045	0
11.045999999999999	0
11.047000000000001	0
11.048	0
11.048999999999999	0
11.050000000000001	0
11.051	0
11.052	0
11.053000000000001	0
11.054	0
11.055	0
11.056000000000001	0
11.057	0
11.058	0
11.059000000000001	0
11.06	0
11.061	0
11.061999999999999	0
11.063000000000001	0
11.064	0
11.065	0
11.066000000000001	0
11.067	0
11.068	0
11.069000000000001	0
11.07	0
11.071	0
11.072000000000001	0
11.073	0
11.074	0
11.075000000000001	0
11.076000000000001	0
11.077	0
11.077999999999999	0
11.079000000000001	0
11.08	0
11.081	0
11.082000000000001	0
11.083	0
11.084	0
11.085000000000001	0
11.086	0
11.087	0
11.088000000000001	0
11.089	0
11.09	0
11.091000000000001	0
11.092000000000001	0
11.093	0
11.093999999999999	0
11.095000000000001	0
11.096	0
11.097	0
11.098000000000001	0
11.099	0
11.1	0
11.101000000000001	0
11.102	0
11.103	0
11.104000000000001	0
11.105	0
11.106	0
11.107000000000001	0
11.108000000000001	0
11.109	0
11.109999999999999	0
11.111000000000001	0
11.112	0
11.113	0
11.114000000000001	0
11.115	0
11.116	0
11.117000000000001	0
11.118	0
11.119	0
11.120000000000001	0
11.121	0
11.122	0
11.123000000000001	0
11.124000000000001	0
11.125	0
11.125999999999999	0
11.127000000000001	0
11.128	0
11.129	0
11.130000000000001	0
11.131	0
11.132	0
11.133000000000001	0
11.134	0
11.135	0
11.136000000000001	0
11.137	0
11.138	0
11.138999999999999	0
11.140000000000001	0
11.141	0
11.141999999999999	0
11.143000000000001	0
11.144	0
11.145	0
11.146000000000001	0
11.147	0
11.148	0
11.149000000000001	0
11.15	0
11.151	0
11.152000000000001	0
11.153	0
11.154	0
11.154999999999999	0
11.156000000000001	0
11.157	0
11.157999999999999	0
11.159000000000001	0
11.16	0
11.161	0
11.162000000000001	0
11.163	0
11.164	0
11.165000000000001	0
11.166	0
11.167	0
11.168000000000001	0
11.169	0
11.17	0
11.170999999999999	0
11.172000000000001	0
11.173	0
11.173999999999999	0
11.175000000000001	0
11.176	0
11.177	0
11.178000000000001	0
11.179	0
11.18	0
11.181000000000001	0
11.182	0
11.183	0
11.184000000000001	0
11.185	0
11.186	0
11.186999999999999	0
11.188000000000001	0
11.189	0
11.19	0
11.191000000000001	0
11.192	0
11.193	0
11.194000000000001	0
11.195	0
11.196	0
11.197000000000001	0
11.198	0
11.199	0
11.200000000000001	0
11.201000000000001	0
11.202	0
11.202999999999999	0
11.204000000000001	0
11.205	0
11.206	0
11.207000000000001	0
11.208	0
11.209	0
11.210000000000001	0
11.211	0
11.212	0
11.213000000000001	0
11.214	0
11.215	0
11.216000000000001	0
11.217000000000001	0
11.218	0
11.218999999999999	0
11.220000000000001	0
11.221	0
11.222	0
11.223000000000001	0
11.224	0
11.225	0
11.226000000000001	0
11.227	0
11.228	0
11.229000000000001	0
11.23	0
11.231	0
11.232000000000001	0
11.233000000000001	0
11.234	0
11.234999999999999	0
11.236000000000001	0
11.237	0
11.238	0
11.239000000000001	0
11.24	0
11.241	0
11.242000000000001	0
11.243	0
11.244	0
11.245000000000001	0
11.246	0
11.247	0
11.248000000000001	0
11.249000000000001	0
11.25	0
11.250999999999999	0
11.252000000000001	0
11.253	0
11.254	0
11.255000000000001	0
11.256	0
11.257	0
11.258000000000001	0
11.259	0
11.26	0
11.261000000000001	0
11.262	0
11.263	0
11.263999999999999	0
11.265000000000001	0
11.266	0
11.266999999999999	0
11.268000000000001	0
11.269	0
11.27	0
11.271000000000001	0
11.272	0
11.273	0
11.274000000000001	0
11.275	0
11.276	0
11.277000000000001	0
11.278	0
11.279	0
11.279999999999999	0
11.281000000000001	0
11.282	0
11.282999999999999	0
11.284000000000001	0
11.285	0
11.286	0
11.287000000000001	0
11.288	0
11.289	0
11.290000000000001	0
11.291	0
11.292	0
11.293000000000001	0
11.294	0
11.295	0
11.295999999999999	0
11.297000000000001	0
11.298	0
11.298999999999999	0
11.300000000000001	0
11.301	0
11.302	0
11.303000000000001	0
11.304	0
11.305	0
11.306000000000001	0
11.307	0
11.308	0
11.309000000000001	0
11.31	0
11.311	0
11.311999999999999	0
11.313000000000001	0
11.314	0
11.315	0
11.316000000000001	0
11.317	0
11.318	0
11.319000000000001	0
11.32	0
11.321	0
11.322000000000001	0
11.323	0
11.324	0
11.325000000000001	0
11.326000000000001	0
11.327	0
11.327999999999999	0
11.329000000000001	0
11.33	0
11.331	0
11.332000000000001	0
11.333	0
11.334	0
11.335000000000001	0
11.336	0
11.337	0
11.338000000000001	0
11.339	0
11.34	0
11.341000000000001	0
11.342000000000001	0
11.343	0
11.343999999999999	0
11.345000000000001	0
11.346	0
11.347	0
11.348000000000001	0
11.349	0
11.35	0
11.351000000000001	0
11.352	0
11.353	0
11.354000000000001	0
11.355	0
11.356	0
11.357000000000001	0
11.358000000000001	0
11.359	0
11.359999999999999	0
11.361000000000001	0
11.362	0
11.363	0
11.364000000000001	0
11.365	0
11.366	0
11.367000000000001	0
11.368	0
11.369	0
11.370000000000001	0
11.371	0
11.372	0
11.373000000000001	0
11.374000000000001	0
11.375	0
11.375999999999999	0
11.377000000000001	0
11.378	0
11.379	0
11.380000000000001	0
11.381	0
11.382	0
11.383000000000001	0
11.384	0
11.385	0
11.386000000000001	0
11.387	0
11.388	0
11.389000000000001	0
11.390000000000001	0
11.391	0
11.391999999999999	0
11.393000000000001	0
11.394	0
11.395	0
11.396000000000001	0
11.397	0
11.398	0
11.399000000000001	0
11.4	0
11.401	0
11.402000000000001	0
11.403	0
11.404	0
11.404999999999999	0
11.406000000000001	0
11.407	0
11.407999999999999	0
11.409000000000001	0
11.41	0
11.411	0
11.412000000000001	0
11.413	0
11.414	0
11.415000000000001	0
11.416	0
11.417	0
11.418000000000001	0
11.419	0
11.42	0
11.420999999999999	0
11.422000000000001	0
11.423	0
11.423999999999999	0
11.425000000000001	0
11.426	0
11.427	0
11.428000000000001	0
11.429	0
11.43	0
11.431000000000001	0
11.432	0
11.433	0
11.434000000000001	0
11.435	0
11.436	0
11.436999999999999	0
11.438000000000001	0
11.439	0
11.44	0
11.441000000000001	0
11.442	0
11.443	0
11.444000000000001	0
11.445	0
11.446	0
11.447000000000001	0
11.448	0
11.449	0
11.450000000000001	0
11.451000000000001	0
11.452	0
11.452999999999999	0
11.454000000000001	0
11.455	0
11.456	0
11.457000000000001	0
11.458	0
11.459	0
11.460000000000001	0
11.461	0
11.462	0
11.463000000000001	0
11.464	0
11.465	0
11.466000000000001	0
11.467000000000001	0
11.468	0
11.468999999999999	0
11.470000000000001	0
11.471	0
11.472	0
11.473000000000001	0
11.474	0
11.475	0
11.476000000000001	0
11.477	0
11.478	0
11.479000000000001	0
11.48	0
11.481	0
11.482000000000001	0
11.483000000000001	0
11.484	0
11.484999999999999	0
11.486000000000001	0
11.487	0
11.488	0
11.489000000000001	0
11.49	0
11.491	0
11.492000000000001	0
11.493	0
11.494	0
11.495000000000001	0
11.496	0
11.497	0
11.498000000000001	0
11.499000000000001	0
11.5	0
11.500999999999999	0
11.502000000000001	0
11.503	0
11.504	0
11.505000000000001	0
11.506	0
11.507	0
11.508000000000001	0
11.509	0
11.51	0
11.511000000000001	0
11.512	0
11.513	0
11.514000000000001	0
11.515000000000001	0
11.516	0
11.516999999999999	0
11.518000000000001	0
11.519	0
11.52	0
11.521000000000001	0
11.522	0
11.523	0
11.524000000000001	0
11.525	0
11.526	0
11.527000000000001	0
11.528	0
11.529	0
11.529999999999999	0
11.531000000000001	0
11.532	0
11.532999999999999	0
11.534000000000001	0
11.535	0
11.536	0
11.537000000000001	0
11.538	0
11.539	0
11.540000000000001	0
11.541	0
11.542	0
11.543000000000001	0
11.544	0
11.545	0
11.545999999999999	0
11.547000000000001	0
11.548	0
11.548999999999999	0
11.550000000000001	0
11.551	0
11.552	0
11.553000000000001	0
11.554	0
11.555	0
11.556000000000001	0
11.557	0
11.558	0
11.559000000000001	0
11.56	0
11.561	0
11.561999999999999	0
11.563000000000001	0
11.564	0
11.565	0
11.566000000000001	0
11.567	0
11.568	0
11.569000000000001	0
11.57	0
11.571	0
11.572000000000001	0
11.573	0
11.574	0
11.575000000000001	0
11.576000000000001	0
11.577	0
11.577999999999999	0
11.579000000000001	0
11.58	0
11.581	0
11.582000000000001	0
11.583	0
11.584	0
11.585000000000001	0
11.586	0
11.587	0
11.588000000000001	0
11.589	0
11.59	0
11.591000000000001	0
11.592000000000001	0
11.593	0
11.593999999999999	0
11.595000000000001	0
11.596	0
11.597	0
11.598000000000001	0
11.599	0
11.6	0
11.601000000000001	0
11.602	0
11.603	0
11.604000000000001	0
11.605	0
11.606	0
11.607000000000001	0
11.608000000000001	0
11.609	0
11.609999999999999	0
11.611000000000001	0
11.612	0
11.613	0
11.614000000000001	0
11.615	0
11.616	0
11.617000000000001	0
11.618	0
11.619	0
11.620000000000001	0
11.621	0
11.622	0
11.623000000000001	0
11.624000000000001	0
11.625	0
11.625999999999999	0
11.627000000000001	0
11.628	0
11.629	0
11.630000000000001	0
11.631	0
11.632	0
11.633000000000001	0
11.634	0
11.635	0
11.636000000000001	0
11.637	0
11.638	0
11.639000000000001	0
11.640000000000001	0
11.641	0
11.641999999999999	0
11.643000000000001	0
11.644	0
11.645	0
11.646000000000001	0
11.647	0
11.648	0
11.649000000000001	0
11.65	0
11.651	0
11.652000000000001	0
11.653	0
11.654	0
11.654999999999999	0
11.656000000000001	0
11.657	0
11.657999999999999	0
11.659000000000001	0
11.66	0
11.661	0
11.662000000000001	0
11.663	0
11.664	0
11.665000000000001	0
11.666	0
11.667	0
11.668000000000001	0
11.669	0
11.67	0
11.670999999999999	0
11.672000000000001	0
11.673	0
11.673999999999999	0
11.675000000000001	0
11.676	0
11.677	0
11.678000000000001	0
11.679	0
11.68	0
11.681000000000001	0
11.682	0
11.683	0
11.684000000000001	0
11.685	0
11.686	0
11.686999999999999	0
11.688000000000001	0
11.689	0
11.69	0
11.691000000000001	0
11.692	0
11.693	0
11.694000000000001	0
11.695	0
11.696	0
11.697000000000001	0
11.698	0
11.699	0
11.700000000000001	0
11.701000000000001	0
11.702	0
11.702999999999999	0
11.704000000000001	0
11.705	0
11.706	0
11.707000000000001	0
11.708	0
11.709	0
11.710000000000001	0
11.711	0
11.712	0
11.713000000000001	0
11.714	0
11.715	0
11.716000000000001	0
11.717000000000001	0
11.718	0
11.718999999999999	0
11.720000000000001	0
11.721	0
11.722	0
11.723000000000001	0
11.724	0
11.725	0
11.726000000000001	0
11.727	0
11.728	0
11.729000000000001	0
11.73	0
11.731	0
11.732000000000001	0
11.733000000000001	0
11.734	0
11.734999999999999	0
11.736000000000001	0
11.737	0
11.738	0
11.739000000000001	0
11.74	0
11.741	0
11.742000000000001	0
11.743	0
11.744	0
11.745000000000001	0
11.746	0
11.747	0
11.748000000000001	0
11.749000000000001	0
11.75	0
11.750999999999999	0
11.752000000000001	0
11.753	0
11.754	0
11.755000000000001	0
11.756	0
11.757	0
11.758000000000001	0
11.759	0
11.76	0
11.761000000000001	0
11.762	0
11.763	0
11.764000000000001	0
11.765000000000001	0
11.766	0
11.766999999999999	0
11.768000000000001	0
11.769	0
11.77	0
11.771000000000001	0
11.772	0
11.773	0
11.774000000000001	0
11.775	0
11.776	0
11.777000000000001	0
11.778	0
11.779	0
11.779999999999999	0
11.781000000000001	0
11.782	0
11.782999999999999	0
11.784000000000001	0
11.785	0
11.786	0
11.787000000000001	0
11.788	0
11.789	0
11.790000000000001	0
11.791	0
11.792	0
11.793000000000001	0
11.794	0
11.795	0
11.795999999999999	0
11.797000000000001	0
11.798	0
11.798999999999999	0
11.800000000000001	0
11.801	0
11.802	0
11.803000000000001	0
11.804	0
11.805	0
11.806000000000001	0
11.807	0
11.808	0
11.809000000000001	0
11.81	0
11.811	0
11.811999999999999	0
11.813000000000001	0
11.814	0
11.815	0
11.816000000000001	0
11.817	0
11.818	0
11.819000000000001	0
11.82	0
11.821	0
11.822000000000001	0
11.823	0
11.824	0
11.825000000000001	0
11.826000000000001	0
11.827	0
11.827999999999999	0
11.829000000000001	0
11.83	0
11.831	0
11.832000000000001	0
11.833	0
11.834	0
11.835000000000001	0
11.836	0
11.837	0
11.838000000000001	0
11.839	0
11.84	0
11.841000000000001	0
11.842000000000001	0
11.843	0
11.843999999999999	0
11.845000000000001	0
11.846	0
11.847	0
11.848000000000001	0
11.849	0
11.85	0
11.851000000000001	0
11.852	0
11.853	0
11.854000000000001	0
11.855	0
11.856	0
11.857000000000001	0
11.858000000000001	0
11.859	0
11.859999999999999	0
11.861000000000001	0
11.862	0
11.863	0
11.864000000000001	0
11.865	0
11.866	0
11.867000000000001	0
11.868	0
11.869	0
11.870000000000001	0
11.871	0
11.872	0
11.873000000000001	0
11.874000000000001	0
11.875	0
11.875999999999999	0
11.877000000000001	0
11.878	0
11.879	0
11.880000000000001	0
11.881	0
11.882	0
11.883000000000001	0
11.884	0
11.885	0
11.886000000000001	0
11.887	0
11.888	0
11.889000000000001	0
11.890000000000001	0
11.891	0
11.891999999999999	0
11.893000000000001	0
11.894	0
11.895	0
11.896000000000001	0
11.897	0
11.898	0
11.899000000000001	0
11.9	0
11.901	0
11.902000000000001	0
11.903	0
11.904	0
11.904999999999999	0
11.906000000000001	0
11.907	0
11.907999999999999	0
11.909000000000001	0
11.91	0
11.911	0
11.912000000000001	0
11.913	0
11.914	0
11.915000000000001	0
11.916	0
11.917	0
11.918000000000001	0
11.919	0
11.92	0
11.920999999999999	0
11.922000000000001	0
11.923	0
11.923999999999999	0
11.925000000000001	0
11.926	0
11.927	0
11.928000000000001	0
11.929	0
11.93	0
11.931000000000001	0
11.932	0
11.933	0
11.934000000000001	0
11.935	0
11.936	0
11.936999999999999	0
11.938000000000001	0
11.939	0
11.94	0
11.941000000000001	0
11.942	0
11.943	0
11.944000000000001	0
11.945	0
11.946	0
11.947000000000001	0
11.948	0
11.949	0
11.950000000000001	0
11.951000000000001	0
11.952	0
11.952999999999999	0
11.954000000000001	0
11.955	0
11.956	0
11.957000000000001	0
11.958	0
11.959	0
11.960000000000001	0
11.961	0
11.962	0
11.963000000000001	0
11.964	0
11.965	0
11.966000000000001	0
11.967000000000001	0
11.968	0
11.968999999999999	0
11.970000000000001	0
11.971	0
11.972	0
11.973000000000001	0
11.974	0
11.975	0
11.976000000000001	0
11.977	0
11.978	0
11.979000000000001	0
11.98	0
11.981	0
11.982000000000001	0
11.983000000000001	0
11.984	0
11.984999999999999	0
11.986000000000001	0
11.987	0
11.988	0
11.989000000000001	0
11.99	0
11.991	0
11.992000000000001	0
11.993	0
11.994	0
11.995000000000001	0
11.996	0
11.997	0
11.998000000000001	0
11.999000000000001	0
12	0
