part,time [s],fvel.x [m/s],fvel.y [m/s],fvel.z [m/s],fomega.x [rad/s],fomega.y [rad/s],fomega.z [rad/s],center.x [m],center.y [m],center.z [m],surge [m],sway [m],heave [m],roll [deg],pitch [deg],yaw [deg],face.x [m/s^2],face.y [m/s^2],face.z [m/s^2],faceomega.x [rad/s^2],faceomega.y [rad/s^2],faceomega.z [rad/s^2],extforcelin.x [N],extforcelin.y [N],extforcelin.z [N],extforceang.x [Nm],extforceang.y [Nm],extforceang.z [Nm],fluidforcelin.x [N],fluidforcelin.y [N],fluidforcelin.z [N],fluidforceang.x [Nm],fluidforceang.y [Nm],fluidforceang.z [Nm],pre-acelin.x [m/s^2],pre-acelin.y [m/s^2],pre-acelin.z [m/s^2],pre-aceang.x [rad/s^2],pre-aceang.y [rad/s^2],pre-aceang.z [rad/s^2]
0,  0.000000000000E+00,  0.0000000E+00,  0.0000000E+00,  0.0000000E+00,  0.0000000E+00,  0.0000000E+00,  0.0000000E+00,  7.500000000000E-01,  3.000000000000E-01,  5.500000000000E-01,  0.0000000E+00,  0.0000000E+00,  0.0000000E+00,  0.0000000E+00, -0.0000000E+00,  0.0000000E+00,  0.0000000E+00,  0.0000000E+00,  0.0000000E+00,  0.0000000E+00,  0.0000000E+00,  0.0000000E+00,  0.0000000E+00,  0.0000000E+00,  0.0000000E+00,  0.0000000E+00,  0.0000000E+00,  0.0000000E+00,  0.0000000E+00,  0.0000000E+00,  0.0000000E+00,  0.0000000E+00,  0.0000000E+00,  0.0000000E+00,  0.0000000E+00,  0.0000000E+00,  0.0000000E+00,  0.0000000E+00,  0.0000000E+00,  0.0000000E+00
1,  5.170017028172E-03,  0.0000000E+00,  0.0000000E+00, -5.0717868E-02,  0.0000000E+00,  0.0000000E+00,  0.0000000E+00,  7.500000000000E-01,  3.000000000000E-01,  5.498748532634E-01,  0.0000000E+00,  0.0000000E+00, -1.2514674E-04,  0.0000000E+00, -0.0000000E+00,  0.0000000E+00,  0.0000000E+00,  0.0000000E+00, -9.8100014E+00,  0.0000000E+00,  0.0000000E+00,  0.0000000E+00,  0.0000000E+00,  0.0000000E+00,  0.0000000E+00,  0.0000000E+00,  0.0000000E+00,  0.0000000E+00,  0.0000000E+00,  0.0000000E+00,  0.0000000E+00,  0.0000000E+00,  0.0000000E+00,  0.0000000E+00,  0.0000000E+00,  0.0000000E+00, -9.8099995E+00,  0.0000000E+00,  0.0000000E+00,  0.0000000E+00
2,  1.010973094647E-02,  0.0000000E+00,  0.0000000E+00, -9.9176474E-02,  0.0000000E+00,  0.0000000E+00,  0.0000000E+00,  7.500000000000E-01,  3.000000000000E-01,  5.495103350250E-01,  0.0000000E+00,  0.0000000E+00, -4.8966498E-04,  0.0000000E+00, -0.0000000E+00,  0.0000000E+00,  0.0000000E+00,  0.0000000E+00, -9.8100119E+00,  0.0000000E+00,  0.0000000E+00,  0.0000000E+00,  0.0000000E+00,  0.0000000E+00,  0.0000000E+00,  0.0000000E+00,  0.0000000E+00,  0.0000000E+00,  0.0000000E+00,  0.0000000E+00,  0.0000000E+00,  0.0000000E+00,  0.0000000E+00,  0.0000000E+00,  0.0000000E+00,  0.0000000E+00, -9.8099995E+00,  0.0000000E+00,  0.0000000E+00,  0.0000000E+00
3,  1.504534694050E-02,  0.0000000E+00,  0.0000000E+00, -1.4759485E-01,  0.0000000E+00,  0.0000000E+00,  0.0000000E+00,  7.500000000000E-01,  3.000000000000E-01,  5.489070406824E-01,  0.0000000E+00,  0.0000000E+00, -1.0929593E-03,  0.0000000E+00, -0.0000000E+00,  0.0000000E+00,  0.0000000E+00,  0.0000000E+00, -9.8100300E+00,  0.0000000E+00,  0.0000000E+00,  0.0000000E+00,  0.0000000E+00,  0.0000000E+00,  0.0000000E+00,  0.0000000E+00,  0.0000000E+00,  0.0000000E+00,  0.0000000E+00,  0.0000000E+00,  0.0000000E+00,  0.0000000E+00,  0.0000000E+00,  0.0000000E+00,  0.0000000E+00,  0.0000000E+00, -9.8099995E+00,  0.0000000E+00,  0.0000000E+00,  0.0000000E+00
4,  2.020919014174E-02,  0.0000000E+00,  0.0000000E+00, -1.9825216E-01,  0.0000000E+00,  0.0000000E+00,  0.0000000E+00,  7.500000000000E-01,  3.000000000000E-01,  5.480200359462E-01,  0.0000000E+00,  0.0000000E+00, -1.9799641E-03,  0.0000000E+00, -0.0000000E+00,  0.0000000E+00,  0.0000000E+00,  0.0000000E+00, -9.8099699E+00,  0.0000000E+00,  0.0000000E+00,  0.0000000E+00,  0.0000000E+00,  0.0000000E+00,  0.0000000E+00,  0.0000000E+00,  0.0000000E+00,  0.0000000E+00,  0.0000000E+00,  0.0000000E+00,  0.0000000E+00,  0.0000000E+00,  0.0000000E+00,  0.0000000E+00,  0.0000000E+00,  0.0000000E+00, -9.8099995E+00,  0.0000000E+00,  0.0000000E+00,  0.0000000E+00
5,  2.512941141330E-02,  0.0000000E+00,  0.0000000E+00, -2.4651951E-01,  0.0000000E+00,  0.0000000E+00,  0.0000000E+00,  7.500000000000E-01,  3.000000000000E-01,  5.469315029349E-01,  0.0000000E+00,  0.0000000E+00, -3.0684971E-03,  0.0000000E+00, -0.0000000E+00,  0.0000000E+00,  0.0000000E+00,  0.0000000E+00, -9.8100157E+00,  0.0000000E+00,  0.0000000E+00,  0.0000000E+00,  0.0000000E+00,  0.0000000E+00,  0.0000000E+00,  0.0000000E+00,  0.0000000E+00,  0.0000000E+00,  0.0000000E+00,  0.0000000E+00,  0.0000000E+00,  0.0000000E+00,  0.0000000E+00,  0.0000000E+00,  0.0000000E+00,  0.0000000E+00, -9.8099995E+00,  0.0000000E+00,  0.0000000E+00,  0.0000000E+00
6,  3.003681760720E-02,  0.0000000E+00,  0.0000000E+00, -2.9466119E-01,  0.0000000E+00,  0.0000000E+00,  0.0000000E+00,  7.500000000000E-01,  3.000000000000E-01,  5.456092311497E-01,  0.0000000E+00,  0.0000000E+00, -4.3907689E-03,  0.0000000E+00, -0.0000000E+00,  0.0000000E+00,  0.0000000E+00,  0.0000000E+00, -9.8100166E+00,  0.0000000E+00,  0.0000000E+00,  0.0000000E+00,  0.0000000E+00,  0.0000000E+00,  0.0000000E+00,  0.0000000E+00,  0.0000000E+00,  0.0000000E+00,  0.0000000E+00,  0.0000000E+00,  0.0000000E+00,  0.0000000E+00,  0.0000000E+00,  0.0000000E+00,  0.0000000E+00,  0.0000000E+00, -9.8099995E+00,  0.0000000E+00,  0.0000000E+00,  0.0000000E+00
7,  3.517148855837E-02,  0.0000000E+00,  0.0000000E+00, -3.4503230E-01,  0.0000000E+00,  0.0000000E+00,  0.0000000E+00,  7.500000000000E-01,  3.000000000000E-01,  5.439728015790E-01,  0.0000000E+00,  0.0000000E+00, -6.0271984E-03,  0.0000000E+00, -0.0000000E+00,  0.0000000E+00,  0.0000000E+00,  0.0000000E+00, -9.8099909E+00,  0.0000000E+00,  0.0000000E+00,  0.0000000E+00,  0.0000000E+00,  0.0000000E+00,  0.0000000E+00,  0.0000000E+00,  0.0000000E+00,  0.0000000E+00,  0.0000000E+00,  0.0000000E+00,  0.0000000E+00,  0.0000000E+00,  0.0000000E+00,  0.0000000E+00,  0.0000000E+00,  0.0000000E+00, -9.8099995E+00,  0.0000000E+00,  0.0000000E+00,  0.0000000E+00
8,  4.005852114238E-02,  0.0000000E+00,  0.0000000E+00, -3.9297408E-01,  0.0000000E+00,  0.0000000E+00,  0.0000000E+00,  7.500000000000E-01,  3.000000000000E-01,  5.421750493180E-01,  0.0000000E+00,  0.0000000E+00, -7.8249507E-03,  0.0000000E+00, -0.0000000E+00,  0.0000000E+00,  0.0000000E+00,  0.0000000E+00, -9.8099527E+00,  0.0000000E+00,  0.0000000E+00,  0.0000000E+00,  0.0000000E+00,  0.0000000E+00,  0.0000000E+00,  0.0000000E+00,  0.0000000E+00,  0.0000000E+00,  0.0000000E+00,  0.0000000E+00,  0.0000000E+00,  0.0000000E+00,  0.0000000E+00,  0.0000000E+00,  0.0000000E+00,  0.0000000E+00, -9.8099995E+00,  0.0000000E+00,  0.0000000E+00,  0.0000000E+00
9,  4.516770632982E-02,  0.0000000E+00,  0.0000000E+00, -4.4309518E-01,  0.0000000E+00,  0.0000000E+00,  0.0000000E+00,  7.500000000000E-01,  3.000000000000E-01,  5.400450529335E-01,  0.0000000E+00,  0.0000000E+00, -9.9549471E-03,  0.0000000E+00, -0.0000000E+00,  0.0000000E+00,  0.0000000E+00,  0.0000000E+00, -9.8099833E+00,  0.0000000E+00,  0.0000000E+00,  0.0000000E+00,  0.0000000E+00,  0.0000000E+00,  0.0000000E+00,  0.0000000E+00,  0.0000000E+00,  0.0000000E+00,  0.0000000E+00,  0.0000000E+00,  0.0000000E+00,  0.0000000E+00,  0.0000000E+00,  0.0000000E+00,  0.0000000E+00,  0.0000000E+00, -9.8099995E+00,  0.0000000E+00,  0.0000000E+00,  0.0000000E+00
10,  5.003739064992E-02,  0.0000000E+00,  0.0000000E+00, -4.9086681E-01,  0.0000000E+00,  0.0000000E+00,  0.0000000E+00,  7.500000000000E-01,  3.000000000000E-01,  5.377765418179E-01,  0.0000000E+00,  0.0000000E+00, -1.2223458E-02,  0.0000000E+00, -0.0000000E+00,  0.0000000E+00,  0.0000000E+00,  0.0000000E+00, -9.8100262E+00,  0.0000000E+00,  0.0000000E+00,  0.0000000E+00,  0.0000000E+00,  0.0000000E+00,  0.0000000E+00,  0.0000000E+00,  0.0000000E+00,  0.0000000E+00,  0.0000000E+00,  0.0000000E+00,  0.0000000E+00,  0.0000000E+00,  0.0000000E+00,  0.0000000E+00,  0.0000000E+00,  0.0000000E+00, -9.8099995E+00,  0.0000000E+00,  0.0000000E+00,  0.0000000E+00
11,  5.513464614938E-02,  0.0000000E+00,  0.0000000E+00, -5.4087090E-01,  0.0000000E+00,  0.0000000E+00,  0.0000000E+00,  7.500000000000E-01,  3.000000000000E-01,  5.351528192152E-01,  0.0000000E+00,  0.0000000E+00, -1.4847181E-02,  0.0000000E+00, -0.0000000E+00,  0.0000000E+00,  0.0000000E+00,  0.0000000E+00, -9.8100138E+00,  0.0000000E+00,  0.0000000E+00,  0.0000000E+00,  0.0000000E+00,  0.0000000E+00,  0.0000000E+00,  0.0000000E+00,  0.0000000E+00,  0.0000000E+00,  0.0000000E+00,  0.0000000E+00,  0.0000000E+00,  0.0000000E+00,  0.0000000E+00,  0.0000000E+00,  0.0000000E+00,  0.0000000E+00, -9.8099995E+00,  0.0000000E+00,  0.0000000E+00,  0.0000000E+00
12,  6.022685030138E-02,  0.0000000E+00,  0.0000000E+00, -5.9082550E-01,  0.0000000E+00,  0.0000000E+00,  0.0000000E+00,  7.500000000000E-01,  3.000000000000E-01,  5.322771858354E-01,  0.0000000E+00,  0.0000000E+00, -1.7722814E-02,  0.0000000E+00, -0.0000000E+00,  0.0000000E+00,  0.0000000E+00,  0.0000000E+00, -9.8100119E+00,  0.0000000E+00,  0.0000000E+00,  0.0000000E+00,  0.0000000E+00,  0.0000000E+00,  0.0000000E+00,  0.0000000E+00,  0.0000000E+00,  0.0000000E+00,  0.0000000E+00,  0.0000000E+00,  0.0000000E+00,  0.0000000E+00,  0.0000000E+00,  0.0000000E+00,  0.0000000E+00,  0.0000000E+00, -9.8099995E+00,  0.0000000E+00,  0.0000000E+00,  0.0000000E+00
13,  6.507350598699E-02,  0.0000000E+00,  0.0000000E+00, -6.3837117E-01,  0.0000000E+00,  0.0000000E+00,  0.0000000E+00,  7.500000000000E-01,  3.000000000000E-01,  5.293039260686E-01,  0.0000000E+00,  0.0000000E+00, -2.0696074E-02,  0.0000000E+00, -0.0000000E+00,  0.0000000E+00,  0.0000000E+00,  0.0000000E+00, -9.8100557E+00,  0.0000000E+00,  0.0000000E+00,  0.0000000E+00,  0.0000000E+00,  0.0000000E+00,  0.0000000E+00,  0.0000000E+00,  0.0000000E+00,  0.0000000E+00,  0.0000000E+00,  0.0000000E+00,  0.0000000E+00,  0.0000000E+00,  0.0000000E+00,  0.0000000E+00,  0.0000000E+00,  0.0000000E+00, -9.8099995E+00,  0.0000000E+00,  0.0000000E+00,  0.0000000E+00
14,  7.005365694947E-02,  0.0000000E+00,  0.0000000E+00, -6.8722647E-01,  0.0000000E+00,  0.0000000E+00,  0.0000000E+00,  7.500000000000E-01,  3.000000000000E-01,  5.260086178725E-01,  0.0000000E+00,  0.0000000E+00, -2.3991382E-02,  0.0000000E+00, -0.0000000E+00,  0.0000000E+00,  0.0000000E+00,  0.0000000E+00, -9.8098860E+00,  0.0000000E+00,  0.0000000E+00,  0.0000000E+00,  0.0000000E+00,  0.0000000E+00,  0.0000000E+00,  0.0000000E+00,  0.0000000E+00,  0.0000000E+00,  0.0000000E+00,  0.0000000E+00,  0.0000000E+00,  0.0000000E+00,  0.0000000E+00,  0.0000000E+00,  0.0000000E+00,  0.0000000E+00, -9.8099995E+00,  0.0000000E+00,  0.0000000E+00,  0.0000000E+00
15,  7.501075884631E-02,  0.0000000E+00,  0.0000000E+00, -7.3585570E-01,  0.0000000E+00,  0.0000000E+00,  0.0000000E+00,  7.500000000000E-01,  3.000000000000E-01,  5.224869150334E-01,  0.0000000E+00,  0.0000000E+00, -2.7513085E-02,  0.0000000E+00, -0.0000000E+00,  0.0000000E+00,  0.0000000E+00,  0.0000000E+00, -9.8100462E+00,  0.0000000E+00,  0.0000000E+00,  0.0000000E+00,  0.0000000E+00,  0.0000000E+00,  0.0000000E+00,  0.0000000E+00,  0.0000000E+00,  0.0000000E+00,  0.0000000E+00,  0.0000000E+00,  0.0000000E+00,  0.0000000E+00,  0.0000000E+00,  0.0000000E+00,  0.0000000E+00,  0.0000000E+00, -9.8099995E+00,  0.0000000E+00,  0.0000000E+00,  0.0000000E+00
16,  8.018222957393E-02,  0.0000000E+00,  0.0000000E+00, -7.8658795E-01,  0.0000000E+00,  0.0000000E+00,  0.0000000E+00,  7.500000000000E-01,  3.000000000000E-01,  5.185559821509E-01,  0.0000000E+00,  0.0000000E+00, -3.1444018E-02,  0.0000000E+00, -0.0000000E+00,  0.0000000E+00,  0.0000000E+00,  0.0000000E+00, -9.8099623E+00,  0.0000000E+00,  0.0000000E+00,  0.0000000E+00,  0.0000000E+00,  0.0000000E+00,  0.0000000E+00,  0.0000000E+00,  0.0000000E+00,  0.0000000E+00,  0.0000000E+00,  0.0000000E+00,  0.0000000E+00,  0.0000000E+00,  0.0000000E+00,  0.0000000E+00,  0.0000000E+00,  0.0000000E+00, -9.8099995E+00,  0.0000000E+00,  0.0000000E+00,  0.0000000E+00
17,  8.508404112262E-02,  0.0000000E+00,  0.0000000E+00, -8.3467466E-01,  0.0000000E+00,  0.0000000E+00,  0.0000000E+00,  7.500000000000E-01,  3.000000000000E-01,  5.145877775469E-01,  0.0000000E+00,  0.0000000E+00, -3.5412222E-02,  0.0000000E+00, -0.0000000E+00,  0.0000000E+00,  0.0000000E+00,  0.0000000E+00, -9.8099699E+00,  0.0000000E+00,  0.0000000E+00,  0.0000000E+00,  0.0000000E+00,  0.0000000E+00,  0.0000000E+00,  0.0000000E+00,  0.0000000E+00,  0.0000000E+00,  0.0000000E+00,  0.0000000E+00,  0.0000000E+00,  0.0000000E+00,  0.0000000E+00,  0.0000000E+00,  0.0000000E+00,  0.0000000E+00, -9.8099995E+00,  0.0000000E+00,  0.0000000E+00,  0.0000000E+00
18,  9.021755229188E-02,  0.0000000E+00,  0.0000000E+00, -8.8503438E-01,  0.0000000E+00,  0.0000000E+00,  0.0000000E+00,  7.500000000000E-01,  3.000000000000E-01,  5.101793248205E-01,  0.0000000E+00,  0.0000000E+00, -3.9820675E-02,  0.0000000E+00, -0.0000000E+00,  0.0000000E+00,  0.0000000E+00,  0.0000000E+00, -9.8099203E+00,  0.0000000E+00,  0.0000000E+00,  0.0000000E+00,  0.0000000E+00,  0.0000000E+00,  0.0000000E+00,  0.0000000E+00,  0.0000000E+00,  0.0000000E+00,  0.0000000E+00,  0.0000000E+00,  0.0000000E+00,  0.0000000E+00,  0.0000000E+00,  0.0000000E+00,  0.0000000E+00,  0.0000000E+00, -9.8099995E+00,  0.0000000E+00,  0.0000000E+00,  0.0000000E+00
19,  9.511835258702E-02,  0.0000000E+00,  0.0000000E+00, -9.3311113E-01,  0.0000000E+00,  0.0000000E+00,  0.0000000E+00,  7.500000000000E-01,  3.000000000000E-01,  5.057294956936E-01,  0.0000000E+00,  0.0000000E+00, -4.4270504E-02,  0.0000000E+00, -0.0000000E+00,  0.0000000E+00,  0.0000000E+00,  0.0000000E+00, -9.8099003E+00,  0.0000000E+00,  0.0000000E+00,  0.0000000E+00,  0.0000000E+00,  0.0000000E+00,  0.0000000E+00,  0.0000000E+00,  0.0000000E+00,  0.0000000E+00,  0.0000000E+00,  0.0000000E+00,  0.0000000E+00,  0.0000000E+00,  0.0000000E+00,  0.0000000E+00,  0.0000000E+00,  0.0000000E+00, -9.8099995E+00,  0.0000000E+00,  0.0000000E+00,  0.0000000E+00
20,  1.000990471763E-01,  0.0000000E+00,  0.0000000E+00, -9.8197192E-01,  0.0000000E+00,  0.0000000E+00,  0.0000000E+00,  7.500000000000E-01,  3.000000000000E-01,  5.009655645668E-01,  0.0000000E+00,  0.0000000E+00, -4.9034435E-02,  0.0000000E+00, -0.0000000E+00,  0.0000000E+00,  0.0000000E+00,  0.0000000E+00, -9.8100166E+00,  0.0000000E+00,  0.0000000E+00,  0.0000000E+00,  0.0000000E+00,  0.0000000E+00,  0.0000000E+00,  0.0000000E+00,  0.0000000E+00,  0.0000000E+00,  0.0000000E+00,  0.0000000E+00,  0.0000000E+00,  0.0000000E+00,  0.0000000E+00,  0.0000000E+00,  0.0000000E+00,  0.0000000E+00, -9.8099995E+00,  0.0000000E+00,  0.0000000E+00,  0.0000000E+00
21,  1.050785280459E-01,  0.0000000E+00,  0.0000000E+00, -1.0308208E+00,  0.0000000E+00,  0.0000000E+00,  0.0000000E+00,  7.500000000000E-01,  3.000000000000E-01,  4.959595209629E-01,  0.0000000E+00,  0.0000000E+00, -5.4040479E-02,  0.0000000E+00, -0.0000000E+00,  0.0000000E+00,  0.0000000E+00,  0.0000000E+00, -9.8099899E+00,  0.0000000E+00,  0.0000000E+00,  0.0000000E+00,  0.0000000E+00,  0.0000000E+00,  0.0000000E+00,  0.0000000E+00,  0.0000000E+00,  0.0000000E+00,  0.0000000E+00,  0.0000000E+00,  0.0000000E+00,  0.0000000E+00,  0.0000000E+00,  0.0000000E+00,  0.0000000E+00,  0.0000000E+00, -9.8099995E+00,  0.0000000E+00,  0.0000000E+00,  0.0000000E+00
22,  1.101007139668E-01,  0.0000000E+00,  0.0000000E+00, -1.0800886E+00,  0.0000000E+00,  0.0000000E+00,  0.0000000E+00,  7.500000000000E-01,  3.000000000000E-01,  4.906642102528E-01,  0.0000000E+00,  0.0000000E+00, -5.9335790E-02,  0.0000000E+00, -0.0000000E+00,  0.0000000E+00,  0.0000000E+00,  0.0000000E+00, -9.8102455E+00,  0.0000000E+00,  0.0000000E+00,  0.0000000E+00,  0.0000000E+00,  0.0000000E+00,  0.0000000E+00,  0.0000000E+00,  0.0000000E+00,  0.0000000E+00,  0.0000000E+00,  0.0000000E+00,  0.0000000E+00,  0.0000000E+00,  0.0000000E+00,  0.0000000E+00,  0.0000000E+00,  0.0000000E+00, -9.8099995E+00,  0.0000000E+00,  0.0000000E+00,  0.0000000E+00
23,  1.151757021369E-01,  0.0000000E+00,  0.0000000E+00, -1.1298743E+00,  0.0000000E+00,  0.0000000E+00,  0.0000000E+00,  7.500000000000E-01,  3.000000000000E-01,  4.850619348828E-01,  0.0000000E+00,  0.0000000E+00, -6.4938065E-02,  0.0000000E+00, -0.0000000E+00,  0.0000000E+00,  0.0000000E+00,  0.0000000E+00, -9.8097563E+00,  0.0000000E+00,  0.0000000E+00,  0.0000000E+00,  0.0000000E+00,  0.0000000E+00,  0.0000000E+00,  0.0000000E+00,  0.0000000E+00,  0.0000000E+00,  0.0000000E+00,  0.0000000E+00,  0.0000000E+00,  0.0000000E+00,  0.0000000E+00,  0.0000000E+00,  0.0000000E+00,  0.0000000E+00, -9.8099995E+00,  0.0000000E+00,  0.0000000E+00,  0.0000000E+00
24,  1.200505376986E-01,  0.0000000E+00,  0.0000000E+00, -1.1776962E+00,  0.0000000E+00,  0.0000000E+00,  0.0000000E+00,  7.500000000000E-01,  3.000000000000E-01,  4.794424904767E-01,  0.0000000E+00,  0.0000000E+00, -7.0557510E-02,  0.0000000E+00, -0.0000000E+00,  0.0000000E+00,  0.0000000E+00,  0.0000000E+00, -9.8102160E+00,  0.0000000E+00,  0.0000000E+00,  0.0000000E+00,  0.0000000E+00,  0.0000000E+00,  0.0000000E+00,  0.0000000E+00,  0.0000000E+00,  0.0000000E+00,  0.0000000E+00,  0.0000000E+00,  0.0000000E+00,  0.0000000E+00,  0.0000000E+00,  0.0000000E+00,  0.0000000E+00,  0.0000000E+00, -9.8099995E+00,  0.0000000E+00,  0.0000000E+00,  0.0000000E+00
25,  1.250469219572E-01,  0.0000000E+00,  0.0000000E+00, -1.2267109E+00,  0.0000000E+00,  0.0000000E+00,  0.0000000E+00,  7.500000000000E-01,  3.000000000000E-01,  4.734407183383E-01,  0.0000000E+00,  0.0000000E+00, -7.6559282E-02,  0.0000000E+00, -0.0000000E+00,  0.0000000E+00,  0.0000000E+00,  0.0000000E+00, -9.8101921E+00,  0.0000000E+00,  0.0000000E+00,  0.0000000E+00,  0.0000000E+00,  0.0000000E+00,  0.0000000E+00,  0.0000000E+00,  0.0000000E+00,  0.0000000E+00,  0.0000000E+00,  0.0000000E+00,  0.0000000E+00,  0.0000000E+00,  0.0000000E+00,  0.0000000E+00,  0.0000000E+00,  0.0000000E+00, -9.8099995E+00,  0.0000000E+00,  0.0000000E+00,  0.0000000E+00
26,  1.300253543289E-01,  0.0000000E+00,  0.0000000E+00, -1.2755492E+00,  0.0000000E+00,  0.0000000E+00,  0.0000000E+00,  7.500000000000E-01,  3.000000000000E-01,  4.672167295142E-01,  0.0000000E+00,  0.0000000E+00, -8.2783270E-02,  0.0000000E+00, -0.0000000E+00,  0.0000000E+00,  0.0000000E+00,  0.0000000E+00, -9.8100185E+00,  0.0000000E+00,  0.0000000E+00,  0.0000000E+00,  0.0000000E+00,  0.0000000E+00,  0.0000000E+00,  0.0000000E+00,  0.0000000E+00,  0.0000000E+00,  0.0000000E+00,  0.0000000E+00,  0.0000000E+00,  0.0000000E+00,  0.0000000E+00,  0.0000000E+00,  0.0000000E+00,  0.0000000E+00, -9.8099995E+00,  0.0000000E+00,  0.0000000E+00,  0.0000000E+00
27,  1.351220281668E-01,  0.0000000E+00,  0.0000000E+00, -1.3255473E+00,  0.0000000E+00,  0.0000000E+00,  0.0000000E+00,  7.500000000000E-01,  3.000000000000E-01,  4.605931620761E-01,  0.0000000E+00,  0.0000000E+00, -8.9406838E-02,  0.0000000E+00, -0.0000000E+00,  0.0000000E+00,  0.0000000E+00,  0.0000000E+00, -9.8102427E+00,  0.0000000E+00,  0.0000000E+00,  0.0000000E+00,  0.0000000E+00,  0.0000000E+00,  0.0000000E+00,  0.0000000E+00,  0.0000000E+00,  0.0000000E+00,  0.0000000E+00,  0.0000000E+00,  0.0000000E+00,  0.0000000E+00,  0.0000000E+00,  0.0000000E+00,  0.0000000E+00,  0.0000000E+00, -9.8099995E+00,  0.0000000E+00,  0.0000000E+00,  0.0000000E+00
28,  1.400250927594E-01,  0.0000000E+00,  0.0000000E+00, -1.3736465E+00,  0.0000000E+00,  0.0000000E+00,  0.0000000E+00,  7.500000000000E-01,  3.000000000000E-01,  4.539811294031E-01,  0.0000000E+00,  0.0000000E+00, -9.6018871E-02,  0.0000000E+00, -0.0000000E+00,  0.0000000E+00,  0.0000000E+00,  0.0000000E+00, -9.8102264E+00,  0.0000000E+00,  0.0000000E+00,  0.0000000E+00,  0.0000000E+00,  0.0000000E+00,  0.0000000E+00,  0.0000000E+00,  0.0000000E+00,  0.0000000E+00,  0.0000000E+00,  0.0000000E+00,  0.0000000E+00,  0.0000000E+00,  0.0000000E+00,  0.0000000E+00,  0.0000000E+00,  0.0000000E+00, -9.8099995E+00,  0.0000000E+00,  0.0000000E+00,  0.0000000E+00
29,  1.450296843484E-01,  0.0000000E+00,  0.0000000E+00, -1.4227417E+00,  0.0000000E+00,  0.0000000E+00,  0.0000000E+00,  7.500000000000E-01,  3.000000000000E-01,  4.469890807043E-01,  0.0000000E+00,  0.0000000E+00, -1.0301092E-01,  0.0000000E+00, -0.0000000E+00,  0.0000000E+00,  0.0000000E+00,  0.0000000E+00, -9.8097734E+00,  0.0000000E+00,  0.0000000E+00,  0.0000000E+00,  0.0000000E+00,  0.0000000E+00,  0.0000000E+00,  0.0000000E+00,  0.0000000E+00,  0.0000000E+00,  0.0000000E+00,  0.0000000E+00,  0.0000000E+00,  0.0000000E+00,  0.0000000E+00,  0.0000000E+00,  0.0000000E+00,  0.0000000E+00, -9.8099995E+00,  0.0000000E+00,  0.0000000E+00,  0.0000000E+00
30,  1.501389450478E-01,  0.0000000E+00,  0.0000000E+00, -1.4728633E+00,  0.0000000E+00,  0.0000000E+00,  0.0000000E+00,  7.500000000000E-01,  3.000000000000E-01,  4.395972188336E-01,  0.0000000E+00,  0.0000000E+00, -1.1040278E-01,  0.0000000E+00, -0.0000000E+00,  0.0000000E+00,  0.0000000E+00,  0.0000000E+00, -9.8097229E+00,  0.0000000E+00,  0.0000000E+00,  0.0000000E+00,  0.0000000E+00,  0.0000000E+00,  0.0000000E+00,  0.0000000E+00,  0.0000000E+00,  0.0000000E+00,  0.0000000E+00,  0.0000000E+00,  0.0000000E+00,  0.0000000E+00,  0.0000000E+00,  0.0000000E+00,  0.0000000E+00,  0.0000000E+00, -9.8099995E+00,  0.0000000E+00,  0.0000000E+00,  0.0000000E+00
31,  1.551235864813E-01,  0.0000000E+00,  0.0000000E+00, -1.5217627E+00,  0.0000000E+00,  0.0000000E+00,  0.0000000E+00,  7.500000000000E-01,  3.000000000000E-01,  4.321385276893E-01,  0.0000000E+00,  0.0000000E+00, -1.1786147E-01,  0.0000000E+00, -0.0000000E+00,  0.0000000E+00,  0.0000000E+00,  0.0000000E+00, -9.8102121E+00,  0.0000000E+00,  0.0000000E+00,  0.0000000E+00,  0.0000000E+00,  0.0000000E+00,  0.0000000E+00,  0.0000000E+00,  0.0000000E+00,  0.0000000E+00,  0.0000000E+00,  0.0000000E+00,  0.0000000E+00,  0.0000000E+00,  0.0000000E+00,  0.0000000E+00,  0.0000000E+00,  0.0000000E+00, -9.8099995E+00,  0.0000000E+00,  0.0000000E+00,  0.0000000E+00
32,  1.600701893332E-01,  0.0000000E+00,  0.0000000E+00, -1.5702891E+00,  0.0000000E+00,  0.0000000E+00,  0.0000000E+00,  7.500000000000E-01,  3.000000000000E-01,  4.244959519588E-01,  0.0000000E+00,  0.0000000E+00, -1.2550405E-01,  0.0000000E+00, -0.0000000E+00,  0.0000000E+00,  0.0000000E+00,  0.0000000E+00, -9.8098240E+00,  0.0000000E+00,  0.0000000E+00,  0.0000000E+00,  0.0000000E+00,  0.0000000E+00,  0.0000000E+00,  0.0000000E+00,  0.0000000E+00,  0.0000000E+00,  0.0000000E+00,  0.0000000E+00,  0.0000000E+00,  0.0000000E+00,  0.0000000E+00,  0.0000000E+00,  0.0000000E+00,  0.0000000E+00, -9.8099995E+00,  0.0000000E+00,  0.0000000E+00,  0.0000000E+00
33,  1.650949671768E-01,  0.0000000E+00,  0.0000000E+00, -1.6195822E+00,  0.0000000E+00,  0.0000000E+00,  0.0000000E+00,  7.500000000000E-01,  3.000000000000E-01,  4.164865264937E-01,  0.0000000E+00,  0.0000000E+00, -1.3351347E-01,  0.0000000E+00, -0.0000000E+00,  0.0000000E+00,  0.0000000E+00,  0.0000000E+00, -9.8103085E+00,  0.0000000E+00,  0.0000000E+00,  0.0000000E+00,  0.0000000E+00,  0.0000000E+00,  0.0000000E+00,  0.0000000E+00,  0.0000000E+00,  0.0000000E+00,  0.0000000E+00,  0.0000000E+00,  0.0000000E+00,  0.0000000E+00,  0.0000000E+00,  0.0000000E+00,  0.0000000E+00,  0.0000000E+00, -9.8099995E+00,  0.0000000E+00,  0.0000000E+00,  0.0000000E+00
34,  1.700614146675E-01,  0.0000000E+00,  0.0000000E+00, -1.6683028E+00,  0.0000000E+00,  0.0000000E+00,  0.0000000E+00,  7.500000000000E-01,  3.000000000000E-01,  4.083252734854E-01,  0.0000000E+00,  0.0000000E+00, -1.4167473E-01,  0.0000000E+00, -0.0000000E+00,  0.0000000E+00,  0.0000000E+00,  0.0000000E+00, -9.8099003E+00,  0.0000000E+00,  0.0000000E+00,  0.0000000E+00,  0.0000000E+00,  0.0000000E+00,  0.0000000E+00,  0.0000000E+00,  0.0000000E+00,  0.0000000E+00,  0.0000000E+00,  0.0000000E+00,  0.0000000E+00,  0.0000000E+00,  0.0000000E+00,  0.0000000E+00,  0.0000000E+00,  0.0000000E+00, -9.8099995E+00,  0.0000000E+00,  0.0000000E+00,  0.0000000E+00
35,  1.750713929248E-01,  0.0000000E+00,  0.0000000E+00, -1.7174509E+00,  0.0000000E+00,  0.0000000E+00,  0.0000000E+00,  7.500000000000E-01,  3.000000000000E-01,  3.998472385243E-01,  0.0000000E+00,  0.0000000E+00, -1.5015276E-01,  0.0000000E+00, -0.0000000E+00,  0.0000000E+00,  0.0000000E+00,  0.0000000E+00, -9.8103790E+00,  0.0000000E+00,  0.0000000E+00,  0.0000000E+00,  0.0000000E+00,  0.0000000E+00,  0.0000000E+00,  0.0000000E+00,  0.0000000E+00,  0.0000000E+00,  0.0000000E+00,  0.0000000E+00,  0.0000000E+00,  0.0000000E+00,  0.0000000E+00,  0.0000000E+00,  0.0000000E+00,  0.0000000E+00, -9.8099995E+00,  0.0000000E+00,  0.0000000E+00,  0.0000000E+00
36,  1.800544580520E-01,  0.0000000E+00,  0.0000000E+00, -1.7663349E+00,  0.0000000E+00,  0.0000000E+00,  0.0000000E+00,  7.500000000000E-01,  3.000000000000E-01,  3.911704785225E-01,  0.0000000E+00,  0.0000000E+00, -1.5882952E-01,  0.0000000E+00, -0.0000000E+00,  0.0000000E+00,  0.0000000E+00,  0.0000000E+00, -9.8098202E+00,  0.0000000E+00,  0.0000000E+00,  0.0000000E+00,  0.0000000E+00,  0.0000000E+00,  0.0000000E+00,  0.0000000E+00,  0.0000000E+00,  0.0000000E+00,  0.0000000E+00,  0.0000000E+00,  0.0000000E+00,  0.0000000E+00,  0.0000000E+00,  0.0000000E+00,  0.0000000E+00,  0.0000000E+00, -9.8099995E+00,  0.0000000E+00,  0.0000000E+00,  0.0000000E+00
37,  1.850574412793E-01,  0.0000000E+00,  0.0000000E+00, -1.8154142E+00,  0.0000000E+00,  0.0000000E+00,  0.0000000E+00,  7.500000000000E-01,  3.000000000000E-01,  3.822142760665E-01,  0.0000000E+00,  0.0000000E+00, -1.6778572E-01,  0.0000000E+00, -0.0000000E+00,  0.0000000E+00,  0.0000000E+00,  0.0000000E+00, -9.8097744E+00,  0.0000000E+00,  0.0000000E+00,  0.0000000E+00,  0.0000000E+00,  0.0000000E+00,  0.0000000E+00,  0.0000000E+00,  0.0000000E+00,  0.0000000E+00,  0.0000000E+00,  0.0000000E+00,  0.0000000E+00,  0.0000000E+00,  0.0000000E+00,  0.0000000E+00,  0.0000000E+00,  0.0000000E+00, -9.8099995E+00,  0.0000000E+00,  0.0000000E+00,  0.0000000E+00
38,  1.900133516677E-01,  0.0000000E+00,  0.0000000E+00, -1.8640320E+00,  0.0000000E+00,  0.0000000E+00,  0.0000000E+00,  7.500000000000E-01,  3.000000000000E-01,  3.731001263347E-01,  0.0000000E+00,  0.0000000E+00, -1.7689987E-01,  0.0000000E+00, -0.0000000E+00,  0.0000000E+00,  0.0000000E+00,  0.0000000E+00, -9.8097553E+00,  0.0000000E+00,  0.0000000E+00,  0.0000000E+00,  0.0000000E+00,  0.0000000E+00,  0.0000000E+00,  0.0000000E+00,  0.0000000E+00,  0.0000000E+00,  0.0000000E+00,  0.0000000E+00,  0.0000000E+00,  0.0000000E+00,  0.0000000E+00,  0.0000000E+00,  0.0000000E+00,  0.0000000E+00, -9.8099995E+00,  0.0000000E+00,  0.0000000E+00,  0.0000000E+00
39,  1.950545456407E-01,  0.0000000E+00,  0.0000000E+00, -1.9134862E+00,  0.0000000E+00,  0.0000000E+00,  0.0000000E+00,  7.500000000000E-01,  3.000000000000E-01,  3.635822038345E-01,  0.0000000E+00,  0.0000000E+00, -1.8641780E-01,  0.0000000E+00, -0.0000000E+00,  0.0000000E+00,  0.0000000E+00,  0.0000000E+00, -9.8095741E+00,  0.0000000E+00,  0.0000000E+00,  0.0000000E+00,  0.0000000E+00,  0.0000000E+00,  0.0000000E+00,  0.0000000E+00,  0.0000000E+00,  0.0000000E+00,  0.0000000E+00,  0.0000000E+00,  0.0000000E+00,  0.0000000E+00,  0.0000000E+00,  0.0000000E+00,  0.0000000E+00,  0.0000000E+00, -9.8099995E+00,  0.0000000E+00,  0.0000000E+00,  0.0000000E+00
40,  2.000721401337E-01,  0.0000000E+00,  0.0000000E+00, -1.9627084E+00,  0.0000000E+00,  0.0000000E+00,  0.0000000E+00,  7.500000000000E-01,  3.000000000000E-01,  3.538611511963E-01,  0.0000000E+00,  0.0000000E+00, -1.9613885E-01,  0.0000000E+00, -0.0000000E+00,  0.0000000E+00,  0.0000000E+00,  0.0000000E+00, -9.8097267E+00,  0.0000000E+00,  0.0000000E+00,  0.0000000E+00,  0.0000000E+00,  0.0000000E+00,  0.0000000E+00,  0.0000000E+00,  0.0000000E+00,  0.0000000E+00,  0.0000000E+00,  0.0000000E+00,  0.0000000E+00,  0.0000000E+00,  0.0000000E+00,  0.0000000E+00,  0.0000000E+00,  0.0000000E+00, -9.8099995E+00,  0.0000000E+00,  0.0000000E+00,  0.0000000E+00
41,  2.050660108458E-01,  0.0000000E+00,  0.0000000E+00, -2.0116980E+00,  0.0000000E+00,  0.0000000E+00,  0.0000000E+00,  7.500000000000E-01,  3.000000000000E-01,  3.439408192014E-01,  0.0000000E+00,  0.0000000E+00, -2.0605918E-01,  0.0000000E+00, -0.0000000E+00,  0.0000000E+00,  0.0000000E+00,  0.0000000E+00, -9.8108387E+00,  0.0000000E+00,  0.0000000E+00,  0.0000000E+00,  0.0000000E+00,  0.0000000E+00,  0.0000000E+00,  0.0000000E+00,  0.0000000E+00,  0.0000000E+00,  0.0000000E+00,  0.0000000E+00,  0.0000000E+00,  0.0000000E+00,  0.0000000E+00,  0.0000000E+00,  0.0000000E+00,  0.0000000E+00, -9.8099995E+00,  0.0000000E+00,  0.0000000E+00,  0.0000000E+00
42,  2.100390088172E-01,  0.0000000E+00,  0.0000000E+00, -2.0604827E+00,  0.0000000E+00,  0.0000000E+00,  0.0000000E+00,  7.500000000000E-01,  3.000000000000E-01,  3.338190357334E-01,  0.0000000E+00,  0.0000000E+00, -2.1618096E-01,  0.0000000E+00, -0.0000000E+00,  0.0000000E+00,  0.0000000E+00,  0.0000000E+00, -9.8100023E+00,  0.0000000E+00,  0.0000000E+00,  0.0000000E+00,  0.0000000E+00,  0.0000000E+00,  0.0000000E+00,  0.0000000E+00,  0.0000000E+00,  0.0000000E+00,  0.0000000E+00,  0.0000000E+00,  0.0000000E+00,  0.0000000E+00,  0.0000000E+00,  0.0000000E+00,  0.0000000E+00,  0.0000000E+00, -9.8099995E+00,  0.0000000E+00,  0.0000000E+00,  0.0000000E+00
43,  2.150725530666E-01, -2.2421413E-10,  6.3988423E-09, -2.1098616E+00, -3.1810200E-06,  3.8040324E-07, -8.9611696E-09,  7.500000000000E-01,  3.000000000020E-01,  3.233271388347E-01, -3.2751579E-14,  1.9534929E-12, -2.2667286E-01,  0.0000000E+00, -0.0000000E+00,  0.0000000E+00, -6.2802411E-07,  1.0992357E-05, -9.8090935E+00, -6.3330620E-03,  6.1756105E-04, -1.2467830E-05,  0.0000000E+00,  0.0000000E+00,  0.0000000E+00,  0.0000000E+00,  0.0000000E+00,  0.0000000E+00, -1.8810578E-06,  3.2924308E-05,  1.5023925E-03, -6.3229294E-05,  8.3853674E-06, -2.0414576E-07, -6.2802411E-07,  1.0992358E-05, -9.8094978E+00, -6.3330620E-03,  6.1756105E-04, -1.2467829E-05
44,  2.200506300494E-01,  6.1798806E-07,  2.6748510E-06, -2.1585169E+00, -1.4334631E-03, -1.0041329E-04,  4.4075828E-06,  7.500000004761E-01,  3.000000025238E-01,  3.127064088423E-01,  4.7608006E-10,  2.5237734E-09, -2.3729359E-01, -8.8470176E-05, -3.7110526E-06,  7.5221031E-08,  5.5091619E-04,  2.2196344E-03, -9.6675930E+00, -1.0349807E+00, -1.0289387E-01,  3.6348735E-03,  0.0000000E+00,  0.0000000E+00,  0.0000000E+00,  0.0000000E+00,  0.0000000E+00,  0.0000000E+00,  1.6501043E-03,  6.6482481E-03,  4.2806688E-01, -1.0333251E-02, -1.3971138E-03,  5.9516653E-05,  5.5091624E-04,  2.2196341E-03, -9.6670828E+00, -1.0349810E+00, -1.0289388E-01,  3.6348731E-03
45,  2.251744050572E-01,  2.5380501E-05,  1.3501559E-04, -2.2014990E+00, -4.6051469E-02, -6.9315014E-03,  1.9178318E-04,  7.500000348198E-01,  3.000001756319E-01,  3.015314333701E-01,  3.4819774E-08,  1.7563187E-07, -2.4846857E-01, -3.8526622E-03, -4.9566310E-04,  1.4517835E-05,  1.5855145E-02,  8.6371839E-02, -5.2510777E+00, -2.6415140E+01, -4.5477781E+00,  1.2447911E-01,  0.0000000E+00,  0.0000000E+00,  0.0000000E+00,  0.0000000E+00,  0.0000000E+00,  0.0000000E+00,  4.7489319E-02,  2.5870082E-01,  1.3654864E+01, -2.6372886E-01, -6.1750587E-02,  2.0388030E-03,  1.5855141E-02,  8.6371802E-02, -5.2510843E+00, -2.6415150E+01, -4.5477777E+00,  1.2447913E-01
46,  2.301043080502E-01,  5.2661041E-04,  2.6951502E-03, -2.1275458E+00, -6.2644923E-01, -1.4920805E-01,  4.0971409E-03,  7.500008507544E-01,  3.000044061555E-01,  2.907383877635E-01,  8.5075439E-07,  4.4061555E-06, -2.5926161E-01, -6.7913947E-02, -1.3627330E-02,  3.8670396E-04,  2.6948673E-01,  1.3723123E+00,  5.3282730E+01, -2.6501505E+02, -7.7866585E+01,  2.0835099E+00,  0.0000000E+00,  0.0000000E+00,  0.0000000E+00,  0.0000000E+00,  0.0000000E+00,  0.0000000E+00,  8.0716616E-01,  4.1103487E+00,  1.8897382E+02, -2.6459119E+00, -1.0572747E+00,  3.4260459E-02,  2.6948658E-01,  1.3723119E+00,  5.3282223E+01, -2.6501511E+02, -7.7866592E+01,  2.0835102E+00
47,  2.351471305755E-01,  3.9927778E-03,  2.0465620E-02, -1.4099201E+00, -2.3144753E+00, -1.1868436E+00,  2.9791610E-02,  7.500101144446E-01,  3.000523437001E-01,  2.813867362537E-01,  1.0114445E-05,  5.2343700E-05, -2.6861326E-01, -4.9892129E-01, -1.7050223E-01,  5.0845225E-03,  1.0744359E+00,  5.0595212E+00,  2.1163673E+02, -1.3313898E+02, -3.0619348E+02,  7.4228077E+00,  0.0000000E+00,  0.0000000E+00,  0.0000000E+00,  0.0000000E+00,  0.0000000E+00,  0.0000000E+00,  3.2181494E+00,  1.5154290E+01,  6.6327649E+02, -1.3292760E+00, -4.1573839E+00,  1.1663282E-01,  1.0744356E+00,  5.0595255E+00,  2.1163647E+02, -1.3313931E+02, -3.0619357E+02,  7.4228106E+00
48,  2.400395816354E-01,  9.4331484E-03,  3.3679232E-02, -5.8660418E-01, -1.1906378E+00, -2.3069186E+00,  5.7721574E-02,  7.500427346889E-01,  3.001947379742E-01,  2.766824483016E-01,  4.2734689E-05,  1.9473797E-04, -2.7331755E-01, -1.0487111E+00, -6.7839307E-01,  2.1260431E-02,  9.4533092E-01,  4.2446263E-02,  9.5880806E+01,  3.3120636E+02, -1.1663555E+02,  3.3084464E+00,  0.0000000E+00,  0.0000000E+00,  0.0000000E+00,  0.0000000E+00,  0.0000000E+00,  0.0000000E+00,  2.8314512E+00,  1.2713671E-01,  3.1656534E+02,  3.3070958E+00, -1.5844489E+00,  2.3227185E-02,  9.4532961E-01,  4.2446818E-02,  9.5880890E+01,  3.3120642E+02, -1.1663542E+02,  3.3084385E+00
49,  2.451014971985E-01,  1.2243727E-02,  2.9958233E-02, -3.9895004E-01, -2.8495574E-01, -2.5340219E+00,  6.4722508E-02,  7.500988605717E-01,  3.003570779698E-01,  2.743537924206E-01,  9.8860572E-05,  3.5707797E-04, -2.7564621E-01, -1.2344986E+00, -1.3909981E+00,  4.2267965E-02,  2.4007544E-01, -6.7650306E-01,  4.7254777E+00,  6.5837196E+01, -1.0436796E+01,  3.1056318E-01,  0.0000000E+00,  0.0000000E+00,  0.0000000E+00,  0.0000000E+00,  0.0000000E+00,  0.0000000E+00,  7.1907288E-01, -2.0262656E+00,  4.3536587E+01,  6.5757591E-01, -1.4207901E-01, -5.7379417E-03,  2.4007508E-01, -6.7650425E-01,  4.7254524E+00,  6.5837212E+01, -1.0437321E+01,  3.1057736E-01
50,  2.500767058967E-01,  1.2730527E-02,  2.8257485E-02, -4.2038473E-01, -1.6145076E-01, -2.5491898E+00,  6.5088972E-02,  7.501613329027E-01,  3.005009862653E-01,  2.723412872976E-01,  1.6133290E-04,  5.0098627E-04, -2.7765871E-01, -1.2925966E+00, -2.1163100E+00,  6.2555933E-02,  3.0194374E-02, -1.3984047E-01, -8.2450676E+00,  6.5923262E+00, -1.6359894E-01, -2.6468800E-03,  0.0000000E+00,  0.0000000E+00,  0.0000000E+00,  0.0000000E+00,  0.0000000E+00,  0.0000000E+00,  9.0431437E-02, -4.1885945E-01,  4.6873088E+00,  6.5877460E-02, -2.2740366E-03, -1.6064470E-03,  3.0192120E-02, -1.3984357E-01, -8.2450600E+00,  6.5923495E+00, -1.6324085E-01, -2.6577259E-03
51,  2.550711813167E-01,  1.2797460E-02,  2.7945887E-02, -4.6636596E-01, -1.4917833E-01, -2.5485272E+00,  6.5079495E-02,  7.502251226290E-01,  3.006411381046E-01,  2.701342131116E-01,  2.2512263E-04,  6.4113810E-04, -2.7986579E-01, -1.3366864E+00, -2.8457077E+00,  8.3016136E-02,  4.4635306E-03, -1.9857973E-02, -9.6304665E+00,  6.8528056E-01,  1.5481998E-01,  4.3687541E-03,  0.0000000E+00,  0.0000000E+00,  0.0000000E+00,  0.0000000E+00,  0.0000000E+00,  0.0000000E+00,  1.3366599E-02, -5.9489880E-02,  5.3757209E-01,  6.8493355E-03,  2.0976323E-03, -1.3543776E-04,  4.4626733E-03, -1.9861739E-02, -9.6305218E+00,  6.8527400E-01,  1.5504791E-01,  4.3690051E-03
52,  2.601129758706E-01,  1.2799205E-02,  2.7896445E-02, -5.1534945E-01, -1.4764968E-01, -2.5480347E+00,  6.5074965E-02,  7.502896575224E-01,  3.007818921711E-01,  2.676647857158E-01,  2.8965752E-04,  7.8189217E-04, -2.8233521E-01, -1.3797242E+00, -3.5818151E+00,  1.0418146E-01, -4.2627455E-04, -5.4882849E-03, -9.7579927E+00,  1.3647890E-01,  1.1594668E-01, -6.6427784E-03,  0.0000000E+00,  0.0000000E+00,  0.0000000E+00,  0.0000000E+00,  0.0000000E+00,  0.0000000E+00, -1.2752350E-03, -1.6449684E-02,  1.5548506E-01,  1.3665694E-03,  1.5666563E-03, -1.5551753E-04, -4.2575953E-04, -5.4920153E-03, -9.7580881E+00,  1.3644651E-01,  1.1555272E-01, -6.6593993E-03
53,  2.650525481539E-01,  1.2801719E-02,  2.7884630E-02, -5.6367117E-01, -1.4733267E-01, -2.5474033E+00,  6.5043122E-02,  7.503528831266E-01,  3.009196500750E-01,  2.650048981180E-01,  3.5288313E-04,  9.1965008E-04, -2.8499510E-01, -1.4216750E+00, -4.3028270E+00,  1.2546505E-01,  1.0068936E-03, -2.2484030E-04, -9.7978764E+00,  1.6657734E-02,  1.1136438E-01, -5.1224488E-03,  0.0000000E+00,  0.0000000E+00,  0.0000000E+00,  0.0000000E+00,  0.0000000E+00,  0.0000000E+00,  3.0113957E-03, -6.8354828E-04,  3.6496159E-02,  1.6751618E-04,  1.5049740E-03, -8.4061001E-05,  1.0054072E-03, -2.2821457E-04, -9.7978153E+00,  1.6680857E-02,  1.1087255E-01, -5.1177051E-03
54,  2.701110106374E-01,  1.2807110E-02,  2.7886029E-02, -6.1324567E-01, -1.4733483E-01, -2.5468600E+00,  6.5012217E-02,  7.504176530442E-01,  3.010607061541E-01,  2.620330267832E-01,  4.1765304E-04,  1.0607062E-03, -2.8796697E-01, -1.4646031E+00, -5.0410076E+00,  1.4784541E-01,  1.1932317E-03,  3.5286229E-04, -9.7993202E+00, -5.0515025E-03,  1.2361324E-01, -7.7629704E-03,  0.0000000E+00,  0.0000000E+00,  0.0000000E+00,  0.0000000E+00,  0.0000000E+00,  0.0000000E+00,  3.5734754E-03,  1.0614282E-03,  3.1722795E-02, -4.9218346E-05,  1.6850545E-03, -1.1557214E-04,  1.1930674E-03,  3.5437642E-04, -9.7994089E+00, -5.0633242E-03,  1.2411557E-01, -7.7806637E-03
55,  2.752004815195E-01,  1.2814964E-02,  2.7889831E-02, -6.6311949E-01, -1.4741066E-01, -2.5461662E+00,  6.4960763E-02,  7.504828524652E-01,  3.012026386890E-01,  2.587900951077E-01,  4.8285247E-04,  1.2026387E-03, -2.9120990E-01, -1.5078036E+00, -5.7835217E+00,  1.7095609E-01,  1.7329190E-03,  1.1461827E-03, -9.8002625E+00, -2.6707875E-02,  1.3623200E-01, -1.2298722E-02,  0.0000000E+00,  0.0000000E+00,  0.0000000E+00,  0.0000000E+00,  0.0000000E+00,  0.0000000E+00,  5.1967604E-03,  3.4321533E-03,  2.8876077E-02, -2.6415638E-04,  1.8420106E-03, -1.7360045E-04,  1.7350295E-03,  1.1458845E-03, -9.8003597E+00, -2.6718507E-02,  1.3565417E-01, -1.2282656E-02
56,  2.800925243688E-01,  1.2824859E-02,  2.7896496E-02, -7.1105987E-01, -1.4755499E-01, -2.5454359E+00,  6.4888746E-02,  7.505455652342E-01,  3.013390915994E-01,  2.554337039201E-01,  5.4556523E-04,  1.3390916E-03, -2.9456630E-01, -1.5493518E+00, -6.4970239E+00,  1.9374242E-01,  2.6206360E-03,  1.6786357E-03, -9.7975178E+00, -3.4929909E-02,  1.8057834E-01, -1.8357845E-02,  0.0000000E+00,  0.0000000E+00,  0.0000000E+00,  0.0000000E+00,  0.0000000E+00,  0.0000000E+00,  7.8460975E-03,  5.0213151E-03,  3.7705004E-02, -3.4348949E-04,  2.4487197E-03, -2.6081639E-04,  2.6195571E-03,  1.6764540E-03, -9.7974119E+00, -3.4900732E-02,  1.8033801E-01, -1.8345162E-02
57,  2.851986259738E-01,  1.2844251E-02,  2.7909402E-02, -7.6106733E-01, -1.4781448E-01, -2.5442443E+00,  6.4753130E-02,  7.506110926703E-01,  3.014815615760E-01,  2.516805926915E-01,  6.1109267E-04,  1.4815616E-03, -2.9831941E-01, -1.5927576E+00, -7.2414644E+00,  2.1812099E-01,  4.9755503E-03,  3.4662124E-03, -9.7897778E+00, -6.6270471E-02,  2.8979293E-01, -3.5451893E-02,  0.0000000E+00,  0.0000000E+00,  0.0000000E+00,  0.0000000E+00,  0.0000000E+00,  0.0000000E+00,  1.4897069E-02,  1.0385162E-02,  6.0611460E-02, -6.4998999E-04,  3.9314306E-03, -5.0257338E-04,  4.9736477E-03,  3.4672683E-03, -9.7897635E+00, -6.6288047E-02,  2.8952524E-01, -3.5443354E-02
58,  2.900372916024E-01,  1.2878749E-02,  2.7932502E-02, -8.0839723E-01, -1.4821057E-01, -2.5422914E+00,  6.4521231E-02,  7.506733120971E-01,  3.016166539888E-01,  2.478884792967E-01,  6.7331210E-04,  1.6166540E-03, -3.0211152E-01, -1.6339567E+00, -7.9464834E+00,  2.4178459E-01,  9.7321318E-03,  6.2079001E-03, -9.7718134E+00, -9.6944809E-02,  5.3795964E-01, -6.2061492E-02,  0.0000000E+00,  0.0000000E+00,  0.0000000E+00,  0.0000000E+00,  0.0000000E+00,  0.0000000E+00,  2.9145010E-02,  1.8597659E-02,  1.1419303E-01, -9.4585330E-04,  7.3058745E-03, -8.8385341E-04,  9.7305719E-03,  6.2091541E-03, -9.7718744E+00, -9.6966580E-02,  5.3805107E-01, -6.2065583E-02
59,  2.951875786985E-01,  1.2953399E-02,  2.7979383E-02, -8.5863423E-01, -1.4892726E-01, -2.5382798E+00,  6.4061180E-02,  7.507398026822E-01,  3.017606161262E-01,  2.436009388713E-01,  7.3980268E-04,  1.7606161E-03, -3.0639906E-01, -1.6779309E+00, -8.6960618E+00,  2.6754635E-01,  2.0043498E-02,  1.2412376E-02, -9.7332258E+00, -1.8513840E-01,  1.0646832E+00, -1.1972878E-01,  0.0000000E+00,  0.0000000E+00,  0.0000000E+00,  0.0000000E+00,  0.0000000E+00,  0.0000000E+00,  6.0033374E-02,  3.7164964E-02,  2.3009570E-01, -1.8054924E-03,  1.4457609E-02, -1.6862103E-03,  2.0043194E-02,  1.2408175E-02, -9.7331791E+00, -1.8513608E-01,  1.0646992E+00, -1.1974369E-01
60,  3.002083716352E-01,  1.3103371E-02,  2.8066920E-02, -9.0730268E-01, -1.5019324E-01, -2.5302181E+00,  6.3226551E-02,  7.508051537060E-01,  3.019012824909E-01,  2.391728627529E-01,  8.0515371E-04,  1.9012825E-03, -3.1082714E-01, -1.7210340E+00, -9.4251480E+00,  2.9318132E-01,  4.1606113E-02,  2.3074284E-02, -9.6446886E+00, -3.3064234E-01,  2.2661583E+00, -2.1896866E-01,  0.0000000E+00,  0.0000000E+00,  0.0000000E+00,  0.0000000E+00,  0.0000000E+00,  0.0000000E+00,  1.2461525E-01,  6.9120131E-02,  4.9487835E-01, -3.2358649E-03,  3.0770855E-02, -3.0337155E-03,  4.1604985E-02,  2.3076966E-02, -9.6447763E+00, -3.3066484E-01,  2.2659514E+00, -2.1895394E-01
61,  3.051508810040E-01,  1.3417695E-02,  2.8225698E-02, -9.5450032E-01, -1.5253177E-01, -2.5126138E+00,  6.1722305E-02,  7.508705605235E-01,  3.020403392891E-01,  2.345765042915E-01,  8.7056052E-04,  2.0403393E-03, -3.1542350E-01, -1.7638995E+00, -1.0139471E+01,  3.1883186E-01,  9.0450816E-02,  4.2430110E-02, -9.4284391E+00, -6.4422947E-01,  5.2066393E+00, -4.0178400E-01,  0.0000000E+00,  0.0000000E+00,  0.0000000E+00,  0.0000000E+00,  0.0000000E+00,  0.0000000E+00,  2.7091891E-01,  1.2707481E-01,  1.1429591E+00, -6.3750437E-03,  7.0709042E-02, -5.3854915E-03,  9.0451024E-02,  4.2426150E-02, -9.4284029E+00, -6.4425534E-01,  5.2066050E+00, -4.0178502E-01
62,  3.101596468889E-01,  1.4146427E-02,  2.8522944E-02, -1.0003778E+00, -1.5728912E-01, -2.4681494E+00,  5.8870129E-02,  7.509392526749E-01,  3.021823531367E-01,  2.296844432360E-01,  9.3925267E-04,  2.1823531E-03, -3.2031556E-01, -1.8082424E+00, -1.0855274E+01,  3.4507183E-01,  2.1409535E-01,  7.7748559E-02, -8.8115826E+00, -1.2946253E+00,  1.3633846E+01, -7.5933379E-01,  0.0000000E+00,  0.0000000E+00,  0.0000000E+00,  0.0000000E+00,  0.0000000E+00,  0.0000000E+00,  6.4125293E-01,  2.3287743E-01,  2.9908099E+00, -1.3060375E-02,  1.8515956E-01, -9.6735815E-03,  2.1409352E-01,  7.7750213E-02, -8.8114653E+00, -1.2946543E+00,  1.3633449E+01, -7.5933748E-01
63,  3.150393927756E-01,  1.5855303E-02,  2.9040979E-02, -1.0396863E+00, -1.6576864E-01, -2.3511431E+00,  5.3596575E-02,  7.510116673561E-01,  3.023226295591E-01,  2.247076748950E-01,  1.0116674E-03,  2.3226296E-03, -3.2529233E-01, -1.8531871E+00, -1.1532184E+01,  3.7055492E-01,  5.1705354E-01,  1.3630575E-01, -7.0841131E+00, -2.0789125E+00,  3.7266205E+01, -1.4409317E+00,  0.0000000E+00,  0.0000000E+00,  0.0000000E+00,  0.0000000E+00,  0.0000000E+00,  0.0000000E+00,  1.5486736E+00,  4.0826300E-01,  8.1650581E+00, -2.1654420E-02,  5.0610411E-01, -1.7706655E-02,  5.1705182E-01,  1.3630575E-01, -7.0839520E+00, -2.0788820E+00,  3.7266323E+01, -1.4409395E+00
64,  3.200255065040E-01,  2.0002741E-02,  2.9926479E-02, -1.0646926E+00, -1.7395054E-01, -2.0243049E+00,  4.3495554E-02,  7.510992072216E-01,  3.024693709711E-01,  2.194544407550E-01,  1.0992072E-03,  2.4693710E-03, -3.3054556E-01, -1.9017196E+00, -1.2166478E+01,  3.9565899E-01,  1.1873740E+00,  2.1913621E-01, -2.4892523E+00, -3.5243732E-01,  1.0008282E+02, -2.6566668E+00,  0.0000000E+00,  0.0000000E+00,  0.0000000E+00,  0.0000000E+00,  0.0000000E+00,  0.0000000E+00,  3.5564115E+00,  6.5635258E-01,  2.1926716E+01, -6.3545322E-03,  1.3589983E+00, -3.4360357E-02,  1.1873703E+00,  2.1913481E-01, -2.4893816E+00, -3.5241413E-01,  1.0008307E+02, -2.6566670E+00
65,  3.250146395805E-01,  2.8266450E-02,  3.1322643E-02, -1.0555922E+00, -1.5003684E-01, -1.2314396E+00,  2.6069526E-02,  7.512168951692E-01,  3.026217427074E-01,  2.141455921952E-01,  1.2168952E-03,  2.6217427E-03, -3.3585441E-01, -1.9494722E+00, -1.2651014E+01,  4.1717012E-01,  2.0517583E+00,  3.4726456E-01,  6.3753757E+00,  1.1734320E+01,  2.2076556E+02, -4.2510443E+00,  0.0000000E+00,  0.0000000E+00,  0.0000000E+00,  0.0000000E+00,  0.0000000E+00,  0.0000000E+00,  6.1454215E+00,  1.0401330E+00,  4.8478485E+01,  1.1206888E-01,  2.9970360E+00, -6.6609085E-02,  2.0517566E+00,  3.4726661E-01,  6.3753920E+00,  1.1734314E+01,  2.2076576E+02, -4.2510443E+00
66,  3.301257872039E-01,  3.9109409E-02,  3.3625990E-02, -9.9682450E-01, -3.5598408E-02,  2.4299502E-01,  2.0681587E-03,  7.513882794868E-01,  3.027870259712E-01,  2.088742429445E-01,  1.3882795E-03,  2.7870260E-03, -3.4112576E-01, -1.9798294E+00, -1.2819573E+01,  4.2866242E-01,  1.8862739E+00,  5.4425603E-01,  1.5354198E+01,  3.1638144E+01,  3.3709824E+02, -4.6648884E+00,  0.0000000E+00,  0.0000000E+00,  0.0000000E+00,  0.0000000E+00,  0.0000000E+00,  0.0000000E+00,  5.6497560E+00,  1.6301414E+00,  7.5371506E+01,  3.0963236E-01,  4.5755382E+00, -9.1269784E-02,  1.8862700E+00,  5.4425126E-01,  1.5354098E+01,  3.1638151E+01,  3.3709827E+02, -4.6648889E+00
67,  3.350295375521E-01,  4.4143520E-02,  3.6431469E-02, -9.1662914E-01,  1.4804579E-01,  1.9045016E+00, -1.3796199E-02,  7.515955865278E-01,  3.029584872069E-01,  2.041733389733E-01,  1.5955865E-03,  2.9584872E-03, -3.4582666E-01, -1.9663260E+00, -1.2525753E+01,  4.2314071E-01,  7.6014228E-02,  5.5055064E-01,  1.5860787E+01,  4.0836185E+01,  3.1657657E+02, -1.3981470E+00,  0.0000000E+00,  0.0000000E+00,  0.0000000E+00,  0.0000000E+00,  0.0000000E+00,  0.0000000E+00,  2.2765864E-01,  1.6489869E+00,  7.6888939E+01,  4.0106767E-01,  4.2965407E+00, -5.1986128E-02,  7.6007828E-02,  5.5054319E-01,  1.5860720E+01,  4.0836170E+01,  3.1657663E+02, -1.3981462E+00
68,  3.401107894463E-01,  3.9243586E-02,  3.8799856E-02, -8.4661579E-01,  3.6247125E-01,  3.2209504E+00, -9.3038063E-03,  7.518119443264E-01,  3.031497171451E-01,  1.996944197692E-01,  1.8119443E-03,  3.1497171E-03, -3.5030558E-01, -1.8937309E+00, -1.1774332E+01,  4.0225227E-01, -1.7802230E+00,  3.8892552E-01,  1.1986177E+01,  4.2857380E+01,  2.0224825E+02,  2.6469493E+00,  0.0000000E+00,  0.0000000E+00,  0.0000000E+00,  0.0000000E+00,  0.0000000E+00,  0.0000000E+00, -5.3321195E+00,  1.1648902E+00,  6.5284248E+01,  4.2351809E-01,  2.7442241E+00,  4.0434930E-03, -1.7802215E+00,  3.8891900E-01,  1.1986290E+01,  4.2857330E+01,  2.0224774E+02,  2.6469498E+00
69,  3.452052629961E-01,  2.7030116E-02,  4.0506102E-02, -7.8912222E-01,  5.8091193E-01,  3.9413104E+00,  1.0093519E-02,  7.519845057647E-01,  3.033517123417E-01,  1.955224418953E-01,  1.9845058E-03,  3.3517123E-03, -3.5447756E-01, -1.7571567E+00, -1.0720450E+01,  3.7314313E-01, -2.9153717E+00,  3.0739951E-01,  1.1446059E+01,  4.2847565E+01,  8.5692986E+01,  4.6221747E+00,  0.0000000E+00,  0.0000000E+00,  0.0000000E+00,  0.0000000E+00,  0.0000000E+00,  0.0000000E+00, -8.7321329E+00,  9.2074400E-01,  6.3666405E+01,  4.2715934E-01,  1.1617283E+00,  3.1106349E-02, -2.9153755E+00,  3.0740651E-01,  1.1446145E+01,  4.2847645E+01,  8.5693237E+01,  4.6221738E+00
70,  3.500701515714E-01,  9.8054539E-03,  4.2105727E-02, -7.2365814E-01,  7.8800273E-01,  4.0311742E+00,  3.5865892E-02,  7.520785659588E-01,  3.035523457845E-01,  1.918259094803E-01,  2.0785660E-03,  3.5523458E-03, -3.5817409E-01, -1.5666327E+00, -9.5959903E+00,  3.4360116E-01, -4.2082543E+00,  3.7681660E-01,  1.6180557E+01,  4.1568722E+01, -5.1302986E+01,  5.9280095E+00,  0.0000000E+00,  0.0000000E+00,  0.0000000E+00,  0.0000000E+00,  0.0000000E+00,  0.0000000E+00, -1.2604558E+01,  1.1286396E+00,  7.7847000E+01,  4.1866437E-01, -6.9828361E-01,  4.8912521E-02, -4.2082524E+00,  3.7681609E-01,  1.6180586E+01,  4.1568722E+01, -5.1302197E+01,  5.9280028E+00
71,  3.550590498463E-01, -1.6070446E-02,  4.4736955E-02, -6.1858684E-01,  9.5830226E-01,  3.2595544E+00,  6.8948463E-02,  7.520697635841E-01,  3.037679746255E-01,  1.884457153720E-01,  2.0697636E-03,  3.7679746E-03, -3.6155428E-01, -1.3142361E+00, -8.5261010E+00,  3.1692718E-01, -6.1175394E+00,  7.1129721E-01,  2.5938097E+01,  2.2626343E+01, -2.5884528E+02,  7.2300296E+00,  0.0000000E+00,  0.0000000E+00,  0.0000000E+00,  0.0000000E+00,  0.0000000E+00,  0.0000000E+00, -1.8323257E+01,  2.1304529E+00,  1.0707294E+02,  2.3321915E-01, -3.5154805E+00,  8.1267290E-02, -6.1175404E+00,  7.1128899E-01,  2.5938179E+01,  2.2626234E+01, -2.5884521E+02,  7.2300243E+00
72,  3.600670597197E-01, -5.0034232E-02,  4.9362160E-02, -4.6989837E-01,  9.6604007E-01,  1.4587313E+00,  1.0503659E-01,  7.519098045180E-01,  3.040023562553E-01,  1.856931121146E-01,  1.9098045E-03,  4.0023563E-03, -3.6430689E-01, -1.0317022E+00, -7.8196578E+00,  3.0080201E-01, -7.0257087E+00,  1.0574572E+00,  3.1151169E+01, -1.7649706E+01, -4.2537955E+02,  6.6339455E+00,  0.0000000E+00,  0.0000000E+00,  0.0000000E+00,  0.0000000E+00,  0.0000000E+00,  0.0000000E+00, -2.1043394E+01,  3.1673079E+00,  1.2268688E+02, -1.6793683E-01, -5.7751842E+00,  1.0380918E-01, -7.0257058E+00,  1.0574613E+00,  3.1151165E+01, -1.7649599E+01, -4.2537961E+02,  6.6339469E+00
73,  3.650334520027E-01, -8.1530921E-02,  5.4148052E-02, -3.3434725E-01,  8.4095007E-01, -5.7463819E-01,  1.3025858E-01,  7.515830868025E-01,  3.042594769577E-01,  1.837009394724E-01,  1.5830868E-03,  4.2594770E-03, -3.6629906E-01, -7.7292204E-01, -7.6911943E+00,  2.9935809E-01, -5.3740354E+00,  7.7953511E-01,  2.1826982E+01, -2.4199020E+01, -3.5691656E+02,  3.5150580E+00,  0.0000000E+00,  0.0000000E+00,  0.0000000E+00,  0.0000000E+00,  0.0000000E+00,  0.0000000E+00, -1.6096306E+01,  2.3348796E+00,  9.4758987E+01, -2.3456354E-01, -4.8453846E+00,  6.5884434E-02, -5.3740339E+00,  7.7954048E-01,  2.1826948E+01, -2.4198938E+01, -3.5691650E+02,  3.5150344E+00
74,  3.700234287294E-01, -1.0169721E-01,  5.6738187E-02, -2.6131201E-01,  7.6897520E-01, -1.8719319E+00,  1.4040339E-01,  7.511230531203E-01,  3.045368270400E-01,  1.822338523220E-01,  1.1230531E-03,  4.5368270E-03, -3.6776615E-01, -5.4602604E-01, -8.0559692E+00,  3.0704972E-01, -2.8975601E+00,  3.0735472E-01,  8.6974669E+00, -5.9277005E+00, -1.7294745E+02,  8.9134508E-01,  0.0000000E+00,  0.0000000E+00,  0.0000000E+00,  0.0000000E+00,  0.0000000E+00,  0.0000000E+00, -8.6787996E+00,  9.2056966E-01,  5.5433559E+01, -5.4626610E-02, -2.3480811E+00,  1.5993113E-02, -2.8975694E+00,  3.0734831E-01,  8.6974649E+00, -5.9277053E+00, -1.7294740E+02,  8.9135629E-01
75,  3.752013833564E-01, -1.1182141E-01,  5.7601329E-02, -2.3876718E-01,  7.6188117E-01, -2.3846042E+00,  1.4047100E-01,  7.505678385087E-01,  3.048332448081E-01,  1.809523194521E-01,  5.6783851E-04,  4.8332448E-03, -3.6904768E-01, -3.2262981E-01, -8.7014803E+00,  3.1598649E-01, -1.2693117E+00,  7.5516351E-02,  1.4465561E+00,  8.2258403E-01, -4.4873432E+01, -6.1939329E-01,  0.0000000E+00,  0.0000000E+00,  0.0000000E+00,  0.0000000E+00,  0.0000000E+00,  0.0000000E+00, -3.8018150E+00,  2.2618288E-01,  3.3715664E+01,  1.0476849E-02, -6.0932100E-01, -1.1295232E-02, -1.2693026E+00,  7.5515114E-02,  1.4465653E+00,  8.2248282E-01, -4.4873089E+01, -6.1937129E-01
76,  3.801627121435E-01, -1.1592011E-01,  5.7760160E-02, -2.3878194E-01,  7.5985116E-01, -2.4331894E+00,  1.3434117E-01,  7.500018229511E-01,  3.051195234477E-01,  1.797722081831E-01,  1.8229511E-06,  5.1195234E-03, -3.7022779E-01, -1.0948081E-01, -9.3941696E+00,  3.2115431E-01, -5.0374538E-01,  1.0264043E-02, -8.8063180E-01, -2.4841950E+00,  1.5275269E+01, -1.7992225E+00,  0.0000000E+00,  0.0000000E+00,  0.0000000E+00,  0.0000000E+00,  0.0000000E+00,  0.0000000E+00, -1.5088580E+00,  3.0755067E-02,  2.6745323E+01, -2.3887306E-02,  2.0749427E-01, -2.6611416E-02, -5.0375867E-01,  1.0268118E-02, -8.8060516E-01, -2.4841080E+00,  1.5275550E+01, -1.7992219E+00
77,  3.851410706412E-01, -1.1719032E-01,  5.7750076E-02, -2.4517442E-01,  7.3237854E-01, -2.2703738E+00,  1.2243289E-01,  7.494208067242E-01,  3.054070893753E-01,  1.785694388150E-01, -5.7919328E-04,  5.4070894E-03, -3.7143056E-01,  1.0030342E-01, -1.0070900E+01,  3.2180656E-01, -5.5894494E-02, -9.8774750E-03, -1.4802197E+00, -8.2709169E+00,  4.5769550E+01, -2.9094169E+00,  0.0000000E+00,  0.0000000E+00,  0.0000000E+00,  0.0000000E+00,  0.0000000E+00,  0.0000000E+00, -1.6740078E-01, -2.9594814E-02,  2.4949341E+01, -8.2447298E-02,  6.2175095E-01, -3.8493749E-02, -5.5889681E-02, -9.8807476E-03, -1.4802253E+00, -8.2708044E+00,  4.5769657E+01, -2.9094248E+00
78,  3.900025270532E-01, -1.1656828E-01,  5.7685684E-02, -2.5212041E-01,  6.8344176E-01, -1.9975374E+00,  1.0629562E-01,  7.488518568253E-01,  3.056877055194E-01,  1.773610084312E-01, -1.1481432E-03,  5.6877055E-03, -3.7263899E-01,  2.9430863E-01, -1.0670318E+01,  3.1811493E-01,  2.8977656E-01, -1.7000901E-02, -1.2861816E+00, -1.1256254E+01,  6.4532104E+01, -3.6475983E+00,  0.0000000E+00,  0.0000000E+00,  0.0000000E+00,  0.0000000E+00,  0.0000000E+00,  0.0000000E+00,  8.6790389E-01, -5.0946120E-02,  2.5530388E+01, -1.1251683E-01,  8.7662452E-01, -4.7193423E-02,  2.8976491E-01, -1.7009255E-02, -1.2862326E+00, -1.1256310E+01,  6.4532173E+01, -3.6476128E+00
79,  3.950898032807E-01, -1.1413212E-01,  5.7567239E-02, -2.5722921E-01,  6.2863499E-01, -1.6318299E+00,  8.7572441E-02,  7.482639553790E-01,  3.059809163664E-01,  1.760648282895E-01, -1.7360446E-03,  5.9809164E-03, -3.7393517E-01,  4.8198199E-01, -1.1204269E+01,  3.0994306E-01,  6.6606569E-01, -3.2521628E-02, -7.5989801E-01, -9.8488140E+00,  7.7373825E+01, -3.5884929E+00,  0.0000000E+00,  0.0000000E+00,  0.0000000E+00,  0.0000000E+00,  0.0000000E+00,  0.0000000E+00,  1.9950336E+00, -9.7424604E-02,  2.7107033E+01, -9.8417640E-02,  1.0509598E+00, -4.8217531E-02,  6.6607690E-01, -3.2526910E-02, -7.5984204E-01, -9.8488731E+00,  7.7373619E+01, -3.5884893E+00
80,  4.000224701304E-01, -1.0968824E-01,  5.7370685E-02, -2.5979224E-01,  5.8703607E-01, -1.2335273E+00,  7.0733301E-02,  7.477104858908E-01,  3.062644364937E-01,  1.747890141164E-01, -2.2895141E-03,  6.2644365E-03, -3.7521099E-01,  6.5068856E-01, -1.1613325E+01,  2.9808818E-01,  1.1346042E+00, -4.4031192E-02, -2.8539348E-01, -7.1380076E+00,  8.3098648E+01, -3.3192515E+00,  0.0000000E+00,  0.0000000E+00,  0.0000000E+00,  0.0000000E+00,  0.0000000E+00,  0.0000000E+00,  3.3983581E+00, -1.3190150E-01,  2.8527985E+01, -7.0932195E-02,  1.1286390E+00, -4.7647059E-02,  1.1346014E+00, -4.4037629E-02, -2.8543237E-01, -7.1378946E+00,  8.3098907E+01, -3.3192391E+00
81,  4.052082009836E-01, -1.0218047E-01,  5.7204224E-02, -2.5962666E-01,  5.5939448E-01, -7.9448318E-01,  5.3399157E-02,  7.471588858746E-01,  3.065614492805E-01,  1.734408494028E-01, -2.8411141E-03,  6.5614493E-03, -3.7655915E-01,  8.1834602E-01, -1.1918602E+01,  2.8148685E-01,  1.7595005E+00, -7.7972878E-03,  3.1451243E-01, -3.8139875E+00,  8.5229729E+01, -3.4035978E+00,  0.0000000E+00,  0.0000000E+00,  0.0000000E+00,  0.0000000E+00,  0.0000000E+00,  0.0000000E+00,  5.2700672E+00, -2.3357010E-02,  3.0324883E+01, -3.6514111E-02,  1.1575308E+00, -5.3766098E-02,  1.7595043E+00, -7.7981469E-03,  3.1449348E-01, -3.8140254E+00,  8.5229813E+01, -3.4035897E+00
82,  4.102159767215E-01, -9.1544971E-02,  5.7537787E-02, -2.5707296E-01,  5.4173201E-01, -3.8194433E-01,  3.5757076E-02,  7.466711315322E-01,  3.068483411163E-01,  1.721461618779E-01, -3.3288685E-03,  6.8483411E-03, -3.7785384E-01,  9.7507585E-01, -1.2089895E+01,  2.6091569E-01,  2.4654155E+00,  1.6696756E-01,  6.3433915E-01, -4.1932139E+00,  7.7785461E+01, -3.6050615E+00,  0.0000000E+00,  0.0000000E+00,  0.0000000E+00,  0.0000000E+00,  0.0000000E+00,  0.0000000E+00,  7.3844390E+00,  5.0011903E-01,  3.1282810E+01, -3.9715976E-02,  1.0564978E+00, -5.6633588E-02,  2.4654243E+00,  1.6697350E-01,  6.3431442E-01, -4.1931987E+00,  7.7785500E+01, -3.6050644E+00
83,  4.152108365672E-01, -7.7386767E-02,  5.9348863E-02, -2.5332257E-01,  5.0551254E-01, -3.4358233E-02,  1.8185463E-02,  7.462461843297E-01,  3.071391642905E-01,  1.708705254989E-01, -3.7538157E-03,  7.1391643E-03, -3.7912947E-01,  1.1254752E+00, -1.2150368E+01,  2.3631505E-01,  3.1620829E+00,  5.9011436E-01,  8.9418036E-01, -1.1098674E+01,  6.0953587E+01, -3.3073347E+00,  0.0000000E+00,  0.0000000E+00,  0.0000000E+00,  0.0000000E+00,  0.0000000E+00,  0.0000000E+00,  9.4710369E+00,  1.7675339E+00,  3.2061298E+01, -1.1050297E-01,  8.2805377E-01, -4.2261414E-02,  3.1620717E+00,  5.9012216E-01,  8.9422631E-01, -1.1098710E+01,  6.0953590E+01, -3.3073354E+00
84,  4.202012761890E-01, -6.0077146E-02,  6.4129770E-02, -2.4725530E-01,  4.2004886E-01,  2.1418978E-01,  5.0049010E-03,  7.459001026919E-01,  3.074451360504E-01,  1.696192609406E-01, -4.0998973E-03,  7.4451361E-03, -3.8038074E-01,  1.2599521E+00, -1.2124215E+01,  2.1057658E-01,  3.7026753E+00,  1.3525198E+00,  1.6212752E+00, -2.2751360E+01,  3.9163353E+01, -1.6598079E+00,  0.0000000E+00,  0.0000000E+00,  0.0000000E+00,  0.0000000E+00,  0.0000000E+00,  0.0000000E+00,  1.1090250E+01,  4.0511041E+00,  3.4238918E+01, -2.3184384E-01,  5.3219426E-01,  5.4812763E-04,  3.7026744E+00,  1.3525320E+00,  1.6212629E+00, -2.2751339E+01,  3.9163383E+01, -1.6598085E+00
85,  4.251593916748E-01, -4.1227583E-02,  7.3590569E-02, -2.3563519E-01,  2.8515381E-01,  3.4709808E-01,  6.9381837E-03,  7.456466734483E-01,  3.077831897175E-01,  1.684176979635E-01, -4.3533266E-03,  7.7831897E-03, -3.8158230E-01,  1.3675218E+00, -1.2038261E+01,  1.9358641E-01,  3.7929511E+00,  2.4679706E+00,  3.1401789E+00, -2.9999727E+01,  1.5092733E+01,  2.6404049E+00,  0.0000000E+00,  0.0000000E+00,  0.0000000E+00,  0.0000000E+00,  0.0000000E+00,  0.0000000E+00,  1.1360641E+01,  7.3920832E+00,  3.8788406E+01, -3.1143501E-01,  2.0506546E-01,  8.0507077E-02,  3.7929492E+00,  2.4679766E+00,  3.1401892E+00, -2.9999788E+01,  1.5092685E+01,  2.6404042E+00
86,  4.300979015044E-01, -2.3692839E-02,  8.9068331E-02, -2.1467043E-01,  1.3616453E-01,  3.5303700E-01,  3.2964084E-02,  7.454855823069E-01,  3.081805483213E-01,  1.672989839683E-01, -4.5144177E-03,  8.1805483E-03, -3.8270102E-01,  1.4287644E+00, -1.1936365E+01,  1.8555299E-01,  3.2247758E+00,  3.7157981E+00,  5.3134103E+00, -2.9008137E+01, -1.1685546E+01,  7.4060807E+00,  0.0000000E+00,  0.0000000E+00,  0.0000000E+00,  0.0000000E+00,  0.0000000E+00,  0.0000000E+00,  9.6588430E+00,  1.1129543E+01,  4.5297596E+01, -3.0699813E-01, -1.5896088E-01,  1.5755188E-01,  3.2247739E+00,  3.7157931E+00,  5.3133960E+00, -2.9008162E+01, -1.1685604E+01,  7.4060798E+00
87,  4.352005118474E-01, -1.0031690E-02,  1.0996994E-01, -1.8145661E-01,  9.7100288E-03,  2.2306709E-01,  7.6299049E-02,  7.454004271546E-01,  3.086850181684E-01,  1.662798885278E-01, -4.5995728E-03,  8.6850182E-03, -3.8372011E-01,  1.4504660E+00, -1.1848291E+01,  1.9659465E-01,  2.1314795E+00,  4.1941619E+00,  7.5100222E+00, -2.0115898E+01, -3.6985329E+01,  8.5909882E+00,  0.0000000E+00,  0.0000000E+00,  0.0000000E+00,  0.0000000E+00,  0.0000000E+00,  0.0000000E+00,  6.3842115E+00,  1.2562309E+01,  5.1876904E+01, -2.1690667E-01, -5.0268871E-01,  1.6687341E-01,  2.1314809E+00,  4.1941471E+00,  7.5100131E+00, -2.0115898E+01, -3.6985329E+01,  8.5909796E+00
88,  4.400832762499E-01, -2.3521625E-03,  1.2752266E-01, -1.4148714E-01, -6.6992961E-02,  6.5993830E-03,  1.0841374E-01,  7.453713635541E-01,  3.092659335463E-01,  1.654849540626E-01, -4.6286364E-03,  9.2659335E-03, -3.8451505E-01,  1.4423911E+00, -1.1813566E+01,  2.2449882E-01,  1.1121502E+00,  2.7052934E+00,  8.5764961E+00, -1.2589779E+01, -4.8070351E+01,  3.8781023E+00,  0.0000000E+00,  0.0000000E+00,  0.0000000E+00,  0.0000000E+00,  0.0000000E+00,  0.0000000E+00,  3.3311107E+00,  8.1029682E+00,  5.5071274E+01, -1.3346247E-01, -6.5292150E-01,  8.2105227E-02,  1.1121497E+00,  2.7053180E+00,  8.5765095E+00, -1.2589781E+01, -4.8070358E+01,  3.8780880E+00
89,  4.451846912357E-01,  1.4524668E-03,  1.3278149E-01, -9.8113418E-02, -1.2420750E-01, -2.2363338E-01,  1.0670636E-01,  7.453699867645E-01,  3.099367787122E-01,  1.648697914096E-01, -4.6300132E-03,  9.9367787E-03, -3.8513021E-01,  1.4143270E+00, -1.1844844E+01,  2.6282511E-01,  4.8110676E-01, -6.8978417E-01,  8.2460556E+00, -1.0789207E+01, -3.9597801E+01, -4.2691221E+00,  0.0000000E+00,  0.0000000E+00,  0.0000000E+00,  0.0000000E+00,  0.0000000E+00,  0.0000000E+00,  1.4410107E+00, -2.0660636E+00,  5.4081520E+01, -1.0458244E-01, -5.3725857E-01, -5.2022677E-02,  4.8110667E-01, -6.8979156E-01,  8.2460632E+00, -1.0789207E+01, -3.9597775E+01, -4.2691231E+00
90,  4.500694430956E-01,  3.0315868E-03,  1.2027437E-01, -6.0429037E-02, -1.7733879E-01, -3.6919379E-01,  6.8858184E-02,  7.453812624042E-01,  3.105631806968E-01,  1.644805849065E-01, -4.6187376E-03,  1.0563181E-02, -3.8551942E-01,  1.3716376E+00, -1.1928943E+01,  2.9725139E-01,  2.1848622E-01, -4.1863260E+00,  7.1652026E+00, -1.0514267E+01, -1.9990465E+01, -1.0363708E+01,  0.0000000E+00,  0.0000000E+00,  0.0000000E+00,  0.0000000E+00,  0.0000000E+00,  0.0000000E+00,  6.5441078E-01, -1.2538849E+01,  5.0844120E+01, -9.4132192E-02, -2.7054656E-01, -1.5185003E-01,  2.1848650E-01, -4.1863146E+00,  7.1652002E+00, -1.0514290E+01, -1.9990419E+01, -1.0363724E+01
91,  4.552091652906E-01,  3.7821864E-03,  9.1030627E-02, -2.6904967E-02, -2.2068410E-01, -4.1924155E-01,  7.5473259E-03,  7.453989531405E-01,  3.111152832746E-01,  1.642550802373E-01, -4.6010469E-03,  1.1115283E-02, -3.8574492E-01,  1.3115413E+00, -1.2046662E+01,  3.2187719E-01,  9.4626479E-02, -6.8529582E+00,  5.9497108E+00, -5.8717432E+00, -1.6482017E+00, -1.2801118E+01,  0.0000000E+00,  0.0000000E+00,  0.0000000E+00,  0.0000000E+00,  0.0000000E+00,  0.0000000E+00,  2.8342453E-01, -2.0525953E+01,  4.7203495E+01, -4.3545581E-02, -2.1391517E-02, -1.9826128E-01,  9.4626240E-02, -6.8529491E+00,  5.9497142E+00, -5.8717752E+00, -1.6481713E+00, -1.2801117E+01
92,  4.601493948825E-01,  4.0394687E-03,  5.3524751E-02, -1.7231630E-04, -2.3184058E-01, -3.9690423E-01, -5.6232620E-02,  7.454184102321E-01,  3.114789020324E-01,  1.641872174179E-01, -4.5815898E-03,  1.1478902E-02, -3.8581278E-01,  1.2405059E+00, -1.2167827E+01,  3.2571562E-01,  1.1181602E-02, -8.0384893E+00,  4.9516172E+00,  1.1950498E+00,  9.2323275E+00, -1.2798757E+01,  0.0000000E+00,  0.0000000E+00,  0.0000000E+00,  0.0000000E+00,  0.0000000E+00,  0.0000000E+00,  3.3491805E-02, -2.4076881E+01,  4.4213997E+01,  2.8924193E-02,  1.2618844E-01, -2.0810285E-01,  1.1181826E-02, -8.0384884E+00,  4.9516177E+00,  1.1950223E+00,  9.2322721E+00, -1.2798764E+01
93,  4.650668403901E-01,  3.7766984E-03,  1.4036658E-02,  2.2146396E-02, -2.0945394E-01, -3.3637702E-01, -1.1693514E-01,  7.454379239270E-01,  3.116488999369E-01,  1.642402718302E-01, -4.5620761E-03,  1.1648900E-02, -3.8575973E-01,  1.1764982E+00, -1.2271697E+01,  3.1538511E-01, -1.1821046E-01, -7.8113470E+00,  4.1854854E+00,  7.0383644E+00,  1.4454595E+01, -1.1798388E+01,  0.0000000E+00,  0.0000000E+00,  0.0000000E+00,  0.0000000E+00,  0.0000000E+00,  0.0000000E+00, -3.5406265E-01, -2.3396545E+01,  4.1919289E+01,  8.7667629E-02,  1.9688900E-01, -2.0001055E-01, -1.1821002E-01, -7.8113465E+00,  4.1854892E+00,  7.0383563E+00,  1.4454538E+01, -1.1798381E+01
94,  4.700112751779E-01,  2.8857375E-03, -2.1544024E-02,  4.0887032E-02, -1.6739452E-01, -2.5828555E-01, -1.7026760E-01,  7.454547086813E-01,  3.116316372563E-01,  1.643955906113E-01, -4.5452913E-03,  1.1631637E-02, -3.8560441E-01,  1.1218155E+00, -1.2356320E+01,  2.8668208E-01, -2.2560406E-01, -6.5146790E+00,  3.4108472E+00,  9.1458778E+00,  1.6561647E+01, -9.6989889E+00,  0.0000000E+00,  0.0000000E+00,  0.0000000E+00,  0.0000000E+00,  0.0000000E+00,  0.0000000E+00, -6.7573059E-01, -1.9512758E+01,  3.9599102E+01,  1.0663626E-01,  2.2531308E-01, -1.6916168E-01, -2.2560449E-01, -6.5146761E+00,  3.4108541E+00,  9.1458693E+00,  1.6561602E+01, -9.6989746E+00
95,  4.751789909032E-01,  1.6252197E-03, -5.0473694E-02,  5.5998992E-02, -1.2259781E-01, -1.7058453E-01, -2.1238522E-01,  7.454665306532E-01,  3.114448509185E-01,  1.646464225928E-01, -4.5334693E-03,  1.1444851E-02, -3.8535358E-01,  1.0782120E+00, -1.2420195E+01,  2.3945268E-01, -2.4003287E-01, -4.7441754E+00,  2.4285297E+00,  7.9523320E+00,  1.7277174E+01, -6.6163321E+00,  0.0000000E+00,  0.0000000E+00,  0.0000000E+00,  0.0000000E+00,  0.0000000E+00,  0.0000000E+00, -7.1894574E-01, -1.4209748E+01,  3.6656860E+01,  9.0357088E-02,  2.3486809E-01, -1.1802763E-01, -2.4003263E-01, -4.7441735E+00,  2.4285352E+00,  7.9523258E+00,  1.7277147E+01, -6.6163583E+00
96,  4.800670930212E-01,  5.9712783E-04, -6.9598295E-02,  6.4963490E-02, -8.7136805E-02, -8.6143337E-02, -2.3665777E-01,  7.454719498595E-01,  3.111504415562E-01,  1.649433761496E-01, -4.5280501E-03,  1.1150442E-02, -3.8505662E-01,  1.0484788E+00, -1.2456484E+01,  1.8291707E-01, -1.7785512E-01, -3.1944237E+00,  1.2737172E+00,  6.7441020E+00,  1.7109882E+01, -3.5253785E+00,  0.0000000E+00,  0.0000000E+00,  0.0000000E+00,  0.0000000E+00,  0.0000000E+00,  0.0000000E+00, -5.3271186E-01, -9.5679760E+00,  3.3197960E+01,  7.3875763E-02,  2.3245178E-01, -6.6684037E-02, -1.7785519E-01, -3.1944363E+00,  1.2737207E+00,  6.7440953E+00,  1.7109886E+01, -3.5253842E+00
97,  4.850135790639E-01, -9.0805908E-05, -8.1987478E-02,  6.8352088E-02, -5.3992044E-02, -1.8314668E-03, -2.4727249E-01,  7.454731329104E-01,  3.107743556074E-01,  1.652749177700E-01, -4.5268671E-03,  1.0774356E-02, -3.8472508E-01,  1.0281459E+00, -1.2469392E+01,  1.1861093E-01, -1.0620993E-01, -1.9246387E+00,  1.9136348E-01,  7.0400515E+00,  1.7106012E+01, -9.8586392E-01,  0.0000000E+00,  0.0000000E+00,  0.0000000E+00,  0.0000000E+00,  0.0000000E+00,  0.0000000E+00, -3.1811991E-01, -5.7646875E+00,  2.9956043E+01,  7.3574193E-02,  2.3228066E-01, -2.6232971E-02, -1.0620990E-01, -1.9246420E+00,  1.9135001E-01,  7.0400462E+00,  1.7106012E+01, -9.8587352E-01
98,  4.902008746392E-01, -4.9720466E-04, -8.9099526E-02,  6.7114115E-02, -1.2374319E-02,  8.8276766E-02, -2.4666296E-01,  7.454715475304E-01,  3.103291646897E-01,  1.656280750432E-01, -4.5284525E-03,  1.0329165E-02, -3.8437192E-01,  1.0178211E+00, -1.2457156E+01,  4.7249131E-02, -5.8671296E-02, -9.0930790E-01, -5.6097215E-01,  9.0218449E+00,  1.7642599E+01,  1.0371281E+00,  0.0000000E+00,  0.0000000E+00,  0.0000000E+00,  0.0000000E+00,  0.0000000E+00,  0.0000000E+00, -1.7573221E-01, -2.7236087E+00,  2.7702660E+01,  9.1293998E-02,  2.3948407E-01,  3.6307254E-03, -5.8671277E-02, -9.0932447E-01, -5.6098157E-01,  9.0218430E+00,  1.7642614E+01,  1.0371006E+00
99,  4.951093590648E-01, -7.7191641E-04, -9.1601349E-02,  6.3425861E-02,  3.6983721E-02,  1.7416129E-01, -2.3751208E-01,  7.454684731875E-01,  3.098845011459E-01,  1.659494584717E-01, -4.5315268E-03,  9.8845011E-03, -3.8405054E-01,  1.0208947E+00, -1.2420722E+01, -2.1714104E-02, -6.2214676E-02, -1.7551281E-01, -8.6562389E-01,  1.0910151E+01,  1.7026318E+01,  2.5669208E+00,  0.0000000E+00,  0.0000000E+00,  0.0000000E+00,  0.0000000E+00,  0.0000000E+00,  0.0000000E+00, -1.8634534E-01, -5.2569586E-01,  2.6790207E+01,  1.0871455E-01,  2.3107798E-01,  2.5776846E-02, -6.2214658E-02, -1.7551278E-01, -8.6561990E-01,  1.0910158E+01,  1.7026348E+01,  2.5668988E+00
100,  5.000121925105E-01, -1.1793069E-03, -9.0931654E-02,  5.9341628E-02,  9.3697965E-02,  2.5112727E-01, -2.2168073E-01,  7.454638205268E-01,  3.094358132422E-01,  1.662505673905E-01, -4.5361795E-03,  9.4358132E-03, -3.8374943E-01,  1.0389338E+00, -1.2361145E+01, -9.0371266E-02, -1.0313734E-01,  4.0252411E-01, -7.2704315E-01,  1.1969442E+01,  1.4154217E+01,  3.8082185E+00,  0.0000000E+00,  0.0000000E+00,  0.0000000E+00,  0.0000000E+00,  0.0000000E+00,  0.0000000E+00, -3.0891755E-01,  1.2056783E+00,  2.7205254E+01,  1.1798679E-01,  1.9206567E-01,  4.4546500E-02, -1.0313754E-01,  4.0253684E-01, -7.2704929E-01,  1.1969451E+01,  1.4154164E+01,  3.8082321E+00
101,  5.051732006186E-01, -1.7877221E-03, -8.7471314E-02,  5.7235863E-02,  1.5508610E-01,  3.1179100E-01, -1.9881044E-01,  7.454562770693E-01,  3.089739557277E-01,  1.665500386456E-01, -4.5437229E-03,  8.9739557E-03, -3.8344996E-01,  1.0755056E+00, -1.2277648E+01, -1.6077070E-01, -1.2319534E-01,  9.0117800E-01, -2.5878927E-02,  1.1642859E+01,  9.2750874E+00,  5.0193157E+00,  0.0000000E+00,  0.0000000E+00,  0.0000000E+00,  0.0000000E+00,  0.0000000E+00,  0.0000000E+00, -3.6899525E-01,  2.6992261E+00,  2.9305378E+01,  1.1302993E-01,  1.2579811E-01,  6.4818107E-02, -1.2319553E-01,  9.0118396E-01, -2.5885992E-02,  1.1642872E+01,  9.2751093E+00,  5.0193381E+00
102,  5.100732364842E-01, -2.3144470E-03, -8.2023926E-02,  5.9772208E-02,  2.0891683E-01,  3.4105402E-01, -1.7127709E-01,  7.454462019241E-01,  3.085573122913E-01,  1.668342274661E-01, -4.5537981E-03,  8.5573123E-03, -3.8316577E-01,  1.1264724E+00, -1.2185306E+01, -2.2401633E-01, -8.3430149E-02,  1.2883002E+00,  1.0668548E+00,  1.0239516E+01,  2.5352237E+00,  6.1793818E+00,  0.0000000E+00,  0.0000000E+00,  0.0000000E+00,  0.0000000E+00,  0.0000000E+00,  0.0000000E+00, -2.4989019E-01,  3.8587155E+00,  3.2578377E+01,  9.7038135E-02,  3.4235056E-02,  8.5805841E-02, -8.3430216E-02,  1.2882998E+00,  1.0668620E+00,  1.0239527E+01,  2.5351727E+00,  6.1794004E+00
103,  5.152186980190E-01, -2.5082061E-03, -7.4603759E-02,  6.8905748E-02,  2.5449941E-01,  3.2997358E-01, -1.3639089E-01,  7.454336028994E-01,  3.081529419404E-01,  1.671612237777E-01, -4.5663971E-03,  8.1529419E-03, -3.8283878E-01,  1.1948274E+00, -1.2084920E+01, -2.8435706E-01,  1.2863946E-02,  1.5537759E+00,  2.4362252E+00,  7.3779678E+00, -6.7585773E+00,  7.2684650E+00,  0.0000000E+00,  0.0000000E+00,  0.0000000E+00,  0.0000000E+00,  0.0000000E+00,  0.0000000E+00,  3.8530950E-02,  4.6538777E+00,  3.6679886E+01,  6.6108666E-02, -9.2053622E-02,  1.0771626E-01,  1.2864233E-02,  1.5537786E+00,  2.4362228E+00,  7.3779855E+00, -6.7586350E+00,  7.2684774E+00
104,  5.201819839065E-01, -2.0738947E-03, -6.6682108E-02,  8.4138684E-02,  2.8367797E-01,  2.7009603E-01, -9.8096937E-02,  7.454218655780E-01,  3.078013498026E-01,  1.675369810502E-01, -4.5781344E-03,  7.8013498E-03, -3.8246302E-01,  1.2713668E+00, -1.1997681E+01, -3.3431032E-01,  1.6672549E-01,  1.5966793E+00,  3.5736210E+00,  4.8278036E+00, -1.6908329E+01,  8.1177368E+00,  0.0000000E+00,  0.0000000E+00,  0.0000000E+00,  0.0000000E+00,  0.0000000E+00,  0.0000000E+00,  4.9937594E-01,  4.7823367E+00,  4.0086670E+01,  3.8638126E-02, -2.2998194E-01,  1.2540691E-01,  1.6672541E-01,  1.5966669E+00,  3.5736372E+00,  4.8277984E+00, -1.6908270E+01,  8.1177502E+00
105,  5.251483877667E-01, -6.8919838E-04, -5.9175882E-02,  1.0343923E-01,  3.0618545E-01,  1.6280131E-01, -5.5735115E-02,  7.454143865339E-01,  3.074883946521E-01,  1.679996806253E-01, -4.5856135E-03,  7.4883947E-03, -3.8200032E-01,  1.3550651E+00, -1.1933963E+01, -3.7424830E-01,  3.8956806E-01,  1.3967109E+00,  4.0353494E+00,  4.5176010E+00, -2.5367599E+01,  8.8212185E+00,  0.0000000E+00,  0.0000000E+00,  0.0000000E+00,  0.0000000E+00,  0.0000000E+00,  0.0000000E+00,  1.1668344E+00,  4.1834273E+00,  4.1469551E+01,  3.4328531E-02, -3.4492442E-01,  1.3777235E-01,  3.8956809E-01,  1.3967105E+00,  4.0353365E+00,  4.5176444E+00, -2.5367575E+01,  8.8212166E+00
106,  5.301025680584E-01,  1.8855088E-03, -5.3185459E-02,  1.2276263E-01,  3.2912847E-01,  2.3878122E-02, -1.2139105E-02,  7.454165550049E-01,  3.072101681602E-01,  1.685586308247E-01, -4.5834450E-03,  7.2101682E-03, -3.8144137E-01,  1.4449964E+00, -1.1905523E+01, -4.0310374E-01,  6.3504225E-01,  1.0203686E+00,  3.6651611E+00,  4.7385139E+00, -2.9719940E+01,  8.6132784E+00,  0.0000000E+00,  0.0000000E+00,  0.0000000E+00,  0.0000000E+00,  0.0000000E+00,  0.0000000E+00,  1.9020795E+00,  3.0561898E+00,  4.0360764E+01,  3.6698949E-02, -4.0403691E-01,  1.3454854E-01,  6.3504255E-01,  1.0203625E+00,  3.6651483E+00,  4.7385521E+00, -2.9719940E+01,  8.6132774E+00
107,  5.350571318621E-01,  5.4942048E-03, -4.9249202E-02,  1.3888386E-01,  3.5423726E-01, -1.2317295E-01,  2.8010167E-02,  7.454341182399E-01,  3.069568484945E-01,  1.692066569882E-01, -4.5658818E-03,  6.9568485E-03, -3.8079334E-01,  1.5417454E+00, -1.1918150E+01, -4.2141678E-01,  7.9062819E-01,  5.9011453E-01,  2.8589964E+00,  5.4420056E+00, -2.8734049E+01,  7.5204592E+00,  0.0000000E+00,  0.0000000E+00,  0.0000000E+00,  0.0000000E+00,  0.0000000E+00,  0.0000000E+00,  2.3680873E+00,  1.7675172E+00,  3.7946266E+01,  4.5280911E-02, -3.9058480E-01,  1.1609120E-01,  7.9062742E-01,  5.9011656E-01,  2.8590260E+00,  5.4420481E+00, -2.8734055E+01,  7.5204558E+00
108,  5.401954830659E-01,  9.6297851E-03, -4.7328461E-02,  1.5131912E-01,  3.8402581E-01, -2.5699291E-01,  6.2028222E-02,  7.454725159182E-01,  3.067094003224E-01,  1.699526773843E-01, -4.5274841E-03,  6.7094003E-03, -3.8004732E-01,  1.6553507E+00, -1.1968517E+01, -4.2737103E-01,  7.9299867E-01,  1.8283947E-01,  2.0268319E+00,  5.8359318E+00, -2.3138557E+01,  5.6657238E+00,  0.0000000E+00,  0.0000000E+00,  0.0000000E+00,  0.0000000E+00,  0.0000000E+00,  0.0000000E+00,  2.3751931E+00,  5.4766387E-01,  3.5453594E+01,  5.1815286E-02, -3.1447750E-01,  8.5391484E-02,  7.9299986E-01,  1.8284717E-01,  2.0268037E+00,  5.8359151E+00, -2.3138493E+01,  5.6657257E+00
109,  5.450443683531E-01,  1.3230663E-02, -4.7332052E-02,  1.5932061E-01,  4.0984100E-01, -3.5200331E-01,  8.3632447E-02,  7.455277587889E-01,  3.064805766076E-01,  1.707062950130E-01, -4.4722412E-03,  6.4805766E-03, -3.7929370E-01,  1.7656738E+00, -1.2052489E+01, -4.3060640E-01,  6.8473297E-01, -1.6404624E-01,  1.3222077E+00,  4.6317573E+00, -1.6254532E+01,  3.2915823E+00,  0.0000000E+00,  0.0000000E+00,  0.0000000E+00,  0.0000000E+00,  0.0000000E+00,  0.0000000E+00,  2.0509093E+00, -4.9137232E-01,  3.3343254E+01,  4.2714439E-02, -2.2086242E-01,  4.8242033E-02,  6.8473202E-01, -1.6405326E-01,  1.3222297E+00,  4.6317739E+00, -1.6254488E+01,  3.2915881E+00
110,  5.500588704445E-01,  1.6220301E-02, -4.9057968E-02,  1.6432974E-01,  4.2792588E-01, -4.1540107E-01,  9.3556210E-02,  7.456016529998E-01,  3.062398130614E-01,  1.715184374207E-01, -4.3983470E-03,  6.2398131E-03, -3.7848156E-01,  1.8861959E+00, -1.2162265E+01, -4.3095238E-01,  5.0627393E-01, -5.0952452E-01,  7.3540467E-01,  2.6698904E+00, -9.4421854E+00,  8.4848899E-01,  0.0000000E+00,  0.0000000E+00,  0.0000000E+00,  0.0000000E+00,  0.0000000E+00,  0.0000000E+00,  1.5164016E+00, -1.5261383E+00,  3.1585505E+01,  2.5975991E-02, -1.2821804E-01,  1.0951121E-02,  5.0627726E-01, -5.0952804E-01,  7.3537421E-01,  2.6698966E+00, -9.4422302E+00,  8.4848201E-01
111,  5.551621229689E-01,  1.8255191E-02, -5.2581731E-02,  1.6684824E-01,  4.3533817E-01, -4.4695628E-01,  9.2394091E-02,  7.456898427358E-01,  3.059815970204E-01,  1.723641797046E-01, -4.3101573E-03,  5.9815970E-03, -3.7763582E-01,  2.0126774E+00, -1.2287958E+01, -4.3113001E-01,  3.0128592E-01, -8.5044611E-01,  2.7907473E-01,  8.7946787E-02, -3.3614035E+00, -1.1684549E+00,  0.0000000E+00,  0.0000000E+00,  0.0000000E+00,  0.0000000E+00,  0.0000000E+00,  0.0000000E+00,  9.0240550E-01, -2.5472710E+00,  3.0218794E+01,  2.3346704E-03, -4.5542579E-02, -1.8599322E-02,  3.0128390E-01, -8.5045105E-01,  2.7907392E-01,  8.7961607E-02, -3.3613870E+00, -1.1684467E+00
112,  5.600124287772E-01,  1.9288301E-02, -5.7402764E-02,  1.6708967E-01,  4.2781657E-01, -4.5131990E-01,  8.2839638E-02,  7.457810915996E-01,  3.057159067174E-01,  1.731748812607E-01, -4.2189084E-03,  5.7159067E-03, -3.7682512E-01,  2.1329454E+00, -1.2412350E+01, -4.3312476E-01,  1.4036325E-01, -1.1112331E+00, -1.7321350E-01, -2.9896271E+00,  1.0188153E+00, -2.5916967E+00,  0.0000000E+00,  0.0000000E+00,  0.0000000E+00,  0.0000000E+00,  0.0000000E+00,  0.0000000E+00,  4.2040825E-01, -3.3283770E+00,  2.8864170E+01, -2.7219217E-02,  1.3976788E-02, -3.7754547E-02,  1.4036065E-01, -1.1112369E+00, -1.7319098E-01, -2.9896581E+00,  1.0188147E+00, -2.5916910E+00
113,  5.651093399381E-01,  1.9724697E-02, -6.3546240E-02,  1.6456217E-01,  4.0738785E-01, -4.3939570E-01,  6.7671925E-02,  7.458806585885E-01,  3.054086899352E-01,  1.740217582022E-01, -4.1193414E-03,  5.4086899E-03, -3.7597824E-01,  2.2551014E+00, -1.2541861E+01, -4.3826794E-01,  4.8723854E-02, -1.2689049E+00, -8.1273693E-01, -4.6856289E+00,  3.4019809E+00, -3.1711617E+00,  0.0000000E+00,  0.0000000E+00,  0.0000000E+00,  0.0000000E+00,  0.0000000E+00,  0.0000000E+00,  1.4592548E-01, -3.8005865E+00,  2.6948515E+01, -4.3766197E-02,  4.6347171E-02, -4.4964008E-02,  4.8719779E-02, -1.2688924E+00, -8.1276602E-01, -4.6856151E+00,  3.4020309E+00, -3.1711562E+00
114,  5.700613894169E-01,  1.9840572E-02, -6.9927432E-02,  1.5893707E-01,  3.8088101E-01, -4.1505420E-01,  5.1903740E-02,  7.459787060423E-01,  3.050789555463E-01,  1.748245781075E-01, -4.0212940E-03,  5.0789555E-03, -3.7517542E-01,  2.3671101E+00, -1.2662787E+01, -4.4649768E-01,  1.7595952E-03, -1.2873330E+00, -1.4024796E+00, -6.2192979E+00,  6.7163258E+00, -3.1841931E+00,  0.0000000E+00,  0.0000000E+00,  0.0000000E+00,  0.0000000E+00,  0.0000000E+00,  0.0000000E+00,  5.2800644E-03, -3.8557708E+00,  2.5182203E+01, -5.9374731E-02,  9.1309093E-02, -4.3374460E-02,  1.7628421E-03, -1.2873167E+00, -1.4024801E+00, -6.2193260E+00,  6.7163324E+00, -3.1841972E+00
115,  5.750672634248E-01,  1.9732516E-02, -7.6138943E-02,  1.5079427E-01,  3.4497470E-01, -3.7115476E-01,  3.6450878E-02,  7.460778521426E-01,  3.047138326430E-01,  1.756016038077E-01, -3.9221479E-03,  4.7138326E-03, -3.7439840E-01,  2.4714286E+00, -1.2775474E+01, -4.5755391E-01, -3.7732229E-02, -1.1775593E+00, -1.8245468E+00, -7.7526083E+00,  1.0460308E+01, -2.9292562E+00,  0.0000000E+00,  0.0000000E+00,  0.0000000E+00,  0.0000000E+00,  0.0000000E+00,  0.0000000E+00, -1.1301319E-01, -3.5270011E+00,  2.3918081E+01, -7.5331770E-02,  1.4207086E-01, -3.7529055E-02, -3.7731431E-02, -1.1775512E+00, -1.8245294E+00, -7.7526407E+00,  1.0460254E+01, -2.9292514E+00
116,  5.800983386641E-01,  1.9533969E-02, -8.1521481E-02,  1.4053547E-01,  3.0778983E-01, -3.1081301E-01,  2.3527542E-02,  7.461766533919E-01,  3.043173861707E-01,  1.763364403140E-01, -3.8233466E-03,  4.3173862E-03, -3.7366356E-01,  2.5654170E+00, -1.2873781E+01, -4.7054818E-01, -3.9997444E-02, -9.6123862E-01, -2.2106733E+00, -6.6769977E+00,  1.3370765E+01, -2.1592607E+00,  0.0000000E+00,  0.0000000E+00,  0.0000000E+00,  0.0000000E+00,  0.0000000E+00,  0.0000000E+00, -1.1980947E-01, -2.8790936E+00,  2.2761486E+01, -6.5170944E-02,  1.8156433E-01, -2.6947953E-02, -4.0000491E-02, -9.6123588E-01, -2.2106791E+00, -6.6770363E+00,  1.3370726E+01, -2.1592627E+00
117,  5.851447686355E-01,  1.9318851E-02, -8.5696682E-02,  1.2878396E-01,  2.7916312E-01, -2.3640901E-01,  1.4901772E-02,  7.462747265598E-01,  3.038953858403E-01,  1.770177370960E-01, -3.7252734E-03,  3.8953858E-03, -3.7298226E-01,  2.6500584E+00, -1.2953019E+01, -4.8464128E-01, -4.6009153E-02, -7.0194030E-01, -2.4076931E+00, -4.8062816E+00,  1.5905445E+01, -1.3292052E+00,  0.0000000E+00,  0.0000000E+00,  0.0000000E+00,  0.0000000E+00,  0.0000000E+00,  0.0000000E+00, -1.3780564E-01, -2.1024535E+00,  2.2171320E+01, -4.6908818E-02,  2.1598509E-01, -1.6524781E-02, -4.6008829E-02, -7.0194095E-01, -2.4077163E+00, -4.8062220E+00,  1.5905457E+01, -1.3292037E+00
118,  5.901692370176E-01,  1.9074354E-02, -8.8535614E-02,  1.1643644E-01,  2.5905573E-01, -1.5201889E-01,  1.0065066E-02,  7.463712222376E-01,  3.034574523431E-01,  1.776353270642E-01, -3.6287778E-03,  3.4574523E-03, -3.7236467E-01,  2.7273372E+00, -1.3009054E+01, -4.9906698E-01, -5.2673612E-02, -4.4167945E-01, -2.4721091E+00, -3.2315645E+00,  1.7599958E+01, -6.3157612E-01,  0.0000000E+00,  0.0000000E+00,  0.0000000E+00,  0.0000000E+00,  0.0000000E+00,  0.0000000E+00, -1.5777095E-01, -1.3229511E+00,  2.1978462E+01, -3.1544156E-02,  2.3899713E-01, -7.7653714E-03, -5.2674595E-02, -4.4169039E-01, -2.4721053E+00, -3.2315114E+00,  1.7599970E+01, -6.3157511E-01
119,  5.951707299313E-01,  1.8731549E-02, -9.0092480E-02,  1.0456543E-01,  2.4466003E-01, -6.0382750E-02,  8.1107002E-03,  7.464658656736E-01,  3.030104133129E-01,  1.781888704690E-01, -3.5341343E-03,  3.0104133E-03, -3.7181113E-01,  2.7994248E+00, -1.3039691E+01, -5.1328652E-01, -8.2157992E-02, -1.9565324E-01, -2.2468524E+00, -2.5909400E+00,  1.9148853E+01, -1.4522547E-01,  0.0000000E+00,  0.0000000E+00,  0.0000000E+00,  0.0000000E+00,  0.0000000E+00,  0.0000000E+00, -2.4608847E-01, -5.8597302E-01,  2.2653149E+01, -2.5514487E-02,  2.6001173E-01, -1.0996718E-03, -8.2160950E-02, -1.9563736E-01, -2.2468493E+00, -2.5909307E+00,  1.9148851E+01, -1.4522588E-01
120,  6.002085126535E-01,  1.8244514E-02, -9.0482391E-02,  9.4353832E-02,  2.3091616E-01,  3.8661111E-02,  8.1922607E-03,  7.465591245391E-01,  3.025551404796E-01,  1.786901257865E-01, -3.4408755E-03,  2.5551405E-03, -3.7130987E-01,  2.8681590E+00, -1.3042999E+01, -5.2692528E-01, -1.1146599E-01,  2.6819859E-02, -1.7985501E+00, -2.9497309E+00,  2.0005833E+01,  1.4546452E-01,  0.0000000E+00,  0.0000000E+00,  0.0000000E+00,  0.0000000E+00,  0.0000000E+00,  0.0000000E+00, -3.3385313E-01,  8.0309644E-02,  2.3995882E+01, -2.9546307E-02,  2.7159950E-01,  3.9009375E-03, -1.1146271E-01,  2.6812783E-02, -1.7985542E+00, -2.9497290E+00,  2.0005840E+01,  1.4546406E-01
121,  6.050427373447E-01,  1.7636133E-02, -8.9893155E-02,  8.7083489E-02,  2.1507499E-01,  1.3415366E-01,  9.3659535E-03,  7.466459633346E-01,  3.021187449213E-01,  1.791283938409E-01, -3.3540367E-03,  2.1187449E-03, -3.7087161E-01,  2.9301256E+00, -1.3019123E+01, -5.3883250E-01, -1.3499571E-01,  2.0223460E-01, -1.2168391E+00, -3.5489306E+00,  1.9448124E+01,  3.2320064E-01,  0.0000000E+00,  0.0000000E+00,  0.0000000E+00,  0.0000000E+00,  0.0000000E+00,  0.0000000E+00, -4.0433705E-01,  6.0573202E-01,  2.5738218E+01, -3.5973940E-02,  2.6396859E-01,  7.6034334E-03, -1.3499501E-01,  2.0223425E-01, -1.2168448E+00, -3.5489392E+00,  1.9448141E+01,  3.2320037E-01
122,  6.100926576444E-01,  1.6956372E-02, -8.8496871E-02,  8.2766727E-02,  1.9747324E-01,  2.2735433E-01,  1.1546102E-02,  7.467333735573E-01,  3.016678811689E-01,  1.795562438087E-01, -3.2666264E-03,  1.6678812E-03, -3.7044376E-01,  2.9899505E+00, -1.2966671E+01, -5.4955618E-01, -1.3111347E-01,  3.3369607E-01, -5.0355113E-01, -3.0534897E+00,  1.7399267E+01,  5.8308637E-01,  0.0000000E+00,  0.0000000E+00,  0.0000000E+00,  0.0000000E+00,  0.0000000E+00,  0.0000000E+00, -3.9271590E-01,  9.9953461E-01,  2.7874681E+01, -3.1314299E-02,  2.3612791E-01,  1.1285461E-02, -1.3111508E-01,  3.3371213E-01, -5.0354910E-01, -3.0534637E+00,  1.7399281E+01,  5.8308673E-01
123,  6.151338326762E-01,  1.6293790E-02, -8.6601421E-02,  8.2374968E-02,  1.8787505E-01,  3.0852070E-01,  1.5761722E-02,  7.468172720457E-01,  3.012261666851E-01,  1.799707847298E-01, -3.1827280E-03,  1.2261667E-03, -3.7002922E-01,  3.0455187E+00, -1.2889026E+01, -5.5829021E-01, -1.3643280E-01,  4.0472215E-01,  3.2308197E-01, -7.6386106E-01,  1.4787576E+01,  1.0580999E+00,  0.0000000E+00,  0.0000000E+00,  0.0000000E+00,  0.0000000E+00,  0.0000000E+00,  0.0000000E+00, -4.0864617E-01,  1.2122682E+00,  3.0350620E+01, -8.5051972E-03,  2.0071131E-01,  1.6019974E-02, -1.3643368E-01,  4.0473700E-01,  3.2308647E-01, -7.6384693E-01,  1.4787579E+01,  1.0580987E+00
124,  6.201754887364E-01,  1.5576818E-02, -8.4477641E-02,  8.6082093E-02,  1.8809019E-01,  3.7239808E-01,  2.1652801E-02,  7.468977157274E-01,  3.007946061819E-01,  1.803934095835E-01, -3.1022843E-03,  7.9460618E-04, -3.6960659E-01,  3.0998473E+00, -1.2790101E+01, -5.6510522E-01, -1.4627540E-01,  4.3245369E-01,  1.0823535E+00,  5.5948150E-01,  1.0460301E+01,  1.1964655E+00,  0.0000000E+00,  0.0000000E+00,  0.0000000E+00,  0.0000000E+00,  0.0000000E+00,  0.0000000E+00, -4.3812907E-01,  1.2952727E+00,  3.2624748E+01,  4.7060004E-03,  1.4197795E-01,  1.6978271E-02, -1.4627707E-01,  4.3244949E-01,  1.0823439E+00,  5.5951226E-01,  1.0460294E+01,  1.1964647E+00
125,  6.252162346507E-01,  1.4824823E-02, -8.2266733E-02,  9.2979431E-02,  1.9231318E-01,  4.1016868E-01,  2.7259793E-02,  7.469744448790E-01,  3.003740800775E-01,  1.808428622317E-01, -3.0255551E-03,  3.7408008E-04, -3.6915714E-01,  3.1548866E+00, -1.2676168E+01, -5.7024276E-01, -1.5593739E-01,  4.4007379E-01,  1.5895474E+00,  1.2382950E+00,  4.7417779E+00,  1.0380810E+00,  0.0000000E+00,  0.0000000E+00,  0.0000000E+00,  0.0000000E+00,  0.0000000E+00,  0.0000000E+00, -4.6705863E-01,  1.3180710E+00,  3.4143925E+01,  1.1595912E-02,  6.4346157E-02,  1.4303392E-02, -1.5593570E-01,  4.4006109E-01,  1.5895476E+00,  1.2383237E+00,  4.7417903E+00,  1.0380806E+00
126,  6.300251438994E-01,  1.4022394E-02, -8.0158174E-02,  1.0118623E-01,  2.0007926E-01,  4.1857204E-01,  3.1599957E-02,  7.470439379873E-01,  2.999833042124E-01,  1.813084768618E-01, -2.9560620E-03, -1.6695788E-05, -3.6869152E-01,  3.2090432E+00, -1.2560951E+01, -5.7399916E-01, -1.7582731E-01,  4.3522459E-01,  1.7596484E+00,  1.8950011E+00, -9.2188185E-01,  7.7316654E-01,  0.0000000E+00,  0.0000000E+00,  0.0000000E+00,  0.0000000E+00,  0.0000000E+00,  0.0000000E+00, -5.2664220E-01,  1.3036308E+00,  3.4653419E+01,  1.8392142E-02, -1.2528104E-02,  9.9845761E-03, -1.7582873E-01,  4.3524000E-01,  1.7596514E+00,  1.8950088E+00, -9.2183065E-01,  7.7316201E-01
127,  6.350555307798E-01,  1.3142381E-02, -7.8001820E-02,  1.0968561E-01,  2.0920484E-01,  3.9994007E-01,  3.4568232E-02,  7.471123446916E-01,  2.995852821905E-01,  1.818383036475E-01, -2.8876553E-03, -4.1471781E-04, -3.6816170E-01,  3.2682472E+00, -1.2441748E+01, -5.7729951E-01, -1.6923676E-01,  4.2181167E-01,  1.5755311E+00,  1.5675398E+00, -5.9223247E+00,  4.0847105E-01,  0.0000000E+00,  0.0000000E+00,  0.0000000E+00,  0.0000000E+00,  0.0000000E+00,  0.0000000E+00, -5.0689447E-01,  1.2634064E+00,  3.4101959E+01,  1.5228047E-02, -8.0436841E-02,  5.3325146E-03, -1.6923560E-01,  4.2181036E-01,  1.5755367E+00,  1.5675696E+00, -5.9223700E+00,  4.0847072E-01
128,  6.400760049710E-01,  1.2381543E-02, -7.5912870E-02,  1.1640224E-01,  2.1401498E-01,  3.6281741E-01,  3.5348590E-02,  7.471764217146E-01,  2.991987072827E-01,  1.824061044117E-01, -2.8235783E-03, -8.0129272E-04, -3.6759390E-01,  3.3294533E+00, -1.2330969E+01, -5.8039049E-01, -1.3059376E-01,  4.0956241E-01,  1.0898685E+00,  3.5800773E-01, -8.3232384E+00, -7.0618153E-02,  0.0000000E+00,  0.0000000E+00,  0.0000000E+00,  0.0000000E+00,  0.0000000E+00,  0.0000000E+00, -3.9115629E-01,  1.2267448E+00,  3.2647266E+01,  3.2954232E-03, -1.1305813E-01, -3.5731157E-04, -1.3059437E-01,  4.0957025E-01,  1.0898620E+00,  3.5803896E-01, -8.3232403E+00, -7.0612855E-02
129,  6.450919272669E-01,  1.1903951E-02, -7.3898561E-02,  1.2018932E-01,  2.1244138E-01,  3.2025215E-01,  3.3789992E-02,  7.472372350924E-01,  2.988227890034E-01,  1.830004281404E-01, -2.7627649E-03, -1.1772110E-03, -3.6699957E-01,  3.3910915E+00, -1.2232002E+01, -5.8359878E-01, -6.1307594E-02,  3.9399597E-01,  4.3373212E-01, -8.7870544E-01, -8.2165003E+00, -5.0452852E-01,  0.0000000E+00,  0.0000000E+00,  0.0000000E+00,  0.0000000E+00,  0.0000000E+00,  0.0000000E+00, -1.8363166E-01,  1.1801002E+00,  3.0681982E+01, -8.8312030E-03, -1.1161439E-01, -5.6864005E-03, -6.1308645E-02,  3.9399713E-01,  4.3371740E-01, -8.7867725E-01, -8.2164612E+00, -5.0453067E-01
130,  6.501104051581E-01,  1.1815674E-02, -7.1988493E-02,  1.2041261E-01,  2.0669110E-01,  2.8342155E-01,  3.0626582E-02,  7.472965917498E-01,  2.984565562027E-01,  1.836056866758E-01, -2.7034083E-03, -1.5434438E-03, -3.6639431E-01,  3.4516043E+00, -1.2144601E+01, -5.8717362E-01,  2.1151474E-02,  3.6953062E-01, -3.1312668E-01, -1.2475454E+00, -6.5812421E+00, -7.2656786E-01,  0.0000000E+00,  0.0000000E+00,  0.0000000E+00,  0.0000000E+00,  0.0000000E+00,  0.0000000E+00,  6.3347138E-02,  1.1068543E+00,  2.8445042E+01, -1.2235606E-02, -8.9382529E-02, -9.0141706E-03,  2.1149551E-02,  3.6954272E-01, -3.1312433E-01, -1.2475679E+00, -6.5811801E+00, -7.2656870E-01
131,  6.551373952650E-01,  1.2144882E-02, -7.0185632E-02,  1.1676580E-01,  1.9962230E-01,  2.5501528E-01,  2.6453424E-02,  7.473566007121E-01,  2.980990398732E-01,  1.842039052203E-01, -2.6433993E-03, -1.9009601E-03, -3.6579609E-01,  3.5103828E+00, -1.2066547E+01, -5.9134016E-01,  1.0436277E-01,  3.4908640E-01, -1.0935739E+00, -1.7219164E+00, -4.7454648E+00, -9.5791131E-01,  0.0000000E+00,  0.0000000E+00,  0.0000000E+00,  0.0000000E+00,  0.0000000E+00,  0.0000000E+00,  3.1258607E-01,  1.0455924E+00,  2.6107435E+01, -1.6698599E-02, -6.4429037E-02, -1.2402346E-02,  1.0436234E-01,  3.4908935E-01, -1.0935752E+00, -1.7218994E+00, -4.7454114E+00, -9.5791185E-01
132,  6.601774670097E-01,  1.2849566E-02, -6.8485938E-02,  1.0946007E-01,  1.8863013E-01,  2.3768628E-01,  2.1064119E-02,  7.474193695375E-01,  2.977494343298E-01,  1.847762107759E-01, -2.5806305E-03, -2.2505657E-03, -3.6522379E-01,  3.5667689E+00, -1.1995062E+01, -5.9628483E-01,  1.6973244E-01,  3.2598758E-01, -1.7481482E+00, -2.5479512E+00, -2.2494378E+00, -1.1577301E+00,  0.0000000E+00,  0.0000000E+00,  0.0000000E+00,  0.0000000E+00,  0.0000000E+00,  0.0000000E+00,  5.0838226E-01,  9.7636276E-01,  2.4146820E+01, -2.4771651E-02, -3.0528061E-02, -1.4951922E-02,  1.6973232E-01,  3.2597581E-01, -1.7481610E+00, -2.5479493E+00, -2.2494369E+00, -1.1577289E+00
133,  6.650027404094E-01,  1.3797107E-02, -6.6976257E-02,  9.9719204E-02,  1.7561918E-01,  2.3311551E-01,  1.5240511E-02,  7.474834559584E-01,  2.974224864887E-01,  1.852829595455E-01, -2.5165440E-03, -2.5775135E-03, -3.6471704E-01,  3.6173647E+00, -1.1929749E+01, -6.0180052E-01,  2.1803717E-01,  3.0160183E-01, -2.2422934E+00, -2.7390912E+00,  2.2861381E-01, -1.2420757E+00,  0.0000000E+00,  0.0000000E+00,  0.0000000E+00,  0.0000000E+00,  0.0000000E+00,  0.0000000E+00,  6.5306526E-01,  9.0334415E-01,  2.2666765E+01, -2.6478006E-02,  3.1497979E-03, -1.6484817E-02,  2.1803728E-01,  3.0159727E-01, -2.2423031E+00, -2.7390771E+00,  2.2863838E-01, -1.2420740E+00
134,  6.700719660903E-01,  1.4978048E-02, -6.5514386E-02,  8.7372921E-02,  1.6160898E-01,  2.4077877E-01,  8.6412616E-03,  7.475562041885E-01,  2.970865616925E-01,  1.857593057120E-01, -2.4437958E-03, -2.9134383E-03, -3.6424069E-01,  3.6665926E+00, -1.1860811E+01, -6.0849527E-01,  2.4189188E-01,  2.7537292E-01, -2.5794694E+00, -2.8527434E+00,  2.6673098E+00, -1.3642416E+00,  0.0000000E+00,  0.0000000E+00,  0.0000000E+00,  0.0000000E+00,  0.0000000E+00,  0.0000000E+00,  7.2451621E-01,  8.2483470E-01,  2.1656895E+01, -2.7342107E-02,  3.6304459E-02, -1.8735368E-02,  2.4189243E-01,  2.7538553E-01, -2.5794661E+00, -2.8527749E+00,  2.6672935E+00, -1.3642412E+00
135,  6.751521364028E-01,  1.6216928E-02, -6.4182863E-02,  7.3842719E-02,  1.4542532E-01,  2.6076818E-01,  1.2183866E-03,  7.476352957147E-01,  2.967570212392E-01,  1.861706629472E-01, -2.3647043E-03, -3.2429788E-03, -3.6382934E-01,  3.7116331E+00, -1.1787813E+01, -6.1625634E-01,  2.4304414E-01,  2.4987023E-01, -2.7168143E+00, -3.5817745E+00,  5.0381994E+00, -1.5560172E+00,  0.0000000E+00,  0.0000000E+00,  0.0000000E+00,  0.0000000E+00,  0.0000000E+00,  0.0000000E+00,  7.2796595E-01,  7.4843687E-01,  2.1245550E+01, -3.4427673E-02,  6.8514332E-02, -2.1323415E-02,  2.4304418E-01,  2.4987876E-01, -2.7168007E+00, -3.5817494E+00,  5.0381556E+00, -1.5560169E+00
136,  6.802230054848E-01,  1.7394865E-02, -6.2975973E-02,  6.0080234E-02,  1.2464861E-01,  2.9194009E-01, -7.1898792E-03,  7.477204333004E-01,  2.964345261722E-01,  1.865117455454E-01, -2.2795667E-03, -3.5654738E-03, -3.6348825E-01,  3.7512881E+00, -1.1707589E+01, -6.2511079E-01,  2.1885571E-01,  2.2765332E-01, -2.6928453E+00, -4.4950199E+00,  6.9640160E+00, -1.7557300E+00,  0.0000000E+00,  0.0000000E+00,  0.0000000E+00,  0.0000000E+00,  0.0000000E+00,  0.0000000E+00,  6.5551233E-01,  6.8189955E-01,  2.1317324E+01, -4.3414991E-02,  9.4667703E-02, -2.3753485E-02,  2.1885428E-01,  2.2766411E-01, -2.6928380E+00, -4.4950213E+00,  6.9639888E+00, -1.7557293E+00
137,  6.850514661106E-01,  1.8359505E-02, -6.1934624E-02,  4.7391295E-02,  1.0169778E-01,  3.2881999E-01, -1.6079407E-02,  7.478067141934E-01,  2.961328895935E-01,  1.867723804473E-01, -2.1932858E-03, -3.8671104E-03, -3.6322762E-01,  3.7829779E+00, -1.1621815E+01, -6.3459998E-01,  1.8126123E-01,  2.0404349E-01, -2.5467994E+00, -4.9789338E+00,  8.1972704E+00, -1.9215959E+00,  0.0000000E+00,  0.0000000E+00,  0.0000000E+00,  0.0000000E+00,  0.0000000E+00,  0.0000000E+00,  5.4292560E-01,  6.1117315E-01,  2.1754726E+01, -4.8084650E-02,  1.1143057E-01, -2.6084123E-02,  1.8126522E-01,  2.0405087E-01, -2.5468032E+00, -4.9789367E+00,  8.1973219E+00, -1.9215941E+00
138,  6.901101535966E-01,  1.9152500E-02, -6.0971014E-02,  3.5225179E-02,  7.5649731E-02,  3.7291840E-01, -2.6189523E-02,  7.479016041555E-01,  2.958219648169E-01,  1.869821259629E-01, -2.0983958E-03, -4.1780352E-03, -3.6301787E-01,  3.8090815E+00, -1.1520307E+01, -6.4575473E-01,  1.3428538E-01,  1.7749333E-01, -2.2592282E+00, -5.2512517E+00,  9.1326675E+00, -2.0547371E+00,  0.0000000E+00,  0.0000000E+00,  0.0000000E+00,  0.0000000E+00,  0.0000000E+00,  0.0000000E+00,  4.0221858E-01,  5.3165114E-01,  2.2616079E+01, -5.0645620E-02,  1.2415205E-01, -2.8121874E-02,  1.3428771E-01,  1.7750105E-01, -2.2592256E+00, -5.2512531E+00,  9.1327248E+00, -2.0547330E+00
139,  6.951798842197E-01,  1.9710967E-02, -6.0144868E-02,  2.4694713E-02,  4.8884045E-02,  4.2075455E-01, -3.6804229E-02,  7.480001586163E-01,  2.955149161860E-01,  1.871344320043E-01, -1.9998414E-03, -4.4850838E-03, -3.6286557E-01,  3.8275530E+00, -1.1405273E+01, -6.5830587E-01,  8.6164199E-02,  1.4965829E-01, -1.8914920E+00, -5.3086681E+00,  9.6192369E+00, -2.1243010E+00,  0.0000000E+00,  0.0000000E+00,  0.0000000E+00,  0.0000000E+00,  0.0000000E+00,  0.0000000E+00,  2.5807881E-01,  4.4823331E-01,  2.3717506E+01, -5.1114172E-02,  1.3077472E-01, -2.9337814E-02,  8.6164132E-02,  1.4965054E-01, -1.8914948E+00, -5.3086758E+00,  9.6192312E+00, -2.1242971E+00
140,  7.000234199275E-01,  2.0022839E-02, -5.9491273E-02,  1.6549537E-02,  2.3458509E-02,  4.6745813E-01, -4.7134671E-02,  7.480964263432E-01,  2.952251649779E-01,  1.872344667438E-01, -1.9035737E-03, -4.7748350E-03, -3.6276553E-01,  3.8379222E+00, -1.1282285E+01, -6.7168277E-01,  4.5857590E-02,  1.2167881E-01, -1.4882125E+00, -5.1701307E+00,  9.5806122E+00, -2.1326001E+00,  0.0000000E+00,  0.0000000E+00,  0.0000000E+00,  0.0000000E+00,  0.0000000E+00,  0.0000000E+00,  1.3736199E-01,  3.6443251E-01,  2.4925415E+01, -4.9687326E-02,  1.3026217E-01, -2.9719010E-02,  4.5860708E-02,  1.2167218E-01, -1.4882133E+00, -5.1701322E+00,  9.5806684E+00, -2.1326056E+00
141,  7.051035758230E-01,  2.0162735E-02, -5.8954410E-02,  1.0098585E-02, -1.2939330E-03,  5.1370293E-01, -5.7810761E-02,  7.481985529707E-01,  2.949243092647E-01,  1.873020234413E-01, -1.8014470E-03, -5.0756907E-03, -3.6269798E-01,  3.8413910E+00, -1.1139701E+01, -6.8726111E-01,  1.3428708E-02,  9.0422116E-02, -1.0779439E+00, -4.5913801E+00,  8.4888773E+00, -2.0644743E+00,  0.0000000E+00,  0.0000000E+00,  0.0000000E+00,  0.0000000E+00,  0.0000000E+00,  0.0000000E+00,  4.0225890E-02,  2.7083895E-01,  2.6154253E+01, -4.3919869E-02,  1.1544994E-01, -2.9221106E-02,  1.3430118E-02,  9.0424329E-02, -1.0779443E+00, -4.5913801E+00,  8.4889641E+00, -2.0644722E+00
142,  7.101891420148E-01,  2.0168016E-02, -5.8579978E-02,  5.6411964E-03, -2.3090972E-02,  5.5178446E-01, -6.8088405E-02,  7.483011519887E-01,  2.946254718409E-01,  1.873417434836E-01, -1.6988480E-03, -5.3745282E-03, -3.6265826E-01,  3.8380105E+00, -1.0984593E+01, -7.0454389E-01, -8.4316637E-03,  5.8151074E-02, -6.9905430E-01, -4.0357199E+00,  6.4087095E+00, -1.9830048E+00,  0.0000000E+00,  0.0000000E+00,  0.0000000E+00,  0.0000000E+00,  0.0000000E+00,  0.0000000E+00, -2.5261359E-02,  1.7417374E-01,  2.7289104E+01, -3.8470801E-02,  8.7197356E-02, -2.8292302E-02, -8.4339473E-03,  5.8150955E-02, -6.9905424E-01, -4.0357223E+00,  6.4086304E+00, -1.9830163E+00
143,  7.150385676980E-01,  2.0098453E-02, -5.8375131E-02,  3.0811161E-03, -4.1608650E-02,  5.7569450E-01, -7.7558495E-02,  7.483988141059E-01,  2.943419240758E-01,  1.873625598042E-01, -1.6011859E-03, -5.6580759E-03, -3.6263744E-01,  3.8291236E+00, -1.0827980E+01, -7.2267269E-01, -1.8759862E-02,  2.7934039E-02, -3.7693405E-01, -3.6519358E+00,  3.4296739E+00, -1.9363083E+00,  0.0000000E+00,  0.0000000E+00,  0.0000000E+00,  0.0000000E+00,  0.0000000E+00,  0.0000000E+00, -5.6181829E-02,  8.3660774E-02,  2.8253918E+01, -3.4795403E-02,  4.6727937E-02, -2.7544275E-02, -1.8757287E-02,  2.7931616E-02, -3.7693441E-01, -3.6519434E+00,  3.4297132E+00, -1.9362963E+00
144,  7.201176263987E-01,  1.9985989E-02, -5.8311634E-02,  1.9561641E-03, -5.9550580E-02,  5.8278680E-01, -8.7430023E-02,  7.485006346843E-01,  2.940456488735E-01,  1.873748614870E-01, -1.4993653E-03, -5.9543511E-03, -3.6262514E-01,  3.8144311E+00, -1.0659256E+01, -7.4347314E-01, -2.4585458E-02, -7.5821293E-04, -8.5848458E-02, -3.4811490E+00, -5.5107558E-01, -1.9661267E+00,  0.0000000E+00,  0.0000000E+00,  0.0000000E+00,  0.0000000E+00,  0.0000000E+00,  0.0000000E+00, -7.3645458E-02, -2.2676983E-03,  2.9125778E+01, -3.3269715E-02, -7.3562507E-03, -2.7602460E-02, -2.4587827E-02, -7.5711083E-04, -8.5848518E-02, -3.4811571E+00, -5.5102587E-01, -1.9661126E+00
145,  7.252006491132E-01,  1.9845378E-02, -5.8388036E-02,  2.1809347E-03, -7.7266924E-02,  5.6795245E-01, -9.7564757E-02,  7.486018944568E-01,  2.937491209862E-01,  1.873848450579E-01, -1.3981055E-03, -6.2508790E-03, -3.6261515E-01,  3.7944637E+00, -1.0491386E+01, -7.6627255E-01, -2.9976234E-02, -2.7236471E-02,  1.5139812E-01, -3.5834172E+00, -5.1094975E+00, -2.0297778E+00,  0.0000000E+00,  0.0000000E+00,  0.0000000E+00,  0.0000000E+00,  0.0000000E+00,  0.0000000E+00, -8.9793906E-02, -8.1584491E-02,  2.9836378E+01, -3.4528639E-02, -6.9304056E-02, -2.7793907E-02, -2.9979268E-02, -2.7238412E-02,  1.5139771E-01, -3.5834081E+00, -5.1096067E+00, -2.0297780E+00
146,  7.300493397825E-01,  1.9692300E-02, -5.8570970E-02,  3.3426241E-03, -9.5569342E-02,  5.3230041E-01, -1.0759654E-01,  7.486977707038E-01,  2.934656301098E-01,  1.873978019608E-01, -1.3022293E-03, -6.5343699E-03, -3.6260220E-01,  3.7703598E+00, -1.0338268E+01, -7.8996846E-01, -3.2779165E-02, -4.6320140E-02,  3.0633327E-01, -3.9420860E+00, -9.3112841E+00, -2.0992868E+00,  0.0000000E+00,  0.0000000E+00,  0.0000000E+00,  0.0000000E+00,  0.0000000E+00,  0.0000000E+00, -9.8188192E-02, -1.3875142E-01,  3.0300442E+01, -3.8374316E-02, -1.2641726E-01, -2.7859833E-02, -3.2781847E-02, -4.6324592E-02,  3.0633348E-01, -3.9420867E+00, -9.3113785E+00, -2.0992947E+00
147,  7.351310073005E-01,  1.9525366E-02, -5.8844898E-02,  5.0865342E-03, -1.1621375E-01,  4.7541663E-01, -1.1828279E-01,  7.487974334908E-01,  2.931673560220E-01,  1.874189189496E-01, -1.2025665E-03, -6.8326440E-03, -3.6258108E-01,  3.7393440E+00, -1.0191306E+01, -8.1688737E-01, -3.1874079E-02, -5.9720606E-02,  3.5488811E-01, -4.1350436E+00, -1.2683774E+01, -2.0838575E+00,  0.0000000E+00,  0.0000000E+00,  0.0000000E+00,  0.0000000E+00,  0.0000000E+00,  0.0000000E+00, -9.5460698E-02, -1.7889901E-01,  3.0445871E+01, -4.0578008E-02, -1.7226416E-01, -2.6902286E-02, -3.1871226E-02, -5.9728567E-02,  3.5488772E-01, -4.1350565E+00, -1.2683784E+01, -2.0838516E+00
148,  7.402242700671E-01,  1.9393260E-02, -5.9165888E-02,  6.6747041E-03, -1.3761491E-01,  4.0572351E-01, -1.2854679E-01,  7.488965276200E-01,  2.928668725195E-01,  1.874489394679E-01, -1.1034724E-03, -7.1331275E-03, -3.6255106E-01,  3.7020798E+00, -1.0062713E+01, -8.4595586E-01, -1.7082604E-02, -6.4403750E-02,  2.4268682E-01, -4.2828331E+00, -1.4276583E+01, -1.9328204E+00,  0.0000000E+00,  0.0000000E+00,  0.0000000E+00,  0.0000000E+00,  0.0000000E+00,  0.0000000E+00, -5.1174052E-02, -1.9289273E-01,  3.0109810E+01, -4.2362664E-02, -1.9394702E-01, -2.4116311E-02, -1.7085355E-02, -6.4400621E-02,  2.4268770E-01, -4.2828264E+00, -1.4276558E+01, -1.9328110E+00
149,  7.450828034536E-01,  1.9392015E-02, -5.9470419E-02,  7.2269170E-03, -1.5885958E-01,  3.3673206E-01, -1.3734929E-01,  7.489906757542E-01,  2.925786979162E-01,  1.874831915477E-01, -1.0093242E-03, -7.4213021E-03, -3.6251681E-01,  3.6605963E+00, -9.9596788E+00, -8.7541599E-01,  1.9071074E-02, -5.9210531E-02, -3.1296533E-02, -4.4695253E+00, -1.3792768E+01, -1.6894008E+00,  0.0000000E+00,  0.0000000E+00,  0.0000000E+00,  0.0000000E+00,  0.0000000E+00,  0.0000000E+00,  5.7124987E-02, -1.7734930E-01,  2.9289169E+01, -4.4512123E-02, -1.8742946E-01, -2.0142535E-02,  1.9072179E-02, -5.9211172E-02, -3.1297531E-02, -4.4695520E+00, -1.3792810E+01, -1.6894231E+00
150,  7.501704663131E-01,  1.9644147E-02, -5.9737589E-02,  5.9754010E-03, -1.8215054E-01,  2.7257884E-01, -1.4509273E-01,  7.490898166316E-01,  2.922754555254E-01,  1.875178336803E-01, -9.1018337E-04, -7.7245445E-03, -3.6248217E-01,  3.6106910E+00, -9.8716227E+00, -9.0767611E-01,  7.9631202E-02, -4.6069637E-02, -4.5285767E-01, -4.6704946E+00, -1.1241120E+01, -1.3609550E+00,  0.0000000E+00,  0.0000000E+00,  0.0000000E+00,  0.0000000E+00,  0.0000000E+00,  0.0000000E+00,  2.3850533E-01, -1.3796839E-01,  2.8026510E+01, -4.6761565E-02, -1.5282579E-01, -1.5117929E-02,  7.9629183E-02, -4.6063166E-02, -4.5285839E-01, -4.6705222E+00, -1.1241061E+01, -1.3609369E+00
151,  7.550278041586E-01,  2.0208372E-02, -5.9918471E-02,  2.6189843E-03, -2.0548476E-01,  2.2703598E-01, -1.5084298E-01,  7.491863991546E-01,  2.919848370224E-01,  1.875399999042E-01, -8.1360085E-04, -8.0151630E-03, -3.6246000E-01,  3.5565981E+00, -9.8031566E+00, -9.3933582E-01,  1.5076411E-01, -2.8782167E-02, -9.1126883E-01, -4.9469247E+00, -7.5764585E+00, -1.0263653E+00,  0.0000000E+00,  0.0000000E+00,  0.0000000E+00,  0.0000000E+00,  0.0000000E+00,  0.0000000E+00,  4.5155773E-01, -8.6204752E-02,  2.6653479E+01, -4.9701799E-02, -1.0310655E-01, -1.0075313E-02,  1.5076046E-01, -2.8780967E-02, -9.1126907E-01, -4.9469366E+00, -7.5764265E+00, -1.0263422E+00
152,  7.601165834370E-01,  2.1184519E-02, -6.0011510E-02, -3.2579030E-03, -2.3166455E-01,  1.9928536E-01, -1.5527867E-01,  7.492914352430E-01,  2.916796544067E-01,  1.875400389243E-01, -7.0856476E-04, -8.3203456E-03, -3.6245996E-01,  3.4927542E+00, -9.7424533E+00, -9.7283992E-01,  2.2975893E-01, -8.2608871E-03, -1.3683251E+00, -5.3393350E+00, -3.5659978E+00, -7.4570203E-01,  0.0000000E+00,  0.0000000E+00,  0.0000000E+00,  0.0000000E+00,  0.0000000E+00,  0.0000000E+00,  6.8816209E-01, -2.4736352E-02,  2.5284506E+01, -5.3728398E-02, -4.8689853E-02, -5.8172592E-03,  2.2975497E-01, -8.2586650E-03, -1.3683246E+00, -5.3393636E+00, -3.5660136E+00, -7.4568605E-01
153,  7.652059779181E-01,  2.2555109E-02, -6.0001593E-02, -1.1210604E-02, -2.6000530E-01,  1.9101083E-01, -1.5852410E-01,  7.494024215542E-01,  2.913742152359E-01,  1.875048848038E-01, -5.9757845E-04, -8.6257848E-03, -3.6249512E-01,  3.4209659E+00, -9.6872463E+00, -1.0061792E+00,  3.0387986E-01,  1.0885056E-02, -1.7167473E+00, -5.7817039E+00,  4.7662377E-02, -5.5475140E-01,  0.0000000E+00,  0.0000000E+00,  0.0000000E+00,  0.0000000E+00,  0.0000000E+00,  0.0000000E+00,  9.1018474E-01,  3.2594036E-02,  2.4240906E+01, -5.8180228E-02,  3.4403647E-04, -2.8712924E-03,  3.0388111E-01,  1.0882090E-02, -1.7167487E+00, -5.7816973E+00,  4.7636498E-02, -5.5477333E-01
154,  7.700651746419E-01,  2.4186358E-02, -5.9907839E-02, -2.0077419E-02, -2.8909031E-01,  1.9856483E-01, -1.6093554E-01,  7.495156827254E-01,  2.910828423212E-01,  1.874302374450E-01, -4.8431727E-04, -8.9171577E-03, -3.6256976E-01,  3.3443944E+00, -9.6347997E+00, -1.0374898E+00,  3.6184213E-01,  2.6364958E-02, -1.8956935E+00, -6.1495056E+00,  2.7935910E+00, -4.5448163E-01,  0.0000000E+00,  0.0000000E+00,  0.0000000E+00,  0.0000000E+00,  0.0000000E+00,  0.0000000E+00,  1.0837899E+00,  7.8981251E-02,  2.3704933E+01, -6.1827894E-02,  3.7605125E-02, -1.3145012E-03,  3.6184227E-01,  2.6369274E-02, -1.8956926E+00, -6.1495523E+00,  2.7935863E+00, -4.5451164E-01
155,  7.751589408110E-01,  2.6146021E-02, -5.9739519E-02, -2.9812658E-02, -3.2115656E-01,  2.1810637E-01, -1.6314800E-01,  7.496435611914E-01,  2.907780693288E-01,  1.873042872980E-01, -3.5643881E-04, -9.2219307E-03, -3.6269571E-01,  3.2551223E+00, -9.5760496E+00, -1.0695312E+00,  4.0185130E-01,  3.8261596E-02, -1.8937801E+00, -6.3935947E+00,  4.6141653E+00, -4.2452842E-01,  0.0000000E+00,  0.0000000E+00,  0.0000000E+00,  0.0000000E+00,  0.0000000E+00,  0.0000000E+00,  1.2036320E+00,  1.1462391E-01,  2.3710670E+01, -6.4199381E-02,  6.2310006E-02, -8.7176409E-04,  4.0185362E-01,  3.8269199E-02, -1.8937771E+00, -6.3935943E+00,  4.6141648E+00, -4.2451113E-01
156,  7.800202188954E-01,  2.8145181E-02, -5.9535541E-02, -3.8611714E-02, -3.5257176E-01,  2.4257092E-01, -1.6527812E-01,  7.497752658192E-01,  2.904881203819E-01,  1.871386090068E-01, -2.2473418E-04, -9.5118796E-03, -3.6286139E-01,  3.1609620E+00, -9.5139602E+00, -1.0992864E+00,  4.1514909E-01,  4.3992400E-02, -1.7017536E+00, -6.4784651E+00,  5.2313423E+00, -4.5593590E-01,  0.0000000E+00,  0.0000000E+00,  0.0000000E+00,  0.0000000E+00,  0.0000000E+00,  0.0000000E+00,  1.2434467E+00,  1.3175717E-01,  2.4285820E+01, -6.4970240E-02,  7.0684597E-02, -1.4041591E-03,  4.1514647E-01,  4.3989439E-02, -1.7017534E+00, -6.4784613E+00,  5.2313585E+00, -4.5592201E-01
157,  7.851029839151E-01,  3.0242924E-02, -5.9304621E-02, -4.6434503E-02, -3.8478824E-01,  2.6883802E-01, -1.6770351E-01,  7.499234345411E-01,  2.901860722364E-01,  1.869226290236E-01, -7.6565459E-05, -9.8139278E-03, -3.6307737E-01,  3.0530681E+00, -9.4417700E+00, -1.1295899E+00,  4.0353137E-01,  4.5326281E-02, -1.3520916E+00, -6.2455711E+00,  4.8426347E+00, -5.1867855E-01,  0.0000000E+00,  0.0000000E+00,  0.0000000E+00,  0.0000000E+00,  0.0000000E+00,  0.0000000E+00,  1.2086662E+00,  1.3577019E-01,  2.5333147E+01, -6.2550761E-02,  6.5418400E-02, -2.6315188E-03,  4.0353438E-01,  4.5329254E-02, -1.3520849E+00, -6.2455549E+00,  4.8425765E+00, -5.1864880E-01
158,  7.901805591296E-01,  3.2206248E-02, -5.9080329E-02, -5.2154399E-02, -4.1447565E-01,  2.9017028E-01, -1.7043765E-01,  7.500818358484E-01,  2.898854989762E-01,  1.866720124812E-01,  8.1835848E-05, -1.0114501E-02, -3.6332799E-01,  2.9360554E+00, -9.3628004E+00, -1.1592251E+00,  3.6651570E-01,  4.2370357E-02, -9.0206087E-01, -5.4840961E+00,  3.4139047E+00, -5.6629395E-01,  0.0000000E+00,  0.0000000E+00,  0.0000000E+00,  0.0000000E+00,  0.0000000E+00,  0.0000000E+00,  1.0977726E+00,  1.2691018E-01,  2.6681036E+01, -5.4857329E-02,  4.6060883E-02, -4.0207519E-03,  3.6651063E-01,  4.2371187E-02, -9.0206856E-01, -5.4841456E+00,  3.4138503E+00, -5.6631833E-01
159,  7.950297742065E-01,  3.3859871E-02, -5.8889948E-02, -5.5351995E-02, -4.3868077E-01,  3.0156276E-01, -1.7329474E-01,  7.502419309737E-01,  2.895994586353E-01,  1.864108015591E-01,  2.4193097E-04, -1.0400541E-02, -3.6358920E-01,  2.8166476E+00, -9.2829143E+00, -1.1872044E+00,  3.1524125E-01,  3.5757650E-02, -4.3521801E-01, -4.5073342E+00,  1.2514211E+00, -6.1113662E-01,  0.0000000E+00,  0.0000000E+00,  0.0000000E+00,  0.0000000E+00,  0.0000000E+00,  0.0000000E+00,  9.4419938E-01,  1.0712496E-01,  2.8079344E+01, -4.5040131E-02,  1.6753536E-02, -5.4925415E-03,  3.1523749E-01,  3.5765544E-02, -4.3521899E-01, -4.5073495E+00,  1.2513767E+00, -6.1113906E-01
160,  8.001196480540E-01,  3.5303745E-02, -5.8730610E-02, -5.6347389E-02, -4.5805633E-01,  3.0052432E-01, -1.7646267E-01,  7.504179106449E-01,  2.893001216176E-01,  1.861256957773E-01,  4.1791064E-04, -1.0699878E-02, -3.6387430E-01,  2.6847631E+00, -9.1975727E+00, -1.2165770E+00,  2.5521687E-01,  2.7211981E-02,  7.4784700E-03, -3.1219797E+00, -1.5619549E+00, -6.2645453E-01,  0.0000000E+00,  0.0000000E+00,  0.0000000E+00,  0.0000000E+00,  0.0000000E+00,  0.0000000E+00,  7.6440328E-01,  8.1520163E-02,  2.9405317E+01, -3.1161806E-02, -2.1366805E-02, -6.8288790E-03,  2.5520942E-01,  2.7216934E-02,  7.4805100E-03, -3.1219897E+00, -1.5619909E+00, -6.2646329E-01
161,  8.052151665395E-01,  3.6459673E-02, -5.8614489E-02, -5.5373829E-02, -4.7008687E-01,  2.8472924E-01, -1.7962718E-01,  7.506007258320E-01,  2.890011583851E-01,  1.858402409489E-01,  6.0072583E-04, -1.0998842E-02, -3.6415976E-01,  2.5480448E+00, -9.1146503E+00, -1.2463623E+00,  2.0294636E-01,  1.9189587E-02,  3.3495721E-01, -1.6816062E+00, -4.4752755E+00, -6.1297297E-01,  0.0000000E+00,  0.0000000E+00,  0.0000000E+00,  0.0000000E+00,  0.0000000E+00,  0.0000000E+00,  6.0786408E-01,  5.7473812E-02,  3.0386181E+01, -1.6773105E-02, -6.0839191E-02, -7.7520194E-03,  2.0294607E-01,  1.9188639E-02,  3.3495900E-01, -1.6816654E+00, -4.4752669E+00, -6.1298555E-01
162,  8.100770872595E-01,  3.7359700E-02, -5.8534794E-02, -5.3265397E-02, -4.7520071E-01,  2.5676969E-01, -1.8254070E-01,  7.507801326487E-01,  2.887163734728E-01,  1.855755791143E-01,  7.8013265E-04, -1.1283627E-02, -3.6442442E-01,  2.4152230E+00, -9.0417400E+00, -1.2754449E+00,  1.7227462E-01,  1.4345485E-02,  5.0133526E-01, -5.3427672E-01, -6.8367586E+00, -5.8843857E-01,  0.0000000E+00,  0.0000000E+00,  0.0000000E+00,  0.0000000E+00,  0.0000000E+00,  0.0000000E+00,  5.1598650E-01,  4.2986814E-02,  3.0884512E+01, -5.3366460E-03, -9.2835546E-02, -8.2760910E-03,  1.7227113E-01,  1.4351901E-02,  5.0133556E-01, -5.3429067E-01, -6.8368220E+00, -5.8843327E-01
163,  8.151651545282E-01,  3.8201317E-02, -5.8465082E-02, -5.0559130E-02, -4.7547024E-01,  2.1676488E-01, -1.8550320E-01,  7.509722826224E-01,  2.884187148017E-01,  1.853110494855E-01,  9.7228262E-04, -1.1581285E-02, -3.6468895E-01,  2.2755230E+00, -8.9754150E+00, -1.3068112E+00,  1.6329673E-01,  1.3710095E-02,  5.4276508E-01,  3.3290881E-01, -8.6793432E+00, -5.7424510E-01,  0.0000000E+00,  0.0000000E+00,  0.0000000E+00,  0.0000000E+00,  0.0000000E+00,  0.0000000E+00,  4.8909009E-01,  4.1088056E-02,  3.1008604E+01,  3.2990233E-03, -1.1779814E-01, -8.7614581E-03,  1.6329129E-01,  1.3717967E-02,  5.4276586E-01,  3.3292714E-01, -8.6793575E+00, -5.7424676E-01
164,  8.200219503193E-01,  3.9007608E-02, -5.8392968E-02, -4.7999214E-02, -4.7224358E-01,  1.7152701E-01, -1.8824732E-01,  7.511596690488E-01,  2.881349233341E-01,  1.850714900471E-01,  1.1596690E-03, -1.1865077E-02, -3.6492851E-01,  2.1427391E+00, -8.9240713E+00, -1.3377888E+00,  1.7084654E-01,  1.6263431E-02,  5.0704873E-01,  9.2453581E-01, -9.8129358E+00, -5.6242490E-01,  0.0000000E+00,  0.0000000E+00,  0.0000000E+00,  0.0000000E+00,  0.0000000E+00,  0.0000000E+00,  5.1172626E-01,  4.8694663E-02,  3.0901623E+01,  9.1897249E-03, -1.3314947E-01, -9.0940474E-03,  1.7084877E-01,  1.6257565E-02,  5.0704831E-01,  9.2450637E-01, -9.8129511E+00, -5.6240815E-01
165,  8.251090279130E-01,  3.9905477E-02, -5.8295574E-02, -4.5575924E-02, -4.6696860E-01,  1.1938579E-01, -1.9102079E-01,  7.513602613689E-01,  2.878380969932E-01,  1.848333264619E-01,  1.3602614E-03, -1.2161903E-02, -3.6516667E-01,  2.0051363E+00, -8.8845452E+00, -1.3713995E+00,  1.8134075E-01,  2.2381580E-02,  4.4845340E-01,  1.1082186E+00, -1.0570229E+01, -5.3677118E-01,  0.0000000E+00,  0.0000000E+00,  0.0000000E+00,  0.0000000E+00,  0.0000000E+00,  0.0000000E+00,  5.4314291E-01,  6.7026377E-02,  3.0726105E+01,  1.0957236E-02, -1.4341979E-01, -8.8528404E-03,  1.8133777E-01,  2.2377931E-02,  4.4844854E-01,  1.1082526E+00, -1.0570229E+01, -5.3675604E-01
166,  8.301907352844E-01,  4.0850207E-02, -5.8158685E-02, -4.3392852E-02, -4.6146604E-01,  6.4548969E-02, -1.9372505E-01,  7.515653255959E-01,  2.875421683713E-01,  1.846070801531E-01,  1.5653256E-03, -1.2457832E-02, -3.6539292E-01,  1.8695381E+00, -8.8607070E+00, -1.4061511E+00,  1.8847224E-01,  3.1598005E-02,  4.1847143E-01,  1.0392089E+00, -1.0946816E+01, -5.2562004E-01,  0.0000000E+00,  0.0000000E+00,  0.0000000E+00,  0.0000000E+00,  0.0000000E+00,  0.0000000E+00,  5.6452155E-01,  9.4653547E-02,  3.0636320E+01,  1.0204339E-02, -1.4853677E-01, -8.6437743E-03,  1.8847542E-01,  3.1601746E-02,  4.1847238E-01,  1.0392414E+00, -1.0946805E+01, -5.2563578E-01
167,  8.350181751035E-01,  4.1760001E-02, -5.7979725E-02, -4.1368362E-02, -4.5696267E-01,  1.1377340E-02, -1.9625659E-01,  7.517646214360E-01,  2.872618005642E-01,  1.844022388443E-01,  1.7646214E-03, -1.2738199E-02, -3.6559776E-01,  1.7424046E+00, -8.8530767E+00, -1.4401953E+00,  1.8708865E-01,  4.2593110E-02,  4.2581758E-01,  8.1781363E-01, -1.1013144E+01, -5.1844585E-01,  0.0000000E+00,  0.0000000E+00,  0.0000000E+00,  0.0000000E+00,  0.0000000E+00,  0.0000000E+00,  5.6038398E-01,  1.2758207E-01,  3.0658323E+01,  7.9344623E-03, -1.4945242E-01, -8.3774189E-03,  1.8709400E-01,  4.2595509E-02,  4.2581850E-01,  8.1780177E-01, -1.1013144E+01, -5.1846254E-01
168,  8.400788610672E-01,  4.2686794E-02, -5.7725612E-02, -3.9150074E-02, -4.5375192E-01, -4.3740544E-02, -1.9886260E-01,  7.519782108830E-01,  2.869689649048E-01,  1.841981891836E-01,  1.9782109E-03, -1.3031035E-02, -3.6580181E-01,  1.6106015E+00, -8.8608798E+00, -1.4768670E+00,  1.7923415E-01,  5.7760276E-02,  4.5095631E-01,  4.3150228E-01, -1.0715857E+01, -5.1283187E-01,  0.0000000E+00,  0.0000000E+00,  0.0000000E+00,  0.0000000E+00,  0.0000000E+00,  0.0000000E+00,  5.3684068E-01,  1.7298354E-01,  3.0733633E+01,  4.0237592E-03, -1.4544360E-01, -8.0068214E-03,  1.7923367E-01,  5.7753585E-02,  4.5096198E-01,  4.3156362E-01, -1.0715855E+01, -5.1282758E-01
169,  8.451559368617E-01,  4.3570530E-02, -5.7384230E-02, -3.6803856E-02, -4.5264271E-01, -9.6228279E-02, -2.0143396E-01,  7.521970972577E-01,  2.866766738129E-01,  1.840050691533E-01,  2.1970973E-03, -1.3323326E-02, -3.6599493E-01,  1.4793717E+00, -8.8845096E+00, -1.5145370E+00,  1.6962513E-01,  7.6640293E-02,  4.6860293E-01,  1.1100741E-02, -9.9112835E+00, -5.0243759E-01,  0.0000000E+00,  0.0000000E+00,  0.0000000E+00,  0.0000000E+00,  0.0000000E+00,  0.0000000E+00,  5.0805074E-01,  2.2954108E-01,  3.0786457E+01, -1.9705395E-04, -1.3455124E-01, -7.5527439E-03,  1.6962165E-01,  7.6636307E-02,  4.6859822E-01,  1.1121625E-02, -9.9112978E+00, -5.0243330E-01
170,  8.500018722597E-01,  4.4378549E-02, -5.6960467E-02, -3.4555636E-02, -4.5362929E-01, -1.4117484E-01, -2.0384087E-01,  7.524101093954E-01,  2.863995294805E-01,  1.838319421082E-01,  2.4101094E-03, -1.3600471E-02, -3.6616806E-01,  1.3544767E+00, -8.9207589E+00, -1.5511772E+00,  1.6553873E-01,  9.8019324E-02,  4.5223799E-01, -3.9724129E-01, -8.6156311E+00, -4.9238816E-01,  0.0000000E+00,  0.0000000E+00,  0.0000000E+00,  0.0000000E+00,  0.0000000E+00,  0.0000000E+00,  4.9583194E-01,  2.9360363E-01,  3.0737434E+01, -4.2527970E-03, -1.1699172E-01, -7.1270778E-03,  1.6554219E-01,  9.8024718E-02,  4.5223114E-01, -3.9723527E-01, -8.6156549E+00, -4.9237794E-01
171,  8.550871767599E-01,  4.5221098E-02, -5.6395337E-02, -3.2368310E-02, -4.5668975E-01, -1.8030328E-01, -2.0633498E-01,  7.526378294655E-01,  2.861111848432E-01,  1.836616271580E-01,  2.6378295E-03, -1.3888815E-02, -3.6633837E-01,  1.2231675E+00, -8.9712786E+00, -1.5902035E+00,  1.6686997E-01,  1.2346541E-01,  4.0458840E-01, -7.7680457E-01, -6.7865715E+00, -4.8915884E-01,  0.0000000E+00,  0.0000000E+00,  0.0000000E+00,  0.0000000E+00,  0.0000000E+00,  0.0000000E+00,  4.9979138E-01,  3.6980221E-01,  3.0594738E+01, -7.9631507E-03, -9.2188507E-02, -6.8475218E-03,  1.6686411E-01,  1.2346494E-01,  4.0458944E-01, -7.7677679E-01, -6.7865424E+00, -4.8913148E-01
172,  8.601700490563E-01,  4.6084940E-02, -5.5695720E-02, -3.0487351E-02, -4.6144968E-01, -2.0940213E-01, -2.0882921E-01,  7.528697665936E-01,  2.858261731219E-01,  1.835018004627E-01,  2.8697666E-03, -1.4173827E-02, -3.6649820E-01,  1.0910796E+00, -9.0319274E+00, -1.6296727E+00,  1.7262168E-01,  1.5067948E-01,  3.4235963E-01, -1.0488439E+00, -4.7388721E+00, -4.9220139E-01,  0.0000000E+00,  0.0000000E+00,  0.0000000E+00,  0.0000000E+00,  0.0000000E+00,  0.0000000E+00,  5.1701909E-01,  4.5129827E-01,  3.0408354E+01, -1.0554679E-02, -6.4410813E-02, -6.7554018E-03,  1.7261589E-01,  1.5067384E-01,  3.4236181E-01, -1.0488591E+00, -4.7388506E+00, -4.9220055E-01
173,  8.650210367821E-01,  4.6929397E-02, -5.4894906E-02, -2.8934782E-02, -4.6691445E-01, -2.2743221E-01, -2.1123154E-01,  7.530952730375E-01,  2.855577890433E-01,  1.833575648554E-01,  3.0952730E-03, -1.4442211E-02, -3.6664244E-01,  9.6381116E-01, -9.0965302E+00, -1.6676866E+00,  1.7366530E-01,  1.7844360E-01,  3.0628729E-01, -1.1668086E+00, -2.8144174E+00, -5.0223786E-01,  0.0000000E+00,  0.0000000E+00,  0.0000000E+00,  0.0000000E+00,  0.0000000E+00,  0.0000000E+00,  5.2015078E-01,  5.3446156E-01,  3.0300299E+01, -1.1580680E-02, -3.8294971E-02, -6.8918252E-03,  1.7366146E-01,  1.7843935E-01,  3.0628574E-01, -1.1667711E+00, -2.8143864E+00, -5.0223356E-01
174,  8.700934048740E-01,  4.7785860E-02, -5.3913478E-02, -2.7346883E-02, -4.7263300E-01, -2.3710069E-01, -2.1377812E-01,  7.533354171096E-01,  2.852816557254E-01,  1.832145893013E-01,  3.3354171E-03, -1.4718344E-02, -3.6678541E-01,  8.2925583E-01, -9.1682889E+00, -1.7077539E+00,  1.6114601E-01,  2.0740014E-01,  3.3044550E-01, -1.0603217E+00, -1.1592946E+00, -4.9660966E-01,  0.0000000E+00,  0.0000000E+00,  0.0000000E+00,  0.0000000E+00,  0.0000000E+00,  0.0000000E+00,  4.8266295E-01,  6.2118685E-01,  3.0372671E+01, -1.0365015E-02, -1.5819490E-02, -6.9625657E-03,  1.6114548E-01,  2.0739411E-01,  3.3044854E-01, -1.0603839E+00, -1.1593198E+00, -4.9660093E-01
175,  8.751615214729E-01,  4.8513409E-02, -5.2783720E-02, -2.5411909E-02, -4.7727436E-01, -2.3984201E-01, -2.1620339E-01,  7.535794444485E-01,  2.850110845795E-01,  1.830804269248E-01,  3.5794444E-03, -1.4988915E-02, -3.6691957E-01,  6.9339585E-01, -9.2419110E+00, -1.7481077E+00,  1.2271211E-01,  2.3735234E-01,  4.4342813E-01, -7.4565482E-01, -9.8415568E-02, -4.6069616E-01,  0.0000000E+00,  0.0000000E+00,  0.0000000E+00,  0.0000000E+00,  0.0000000E+00,  0.0000000E+00,  3.6752334E-01,  7.1093339E-01,  3.0711073E+01, -7.1134758E-03, -1.3935171E-03, -6.7174719E-03,  1.2270410E-01,  2.3735757E-01,  4.4342989E-01, -7.4569511E-01, -9.8425478E-02, -4.6068954E-01
176,  8.802282319532E-01,  4.8967365E-02, -5.1502448E-02, -2.2655105E-02, -4.7977984E-01, -2.3906074E-01, -2.1833208E-01,  7.538264941778E-01,  2.847466804447E-01,  1.829578933320E-01,  3.8264942E-03, -1.5253320E-02, -3.6704211E-01,  5.5657354E-01, -9.3158728E+00, -1.7887743E+00,  5.4015510E-02,  2.6680976E-01,  6.4901924E-01, -2.2440945E-01,  2.6297578E-01, -3.7097442E-01,  0.0000000E+00,  0.0000000E+00,  0.0000000E+00,  0.0000000E+00,  0.0000000E+00,  0.0000000E+00,  1.6180542E-01,  7.9916674E-01,  3.1326859E+01, -1.8788673E-03,  3.5551370E-03, -5.7891640E-03,  5.4021575E-02,  2.6681581E-01,  6.4902073E-01, -2.2443198E-01,  2.6299888E-01, -3.7094790E-01
177,  8.850610964173E-01,  4.9010556E-02, -5.0141506E-02, -1.8901523E-02, -4.7938535E-01, -2.3845126E-01, -2.1975423E-01,  7.540634195791E-01,  2.845008533148E-01,  1.828565546799E-01,  4.0634196E-03, -1.5499147E-02, -3.6714345E-01,  4.2581001E-01, -9.3862549E+00, -1.8278552E+00, -3.4085587E-02,  2.9475531E-01,  8.9984334E-01,  3.8460851E-01, -9.6249282E-02, -2.1147637E-01,  0.0000000E+00,  0.0000000E+00,  0.0000000E+00,  0.0000000E+00,  0.0000000E+00,  0.0000000E+00, -1.0210408E-01,  8.8283455E-01,  3.2078129E+01,  4.1110520E-03, -1.2701598E-03, -3.8183460E-03, -3.4089234E-02,  2.9474980E-01,  8.9984548E-01,  3.8455826E-01, -9.6281275E-02, -2.1146436E-01
178,  8.901207388775E-01,  4.8544098E-02, -4.8574809E-02, -1.3619278E-02, -4.7569123E-01, -2.4115823E-01, -2.2013356E-01,  7.543105030335E-01,  2.842508824213E-01,  1.827730915891E-01,  4.3105030E-03, -1.5749118E-02, -3.6722691E-01,  2.8954551E-01, -9.4602446E+00, -1.8689768E+00, -1.4452076E-01,  3.2189894E-01,  1.1727973E+00,  1.0540295E+00, -9.7937119E-01,  5.3401392E-02,  0.0000000E+00,  0.0000000E+00,  0.0000000E+00,  0.0000000E+00,  0.0000000E+00,  0.0000000E+00, -4.3288243E-01,  9.6413988E-01,  3.2895679E+01,  1.0557103E-02, -1.3197022E-02, -2.1735976E-04, -1.4452538E-01,  3.2189500E-01,  1.1727991E+00,  1.0539669E+00, -9.7938997E-01,  5.3376567E-02
179,  8.951739517419E-01,  4.7538821E-02, -4.6879344E-02, -7.0457333E-03, -4.6876293E-01, -2.4906194E-01, -2.1898024E-01,  7.545535956619E-01,  2.840094572821E-01,  1.827196295072E-01,  4.5535957E-03, -1.5990543E-02, -3.6728037E-01,  1.5510130E-01, -9.5356665E+00, -1.9100466E+00, -2.4512255E-01,  3.4712976E-01,  1.4060614E+00,  1.6430256E+00, -2.1072292E+00,  3.9374170E-01,  0.0000000E+00,  0.0000000E+00,  0.0000000E+00,  0.0000000E+00,  0.0000000E+00,  0.0000000E+00, -7.3418301E-01,  1.0397072E+00,  3.3594349E+01,  1.6082821E-02, -2.8447242E-02,  4.6641021E-03, -2.4511985E-01,  3.4712446E-01,  1.4060621E+00,  1.6430532E+00, -2.1072245E+00,  3.9372313E-01
180,  9.002215830575E-01,  4.6069454E-02, -4.5069419E-02,  4.1525907E-04, -4.5928851E-01, -2.6262257E-01, -2.1596694E-01,  7.547901874320E-01,  2.837771476548E-01,  1.827017846361E-01,  4.7901874E-03, -1.6222852E-02, -3.6729822E-01,  1.7560746E-02, -9.6193613E+00, -1.9547114E+00, -3.2694787E-01,  3.6788934E-01,  1.5265960E+00,  2.0544705E+00, -3.1651461E+00,  7.8768545E-01,  0.0000000E+00,  0.0000000E+00,  0.0000000E+00,  0.0000000E+00,  0.0000000E+00,  0.0000000E+00, -9.7928482E-01,  1.1018806E+00,  3.3955372E+01,  1.9749084E-02, -4.2757660E-02,  1.0572782E-02, -3.2695138E-01,  3.6788213E-01,  1.5265960E+00,  2.0544839E+00, -3.1651156E+00,  7.8766346E-01
181,  9.050498252294E-01,  4.4387791E-02, -4.3242499E-02,  7.8373412E-03, -4.4898281E-01, -2.7963635E-01, -2.1119452E-01,  7.550088221411E-01,  2.835637039652E-01,  1.827208508208E-01,  5.0088221E-03, -1.6436296E-02, -3.6727915E-01, -1.0551152E-01, -9.6986913E+00, -1.9929008E+00, -3.6298400E-01,  3.8740954E-01,  1.5308475E+00,  2.1814327E+00, -3.7554154E+00,  1.1598654E+00,  0.0000000E+00,  0.0000000E+00,  0.0000000E+00,  0.0000000E+00,  0.0000000E+00,  0.0000000E+00, -1.0872083E+00,  1.1603481E+00,  3.3968109E+01,  2.0586099E-02, -5.0742477E-02,  1.6415827E-02, -3.6298352E-01,  3.8740253E-01,  1.5308485E+00,  2.1814353E+00, -3.7553990E+00,  1.1598525E+00
182,  9.101168819890E-01,  4.2520784E-02, -4.1245840E-02,  1.5365104E-02, -4.3805805E-01, -2.9871345E-01, -2.0434429E-01,  7.552292270453E-01,  2.833493920848E-01,  1.827789941329E-01,  5.2292270E-03, -1.6650608E-02, -3.6722101E-01, -2.3130023E-01, -9.7872330E+00, -2.0316867E+00, -3.6590844E-01,  4.0111810E-01,  1.4286951E+00,  2.1073377E+00, -3.6858678E+00,  1.5271631E+00,  0.0000000E+00,  0.0000000E+00,  0.0000000E+00,  0.0000000E+00,  0.0000000E+00,  0.0000000E+00, -1.0959637E+00,  1.2014232E+00,  3.3662136E+01,  1.9442165E-02, -4.9784686E-02,  2.2395737E-02, -3.6590669E-01,  4.0111616E-01,  1.4286940E+00,  2.1073141E+00, -3.6858575E+00,  1.5271642E+00
183,  9.151818611845E-01,  4.0743120E-02, -3.9167244E-02,  2.2178911E-02, -4.2794648E-01, -3.1594422E-01, -1.9580196E-01,  7.554402326989E-01,  2.831454691399E-01,  1.828736450954E-01,  5.4402327E-03, -1.6854531E-02, -3.6712635E-01, -3.5367652E-01, -9.8810556E+00, -2.0685959E+00, -3.3675587E-01,  4.1758764E-01,  1.2619447E+00,  1.8488405E+00, -3.0626760E+00,  1.8041209E+00,  0.0000000E+00,  0.0000000E+00,  0.0000000E+00,  0.0000000E+00,  0.0000000E+00,  0.0000000E+00, -1.0086567E+00,  1.2507672E+00,  3.3162689E+01,  1.6568711E-02, -4.1328575E-02,  2.7128058E-02, -3.3675772E-01,  4.1759056E-01,  1.2619449E+00,  1.8488728E+00, -3.0626628E+00,  1.8041497E+00
184,  9.200195308015E-01,  3.9206211E-02, -3.7126251E-02,  2.7815115E-02, -4.1950688E-01, -3.2812470E-01, -1.8658571E-01,  7.556337139704E-01,  2.829606717521E-01,  1.829942756504E-01,  5.6337140E-03, -1.7039328E-02, -3.6700572E-01, -4.6775768E-01, -9.9747934E+00, -2.1016722E+00, -2.9654732E-01,  4.2785051E-01,  1.0811419E+00,  1.6395117E+00, -1.9893949E+00,  1.9811198E+00,  0.0000000E+00,  0.0000000E+00,  0.0000000E+00,  0.0000000E+00,  0.0000000E+00,  0.0000000E+00, -8.8823336E-01,  1.2814802E+00,  3.2621159E+01,  1.4343011E-02, -2.6759973E-02,  3.0219177E-02, -2.9655227E-01,  4.2784461E-01,  1.0811455E+00,  1.6395023E+00, -1.9893889E+00,  1.9811434E+00
185,  9.250925503395E-01,  3.7816178E-02, -3.4905661E-02,  3.2878891E-02, -4.1176674E-01, -3.3486068E-01, -1.7642868E-01,  7.558291597605E-01,  2.827776716450E-01,  1.831479671760E-01,  5.8291598E-03, -1.7222328E-02, -3.6685203E-01, -5.8484402E-01, -1.0075889E+01, -2.1337614E+00, -2.5713903E-01,  4.4379720E-01,  9.2912775E-01,  1.4806149E+00, -6.7085922E-01,  1.9982492E+00,  0.0000000E+00,  0.0000000E+00,  0.0000000E+00,  0.0000000E+00,  0.0000000E+00,  0.0000000E+00, -7.7016068E-01,  1.3292674E+00,  3.2165817E+01,  1.2826513E-02, -8.8621834E-03,  3.0693244E-02, -2.5713164E-01,  4.4379920E-01,  9.2912179E-01,  1.4806139E+00, -6.7083931E-01,  1.9982502E+00
186,  9.301716432647E-01,  3.6596291E-02, -3.2618213E-02,  3.7323177E-02, -4.0426406E-01, -3.3460337E-01, -1.6663572E-01,  7.560182025916E-01,  2.826058940172E-01,  1.833259295588E-01,  6.0182026E-03, -1.7394106E-02, -3.6667407E-01, -6.9974879E-01, -1.0178074E+01, -2.1631578E+00, -2.2416216E-01,  4.5878652E-01,  8.3789569E-01,  1.5011309E+00,  7.2524953E-01,  1.8470937E+00,  0.0000000E+00,  0.0000000E+00,  0.0000000E+00,  0.0000000E+00,  0.0000000E+00,  0.0000000E+00, -6.7141867E-01,  1.3741528E+00,  3.1892559E+01,  1.3330760E-02,  1.0098080E-02,  2.8271310E-02, -2.2416489E-01,  4.5878497E-01,  8.3788973E-01,  1.5011910E+00,  7.2530472E-01,  1.8471085E+00
187,  9.350102148929E-01,  3.5567075E-02, -3.0364875E-02,  4.1325621E-02, -3.9648497E-01, -3.2773387E-01, -1.5854837E-01,  7.561928692220E-01,  2.824532390998E-01,  1.835157615609E-01,  6.1928692E-03, -1.7546761E-02, -3.6648424E-01, -8.0708965E-01, -1.0274421E+01, -2.1888353E+00, -2.0429221E-01,  4.7070059E-01,  8.2559955E-01,  1.7495902E+00,  2.0299690E+00,  1.4816151E+00,  0.0000000E+00,  0.0000000E+00,  0.0000000E+00,  0.0000000E+00,  0.0000000E+00,  0.0000000E+00, -6.1189771E-01,  1.4098401E+00,  3.1855761E+01,  1.6388902E-02,  2.7825601E-02,  2.2143018E-02, -2.0429277E-01,  4.7069982E-01,  8.2560390E-01,  1.7495480E+00,  2.0300186E+00,  1.4816420E+00
188,  9.400858873327E-01,  3.4613978E-02, -2.7931277E-02,  4.5620300E-02, -3.8649815E-01, -3.1390324E-01, -1.5235451E-01,  7.563710106947E-01,  2.823049767925E-01,  1.837358070271E-01,  6.3710107E-03, -1.7695023E-02, -3.6626419E-01, -9.1719514E-01, -1.0372473E+01, -2.2139120E+00, -1.6960351E-01,  4.8666766E-01,  8.7586778E-01,  2.2015359E+00,  3.2842863E+00,  9.4280505E-01,  0.0000000E+00,  0.0000000E+00,  0.0000000E+00,  0.0000000E+00,  0.0000000E+00,  0.0000000E+00, -5.0800657E-01,  1.4576683E+00,  3.2006317E+01,  2.1721255E-02,  4.4875063E-02,  1.2993106E-02, -1.6960689E-01,  4.8666811E-01,  8.7586987E-01,  2.2015865E+00,  3.2843170E+00,  9.4282603E-01
189,  9.451531049889E-01,  3.3908091E-02, -2.5444219E-02,  5.0296284E-02, -3.7358871E-01, -2.9409432E-01, -1.4961477E-01,  7.565445552814E-01,  2.821694405039E-01,  1.839780736622E-01,  6.5445553E-03, -1.7830559E-02, -3.6602193E-01, -1.0239750E+00, -1.0465430E+01, -2.2379814E+00, -1.0224231E-01,  4.9486473E-01,  9.7284228E-01,  2.8973010E+00,  4.4516292E+00,  1.4561345E-01,  0.0000000E+00,  0.0000000E+00,  0.0000000E+00,  0.0000000E+00,  0.0000000E+00,  0.0000000E+00, -3.0625206E-01,  1.4822285E+00,  3.2296745E+01,  2.9835243E-02,  6.0744938E-02, -6.0510589E-04, -1.0224762E-01,  4.9486795E-01,  9.7283441E-01,  2.8973479E+00,  4.4516072E+00,  1.4560330E-01
190,  9.500045202480E-01,  3.3702396E-02, -2.3029789E-02,  5.5325713E-02, -3.5779950E-01, -2.7006385E-01, -1.5126501E-01,  7.567083368216E-01,  2.820515698381E-01,  1.842334539301E-01,  6.7083368E-03, -1.7948430E-02, -3.6576655E-01, -1.1224367E+00, -1.0548234E+01, -2.2613679E+00,  2.2285847E-02,  4.9924999E-01,  1.0981051E+00,  3.5798790E+00,  5.4177642E+00, -8.2700926E-01,  0.0000000E+00,  0.0000000E+00,  0.0000000E+00,  0.0000000E+00,  0.0000000E+00,  0.0000000E+00,  6.6745505E-02,  1.4953600E+00,  3.2671944E+01,  3.8011279E-02,  7.3862500E-02, -1.7030917E-02,  2.2284156E-02,  4.9925214E-01,  1.0981009E+00,  3.5798368E+00,  5.4178038E+00, -8.2699460E-01
191,  9.550764746679E-01,  3.4305815E-02, -2.0500043E-02,  6.1305404E-02, -3.3754113E-01, -2.4047765E-01, -1.5869649E-01,  7.568803167191E-01,  2.819408957052E-01,  1.845282073065E-01,  6.8803167E-03, -1.8059104E-02, -3.6547179E-01, -1.2204682E+00, -1.0626882E+01, -2.2878327E+00,  2.1583572E-01,  4.9609977E-01,  1.2526209E+00,  4.3841572E+00,  6.1972418E+00, -2.0553880E+00,  0.0000000E+00,  0.0000000E+00,  0.0000000E+00,  0.0000000E+00,  0.0000000E+00,  0.0000000E+00,  6.4648139E-01,  1.4859190E+00,  3.3134773E+01,  4.7724772E-02,  8.4428273E-02, -3.7738133E-02,  2.1583913E-01,  4.9610010E-01,  1.2526248E+00,  4.3841839E+00,  6.1972270E+00, -2.0553901E+00
192,  9.601368804085E-01,  3.6001094E-02, -1.8007560E-02,  6.8073347E-02, -3.1377789E-01, -2.0736521E-01, -1.7250794E-01,  7.570575198523E-01,  2.818431892455E-01,  1.848544287259E-01,  7.0575199E-03, -1.8156811E-02, -3.6514557E-01, -1.3122338E+00, -1.0696092E+01, -2.3182783E+00,  4.4589862E-01,  4.9019438E-01,  1.4173990E+00,  4.9242053E+00,  6.8057508E+00, -3.3499026E+00,  0.0000000E+00,  0.0000000E+00,  0.0000000E+00,  0.0000000E+00,  0.0000000E+00,  0.0000000E+00,  1.3355620E+00,  1.4682343E+00,  3.3628265E+01,  5.4822654E-02,  9.2631176E-02, -5.9218407E-02,  4.4590077E-01,  4.9019575E-01,  1.4173857E+00,  4.9242620E+00,  6.8057666E+00, -3.3498931E+00
193,  9.651655804481E-01,  3.8783260E-02, -1.5589620E-02,  7.5667948E-02, -2.8728503E-01, -1.7214629E-01, -1.9224870E-01,  7.572448282514E-01,  2.817584808565E-01,  1.852146096621E-01,  7.2448283E-03, -1.8241519E-02, -3.6478539E-01, -1.3966096E+00, -1.0754818E+01, -2.3545538E+00,  6.4046270E-01,  4.7052878E-01,  1.5922333E+00,  5.5258784E+00,  7.1504717E+00, -4.3870749E+00,  0.0000000E+00,  0.0000000E+00,  0.0000000E+00,  0.0000000E+00,  0.0000000E+00,  0.0000000E+00,  1.9183143E+00,  1.4093318E+00,  3.4151951E+01,  6.2240992E-02,  9.7273976E-02, -7.6629102E-02,  6.4046288E-01,  4.7053012E-01,  1.5922272E+00,  5.5259013E+00,  7.1504693E+00, -4.3870854E+00
194,  9.701708606985E-01,  4.2308167E-02, -1.3282511E-02,  8.4086612E-02, -2.5893235E-01, -1.3591012E-01, -2.1579026E-01,  7.574471557852E-01,  2.816860031426E-01,  1.856130965076E-01,  7.4471558E-03, -1.8313997E-02, -3.6438690E-01, -1.4731306E+00, -1.0802805E+01, -2.3982568E+00,  7.4448162E-01,  4.4988078E-01,  1.7655154E+00,  5.7498732E+00,  7.2788587E+00, -4.8798661E+00,  0.0000000E+00,  0.0000000E+00,  0.0000000E+00,  0.0000000E+00,  0.0000000E+00,  0.0000000E+00,  2.2298503E+00,  1.3474849E+00,  3.4671032E+01,  6.5159313E-02,  9.8986611E-02, -8.4823623E-02,  7.4447459E-01,  4.4988146E-01,  1.7655317E+00,  5.7498322E+00,  7.2788477E+00, -4.8798437E+00
195,  9.751716384395E-01,  4.6014842E-02, -1.1135692E-02,  9.3314767E-02, -2.2985041E-01, -1.0014411E-01, -2.3967414E-01,  7.576676392423E-01,  2.816247900122E-01,  1.860553168438E-01,  7.6676392E-03, -1.8375210E-02, -3.6394468E-01, -1.5418032E+00, -1.0840171E+01, -2.4502516E+00,  7.1793056E-01,  4.0943632E-01,  1.9139353E+00,  5.8251548E+00,  6.9792886E+00, -4.5455065E+00,  0.0000000E+00,  0.0000000E+00,  0.0000000E+00,  0.0000000E+00,  0.0000000E+00,  0.0000000E+00,  2.1503346E+00,  1.2263391E+00,  3.5115509E+01,  6.5550491E-02,  9.4955571E-02, -7.9525217E-02,  7.1792686E-01,  4.0943480E-01,  1.9139280E+00,  5.8251276E+00,  6.9792976E+00, -4.5455065E+00
196,  9.801800349029E-01,  4.9298316E-02, -9.2109470E-03,  1.0323796E-01, -2.0127808E-01, -6.6834711E-02, -2.5963297E-01,  7.579062368690E-01,  2.815737313045E-01,  1.865461462013E-01,  7.9062369E-03, -1.8426269E-02, -3.6345385E-01, -1.6027237E+00, -1.0867398E+01, -2.5102240E+00,  5.8166480E-01,  3.5573831E-01,  2.0331872E+00,  5.5602117E+00,  6.2336473E+00, -3.3484175E+00,  0.0000000E+00,  0.0000000E+00,  0.0000000E+00,  0.0000000E+00,  0.0000000E+00,  0.0000000E+00,  1.7421955E+00,  1.0655099E+00,  3.5472759E+01,  6.1401870E-02,  8.4924467E-02, -5.9943553E-02,  5.8166248E-01,  3.5573915E-01,  2.0332024E+00,  5.5601807E+00,  6.2336555E+00, -3.3484678E+00
197,  9.852031317488E-01,  5.1659018E-02, -7.6242024E-03,  1.1364633E-01, -1.7460504E-01, -3.8879819E-02, -2.7178574E-01,  7.581599940888E-01,  2.815314291694E-01,  1.870895262263E-01,  8.1599941E-03, -1.8468571E-02, -3.6291047E-01, -1.6562583E+00, -1.0885560E+01, -2.5765640E+00,  3.6158338E-01,  2.7922449E-01,  2.1037223E+00,  5.0348983E+00,  4.8529911E+00, -1.4907068E+00,  0.0000000E+00,  0.0000000E+00,  0.0000000E+00,  0.0000000E+00,  0.0000000E+00,  0.0000000E+00,  1.0830151E+00,  8.3633333E-01,  3.5683990E+01,  5.3733818E-02,  6.6321373E-02, -2.9458761E-02,  3.6158356E-01,  2.7922454E-01,  2.1037254E+00,  5.0349159E+00,  4.8529963E+00, -1.4907380E+00
198,  9.900132943624E-01,  5.2816924E-02, -6.4869863E-03,  1.2380977E-01, -1.5201509E-01, -1.9851763E-02, -2.7365378E-01,  7.584115873533E-01,  2.814975259430E-01,  1.876594541827E-01,  8.4115874E-03, -1.8502474E-02, -3.6234055E-01, -1.7010308E+00, -1.0896183E+01, -2.6433533E+00,  1.2722084E-01,  1.9462068E-01,  2.1103559E+00,  4.3824372E+00,  3.0634487E+00,  6.4677227E-01,  0.0000000E+00,  0.0000000E+00,  0.0000000E+00,  0.0000000E+00,  0.0000000E+00,  0.0000000E+00,  3.8104138E-01,  5.8292842E-01,  3.5703850E+01,  4.4371247E-02,  4.2191658E-02,  5.6410283E-03,  1.2721734E-01,  1.9462086E-01,  2.1103559E+00,  4.3824635E+00,  3.0634487E+00,  6.4680523E-01
199,  9.950693684280E-01,  5.2819252E-02, -5.7227779E-03,  1.3436708E-01, -1.3140510E-01, -1.0058587E-02, -2.6442245E-01,  7.586791383293E-01,  2.814667385319E-01,  1.883110246198E-01,  8.6791383E-03, -1.8533261E-02, -3.6168898E-01, -1.7420420E+00, -1.0902835E+01, -2.7137490E+00, -1.0855657E-01,  1.1604239E-01,  2.0646951E+00,  3.7593882E+00,  8.7457877E-01,  2.8732610E+00,  0.0000000E+00,  0.0000000E+00,  0.0000000E+00,  0.0000000E+00,  0.0000000E+00,  0.0000000E+00, -3.2516754E-01,  3.4757027E-01,  3.5567089E+01,  3.5136908E-02,  1.2663607E-02,  4.2088713E-02, -1.0856288E-01,  1.1604243E-01,  2.0646961E+00,  3.7593985E+00,  8.7457687E-01,  2.8732834E+00
200,  1.000139647003E+00,  5.1730718E-02, -5.2709137E-03,  1.4459617E-01, -1.1339512E-01, -1.1587366E-02, -2.4449229E-01,  7.589447351745E-01,  2.814389008168E-01,  1.890172804121E-01,  8.9447352E-03, -1.8561099E-02, -3.6098272E-01, -1.7776408E+00, -1.0907990E+01, -2.7812063E+00, -3.0600712E-01,  7.4108958E-02,  1.9612606E+00,  3.4672630E+00, -1.3706243E+00,  4.8199310E+00,  0.0000000E+00,  0.0000000E+00,  0.0000000E+00,  0.0000000E+00,  0.0000000E+00,  0.0000000E+00, -9.1655689E-01,  2.2196990E-01,  3.5257252E+01,  2.9583488E-02, -1.7611165E-02,  7.3611289E-02, -3.0600858E-01,  7.4108541E-02,  1.9612514E+00,  3.4672759E+00, -1.3706239E+00,  4.8199182E+00
201,  1.005220557824E+00,  4.9780406E-02, -4.8811161E-03,  1.5419114E-01, -9.5986083E-02, -2.4060005E-02, -2.1607643E-01,  7.592031337446E-01,  2.814130270889E-01,  1.897755262397E-01,  9.2031337E-03, -1.8586973E-02, -3.6022447E-01, -1.8080636E+00, -1.0914903E+01, -2.8427585E+00, -4.4364601E-01,  9.0845101E-02,  1.8236755E+00,  3.3881531E+00, -3.3966198E+00,  6.2077217E+00,  0.0000000E+00,  0.0000000E+00,  0.0000000E+00,  0.0000000E+00,  0.0000000E+00,  0.0000000E+00, -1.3288085E+00,  2.7209669E-01,  3.4845276E+01,  2.6871284E-02, -4.4940922E-02,  9.5873430E-02, -4.4364601E-01,  9.0844251E-02,  1.8237060E+00,  3.3881478E+00, -3.3966215E+00,  6.2077155E+00
202,  1.010063737070E+00,  4.7401339E-02, -4.2871134E-03,  1.6263124E-01, -7.8748062E-02, -4.4520378E-02, -1.8371578E-01,  7.594389068437E-01,  2.813906255215E-01,  1.905420728419E-01,  9.4389068E-03, -1.8609374E-02, -3.5945793E-01, -1.8320308E+00, -1.0925804E+01, -2.8939181E+00, -5.2739066E-01,  1.5733117E-01,  1.6670954E+00,  3.7475109E+00, -4.8748693E+00,  7.0196958E+00,  0.0000000E+00,  0.0000000E+00,  0.0000000E+00,  0.0000000E+00,  0.0000000E+00,  0.0000000E+00, -1.5796173E+00,  4.7123531E-01,  3.4376194E+01,  2.9373361E-02, -6.4841837E-02,  1.0837718E-01, -5.2738291E-01,  1.5733016E-01,  1.6670948E+00,  3.7475185E+00, -4.8748736E+00,  7.0197082E+00
203,  1.015127126083E+00,  4.4655997E-02, -3.2130862E-03,  1.7064023E-01, -5.8574993E-02, -7.1939692E-02, -1.4724641E-01,  7.596723200547E-01,  2.813712797324E-01,  1.913852376518E-01,  9.6723201E-03, -1.8628720E-02, -3.5861476E-01, -1.8512624E+00, -1.0943833E+01, -2.9384801E+00, -5.4802018E-01,  2.6554534E-01,  1.5062346E+00,  4.1159229E+00, -5.8567119E+00,  7.2805567E+00,  0.0000000E+00,  0.0000000E+00,  0.0000000E+00,  0.0000000E+00,  0.0000000E+00,  0.0000000E+00, -1.6414088E+00,  7.9536122E-01,  3.3894341E+01,  3.2672808E-02, -7.8066655E-02,  1.1201939E-01, -5.4801309E-01,  2.6554528E-01,  1.5062195E+00,  4.1159263E+00, -5.8567085E+00,  7.2805338E+00
204,  1.020183809594E+00,  4.1903306E-02, -1.5952620E-03,  1.7783564E-01, -3.6788389E-02, -1.0276617E-01, -1.1072087E-01,  7.598914527520E-01,  2.813587195823E-01,  1.922658118414E-01,  9.8914528E-03, -1.8641280E-02, -3.5773419E-01, -1.8638669E+00, -1.0969943E+01, -2.9736063E+00, -5.3141439E-01,  3.6794442E-01,  1.3490648E+00,  4.4182053E+00, -6.2418327E+00,  7.0791039E+00,  0.0000000E+00,  0.0000000E+00,  0.0000000E+00,  0.0000000E+00,  0.0000000E+00,  0.0000000E+00, -1.5916743E+00,  1.1020669E+00,  3.3423592E+01,  3.5919014E-02, -8.3258860E-02,  1.0833963E-01, -5.3140837E-01,  3.6794433E-01,  1.3490518E+00,  4.4182096E+00, -6.2418242E+00,  7.0791187E+00
205,  1.025000183862E+00,  3.9502311E-02,  3.9115385E-04,  1.8400593E-01, -1.5592810E-02, -1.3280298E-01, -7.8062952E-02,  7.600876390941E-01,  2.813554431986E-01,  1.931367343580E-01,  1.0087639E-02, -1.8644557E-02, -3.5686327E-01, -1.8693767E+00, -1.1002875E+01, -2.9986976E+00, -4.6605739E-01,  4.4492596E-01,  1.2192788E+00,  4.3324189E+00, -6.1884370E+00,  6.4605742E+00,  0.0000000E+00,  0.0000000E+00,  0.0000000E+00,  0.0000000E+00,  0.0000000E+00,  0.0000000E+00, -1.3959206E+00,  1.3326422E+00,  3.3034866E+01,  3.5755437E-02, -8.2609043E-02,  9.8432891E-02, -4.6605256E-01,  4.4492593E-01,  1.2192690E+00,  4.3324203E+00, -6.1884227E+00,  6.4605799E+00
206,  1.030048554810E+00,  3.7379678E-02,  2.7131264E-03,  1.8979338E-01,  5.1224050E-03, -1.6335709E-01, -4.8036072E-02,  7.602817444268E-01,  2.813629696030E-01,  1.940798918780E-01,  1.0281744E-02, -1.8637030E-02, -3.5592011E-01, -1.8684773E+00, -1.1045797E+01, -3.0171272E+00, -3.7079668E-01,  4.6711871E-01,  1.0860404E+00,  3.8027933E+00, -5.8885326E+00,  5.4165640E+00,  0.0000000E+00,  0.0000000E+00,  0.0000000E+00,  0.0000000E+00,  0.0000000E+00,  0.0000000E+00, -1.1105981E+00,  1.3991143E+00,  3.2635815E+01,  3.1597812E-02, -7.8732952E-02,  8.2212023E-02, -3.7079263E-01,  4.6711880E-01,  1.0860387E+00,  3.8027923E+00, -5.8885231E+00,  5.4165630E+00
207,  1.035075731450E+00,  3.5848897E-02,  5.0144275E-03,  1.9495824E-01,  2.1559086E-02, -1.9212639E-01, -2.4274942E-02,  7.604657206040E-01,  2.813821995652E-01,  1.950466479676E-01,  1.0465721E-02, -1.8617800E-02, -3.5495335E-01, -1.8616031E+00, -1.1096740E+01, -3.0288090E+00, -2.4493939E-01,  4.3559462E-01,  9.7132599E-01,  2.7114985E+00, -5.5850754E+00,  4.0506582E+00,  0.0000000E+00,  0.0000000E+00,  0.0000000E+00,  0.0000000E+00,  0.0000000E+00,  0.0000000E+00, -7.3363423E-01,  1.3046956E+00,  3.2292175E+01,  2.2090049E-02, -7.4933037E-02,  6.1471857E-02, -2.4493665E-01,  4.3559548E-01,  9.7130865E-01,  2.7114947E+00, -5.5850987E+00,  4.0506544E+00
208,  1.040082990218E+00,  3.4971986E-02,  6.9762864E-03,  1.9950783E-01,  3.1453662E-02, -2.1935880E-01, -8.1376964E-03,  7.606428369078E-01,  2.814121778340E-01,  1.960339654253E-01,  1.0642837E-02, -1.8587822E-02, -3.5396603E-01, -1.8503953E+00, -1.1155264E+01, -3.0354919E+00, -1.0579078E-01,  3.4972528E-01,  8.5792780E-01,  1.2245004E+00, -5.3565922E+00,  2.4329176E+00,  0.0000000E+00,  0.0000000E+00,  0.0000000E+00,  0.0000000E+00,  0.0000000E+00,  0.0000000E+00, -3.1687775E-01,  1.0475001E+00,  3.1952497E+01,  8.8371765E-03, -7.2239637E-02,  3.7149176E-02, -1.0579519E-01,  3.4972626E-01,  8.5790122E-01,  1.2245021E+00, -5.3565907E+00,  2.4329190E+00
209,  1.045081913626E+00,  3.4826349E-02,  8.4432494E-03,  2.0351735E-01,  3.2796647E-02, -2.4622422E-01, -5.4884376E-04,  7.608170206459E-01,  2.814507923194E-01,  1.970410754163E-01,  1.0817021E-02, -1.8549208E-02, -3.5295892E-01, -1.8370437E+00, -1.1221274E+01, -3.0391246E+00,  3.5991963E-02,  2.3579244E-01,  7.5073165E-01, -5.5735892E-01, -5.4459200E+00,  6.8929267E-01,  0.0000000E+00,  0.0000000E+00,  0.0000000E+00,  0.0000000E+00,  0.0000000E+00,  0.0000000E+00,  1.0779700E-01,  7.0624423E-01,  3.1631466E+01, -7.3127258E-03, -7.3918045E-02,  1.1138540E-02,  3.5989918E-02,  2.3579201E-01,  7.5071925E-01, -5.5735070E-01, -5.4459200E+00,  6.8929273E-01
210,  1.050083859908E+00,  3.5365455E-02,  9.3292706E-03,  2.0700260E-01,  2.5470177E-02, -2.7432305E-01, -1.5136325E-03,  7.609922172454E-01,  2.814953529132E-01,  1.980675747367E-01,  1.0992217E-02, -1.8504647E-02, -3.5193243E-01, -1.8240049E+00, -1.1295188E+01, -3.0417020E+00,  1.7350106E-01,  1.3236822E-01,  6.5733987E-01, -2.3711376E+00, -5.8628955E+00, -1.0046479E+00,  0.0000000E+00,  0.0000000E+00,  0.0000000E+00,  0.0000000E+00,  0.0000000E+00,  0.0000000E+00,  5.1968455E-01,  3.9646974E-01,  3.1351765E+01, -2.3881998E-02, -8.0041066E-02, -1.4035129E-02,  1.7350580E-01,  1.3236837E-01,  6.5733606E-01, -2.3711362E+00, -5.8628836E+00, -1.0046482E+00
211,  1.055099746351E+00,  3.6533587E-02,  9.8019438E-03,  2.1011811E-01,  9.7370520E-03, -3.0570909E-01, -1.0453115E-02,  7.611721838056E-01,  2.815434203560E-01,  1.991134894811E-01,  1.1172184E-02, -1.8456580E-02, -3.5088651E-01, -1.8137336E+00, -1.1377971E+01, -3.0451364E+00,  2.8061450E-01,  6.5795265E-02,  5.8344066E-01, -3.7421272E+00, -6.6385946E+00, -2.4243748E+00,  0.0000000E+00,  0.0000000E+00,  0.0000000E+00,  0.0000000E+00,  0.0000000E+00,  0.0000000E+00,  8.4050018E-01,  1.9707206E-01,  3.1130344E+01, -3.6290225E-02, -9.0936154E-02, -3.5327684E-02,  2.8061572E-01,  6.5795958E-02,  5.8341104E-01, -3.7421277E+00, -6.6385741E+00, -2.4243765E+00
212,  1.060136528350E+00,  3.8174048E-02,  1.0114871E-02,  2.1291985E-01, -1.1533309E-02, -3.4171417E-01, -2.5611512E-02,  7.613599673777E-01,  2.815935267862E-01,  2.001786218202E-01,  1.1359967E-02, -1.8406473E-02, -3.4982138E-01, -1.8082082E+00, -1.1471067E+01, -3.0511009E+00,  3.6161453E-01,  6.9063403E-02,  5.3944975E-01, -4.5731382E+00, -7.7015805E+00, -3.4817619E+00,  0.0000000E+00,  0.0000000E+00,  0.0000000E+00,  0.0000000E+00,  0.0000000E+00,  0.0000000E+00,  1.0831192E+00,  2.0686126E-01,  3.0998734E+01, -4.3641064E-02, -1.0561132E-01, -5.1438272E-02,  3.6161831E-01,  6.9064252E-02,  5.3947043E-01, -4.5731387E+00, -7.7015920E+00, -3.4817581E+00
213,  1.065178291883E+00,  4.0093292E-02,  1.0567665E-02,  2.1555339E-01, -3.5173267E-02, -3.8369849E-01, -4.4778321E-02,  7.615569940534E-01,  2.816455094980E-01,  2.012585272389E-01,  1.1556994E-02, -1.8354491E-02, -3.4874147E-01, -1.8085591E+00, -1.1575857E+01, -3.0608670E+00,  3.9019367E-01,  1.1844526E-01,  5.0766784E-01, -4.6822104E+00, -8.8534050E+00, -4.0158029E+00,  0.0000000E+00,  0.0000000E+00,  0.0000000E+00,  0.0000000E+00,  0.0000000E+00,  0.0000000E+00,  1.1687317E+00,  3.5477248E-01,  3.0903488E+01, -4.4244263E-02, -1.2132801E-01, -5.9990358E-02,  3.9020154E-01,  1.1844701E-01,  5.0767112E-01, -4.6822038E+00, -8.8534174E+00, -4.0158105E+00
214,  1.070000230594E+00,  4.1966092E-02,  1.1370862E-02,  2.1804550E-01, -5.7126950E-02, -4.2905504E-01, -6.4705446E-02,  7.617546417133E-01,  2.816981295109E-01,  2.023035861920E-01,  1.1754642E-02, -1.8301870E-02, -3.4769641E-01, -1.8144991E+00, -1.1688504E+01, -3.0744710E+00,  3.8009578E-01,  2.0917737E-01,  5.2773899E-01, -4.3421383E+00, -9.9396563E+00, -4.1539283E+00,  0.0000000E+00,  0.0000000E+00,  0.0000000E+00,  0.0000000E+00,  0.0000000E+00,  0.0000000E+00,  1.1384519E+00,  6.2653089E-01,  3.0963512E+01, -4.0720902E-02, -1.3604477E-01, -6.2708929E-02,  3.8009211E-01,  2.0917831E-01,  5.2771127E-01, -4.3421435E+00, -9.9396620E+00, -4.1539297E+00
215,  1.075070954357E+00,  4.3745104E-02,  1.2670949E-02,  2.2075242E-01, -7.6394841E-02, -4.8170936E-01, -8.5000202E-02,  7.619718836446E-01,  2.817587336489E-01,  2.034157582748E-01,  1.1971884E-02, -1.8241266E-02, -3.4658424E-01, -1.8259557E+00, -1.1821591E+01, -3.0935653E+00,  3.1721836E-01,  3.0365583E-01,  5.4450411E-01, -3.2854633E+00, -1.0668173E+01, -3.8262217E+00,  0.0000000E+00,  0.0000000E+00,  0.0000000E+00,  0.0000000E+00,  0.0000000E+00,  0.0000000E+00,  9.5015484E-01,  9.0951365E-01,  3.1013866E+01, -3.0378575E-02, -1.4574729E-01, -5.8787793E-02,  3.1722584E-01,  3.0365705E-01,  5.4452282E-01, -3.2854536E+00, -1.0668124E+01, -3.8262215E+00
216,  1.080145843245E+00,  4.5119371E-02,  1.4487419E-02,  2.2370636E-01, -9.0101250E-02, -5.3712696E-01, -1.0298370E-01,  7.621974151979E-01,  2.818272417273E-01,  2.045430605891E-01,  1.2197415E-02, -1.8172758E-02, -3.4545694E-01, -1.8412568E+00, -1.1970833E+01, -3.1174346E+00,  2.2359431E-01,  3.9539525E-01,  6.0819978E-01, -2.0045340E+00, -1.1089554E+01, -3.1682642E+00,  0.0000000E+00,  0.0000000E+00,  0.0000000E+00,  0.0000000E+00,  0.0000000E+00,  0.0000000E+00,  6.6970408E-01,  1.1842884E+00,  3.1204502E+01, -1.8109152E-02, -1.5121008E-01, -4.9829986E-02,  2.2359245E-01,  3.9539543E-01,  6.0816985E-01, -2.0045207E+00, -1.1089678E+01, -3.1682780E+00
217,  1.085223819695E+00,  4.5937229E-02,  1.6659738E-02,  2.2684662E-01, -9.5886946E-02, -5.9200919E-01, -1.1667167E-01,  7.624287789740E-01,  2.819059254171E-01,  2.056865745553E-01,  1.2428779E-02, -1.8094075E-02, -3.4431343E-01, -1.8584017E+00, -1.2136586E+01, -3.1455108E+00,  1.0098253E-01,  4.6489874E-01,  6.4454603E-01, -5.2585119E-01, -1.0377262E+01, -2.3159521E+00,  0.0000000E+00,  0.0000000E+00,  0.0000000E+00,  0.0000000E+00,  0.0000000E+00,  0.0000000E+00,  3.0248344E-01,  1.3924572E+00,  3.1313421E+01, -3.8984993E-03, -1.4122598E-01, -3.7905097E-02,  1.0098939E-01,  4.6489626E-01,  6.4453447E-01, -5.2585292E-01, -1.0377359E+01, -2.3159490E+00
218,  1.090068000491E+00,  4.6131033E-02,  1.9053224E-02,  2.3014998E-01, -9.5644496E-02, -6.3981497E-01, -1.2512627E-01,  7.626519798912E-01,  2.819920868374E-01,  2.067929944003E-01,  1.2651980E-02, -1.8007913E-02, -3.4320701E-01, -1.8745521E+00, -1.2309109E+01, -3.1754067E+00, -1.5448856E-02,  5.0146765E-01,  6.9031739E-01,  7.9957098E-01, -9.2733088E+00, -1.1216289E+00,  0.0000000E+00,  0.0000000E+00,  0.0000000E+00,  0.0000000E+00,  0.0000000E+00,  0.0000000E+00, -4.6248782E-02,  1.5019896E+00,  3.1450537E+01,  8.3399927E-03, -1.2589940E-01, -2.0287015E-02, -1.5440966E-02,  5.0146556E-01,  6.9031286E-01,  7.9957098E-01, -9.2734213E+00, -1.1216476E+00
219,  1.095156888558E+00,  4.5719314E-02,  2.1644652E-02,  2.3361106E-01, -8.7885499E-02, -6.8089271E-01, -1.2811100E-01,  7.628859986337E-01,  2.820952679638E-01,  2.079726007332E-01,  1.2885999E-02, -1.7904732E-02, -3.4202740E-01, -1.8894197E+00, -1.2503531E+01, -3.2088573E+00, -1.3701317E-01,  5.3185898E-01,  6.9514149E-01,  1.9047070E+00, -6.8296685E+00, -1.5927638E-01,  0.0000000E+00,  0.0000000E+00,  0.0000000E+00,  0.0000000E+00,  0.0000000E+00,  0.0000000E+00, -4.1037264E-01,  1.5930172E+00,  3.1464949E+01,  1.8801698E-02, -9.2442229E-02, -5.9956275E-03, -1.3701010E-01,  5.3185672E-01,  6.9512451E-01,  1.9047204E+00, -6.8296180E+00, -1.5930338E-01
220,  1.100215308788E+00,  4.4783160E-02,  2.4320992E-02,  2.3716730E-01, -7.6272801E-02, -7.0841986E-01, -1.2494324E-01,  7.631151984623E-01,  2.822113005982E-01,  2.091629523447E-01,  1.3115198E-02, -1.7788699E-02, -3.4083705E-01, -1.9006350E+00, -1.2706728E+01, -3.2429104E+00, -2.2739980E-01,  5.0351542E-01,  6.6896176E-01,  2.9163551E+00, -4.0146756E+00,  1.2869126E+00,  0.0000000E+00,  0.0000000E+00,  0.0000000E+00,  0.0000000E+00,  0.0000000E+00,  0.0000000E+00, -6.8112499E-01,  1.5081390E+00,  3.1386637E+01,  2.7686777E-02, -5.3891785E-02,  1.6193271E-02, -2.2740550E-01,  5.0351864E-01,  6.6897869E-01,  2.9163470E+00, -4.0146642E+00,  1.2869189E+00
221,  1.105037570622E+00,  4.3510847E-02,  2.6727660E-02,  2.4018706E-01, -6.1387237E-02, -7.1884745E-01, -1.1729611E-01,  7.633283460851E-01,  2.823340710397E-01,  2.103136498561E-01,  1.3328346E-02, -1.7665929E-02, -3.3968635E-01, -1.9070540E+00, -1.2905649E+01, -3.2747038E+00, -2.8579006E-01,  5.1514024E-01,  6.2041414E-01,  2.8601692E+00, -5.4657555E-01,  1.9340365E+00,  0.0000000E+00,  0.0000000E+00,  0.0000000E+00,  0.0000000E+00,  0.0000000E+00,  0.0000000E+00, -8.5601401E-01,  1.5429552E+00,  3.1241199E+01,  2.6730964E-02, -6.7342562E-03,  2.7049946E-02, -2.8579527E-01,  5.1514262E-01,  6.2042195E-01,  2.8601685E+00, -5.4646045E-01,  1.9340243E+00
222,  1.110041548246E+00,  4.2024855E-02,  2.9118668E-02,  2.4306580E-01, -4.6645205E-02, -7.1278572E-01, -1.0406409E-01,  7.635425642301E-01,  2.824737481032E-01,  2.115227447942E-01,  1.3542564E-02, -1.7526252E-02, -3.3847726E-01, -1.9093735E+00, -1.3112572E+01, -3.3057755E+00, -3.0630839E-01,  4.2202017E-01,  4.7799122E-01,  3.3415625E+00,  2.9603858E+00,  3.0535123E+00,  0.0000000E+00,  0.0000000E+00,  0.0000000E+00,  0.0000000E+00,  0.0000000E+00,  0.0000000E+00, -9.1744411E-01,  1.2640435E+00,  3.0814608E+01,  3.0643625E-02,  4.1093234E-02,  4.4739507E-02, -3.0630478E-01,  4.2202306E-01,  4.7799677E-01,  3.3415589E+00,  2.9604280E+00,  3.0535002E+00
223,  1.115051474018E+00,  4.0513385E-02,  3.1223217E-02,  2.4513768E-01, -3.2525733E-02, -6.8804044E-01, -8.8523641E-02,  7.637494381626E-01,  2.826246071967E-01,  2.127455731501E-01,  1.3749438E-02, -1.7375393E-02, -3.3725443E-01, -1.9074344E+00, -1.3315162E+01, -3.3336541E+00, -2.8254166E-01,  4.3158334E-01,  3.9389643E-01,  2.1499090E+00,  6.4206681E+00,  3.4599805E+00,  0.0000000E+00,  0.0000000E+00,  0.0000000E+00,  0.0000000E+00,  0.0000000E+00,  0.0000000E+00, -8.4624851E-01,  1.2926694E+00,  3.0562788E+01,  1.8254735E-02,  8.7941274E-02,  5.3325497E-02, -2.8253490E-01,  4.3158033E-01,  3.9392239E-01,  2.1499071E+00,  6.4206104E+00,  3.4599719E+00
224,  1.120084046722E+00,  3.9220579E-02,  3.3016473E-02,  2.4654390E-01, -2.0809337E-02, -6.4795816E-01, -6.8960123E-02,  7.639501190393E-01,  2.827863869402E-01,  2.139832342468E-01,  1.3950119E-02, -1.7213613E-02, -3.3601677E-01, -1.9024799E+00, -1.3509138E+01, -3.3573533E+00, -2.3444888E-01,  2.8778806E-01,  1.3392439E-01,  2.3639815E+00,  9.5474710E+00,  3.8675377E+00,  0.0000000E+00,  0.0000000E+00,  0.0000000E+00,  0.0000000E+00,  0.0000000E+00,  0.0000000E+00, -7.0222926E-01,  8.6200339E-01,  2.9784124E+01,  2.0306230E-02,  1.3047449E-01,  5.9912939E-02, -2.3445155E-01,  2.8779495E-01,  1.3395189E-01,  2.3639832E+00,  9.5475140E+00,  3.8675218E+00
225,  1.125138746098E+00,  3.8264658E-02,  3.4523934E-02,  2.4693099E-01, -1.4063880E-02, -5.9339893E-01, -4.9325474E-02,  7.641458495730E-01,  2.829568729780E-01,  2.152305233846E-01,  1.4145850E-02, -1.7043127E-02, -3.3476948E-01, -1.8953352E+00, -1.3689971E+01, -3.3760463E+00, -1.4040317E-01,  2.8799599E-01,  3.8519569E-02,  7.1585882E-01,  1.1598845E+01,  4.1976504E+00,  0.0000000E+00,  0.0000000E+00,  0.0000000E+00,  0.0000000E+00,  0.0000000E+00,  0.0000000E+00, -4.2052943E-01,  8.6260241E-01,  2.9498257E+01,  3.0398073E-03,  1.5811707E-01,  6.7810886E-02, -1.4040111E-01,  2.8799492E-01,  3.8509950E-02,  7.1585947E-01,  1.1598726E+01,  4.1976433E+00
226,  1.130214855996E+00,  3.7789714E-02,  3.5539363E-02,  2.4631570E-01, -9.9646095E-03, -5.2944690E-01, -2.8176688E-02,  7.643387507173E-01,  2.831348951964E-01,  2.164831566888E-01,  1.4338751E-02, -1.6865105E-02, -3.3351684E-01, -1.8878046E+00, -1.3854269E+01, -3.3889189E+00, -5.0694939E-02,  1.5195595E-01, -2.5529501E-01,  2.9399279E-01,  1.3526641E+01,  3.8985810E+00,  0.0000000E+00,  0.0000000E+00,  0.0000000E+00,  0.0000000E+00,  0.0000000E+00,  0.0000000E+00, -1.5185137E-01,  4.5514947E-01,  2.8618196E+01, -6.6293409E-04,  1.8418103E-01,  6.3870847E-02, -5.0698239E-02,  1.5195963E-01, -2.5531358E-01,  2.9399115E-01,  1.3526585E+01,  3.8985810E+00
227,  1.135043663017E+00,  3.7837442E-02,  3.6298662E-02,  2.4485545E-01, -1.2395659E-02, -4.6331903E-01, -9.0595717E-03,  7.645211172506E-01,  2.833083011405E-01,  2.176693881130E-01,  1.4521117E-02, -1.6691699E-02, -3.3233061E-01, -1.8814834E+00, -1.3992282E+01, -3.3955035E+00,  6.1419081E-02,  1.2358876E-01, -3.6237910E-01, -7.7284586E-01,  1.3799517E+01,  4.0280080E+00,  0.0000000E+00,  0.0000000E+00,  0.0000000E+00,  0.0000000E+00,  0.0000000E+00,  0.0000000E+00,  1.8397632E-01,  3.7015688E-01,  2.8297436E+01, -1.1921570E-02,  1.8774545E-01,  6.7536995E-02,  6.1423719E-02,  1.2358336E-01, -3.6240515E-01, -7.7284729E-01,  1.3799474E+01,  4.0280070E+00
228,  1.140127152754E+00,  3.8382530E-02,  3.6545858E-02,  2.4229693E-01, -1.8044535E-02, -3.9118257E-01,  9.7993528E-03,  7.647145939825E-01,  2.834936487119E-01,  2.189084441110E-01,  1.4714594E-02, -1.6506351E-02, -3.3109156E-01, -1.8772867E+00, -1.4117496E+01, -3.3962220E+00,  1.5272960E-01,  2.0506553E-02, -6.0403460E-01, -1.8195505E+00,  1.4270246E+01,  3.4266613E+00,  0.0000000E+00,  0.0000000E+00,  0.0000000E+00,  0.0000000E+00,  0.0000000E+00,  0.0000000E+00,  4.5746994E-01,  6.1400604E-02,  2.7573769E+01, -2.1865550E-02,  1.9389908E-01,  5.9536949E-02,  1.5273435E-01,  2.0499667E-02, -6.0401410E-01, -1.8195502E+00,  1.4270309E+01,  3.4266608E+00
229,  1.145198319304E+00,  3.9408069E-02,  3.6587939E-02,  2.3901893E-01, -2.9919889E-02, -3.2123938E-01,  2.6580105E-02,  7.649115424023E-01,  2.836792242785E-01,  2.201294518109E-01,  1.4911542E-02, -1.6320776E-02, -3.2987055E-01, -1.8770796E+00, -1.4221661E+01, -3.3908375E+00,  2.3679307E-01, -4.1331273E-02, -7.1052420E-01, -2.4588161E+00,  1.3538360E+01,  3.1028817E+00,  0.0000000E+00,  0.0000000E+00,  0.0000000E+00,  0.0000000E+00,  0.0000000E+00,  0.0000000E+00,  7.0922297E-01, -1.2379640E-01,  2.7254747E+01, -2.8174208E-02,  1.8382826E-01,  5.5224303E-02,  2.3678651E-01, -4.1331597E-02, -7.1052492E-01, -2.4588130E+00,  1.3538321E+01,  3.1028838E+00
230,  1.150061733002E+00,  4.0686958E-02,  3.6148611E-02,  2.3511346E-01, -4.4041801E-02, -2.5631139E-01,  3.9865475E-02,  7.651060594711E-01,  2.838562538659E-01,  2.212831356494E-01,  1.5106059E-02, -1.6143746E-02, -3.2871686E-01, -1.8816872E+00, -1.4302907E+01, -3.3802444E+00,  2.8868532E-01, -1.0044376E-01, -8.5175276E-01, -3.4502101E+00,  1.2881771E+01,  2.4499557E+00,  0.0000000E+00,  0.0000000E+00,  0.0000000E+00,  0.0000000E+00,  0.0000000E+00,  0.0000000E+00,  8.6465305E-01, -3.0083394E-01,  2.6831701E+01, -3.7618574E-02,  1.7468625E-01,  4.6205759E-02,  2.8867957E-01, -1.0043868E-01, -8.5176629E-01, -3.4502051E+00,  1.2881815E+01,  2.4499629E+00
231,  1.155142025616E+00,  4.2240117E-02,  3.5533316E-02,  2.3071009E-01, -6.2139831E-02, -1.9457047E-01,  5.1023267E-02,  7.653164858593E-01,  2.840385714089E-01,  2.224670153517E-01,  1.5316486E-02, -1.5961429E-02, -3.2753298E-01, -1.8925613E+00, -1.4369450E+01, -3.3640998E+00,  3.1019241E-01, -1.6780557E-01, -9.0438575E-01, -3.5035369E+00,  1.1703827E+01,  1.9053595E+00,  0.0000000E+00,  0.0000000E+00,  0.0000000E+00,  0.0000000E+00,  0.0000000E+00,  0.0000000E+00,  9.2911142E-01, -5.0263363E-01,  2.6674095E+01, -3.7561681E-02,  1.5862088E-01,  3.7435997E-02,  3.1020012E-01, -1.6781305E-01, -9.0438586E-01, -3.5035338E+00,  1.1703812E+01,  1.9053601E+00
232,  1.160001424715E+00,  4.3734450E-02,  3.4600824E-02,  2.2613700E-01, -8.0355875E-02, -1.4025533E-01,  5.8503393E-02,  7.655252117247E-01,  2.842091089632E-01,  2.235776146540E-01,  1.5525212E-02, -1.5790891E-02, -3.2642239E-01, -1.9090466E+00, -1.4417138E+01, -3.3444989E+00,  3.0530423E-01, -1.8941258E-01, -9.4014060E-01, -3.8969150E+00,  1.0504075E+01,  1.2691416E+00,  0.0000000E+00,  0.0000000E+00,  0.0000000E+00,  0.0000000E+00,  0.0000000E+00,  0.0000000E+00,  9.1447067E-01, -5.6731421E-01,  2.6567087E+01, -4.0883522E-02,  1.4219880E-01,  2.7716791E-02,  3.0531207E-01, -1.8940778E-01, -9.4011235E-01, -3.8969233E+00,  1.0504061E+01,  1.2691417E+00
233,  1.165079641811E+00,  4.5197748E-02,  3.3553410E-02,  2.2146967E-01, -9.8353274E-02, -9.0826452E-02,  6.3886322E-02,  7.657509517183E-01,  2.843824041723E-01,  2.247146294175E-01,  1.5750952E-02, -1.5617596E-02, -3.2528537E-01, -1.9327158E+00, -1.4452099E+01, -3.3205099E+00,  2.6246566E-01, -2.3690635E-01, -9.1910458E-01, -3.2227247E+00,  9.1954556E+00,  8.1287575E-01,  0.0000000E+00,  0.0000000E+00,  0.0000000E+00,  0.0000000E+00,  0.0000000E+00,  0.0000000E+00,  7.8615183E-01, -7.0958322E-01,  2.6630081E+01, -3.3402432E-02,  1.2447751E-01,  1.9228006E-02,  2.6247057E-01, -2.3690680E-01, -9.1908067E-01, -3.2227366E+00,  9.1954632E+00,  8.1286395E-01
234,  1.170173827487E+00,  4.6384390E-02,  3.2363568E-02,  2.1686715E-01, -1.1357748E-01, -4.7643170E-02,  6.6675678E-02,  7.659841958209E-01,  2.845503684967E-01,  2.258314999019E-01,  1.5984196E-02, -1.5449632E-02, -3.2416850E-01, -1.9622220E+00, -1.4473805E+01, -3.2937792E+00,  2.0769267E-01, -2.1537904E-01, -8.5804284E-01, -2.5999212E+00,  7.6921225E+00,  4.0329298E-01,  0.0000000E+00,  0.0000000E+00,  0.0000000E+00,  0.0000000E+00,  0.0000000E+00,  0.0000000E+00,  6.2206650E-01, -6.4508140E-01,  2.6812996E+01, -2.6541909E-02,  1.0410900E-01,  1.1529316E-02,  2.0768780E-01, -2.1537173E-01, -8.5801142E-01, -2.5999279E+00,  7.6921239E+00,  4.0329283E-01
235,  1.175025321972E+00,  4.7193516E-02,  3.1299729E-02,  2.1292476E-01, -1.2276643E-01, -1.3894884E-02,  6.8191759E-02,  7.662112707799E-01,  2.847049606777E-01,  2.268744023924E-01,  1.6211271E-02, -1.5295039E-02, -3.2312560E-01, -1.9945360E+00, -1.4483948E+01, -3.2666652E+00,  1.2311004E-01, -2.2736163E-01, -7.9128402E-01, -1.3367335E+00,  6.3953853E+00,  1.6953333E-01,  0.0000000E+00,  0.0000000E+00,  0.0000000E+00,  0.0000000E+00,  0.0000000E+00,  0.0000000E+00,  3.6872062E-01, -6.8101352E-01,  2.7012798E+01, -1.3262484E-02,  8.6654097E-02,  5.6828139E-03,  1.2310384E-01, -2.2736830E-01, -7.9130387E-01, -1.3367494E+00,  6.3953867E+00,  1.6954575E-01
236,  1.180123582354E+00,  4.7616471E-02,  3.0289095E-02,  2.0911813E-01, -1.2636116E-01,  1.4539019E-02,  6.8681560E-02,  7.664530553161E-01,  2.848619235109E-01,  2.279504357954E-01,  1.6453055E-02, -1.5138076E-02, -3.2204956E-01, -2.0310254E+00, -1.4485500E+01, -3.2372649E+00,  5.0269026E-02, -1.6481940E-01, -6.8304825E-01,  7.6637529E-03,  4.7400475E+00,  1.3226469E-01,  0.0000000E+00,  0.0000000E+00,  0.0000000E+00,  0.0000000E+00,  0.0000000E+00,  0.0000000E+00,  1.5056323E-01, -4.9367690E-01,  2.7337046E+01,  5.1678321E-04,  6.4364679E-02,  2.7943619E-03,  5.0268169E-02, -1.6482268E-01, -6.8304819E-01,  7.6360139E-03,  4.7400494E+00,  1.3226853E-01
237,  1.185210742275E+00,  4.7614314E-02,  2.9476129E-02,  2.0582719E-01, -1.2180937E-01,  3.5083715E-02,  6.9369487E-02,  7.666954981441E-01,  2.850140134771E-01,  2.290061788769E-01,  1.6695498E-02, -1.4985987E-02, -3.2099382E-01, -2.0678393E+00, -1.4479890E+01, -3.2076719E+00, -4.6636429E-02, -1.5016416E-01, -6.3609135E-01,  1.5657707E+00,  3.4283230E+00,  1.1705647E-01,  0.0000000E+00,  0.0000000E+00,  0.0000000E+00,  0.0000000E+00,  0.0000000E+00,  0.0000000E+00, -1.3967559E-01, -4.4976178E-01,  2.7477716E+01,  1.6533917E-02,  4.6764567E-02, -2.1230524E-05, -4.6633143E-02, -1.5016085E-01, -6.3608283E-01,  1.5657822E+00,  3.4283297E+00,  1.1706646E-01
238,  1.190062252386E+00,  4.7252476E-02,  2.8956493E-02,  2.0289443E-01, -1.1119816E-01,  4.8161570E-02,  7.0250064E-02,  7.669257572610E-01,  2.851556581718E-01,  2.299978259506E-01,  1.6925757E-02, -1.4844342E-02, -3.2000217E-01, -2.1011441E+00, -1.4469696E+01, -3.1797368E+00, -9.8348580E-02, -7.5569257E-02, -5.6864256E-01,  2.8113821E+00,  2.0810561E+00,  2.7521279E-01,  0.0000000E+00,  0.0000000E+00,  0.0000000E+00,  0.0000000E+00,  0.0000000E+00,  0.0000000E+00, -2.9455072E-01, -2.2634968E-01,  2.7679712E+01,  2.9039839E-02,  2.8659524E-02,  4.0568574E-04, -9.8340921E-02, -7.5570807E-02, -5.6864297E-01,  2.8113687E+00,  2.0810544E+00,  2.7520674E-01
239,  1.195160017614E+00,  4.6561360E-02,  2.8606739E-02,  1.9991896E-01, -9.3714043E-02,  5.6345161E-02,  7.1970895E-02,  7.671651078440E-01,  2.853023778724E-01,  2.310250282922E-01,  1.7165108E-02, -1.4697622E-02, -3.1897497E-01, -2.1322444E+00, -1.4455668E+01, -3.1510148E+00, -1.6427827E-01, -5.0151139E-02, -6.1836499E-01,  3.7997468E+00,  1.1927856E+00,  3.6547622E-01,  0.0000000E+00,  0.0000000E+00,  0.0000000E+00,  0.0000000E+00,  0.0000000E+00,  0.0000000E+00, -4.9206311E-01, -1.5020412E-01,  2.7530691E+01,  3.9041638E-02,  1.6736977E-02,  2.1129237E-04, -1.6428389E-01, -5.0148278E-02, -6.1839628E-01,  3.7997437E+00,  1.1927837E+00,  3.6548322E-01
240,  1.200008720965E+00,  4.5730352E-02,  2.8566584E-02,  1.9685347E-01, -7.4323207E-02,  6.0571656E-02,  7.3972158E-02,  7.673889708900E-01,  2.854408677753E-01,  2.319873394649E-01,  1.7388971E-02, -1.4559132E-02, -3.1801266E-01, -2.1567579E+00, -1.4440343E+01, -3.1245004E+00, -1.7752962E-01,  1.0394933E-02, -6.4925116E-01,  4.2073712E+00,  6.9480473E-01,  4.7485536E-01,  0.0000000E+00,  0.0000000E+00,  0.0000000E+00,  0.0000000E+00,  0.0000000E+00,  0.0000000E+00, -5.3174073E-01,  3.1140568E-02,  2.7438330E+01,  4.3037463E-02,  1.0038622E-02,  1.2691531E-03, -1.7753096E-01,  1.0396824E-02, -6.4923275E-01,  4.2073846E+00,  6.9480717E-01,  4.7486472E-01
241,  1.205120454285E+00,  4.4751819E-02,  2.8623309E-02,  1.9308391E-01, -5.2739091E-02,  6.3925825E-02,  7.6490410E-02,  7.676203894406E-01,  2.855869819499E-01,  2.329848169671E-01,  1.7620389E-02, -1.4413018E-02, -3.1701518E-01, -2.1765970E+00, -1.4422797E+01, -3.0974229E+00, -1.9604397E-01,  3.3848740E-02, -8.2499295E-01,  4.0418248E+00,  6.5784782E-01,  4.5776698E-01,  0.0000000E+00,  0.0000000E+00,  0.0000000E+00,  0.0000000E+00,  0.0000000E+00,  0.0000000E+00, -5.8719659E-01,  1.0137316E-01,  2.6911953E+01,  4.1335434E-02,  9.5065460E-03,  1.2507646E-03, -1.9604588E-01,  3.3845205E-02, -8.2497287E-01,  4.0418191E+00,  6.5784639E-01,  4.5775518E-01
242,  1.210213383824E+00,  4.3821964E-02,  2.8932136E-02,  1.8858124E-01, -3.3676364E-02,  6.8319239E-02,  7.8745313E-02,  7.678459952887E-01,  2.857334696757E-01,  2.339574940532E-01,  1.7845995E-02, -1.4266530E-02, -3.1604251E-01, -2.1904377E+00, -1.4403947E+01, -3.0712811E+00, -1.7380521E-01,  5.6996074E-02, -9.5425606E-01,  3.5259459E+00,  1.1533341E+00,  4.6605214E-01,  0.0000000E+00,  0.0000000E+00,  0.0000000E+00,  0.0000000E+00,  0.0000000E+00,  0.0000000E+00, -5.2060086E-01,  1.7070974E-01,  2.6524801E+01,  3.6025520E-02,  1.6164387E-02,  2.2515778E-03, -1.7381172E-01,  5.6994438E-02, -9.5423025E-01,  3.5259488E+00,  1.1533322E+00,  4.6603972E-01
243,  1.215102933180E+00,  4.2990401E-02,  2.9213490E-02,  1.8330677E-01, -1.8604379E-02,  7.5352222E-02,  8.0799840E-02,  7.680583014930E-01,  2.858755313979E-01,  2.348677496606E-01,  1.8058301E-02, -1.4124469E-02, -3.1513225E-01, -2.1989625E+00, -1.4384010E+01, -3.0467865E+00, -1.5932782E-01,  8.0751471E-02, -1.1767420E+00,  2.5733633E+00,  1.6949332E+00,  3.2930735E-01,  0.0000000E+00,  0.0000000E+00,  0.0000000E+00,  0.0000000E+00,  0.0000000E+00,  0.0000000E+00, -4.7722220E-01,  2.4186431E-01,  2.5858244E+01,  2.6409855E-02,  2.3375181E-02,  1.6042640E-03, -1.5932900E-01,  8.0750637E-02, -1.1767721E+00,  2.5733600E+00,  1.6949294E+00,  3.2932219E-01
244,  1.220190160238E+00,  4.2291000E-02,  2.9651906E-02,  1.7699705E-01, -8.2055526E-03,  8.6554661E-02,  8.2364842E-02,  7.682752281670E-01,  2.860252671312E-01,  2.357852529376E-01,  1.8275228E-02, -1.3974733E-02, -3.1421475E-01, -2.2042528E+00, -1.4360506E+01, -3.0217193E+00, -1.2422530E-01,  6.5385103E-02, -1.3208879E+00,  1.6816021E+00,  2.6544816E+00,  3.4388790E-01,  0.0000000E+00,  0.0000000E+00,  0.0000000E+00,  0.0000000E+00,  0.0000000E+00,  0.0000000E+00, -3.7205756E-01,  1.9583282E-01,  2.5426533E+01,  1.7246110E-02,  3.6293373E-02,  3.3418646E-03, -1.2421793E-01,  6.5382220E-02, -1.3209064E+00,  1.6816028E+00,  2.6544862E+00,  3.4390387E-01
245,  1.225079230575E+00,  4.1717123E-02,  2.9984003E-02,  1.6999739E-01, -2.5555978E-03,  1.0097851E-01,  8.3743140E-02,  7.684806169932E-01,  2.861709419097E-01,  2.366346589119E-01,  1.8480617E-02, -1.3829058E-02, -3.1336534E-01, -2.2072457E+00, -1.4334183E+01, -2.9977325E+00, -1.0445680E-01,  9.1347329E-02, -1.4939805E+00,  5.7638884E-01,  3.2594650E+00,  1.7268731E-01,  0.0000000E+00,  0.0000000E+00,  0.0000000E+00,  0.0000000E+00,  0.0000000E+00,  0.0000000E+00, -3.1288546E-01,  2.7361116E-01,  2.4908182E+01,  6.1074318E-03,  4.4347223E-02,  2.3755250E-03, -1.0446230E-01,  9.1349877E-02, -1.4939668E+00,  5.7638860E-01,  3.2594790E+00,  1.7270307E-01
246,  1.230155289098E+00,  4.1275453E-02,  3.0366996E-02,  1.6225810E-01, -1.5112392E-03,  1.1978646E-01,  8.4870100E-02,  7.686912541282E-01,  2.863241964031E-01,  2.374790144854E-01,  1.8691254E-02, -1.3675804E-02, -3.1252099E-01, -2.2097078E+00, -1.4302022E+01, -2.9726866E+00, -8.0606714E-02,  4.3246724E-02, -1.5838523E+00,  1.8795470E-02,  3.9912081E+00,  3.1564429E-01,  0.0000000E+00,  0.0000000E+00,  0.0000000E+00,  0.0000000E+00,  0.0000000E+00,  0.0000000E+00, -2.4143359E-01,  1.2953913E-01,  2.4639021E+01,  1.8937509E-04,  5.4236483E-02,  5.6149275E-03, -8.0606833E-02,  4.3248910E-02, -1.5838311E+00,  1.8795416E-02,  3.9911942E+00,  3.1565794E-01
247,  1.235036242131E+00,  4.0883157E-02,  3.0620556E-02,  1.5423997E-01, -3.4267777E-03,  1.3995811E-01,  8.6040996E-02,  7.688917906707E-01,  2.864729215641E-01,  2.382524659029E-01,  1.8891791E-02, -1.3527078E-02, -3.1174753E-01, -2.2124518E+00, -1.4265614E+01, -2.9481561E+00, -7.3507957E-02,  7.2285503E-02, -1.6450984E+00, -8.4432012E-01,  4.3458805E+00,  1.4975035E-01,  0.0000000E+00,  0.0000000E+00,  0.0000000E+00,  0.0000000E+00,  0.0000000E+00,  0.0000000E+00, -2.2018504E-01,  2.1651940E-01,  2.4455603E+01, -8.4733060E-03,  5.8926586E-02,  4.3171737E-03, -7.3512636E-02,  7.2288796E-02, -1.6450684E+00, -8.4431982E-01,  4.3458800E+00,  1.4975218E-01
248,  1.240118838131E+00,  4.0545177E-02,  3.0833045E-02,  1.4595160E-01, -7.6336470E-03,  1.6285445E-01,  8.7557375E-02,  7.690987616973E-01,  2.866292500777E-01,  2.390163556661E-01,  1.9098762E-02, -1.3370750E-02, -3.1098364E-01, -2.2166957E+00, -1.4221465E+01, -2.9219586E+00, -7.1638741E-02,  3.8315046E-03, -1.6626971E+00, -7.1255785E-01,  4.4911313E+00,  4.3610361E-01,  0.0000000E+00,  0.0000000E+00,  0.0000000E+00,  0.0000000E+00,  0.0000000E+00,  0.0000000E+00, -2.1454890E-01,  1.1474151E-02,  2.4402784E+01, -7.5246147E-03,  6.0958251E-02,  8.7149013E-03, -7.1630910E-02,  3.8308464E-03, -1.6627028E+00, -7.1255827E-01,  4.4911380E+00,  4.3611139E-01
249,  1.245209116609E+00,  4.0130593E-02,  3.0954098E-02,  1.3749243E-01, -1.2585320E-02,  1.8571323E-01,  8.9199655E-02,  7.693041584616E-01,  2.867863690932E-01,  2.397385528564E-01,  1.9304158E-02, -1.3213631E-02, -3.1026145E-01, -2.2225495E+00, -1.4170631E+01, -2.8948072E+00, -8.1386045E-02,  4.1434228E-02, -1.5959876E+00, -1.2003301E+00,  4.5507765E+00,  2.9143241E-01,  0.0000000E+00,  0.0000000E+00,  0.0000000E+00,  0.0000000E+00,  0.0000000E+00,  0.0000000E+00, -2.4375382E-01,  1.2410334E-01,  2.4602652E+01, -1.2358469E-02,  6.1692487E-02,  7.1378085E-03, -8.1381485E-02,  4.1434072E-02, -1.5959736E+00, -1.2003291E+00,  4.5507960E+00,  2.9144311E-01
250,  1.250063942197E+00,  3.9712537E-02,  3.0919719E-02,  1.2985937E-01, -1.5774153E-02,  2.0697150E-01,  9.1780812E-02,  7.694980674635E-01,  2.869367650891E-01,  2.403884557940E-01,  1.9498067E-02, -1.3063235E-02, -3.0961154E-01, -2.2298060E+00, -1.4116011E+01, -2.8680005E+00, -1.0385723E-01, -4.5767453E-02, -1.6019011E+00, -3.0963027E-01,  4.1854796E+00,  6.3636416E-01,  0.0000000E+00,  0.0000000E+00,  0.0000000E+00,  0.0000000E+00,  0.0000000E+00,  0.0000000E+00, -3.1109384E-01, -1.3707967E-01,  2.4584976E+01, -3.6870574E-03,  5.6886289E-02,  1.1263220E-02, -1.0386413E-01, -4.5766450E-02, -1.6018748E+00, -3.0963287E-01,  4.1854720E+00,  6.3636833E-01
251,  1.255135885899E+00,  3.9095670E-02,  3.0879486E-02,  1.2202094E-01, -1.8050414E-02,  2.2786851E-01,  9.4193511E-02,  7.696980308865E-01,  2.870933460714E-01,  2.410277169622E-01,  1.9698031E-02, -1.2906654E-02, -3.0897228E-01, -2.2383958E+00, -1.4052872E+01, -2.8389749E+00, -1.2398270E-01,  3.7292305E-03, -1.4445040E+00, -2.5963244E-01,  4.0058599E+00,  5.3470176E-01,  0.0000000E+00,  0.0000000E+00,  0.0000000E+00,  0.0000000E+00,  0.0000000E+00,  0.0000000E+00, -3.7135312E-01,  1.1162453E-02,  2.5056362E+01, -3.0388848E-03,  5.4438647E-02,  9.5345350E-03, -1.2398274E-01,  3.7267806E-03, -1.4444944E+00, -2.5963539E-01,  4.0058284E+00,  5.3469747E-01
252,  1.260231209440E+00,  3.8386777E-02,  3.0566771E-02,  1.1463115E-01, -1.5243946E-02,  2.4659693E-01,  9.8120078E-02,  7.698956238789E-01,  2.872501437111E-01,  2.416316578832E-01,  1.9895624E-02, -1.2749856E-02, -3.0836834E-01, -2.2474420E+00, -1.3983590E+01, -2.8088615E+00, -1.7005514E-01, -8.2869992E-02, -1.4920449E+00,  8.5519236E-01,  3.4918971E+00,  7.2382110E-01,  0.0000000E+00,  0.0000000E+00,  0.0000000E+00,  0.0000000E+00,  0.0000000E+00,  0.0000000E+00, -5.0933617E-01, -2.4822025E-01,  2.4913986E+01,  8.1667388E-03,  4.7612462E-02,  1.0832739E-02, -1.7005080E-01, -8.2872681E-02, -1.4920291E+00,  8.5519421E-01,  3.4919202E+00,  7.2383296E-01
253,  1.265063737824E+00,  3.7490491E-02,  3.0407451E-02,  1.0787522E-01, -1.1121034E-02,  2.6294240E-01,  1.0089619E-01,  7.700790816837E-01,  2.873973985710E-01,  2.421696404321E-01,  2.0079082E-02, -1.2602601E-02, -3.0783036E-01, -2.2552436E+00, -1.3912981E+01, -2.7795643E+00, -1.8358892E-01, -4.2098477E-02, -1.3064150E+00,  1.4113085E+00,  3.1028328E+00,  7.3318809E-01,  0.0000000E+00,  0.0000000E+00,  0.0000000E+00,  0.0000000E+00,  0.0000000E+00,  0.0000000E+00, -5.4990602E-01, -1.2608948E-01,  2.5469910E+01,  1.3863870E-02,  4.2390902E-02,  1.0112402E-02, -1.8359576E-01, -4.2097185E-02, -1.3064243E+00,  1.4113076E+00,  3.1028709E+00,  7.3317873E-01
254,  1.270156216640E+00,  3.6436528E-02,  2.9847456E-02,  1.0089668E-01, -3.9762328E-04,  2.7740106E-01,  1.0519840E-01,  7.702675902294E-01,  2.875510249184E-01,  2.427023603382E-01,  2.0267590E-02, -1.2448975E-02, -3.0729764E-01, -2.2615752E+00, -1.3833972E+01, -2.7481270E+00, -2.4451965E-01, -1.0183764E-01, -1.4204708E+00,  2.1513703E+00,  2.7812102E+00,  6.2152231E-01,  0.0000000E+00,  0.0000000E+00,  0.0000000E+00,  0.0000000E+00,  0.0000000E+00,  0.0000000E+00, -7.3240268E-01, -3.0502659E-01,  2.5128323E+01,  2.1645606E-02,  3.8083933E-02,  7.2046188E-03, -2.4452546E-01, -1.0183847E-01, -1.4204692E+00,  2.1513703E+00,  2.7811801E+00,  6.2153703E-01
255,  1.275160521329E+00,  3.5181228E-02,  2.9549649E-02,  9.4274931E-02,  1.1386196E-02,  2.8997135E-01,  1.0797249E-01,  7.704469092895E-01,  2.876997081518E-01,  2.431911376314E-01,  2.0446909E-02, -1.2300292E-02, -3.0680886E-01, -2.2648224E+00, -1.3752242E+01, -2.7170093E+00, -2.4364430E-01, -1.0499354E-01, -1.2899486E+00,  3.1147773E+00,  2.1476781E+00,  7.7165699E-01,  0.0000000E+00,  0.0000000E+00,  0.0000000E+00,  0.0000000E+00,  0.0000000E+00,  0.0000000E+00, -7.2978199E-01, -3.1448224E-01,  2.5519272E+01,  3.1315427E-02,  2.9602369E-02,  8.1289234E-03, -2.4365050E-01, -1.0499541E-01, -1.2899438E+00,  3.1147780E+00,  2.1476290E+00,  7.7164316E-01
256,  1.280011000454E+00,  3.3853725E-02,  2.8821208E-02,  8.7483630E-02,  2.7422275E-02,  3.0008146E-01,  1.1132984E-01,  7.706146334770E-01,  2.878413341396E-01,  2.436330560676E-01,  2.0614633E-02, -1.2158666E-02, -3.0636694E-01, -2.2641064E+00, -1.3669763E+01, -2.6868661E+00, -3.0794120E-01, -1.0601571E-01, -1.4341745E+00,  3.0574644E+00,  2.0716894E+00,  3.7072405E-01,  0.0000000E+00,  0.0000000E+00,  0.0000000E+00,  0.0000000E+00,  0.0000000E+00,  0.0000000E+00, -9.2235118E-01, -3.1753784E-01,  2.5087290E+01,  3.1286594E-02,  2.8501730E-02,  1.8054919E-03, -3.0794311E-01, -1.0601557E-01, -1.4341686E+00,  3.0574622E+00,  2.0716345E+00,  3.7073016E-01
257,  1.285001168654E+00,  3.2336459E-02,  2.8373014E-02,  8.0656998E-02,  4.4222541E-02,  3.0874419E-01,  1.1304551E-01,  7.707799059001E-01,  2.879842498535E-01,  2.440532727639E-01,  2.0779906E-02, -1.2015750E-02, -3.0594673E-01, -2.2589451E+00, -1.3581936E+01, -2.6562818E+00, -2.9466426E-01, -1.6114984E-01, -1.4049720E+00,  3.9827034E+00,  1.4703807E+00,  5.3759938E-01,  0.0000000E+00,  0.0000000E+00,  0.0000000E+00,  0.0000000E+00,  0.0000000E+00,  0.0000000E+00, -8.8258493E-01, -4.8268580E-01,  2.5174778E+01,  4.0531695E-02,  2.0452781E-02,  3.0843853E-03, -2.9466644E-01, -1.6115311E-01, -1.4049592E+00,  3.9827085E+00,  1.4703391E+00,  5.3758633E-01
258,  1.290061524052E+00,  3.0682774E-02,  2.7525190E-02,  7.3001698E-02,  6.2714539E-02,  3.1656423E-01,  1.1460640E-01,  7.709396918743E-01,  2.881255737985E-01,  2.444431400040E-01,  2.0939692E-02, -1.1874426E-02, -3.0555686E-01, -2.2484255E+00, -1.3490343E+01, -2.6259326E+00, -3.5311654E-01, -9.4011337E-02, -1.5032336E+00,  3.2885091E+00,  1.4921532E+00, -6.8704680E-02,  0.0000000E+00,  0.0000000E+00,  0.0000000E+00,  0.0000000E+00,  0.0000000E+00,  0.0000000E+00, -1.0576653E+00, -2.8158468E-01,  2.4880411E+01,  3.4216676E-02,  2.0585565E-02, -5.5992566E-03, -3.5312012E-01, -9.4011977E-02, -1.5032387E+00,  3.2884951E+00,  1.4921217E+00, -6.8709955E-02
259,  1.295082339272E+00,  2.8976057E-02,  2.6863452E-02,  6.5436170E-02,  8.1160977E-02,  3.2267764E-01,  1.1458893E-01,  7.710896021869E-01,  2.882625001304E-01,  2.447917960853E-01,  2.1089602E-02, -1.1737500E-02, -3.0520820E-01, -2.2329147E+00, -1.3397198E+01, -2.5969015E+00, -3.3622584E-01, -2.0985664E-01, -1.6050187E+00,  3.7323344E+00,  1.2027874E+00,  1.0925040E-01,  0.0000000E+00,  0.0000000E+00,  0.0000000E+00,  0.0000000E+00,  0.0000000E+00,  0.0000000E+00, -1.0070626E+00, -6.2856227E-01,  2.4575560E+01,  3.8498670E-02,  1.6723298E-02, -3.3911893E-03, -3.3622548E-01, -2.0985653E-01, -1.6050187E+00,  3.7323430E+00,  1.2027568E+00,  1.0923602E-01
260,  1.300156286014E+00,  2.7137972E-02,  2.6011575E-02,  5.7037573E-02,  9.8017693E-02,  3.2910725E-01,  1.1386485E-01,  7.712322592584E-01,  2.883964623082E-01,  2.451034492959E-01,  2.1232259E-02, -1.1603538E-02, -3.0489655E-01, -2.2119991E+00, -1.3301067E+01, -2.5687714E+00, -3.7205875E-01, -1.1191772E-01, -1.6197855E+00,  3.1907711E+00,  1.2114948E+00, -4.5561886E-01,  0.0000000E+00,  0.0000000E+00,  0.0000000E+00,  0.0000000E+00,  0.0000000E+00,  0.0000000E+00, -1.1143861E+00, -3.3521450E-01,  2.4531305E+01,  3.3691425E-02,  1.6704578E-02, -1.1649608E-02, -3.7205732E-01, -1.1191723E-01, -1.6197938E+00,  3.1907599E+00,  1.2114718E+00, -4.5562762E-01
261,  1.305209689802E+00,  2.5309492E-02,  2.5137924E-02,  4.8571840E-02,  1.1433055E-01,  3.3499652E-01,  1.1208200E-01,  7.713649659285E-01,  2.885260730058E-01,  2.453716798659E-01,  2.1364966E-02, -1.1473927E-02, -3.0462832E-01, -2.1864550E+00, -1.3203368E+01, -2.5423006E+00, -3.6454776E-01, -2.1745616E-01, -1.7808927E+00,  3.0501864E+00,  1.2438277E+00, -2.1176048E-01,  0.0000000E+00,  0.0000000E+00,  0.0000000E+00,  0.0000000E+00,  0.0000000E+00,  0.0000000E+00, -1.0918924E+00, -6.5132207E-01,  2.4048782E+01,  3.1881265E-02,  1.7162222E-02, -7.5089592E-03, -3.6454740E-01, -2.1745528E-01, -1.7808925E+00,  3.0501809E+00,  1.2438359E+00, -2.1177264E-01
262,  1.310043904267E+00,  2.3473367E-02,  2.4326496E-02,  4.0029638E-02,  1.2735435E-01,  3.4210530E-01,  1.0967568E-01,  7.714831230474E-01,  2.886455519558E-01,  2.455866407223E-01,  2.1483123E-02, -1.1354448E-02, -3.0441336E-01, -2.1579328E+00, -1.3108001E+01, -2.5183534E+00, -3.8094184E-01, -1.4296140E-01, -1.7207969E+00,  2.5490332E+00,  1.5834913E+00, -7.5675553E-01,  0.0000000E+00,  0.0000000E+00,  0.0000000E+00,  0.0000000E+00,  0.0000000E+00,  0.0000000E+00, -1.1409922E+00, -4.2820242E-01,  2.4228790E+01,  2.7491437E-02,  2.1648498E-02, -1.5484128E-02, -3.8094023E-01, -1.4296287E-01, -1.7207937E+00,  2.5490625E+00,  1.5834720E+00, -7.5675833E-01
263,  1.315116718753E+00,  2.1583423E-02,  2.3359889E-02,  3.0940779E-02,  1.4047749E-01,  3.5027933E-01,  1.0677719E-01,  7.715976204839E-01,  2.887667723230E-01,  2.457680665534E-01,  2.1597620E-02, -1.1233228E-02, -3.0423193E-01, -2.1242986E+00, -1.3005569E+01, -2.4949219E+00, -3.7853637E-01, -2.0616069E-01, -1.8608229E+00,  2.3832142E+00,  1.8277601E+00, -4.4910771E-01,  0.0000000E+00,  0.0000000E+00,  0.0000000E+00,  0.0000000E+00,  0.0000000E+00,  0.0000000E+00, -1.1337937E+00, -6.1749232E-01,  2.3809378E+01,  2.5359057E-02,  2.4991302E-02, -1.0264320E-02, -3.7853688E-01, -2.0616063E-01, -1.8608220E+00,  2.3832088E+00,  1.8277946E+00, -4.4911671E-01
264,  1.320182216434E+00,  1.9626515E-02,  2.2525104E-02,  2.1841746E-02,  1.5054831E-01,  3.6160514E-01,  1.0290515E-01,  7.717022209271E-01,  2.888829650508E-01,  2.459024929609E-01,  2.1702221E-02, -1.1117035E-02, -3.0409751E-01, -2.0873839E+00, -1.2900403E+01, -2.4730841E+00, -3.8018194E-01, -1.5906505E-01, -1.7502911E+00,  2.0030377E+00,  2.3842168E+00, -8.9973933E-01,  0.0000000E+00,  0.0000000E+00,  0.0000000E+00,  0.0000000E+00,  0.0000000E+00,  0.0000000E+00, -1.1387323E+00, -4.7642964E-01,  2.4140444E+01,  2.2099847E-02,  3.2449685E-02, -1.6886473E-02, -3.8018572E-01, -1.5906438E-01, -1.7502898E+00,  2.0030618E+00,  2.3842106E+00, -8.9974511E-01
265,  1.325023359034E+00,  1.7799668E-02,  2.1615226E-02,  1.3107493E-02,  1.6034642E-01,  3.7382662E-01,  9.9582672E-02,  7.717930443347E-01,  2.889899602939E-01,  2.459882433679E-01,  2.1793044E-02, -1.1010040E-02, -3.0401176E-01, -2.0494611E+00, -1.2796550E+01, -2.4538414E+00, -3.8712770E-01, -1.8155400E-01, -1.8103924E+00,  1.6412171E+00,  2.8969522E+00, -6.7647433E-01,  0.0000000E+00,  0.0000000E+00,  0.0000000E+00,  0.0000000E+00,  0.0000000E+00,  0.0000000E+00, -1.1595191E+00, -5.4379404E-01,  2.3960423E+01,  1.8100573E-02,  3.9406750E-02, -1.2729466E-02, -3.8712576E-01, -1.8155517E-01, -1.8103930E+00,  1.6412266E+00,  2.8969498E+00, -6.7648476E-01
266,  1.330058387082E+00,  1.5839519E-02,  2.0839602E-02,  4.4519017E-03,  1.6773896E-01,  3.9026389E-01,  9.5043004E-02,  7.718779316372E-01,  2.890968911601E-01,  2.460331483543E-01,  2.1877932E-02, -1.0903109E-02, -3.0396685E-01, -2.0077425E+00, -1.2684345E+01, -2.4353332E+00, -3.7979874E-01, -1.6051736E-01, -1.6820019E+00,  1.6257068E+00,  3.3821740E+00, -9.1903931E-01,  0.0000000E+00,  0.0000000E+00,  0.0000000E+00,  0.0000000E+00,  0.0000000E+00,  0.0000000E+00, -1.1375624E+00, -4.8079154E-01,  2.4344978E+01,  1.8299339E-02,  4.5964204E-02, -1.6537189E-02, -3.7979513E-01, -1.6052067E-01, -1.6820023E+00,  1.6256825E+00,  3.3821967E+00, -9.1905415E-01
267,  1.335093411158E+00,  1.3910260E-02,  1.9999716E-02, -4.0194248E-03,  1.7559543E-01,  4.0769306E-01,  9.1298856E-02,  7.719530877340E-01,  2.891997663699E-01,  2.460350920545E-01,  2.1953088E-02, -1.0800234E-02, -3.0396491E-01, -1.9639532E+00, -1.2567191E+01, -2.4184553E+00, -3.9383388E-01, -1.4833833E-01, -1.6251525E+00,  1.2382857E+00,  3.7556524E+00, -7.7748513E-01,  0.0000000E+00,  0.0000000E+00,  0.0000000E+00,  0.0000000E+00,  0.0000000E+00,  0.0000000E+00, -1.1796124E+00, -4.4430503E-01,  2.4515257E+01,  1.4142475E-02,  5.1016174E-02, -1.3690729E-02, -3.9383426E-01, -1.4833902E-01, -1.6251519E+00,  1.2382940E+00,  3.7556043E+00, -7.7750087E-01
268,  1.340145085236E+00,  1.1941536E-02,  1.9276975E-02, -1.1756049E-02,  1.8163507E-01,  4.2766234E-01,  8.6957276E-02,  7.720185754817E-01,  2.892990881022E-01,  2.459958861699E-01,  2.2018575E-02, -1.0700912E-02, -3.0400411E-01, -1.9183134E+00, -1.2444152E+01, -2.4029662E+00, -3.8193959E-01, -1.5677682E-01, -1.5030982E+00,  1.4950186E+00,  3.7857654E+00, -7.0677078E-01,  0.0000000E+00,  0.0000000E+00,  0.0000000E+00,  0.0000000E+00,  0.0000000E+00,  0.0000000E+00, -1.1439908E+00, -4.6957713E-01,  2.4880831E+01,  1.6673587E-02,  5.1460326E-02, -1.2890143E-02, -3.8194135E-01, -1.5677655E-01, -1.5030986E+00,  1.4949946E+00,  3.7857058E+00, -7.0676857E-01
269,  1.345225859341E+00,  9.9559641E-03,  1.8530928E-02, -1.9120425E-02,  1.8761948E-01,  4.4724187E-01,  8.3612233E-02,  7.720744739274E-01,  2.893951296412E-01,  2.459179204429E-01,  2.2074474E-02, -1.0604870E-02, -3.0408208E-01, -1.8707211E+00, -1.2314659E+01, -2.3887492E+00, -3.9717615E-01, -1.2140520E-01, -1.3401406E+00,  7.6350003E-01,  4.1216125E+00, -7.9079551E-01,  0.0000000E+00,  0.0000000E+00,  0.0000000E+00,  0.0000000E+00,  0.0000000E+00,  0.0000000E+00, -1.1896188E+00, -3.6362952E-01,  2.5368914E+01,  9.2857732E-03,  5.5942062E-02, -1.3235030E-02, -3.9717507E-01, -1.2140409E-01, -1.3401436E+00,  7.6347780E-01,  4.1216631E+00, -7.9080391E-01
270,  1.350067618020E+00,  8.0762114E-03,  1.7897032E-02, -2.5300620E-02,  1.9249056E-01,  4.6589613E-01,  8.0287218E-02,  7.721183190633E-01,  2.894834507368E-01,  2.458109598321E-01,  2.2118319E-02, -1.0516549E-02, -3.0418904E-01, -1.8242203E+00, -1.2185773E+01, -2.3763232E+00, -3.8593540E-01, -1.4475261E-01, -1.2560991E+00,  1.1508937E+00,  3.4361594E+00, -5.0916505E-01,  0.0000000E+00,  0.0000000E+00,  0.0000000E+00,  0.0000000E+00,  0.0000000E+00,  0.0000000E+00, -1.1559597E+00, -4.3355107E-01,  2.5620642E+01,  1.2815264E-02,  4.6706755E-02, -9.2931055E-03, -3.8593739E-01, -1.4474863E-01, -1.2560997E+00,  1.1508776E+00,  3.4361119E+00, -5.0915909E-01
271,  1.355142953667E+00,  6.0850428E-03,  1.7242854E-02, -3.1305842E-02,  1.9701241E-01,  4.8316622E-01,  7.7733651E-02,  7.721544983279E-01,  2.895726150420E-01,  2.456675827124E-01,  2.2154498E-02, -1.0427385E-02, -3.0433242E-01, -1.7741597E+00, -1.2045497E+01, -2.3642671E+00, -3.9128220E-01, -1.1471028E-01, -1.0815240E+00,  5.9238851E-01,  3.3752775E+00, -5.6881183E-01,  0.0000000E+00,  0.0000000E+00,  0.0000000E+00,  0.0000000E+00,  0.0000000E+00,  0.0000000E+00, -1.1719661E+00, -3.4357029E-01,  2.6143518E+01,  7.1431384E-03,  4.5820449E-02, -9.5377713E-03, -3.9128140E-01, -1.1470696E-01, -1.0815282E+00,  5.9238571E-01,  3.3752761E+00, -5.6881011E-01
272,  1.360222105010E+00,  4.1448679E-03,  1.6610114E-02, -3.6641821E-02,  2.0070422E-01,  4.9762267E-01,  7.5497016E-02,  7.721806756801E-01,  2.896586957578E-01,  2.454956142456E-01,  2.2180676E-02, -1.0341304E-02, -3.0450439E-01, -1.7231440E+00, -1.1900320E+01, -2.3530160E+00, -3.7932366E-01, -1.2704024E-01, -1.0460719E+00,  7.7864408E-01,  2.3985198E+00, -3.0344927E-01,  0.0000000E+00,  0.0000000E+00,  0.0000000E+00,  0.0000000E+00,  0.0000000E+00,  0.0000000E+00, -1.1361505E+00, -3.8051614E-01,  2.6249741E+01,  8.6077098E-03,  3.2608695E-02, -5.6142448E-03, -3.7932375E-01, -1.2704198E-01, -1.0460640E+00,  7.7865529E-01,  2.3985515E+00, -3.0345184E-01
273,  1.365080490224E+00,  2.3060853E-03,  1.6049536E-02, -4.1405931E-02,  2.0299006E-01,  5.0876689E-01,  7.3905922E-02,  7.721965442937E-01,  2.897380597854E-01,  2.453062820521E-01,  2.2196544E-02, -1.0261940E-02, -3.0469372E-01, -1.6735048E+00, -1.1757954E+01, -2.3427840E+00, -3.7223348E-01, -1.1111647E-01, -9.1636193E-01,  1.9944482E-01,  2.1198802E+00, -3.9096898E-01,  0.0000000E+00,  0.0000000E+00,  0.0000000E+00,  0.0000000E+00,  0.0000000E+00,  0.0000000E+00, -1.1149132E+00, -3.3281758E-01,  2.6638214E+01,  2.7470679E-03,  2.8757844E-02, -6.3225091E-03, -3.7223330E-01, -1.1111698E-01, -9.1636539E-01,  1.9945388E-01,  2.1197884E+00, -3.9096674E-01
274,  1.370187178790E+00,  4.6138588E-04,  1.5443061E-02, -4.6213329E-02,  2.0499741E-01,  5.1635027E-01,  7.2702959E-02,  7.722037896747E-01,  2.898185637056E-01,  2.450832814216E-01,  2.2203790E-02, -1.0181436E-02, -3.0491672E-01, -1.6208803E+00, -1.1605430E+01, -2.3324453E+00, -3.5542151E-01, -1.1945722E-01, -9.7123528E-01,  3.6101341E-01,  1.1372565E+00, -1.2054122E-01,  0.0000000E+00,  0.0000000E+00,  0.0000000E+00,  0.0000000E+00,  0.0000000E+00,  0.0000000E+00, -1.0645585E+00, -3.5779965E-01,  2.6473886E+01,  3.9605545E-03,  1.5462241E-02, -2.2730553E-03, -3.5542151E-01, -1.1945768E-01, -9.7122902E-01,  3.6101350E-01,  1.1371483E+00, -1.2053013E-01
275,  1.375034058953E+00, -1.2216177E-03,  1.4911015E-02, -5.0737303E-02,  2.0496126E-01,  5.2184081E-01,  7.1681902E-02,  7.722021003250E-01,  2.898921684125E-01,  2.448487202493E-01,  2.2202100E-02, -1.0107832E-02, -3.0515128E-01, -1.5705898E+00, -1.1458934E+01, -2.3228157E+00, -3.3524004E-01, -1.1152045E-01, -9.2042762E-01, -4.0630575E-02,  8.5956240E-01, -2.2591889E-01,  0.0000000E+00,  0.0000000E+00,  0.0000000E+00,  0.0000000E+00,  0.0000000E+00,  0.0000000E+00, -1.0041111E+00, -3.3402190E-01,  2.6626047E+01, -5.1973311E-05,  1.1644424E-02, -3.5058381E-03, -3.3524007E-01, -1.1151906E-01, -9.2042750E-01, -4.0653687E-02,  8.5967624E-01, -2.2592269E-01
276,  1.380143008532E+00, -2.8743043E-03,  1.4299690E-02, -5.5817865E-02,  2.0542173E-01,  5.2395058E-01,  7.1237952E-02,  7.721917893505E-01,  2.899668701926E-01,  2.445774189609E-01,  2.2191789E-02, -1.0033130E-02, -3.0542258E-01, -1.5175618E+00, -1.1303358E+01, -2.3127780E+00, -3.1525204E-01, -1.1740440E-01, -1.0445788E+00, -2.7164783E-02,  3.2392722E-01, -3.3891913E-02,  0.0000000E+00,  0.0000000E+00,  0.0000000E+00,  0.0000000E+00,  0.0000000E+00,  0.0000000E+00, -9.4424325E-01, -3.5164511E-01,  2.6254175E+01, -2.0383834E-04,  4.3910774E-03, -4.8215804E-04, -3.1525216E-01, -1.1740288E-01, -1.0445834E+00, -2.7152520E-02,  3.2388180E-01, -3.3906203E-02
277,  1.385222851335E+00, -4.4074794E-03,  1.3718885E-02, -6.1070926E-02,  2.0382656E-01,  5.2602923E-01,  7.0673637E-02,  7.721734064929E-01,  2.900381311074E-01,  2.442811548633E-01,  2.2173406E-02, -9.9618689E-03, -3.0571885E-01, -1.4649342E+00, -1.1148120E+01, -2.3027393E+00, -2.8639847E-01, -1.2529105E-01, -1.0645403E+00, -1.5895900E-01,  1.7502196E-01, -5.3907279E-02,  0.0000000E+00,  0.0000000E+00,  0.0000000E+00,  0.0000000E+00,  0.0000000E+00,  0.0000000E+00, -8.5782158E-01, -3.7527105E-01,  2.6194380E+01, -1.5421408E-03,  2.3560787E-03, -6.6291791E-04, -2.8639877E-01, -1.2529081E-01, -1.0645472E+00, -1.5893456E-01,  1.7511088E-01, -5.3900369E-02
278,  1.390084773103E+00, -5.7545998E-03,  1.3106404E-02, -6.6659577E-02,  2.0304346E-01,  5.2619940E-01,  7.0744403E-02,  7.721488322373E-01,  2.901033881374E-01,  2.439715166374E-01,  2.2148832E-02, -9.8966119E-03, -3.0602848E-01, -1.4148206E+00, -1.0999280E+01, -2.2930106E+00, -2.7084377E-01, -1.1586189E-01, -1.1746848E+00, -4.4796476E-01,  2.7700612E-01, -1.6875606E-02,  0.0000000E+00,  0.0000000E+00,  0.0000000E+00,  0.0000000E+00,  0.0000000E+00,  0.0000000E+00, -8.1122965E-01, -3.4703544E-01,  2.5864513E+01, -4.5279758E-03,  3.7123014E-03,  2.8268862E-04, -2.7084324E-01, -1.1586386E-01, -1.1746789E+00, -4.4799644E-01,  2.7692237E-01, -1.6871206E-02
279,  1.395115496667E+00, -7.0382007E-03,  1.2466230E-02, -7.2587535E-02,  2.0129594E-01,  5.2793062E-01,  7.0752472E-02,  7.721167336882E-01,  2.901678574078E-01,  2.436220739602E-01,  2.2116734E-02, -9.8321426E-03, -3.0637793E-01, -1.3633784E+00, -1.0844993E+01, -2.2827124E+00, -2.4160592E-01, -1.4175883E-01, -1.2314476E+00, -1.5802623E-01,  1.9449383E-01,  6.1396863E-02,  0.0000000E+00,  0.0000000E+00,  0.0000000E+00,  0.0000000E+00,  0.0000000E+00,  0.0000000E+00, -7.2365934E-01, -4.2460129E-01,  2.5694523E+01, -1.6649435E-03,  2.6296510E-03,  1.1935363E-03, -2.4160635E-01, -1.4176057E-01, -1.2314333E+00, -1.5803130E-01,  1.9448531E-01,  6.1411455E-02
280,  1.400161237294E+00, -8.2278959E-03,  1.1795401E-02, -7.8996100E-02,  2.0009752E-01,  5.2953726E-01,  7.1275286E-02,  7.720783291260E-01,  2.902291018722E-01,  2.432404199369E-01,  2.2078329E-02, -9.7708981E-03, -3.0675958E-01, -1.3120921E+00, -1.0689878E+01, -2.2720901E+00, -2.2843930E-01, -1.2648478E-01, -1.2572863E+00, -3.6645699E-01,  6.9033593E-01,  7.0227854E-02,  0.0000000E+00,  0.0000000E+00,  0.0000000E+00,  0.0000000E+00,  0.0000000E+00,  0.0000000E+00, -6.8422413E-01, -3.7884906E-01,  2.5617100E+01, -3.7482972E-03,  9.3387170E-03,  1.6159269E-03, -2.2844021E-01, -1.2648539E-01, -1.2572823E+00, -3.6643606E-01,  6.9021344E-01,  7.0240483E-02
281,  1.405174802499E+00, -9.3134549E-03,  1.1072589E-02, -8.5295632E-02,  1.9899943E-01,  5.3371233E-01,  7.1676515E-02,  7.720344362888E-01,  2.902865574064E-01,  2.428293801663E-01,  2.2034436E-02, -9.7134426E-03, -3.0717062E-01, -1.2615264E+00, -1.0534888E+01, -2.2611904E+00, -2.0795693E-01, -1.4794467E-01, -1.2881490E+00,  2.1688733E-02,  7.1294427E-01,  1.5832776E-01,  0.0000000E+00,  0.0000000E+00,  0.0000000E+00,  0.0000000E+00,  0.0000000E+00,  0.0000000E+00, -6.2287831E-01, -4.4312045E-01,  2.5524694E+01,  1.1525689E-04,  9.6942233E-03,  2.5940279E-03, -2.0795883E-01, -1.4794353E-01, -1.2881334E+00,  2.1707145E-02,  7.1294200E-01,  1.5833013E-01
282,  1.410012337067E+00, -1.0300464E-02,  1.0397594E-02, -9.1437384E-02,  1.9846268E-01,  5.3851920E-01,  7.2429977E-02,  7.719870923361E-01,  2.903385576100E-01,  2.424024434173E-01,  2.1987092E-02, -9.6614424E-03, -3.0759756E-01, -1.2128664E+00, -1.0384218E+01, -2.2503312E+00, -1.9893426E-01, -1.4560924E-01, -1.2186714E+00, -1.7804334E-01,  1.4032317E+00,  1.2356155E-01,  0.0000000E+00,  0.0000000E+00,  0.0000000E+00,  0.0000000E+00,  0.0000000E+00,  0.0000000E+00, -5.9584320E-01, -4.3612930E-01,  2.5732788E+01, -1.8074531E-03,  1.9040698E-02,  2.3097168E-03, -1.9893269E-01, -1.4560941E-01, -1.2186577E+00, -1.7804247E-01,  1.4031740E+00,  1.2355021E-01
283,  1.415057808085E+00, -1.1255938E-02,  9.6098268E-03, -9.7554609E-02,  1.9916259E-01,  5.4570812E-01,  7.3310852E-02,  7.719327889481E-01,  2.903891328826E-01,  2.419264119292E-01,  2.1932789E-02, -9.6108671E-03, -3.0807359E-01, -1.1622118E+00, -1.0225248E+01, -2.2386286E+00, -1.8496518E-01, -1.5179536E-01, -1.2180796E+00,  2.6702464E-01,  1.3226274E+00,  2.2354582E-01,  0.0000000E+00,  0.0000000E+00,  0.0000000E+00,  0.0000000E+00,  0.0000000E+00,  0.0000000E+00, -5.5400318E-01, -4.5466059E-01,  2.5734489E+01,  2.6099903E-03,  1.8000258E-02,  3.4243043E-03, -1.8496367E-01, -1.5179640E-01, -1.2180897E+00,  2.6702461E-01,  1.3226089E+00,  2.2355524E-01
284,  1.420145945266E+00, -1.2192405E-02,  8.8437162E-03, -1.0339293E-01,  2.0032537E-01,  5.5314684E-01,  7.4380532E-02,  7.718732286059E-01,  2.904361992244E-01,  2.414155365159E-01,  2.1873229E-02, -9.5638008E-03, -3.0858446E-01, -1.1108293E+00, -1.0062880E+01, -2.2264257E+00, -1.7848524E-01, -1.6481066E-01, -1.0851340E+00,  3.4722981E-01,  1.7000978E+00,  2.1440966E-01,  0.0000000E+00,  0.0000000E+00,  0.0000000E+00,  0.0000000E+00,  0.0000000E+00,  0.0000000E+00, -5.3460097E-01, -4.9363768E-01,  2.6132681E+01,  3.4775787E-03,  2.3131624E-02,  3.2189954E-03, -1.7848590E-01, -1.6480958E-01, -1.0851465E+00,  3.4721100E-01,  1.7000854E+00,  2.1440306E-01
285,  1.425221419421E+00, -1.3065319E-02,  8.0205491E-03, -1.0887478E-01,  2.0314857E-01,  5.6106395E-01,  7.5609371E-02,  7.718092225927E-01,  2.904790588038E-01,  2.408774559084E-01,  2.1809223E-02, -9.5209412E-03, -3.0912254E-01, -1.0590582E+00, -9.8985349E+00, -2.2138688E+00, -1.7285179E-01, -1.5405864E-01, -1.0576739E+00,  6.1989564E-01,  1.1356689E+00,  2.7862725E-01,  0.0000000E+00,  0.0000000E+00,  0.0000000E+00,  0.0000000E+00,  0.0000000E+00,  0.0000000E+00, -5.1772171E-01, -4.6143815E-01,  2.6214949E+01,  6.1255964E-03,  1.5501182E-02,  3.9291112E-03, -1.7285046E-01, -1.5405922E-01, -1.0576800E+00,  6.1987871E-01,  1.1356438E+00,  2.7861288E-01
286,  1.430051457764E+00, -1.3889461E-02,  7.2505292E-03, -1.1359794E-01,  2.0616582E-01,  5.6689447E-01,  7.6807715E-02,  7.717441976859E-01,  2.905160617466E-01,  2.403404546083E-01,  2.1744198E-02, -9.4839383E-03, -3.0965955E-01, -1.0089767E+00, -9.7403308E+00, -2.2015606E+00, -1.6239825E-01, -1.6852738E-01, -9.2933291E-01,  7.1862948E-01,  1.3580256E+00,  2.3285364E-01,  0.0000000E+00,  0.0000000E+00,  0.0000000E+00,  0.0000000E+00,  0.0000000E+00,  0.0000000E+00, -4.8641083E-01, -5.0477165E-01,  2.6599409E+01,  7.2021419E-03,  1.8527793E-02,  3.1077899E-03, -1.6239677E-01, -1.6852686E-01, -9.2932111E-01,  7.1866125E-01,  1.3581260E+00,  2.3285604E-01
287,  1.435126116836E+00, -1.4701423E-02,  6.4225369E-03, -1.1832777E-01,  2.1047038E-01,  5.7077396E-01,  7.8182898E-02,  7.716717564508E-01,  2.905508168606E-01,  2.397524836709E-01,  2.1671756E-02, -9.4491831E-03, -3.1024752E-01, -9.5529454E-01, -9.5724598E+00, -2.1882894E+00, -1.6323495E-01, -1.5589142E-01, -9.0068895E-01,  7.6806581E-01,  2.4899085E-01,  2.6153716E-01,  0.0000000E+00,  0.0000000E+00,  0.0000000E+00,  0.0000000E+00,  0.0000000E+00,  0.0000000E+00, -4.8891917E-01, -4.6692589E-01,  2.6685150E+01,  7.5585800E-03,  3.4761336E-03,  3.4589355E-03, -1.6323423E-01, -1.5589139E-01, -9.0069497E-01,  7.6804662E-01,  2.4892414E-01,  2.6152211E-01
288,  1.440202487458E+00, -1.5484877E-02,  5.6108376E-03, -1.2252708E-01,  2.1421535E-01,  5.7149148E-01,  7.9313762E-02,  7.715951781912E-01,  2.905814787579E-01,  2.391414386716E-01,  2.1595178E-02, -9.4185212E-03, -3.1085856E-01, -9.0038588E-01, -9.4039407E+00, -2.1746729E+00, -1.4400004E-01, -1.6372098E-01, -8.0865699E-01,  8.3771902E-01, -6.2239006E-02,  2.1645415E-01,  0.0000000E+00,  0.0000000E+00,  0.0000000E+00,  0.0000000E+00,  0.0000000E+00,  0.0000000E+00, -4.3130893E-01, -4.9037477E-01,  2.6960863E+01,  8.2791187E-03, -7.4319018E-04,  2.6529343E-03, -1.4400004E-01, -1.6372021E-01, -8.0864334E-01,  8.3769006E-01, -6.2150866E-02,  2.1645322E-01
289,  1.445082079811E+00, -1.6199190E-02,  4.8581553E-03, -1.2645634E-01,  2.1764496E-01,  5.6812364E-01,  8.0244467E-02,  7.715179684590E-01,  2.906070704149E-01,  2.385343176878E-01,  2.1517968E-02, -9.3929296E-03, -3.1146568E-01, -8.4646797E-01, -9.2421638E+00, -2.1613160E+00, -1.4600199E-01, -1.4699295E-01, -7.5989085E-01,  5.3393918E-01, -1.1898409E+00,  1.4641924E-01,  0.0000000E+00,  0.0000000E+00,  0.0000000E+00,  0.0000000E+00,  0.0000000E+00,  0.0000000E+00, -4.3729830E-01, -4.4027212E-01,  2.7106909E+01,  5.1479605E-03, -1.6089266E-02,  1.7708478E-03, -1.4599970E-01, -1.4699256E-01, -7.5988346E-01,  5.3391963E-01, -1.1899093E+00,  1.4640561E-01
290,  1.450173598297E+00, -1.6877156E-02,  4.0863706E-03, -1.3011001E-01,  2.2004123E-01,  5.6116432E-01,  8.0787227E-02,  7.714337942755E-01,  2.906299454181E-01,  2.378815273092E-01,  2.1433794E-02, -9.3700546E-03, -3.1211847E-01, -7.8925279E-01, -9.0749267E+00, -2.1471451E+00, -1.2558521E-01, -1.5121821E-01, -7.2377396E-01,  4.4691035E-01, -1.6287000E+00,  8.7173842E-02,  0.0000000E+00,  0.0000000E+00,  0.0000000E+00,  0.0000000E+00,  0.0000000E+00,  0.0000000E+00, -3.7614802E-01, -4.5292667E-01,  2.7215034E+01,  4.2775893E-03, -2.2060474E-02,  8.8586501E-04, -1.2558360E-01, -1.5121751E-01, -7.2378379E-01,  4.4691831E-01, -1.6288279E+00,  8.7172553E-02
291,  1.455048865692E+00, -1.7485617E-02,  3.4003700E-03, -1.3357764E-01,  2.2127725E-01,  5.5017120E-01,  8.1005029E-02,  7.713500880015E-01,  2.906482433111E-01,  2.372390073364E-01,  2.1350088E-02, -9.3517567E-03, -3.1276099E-01, -7.2755135E-01, -8.9115783E+00, -2.1292837E+00, -1.1881348E-01, -1.3623770E-01, -6.6010696E-01,  3.0220682E-02, -2.6345248E+00, -2.0820830E-02,  0.0000000E+00,  0.0000000E+00,  0.0000000E+00,  0.0000000E+00,  0.0000000E+00,  0.0000000E+00, -3.5588178E-01, -4.0805987E-01,  2.7405706E+01,  5.2697891E-05, -3.5761468E-02, -5.0239579E-04, -1.1881737E-01, -1.3623793E-01, -6.6012460E-01,  3.0245515E-02, -2.6344707E+00, -2.0811565E-02
292,  1.460134445404E+00, -1.8022306E-02,  2.6959963E-03, -1.3684942E-01,  2.2094864E-01,  5.3662634E-01,  8.0698349E-02,  7.712598148032E-01,  2.906638214193E-01,  2.365517946352E-01,  2.1259815E-02, -9.3361786E-03, -3.1344821E-01, -6.6935107E-01, -8.7507431E+00, -2.1148680E+00, -9.8260574E-02, -1.3343970E-01, -6.6599452E-01, -1.3575673E-01, -2.8995540E+00, -8.0283836E-02,  0.0000000E+00,  0.0000000E+00,  0.0000000E+00,  0.0000000E+00,  0.0000000E+00,  0.0000000E+00, -2.9430744E-01, -3.9967769E-01,  2.7388172E+01, -1.6002044E-03, -3.9380942E-02, -1.3133661E-03, -9.8259695E-02, -1.3343941E-01, -6.6597873E-01, -1.3573101E-01, -2.8996246E+00, -8.0279544E-02
293,  1.465025003012E+00, -1.8482013E-02,  2.0869714E-03, -1.3997209E-01,  2.1916555E-01,  5.2038527E-01,  7.9942942E-02,  7.711705760006E-01,  2.906755680428E-01,  2.358750639733E-01,  2.1170576E-02, -9.3244320E-03, -3.1412494E-01, -6.1340736E-01, -8.6002181E+00, -2.1009722E+00, -8.3838254E-02, -1.2331691E-01, -5.8689982E-01, -5.6232268E-01, -3.4277108E+00, -2.2289488E-01,  0.0000000E+00,  0.0000000E+00,  0.0000000E+00,  0.0000000E+00,  0.0000000E+00,  0.0000000E+00, -2.5112230E-01, -3.6935905E-01,  2.7625082E+01, -5.8417488E-03, -4.6598595E-02, -3.2476939E-03, -8.3841577E-02, -1.2331699E-01, -5.8688223E-01, -5.6230009E-01, -3.4276032E+00, -2.2290553E-01
294,  1.470101573668E+00, -1.8830182E-02,  1.4616851E-03, -1.4299199E-01,  2.1608177E-01,  5.0368327E-01,  7.8717709E-02,  7.710758602121E-01,  2.906846294598E-01,  2.351572861058E-01,  2.1075860E-02, -9.3153705E-03, -3.1484271E-01, -5.5583294E-01, -8.4488646E+00, -2.0866099E+00, -6.2048819E-02, -1.1616924E-01, -6.2296534E-01, -6.6228026E-01, -3.4264693E+00, -2.6481622E-01,  0.0000000E+00,  0.0000000E+00,  0.0000000E+00,  0.0000000E+00,  0.0000000E+00,  0.0000000E+00, -1.8583898E-01, -3.4795061E-01,  2.7516939E+01, -6.8151602E-03, -4.6594564E-02, -3.8349782E-03, -6.2045600E-02, -1.1616941E-01, -6.2298763E-01, -6.6226619E-01, -3.4264836E+00, -2.6480824E-01
295,  1.475204962865E+00, -1.9106945E-02,  8.9397107E-04, -1.4595860E-01,  2.1167767E-01,  4.8556265E-01,  7.6976798E-02,  7.709790328386E-01,  2.906907039801E-01,  2.344200893741E-01,  2.0979033E-02, -9.3092960E-03, -3.1557991E-01, -4.9874718E-01, -8.3018727E+00, -2.0723127E+00, -3.8302451E-02, -1.1356999E-01, -5.3793663E-01, -9.7530484E-01, -3.2976773E+00, -3.8292632E-01,  0.0000000E+00,  0.0000000E+00,  0.0000000E+00,  0.0000000E+00,  0.0000000E+00,  0.0000000E+00, -1.1472142E-01, -3.4016469E-01,  2.7771681E+01, -9.8624211E-03, -4.4882320E-02, -5.4671243E-03, -3.8301755E-02, -1.1356995E-01, -5.3793764E-01, -9.7528267E-01, -3.2977214E+00, -3.8293767E-01
296,  1.480039275479E+00, -1.9229414E-02,  3.6446785E-04, -1.4873330E-01,  2.0692581E-01,  4.7073996E-01,  7.5041793E-02,  7.708863558234E-01,  2.906937791963E-01,  2.337082411108E-01,  2.0886356E-02, -9.3062208E-03, -3.1629176E-01, -4.4574273E-01, -8.1672509E+00, -2.0589885E+00, -2.2248814E-02, -1.0173131E-01, -5.9843951E-01, -1.0323193E+00, -3.1804211E+00, -4.4001964E-01,  0.0000000E+00,  0.0000000E+00,  0.0000000E+00,  0.0000000E+00,  0.0000000E+00,  0.0000000E+00, -6.6631727E-02, -3.0470544E-01,  2.7590544E+01, -1.0377274E-02, -4.3297015E-02, -6.3452320E-03, -2.2246169E-02, -1.0173125E-01, -5.9841347E-01, -1.0323403E+00, -3.1804681E+00, -4.4002041E-01
297,  1.485116940873E+00, -1.9281061E-02, -1.5149839E-04, -1.5150219E-01,  2.0131677E-01,  4.5539892E-01,  7.2532572E-02,  7.707885187258E-01,  2.906943926855E-01,  2.329461206686E-01,  2.0788519E-02, -9.3056073E-03, -3.1705388E-01, -3.9135163E-01, -8.0304002E+00, -2.0453138E+00,  7.4473876E-03, -1.0590521E-01, -5.2454513E-01, -1.0635099E+00, -2.5408618E+00, -5.0671732E-01,  0.0000000E+00,  0.0000000E+00,  0.0000000E+00,  0.0000000E+00,  0.0000000E+00,  0.0000000E+00,  2.2309627E-02, -3.1720725E-01,  2.7811852E+01, -1.0569717E-02, -3.4618318E-02, -7.3884893E-03,  7.4484600E-03, -1.0590520E-01, -5.2452594E-01, -1.0635159E+00, -2.5408936E+00, -5.0671405E-01
298,  1.490204152886E+00, -1.9207679E-02, -6.6219305E-04, -1.5442525E-01,  1.9635618E-01,  4.4305775E-01,  6.9877923E-02,  7.706905991443E-01,  2.906923544252E-01,  2.321684250409E-01,  2.0690599E-02, -9.3076456E-03, -3.1783157E-01, -3.3822808E-01, -7.8972927E+00, -2.0320380E+00,  1.6808970E-02, -9.5164292E-02, -5.7282144E-01, -9.5061392E-01, -2.6320248E+00, -5.6315672E-01,  0.0000000E+00,  0.0000000E+00,  0.0000000E+00,  0.0000000E+00,  0.0000000E+00,  0.0000000E+00,  5.0353851E-02, -2.8503641E-01,  2.7667261E+01, -9.3917046E-03, -3.5842985E-02, -8.4144380E-03,  1.6811516E-02, -9.5164403E-02, -5.7279998E-01, -9.5058805E-01, -2.6319778E+00, -5.6314230E-01
299,  1.495054469374E+00, -1.9058527E-02, -1.1478723E-03, -1.5694176E-01,  1.9222601E-01,  4.3206152E-01,  6.7065850E-02,  7.705977234009E-01,  2.906880438779E-01,  2.314135078707E-01,  2.0597723E-02, -9.3119561E-03, -3.1858649E-01, -2.8869708E-01, -7.7738422E+00, -2.0198735E+00,  4.3369103E-02, -1.0438374E-01, -5.2632630E-01, -6.8541652E-01, -1.7197299E+00, -5.6362015E-01,  0.0000000E+00,  0.0000000E+00,  0.0000000E+00,  0.0000000E+00,  0.0000000E+00,  0.0000000E+00,  1.2990728E-01, -3.1264952E-01,  2.7806473E+01, -6.6230679E-03, -2.3430642E-02, -8.6295921E-03,  4.3371823E-02, -1.0438352E-01, -5.2632177E-01, -6.8543530E-01, -1.7197691E+00, -5.6361312E-01
300,  1.500144461103E+00, -1.8824201E-02, -1.6526135E-03, -1.5978344E-01,  1.8933618E-01,  4.2277774E-01,  6.4070389E-02,  7.705012762126E-01,  2.906809569559E-01,  2.306077279854E-01,  2.0501276E-02, -9.3190430E-03, -3.1939227E-01, -2.3759907E-01, -7.6471190E+00, -2.0077030E+00,  4.9529925E-02, -9.7879082E-02, -5.1219779E-01, -4.5630881E-01, -2.0862219E+00, -6.3622761E-01,  0.0000000E+00,  0.0000000E+00,  0.0000000E+00,  0.0000000E+00,  0.0000000E+00,  0.0000000E+00,  1.4834854E-01, -2.9316685E-01,  2.7848873E+01, -4.2909523E-03, -2.8381895E-02, -1.0015480E-02,  4.9528759E-02, -9.7878888E-02, -5.1216567E-01, -4.5629293E-01, -2.0862303E+00, -6.3622701E-01
