# DualSPHysics DS-DATA-02 Family F7 Moving Obstacle Prescribed Rotation Data
# Trajectory: Piecewise Quintic Polynomial (Minimum-Jerk) Analytic Target
# Parameters: Nominal Stroke Amplitude = 65.00 deg, Window = 12.00 s, dt = 0.001 s
# Reader: JMotionDataRotAxis::LoadFileAng (DualSPHysics JMotionObj / mvrotfile)
# Note: Solver evaluates trajectory via piecewise linear interpolation in DfGetNewAng
# Columns: Time(s) Angle(degrees)
# Precision: IEEE 754 full roundtrip (.17g)
# -----------------------------------------------------------------------------
0	0
0.001	6.4902539000000004e-07
0.002	5.1844124800000002e-06
0.0030000000000000001	1.7471119770000002e-05
0.0040000000000000001	4.1350799360000002e-05
0.0050000000000000001	8.0641843750000019e-05
0.0060000000000000001	0.00013913943263999998
0.0070000000000000001	0.00022061557973000002
0.0080000000000000002	0.00032881917951999999
0.0090000000000000011	0.0004674760541100001
0.01	0.00064028900000000016
0.010999999999999999	0.00085093783488999987
0.012	0.0011030794444800002
0.013000000000000001	0.0014003478292700007
0.014	0.0017463541513600001
0.014999999999999999	0.0021446867812499994
0.016	0.0025989113446399999
0.017000000000000001	0.0031125707692300007
0.018000000000000002	0.0036891853315200013
0.019	0.0043322527036099992
0.02	0.0050452480000000013
0.021000000000000001	0.0058316238243900018
0.021999999999999999	0.0066948103164799991
0.023	0.0076382151987699999
0.024	0.0086652238233599996
0.025000000000000001	0.0097791992187500013
0.026000000000000002	0.010983482136640004
0.027	0.012281391098729999
0.028000000000000001	0.01367622244352
0.029000000000000001	0.015171250373110002
0.029999999999999999	0.016769726999999998
0.031	0.018474882393889999
0.032000000000000001	0.020289924628480002
0.033000000000000002	0.02221803982827
0.034000000000000002	0.024262392215360008
0.035000000000000003	0.026426124156250005
0.036000000000000004	0.028712356208640009
0.036999999999999998	0.031124187168229997
0.037999999999999999	0.033664694115519998
0.039	0.036336932462609994
0.040000000000000001	0.039143936000000018
0.041000000000000002	0.04208871694339001
0.042000000000000003	0.045174265980480008
0.043000000000000003	0.048403552317770021
0.043999999999999997	0.05177952372736
0.044999999999999998	0.055305106593749993
0.045999999999999999	0.058983205960640002
0.047	0.062816705577730003
0.048000000000000001	0.066808467947520003
0.049000000000000002	0.07096133437211001
0.050000000000000003	0.075278125000000001
0.051000000000000004	0.07976163887289002
0.052000000000000005	0.084414653972480033
0.052999999999999999	0.089239927267269994
0.053999999999999999	0.094240194759359977
0.055	0.099418171531249988
0.056000000000000001	0.10477655179264
0.057000000000000002	0.11031800892723001
0.058000000000000003	0.11604519553952002
0.059000000000000004	0.12196074350161001
0.059999999999999998	0.12806726399999996
0.060999999999999999	0.13436734758239
0.062	0.14086356420447999
0.063	0.14755846327677002
0.064000000000000001	0.15445457371136001
0.065000000000000002	0.16155440396875004
0.066000000000000003	0.16886044210464002
0.067000000000000004	0.17637515581673005
0.068000000000000005	0.18410099249152007
0.069000000000000006	0.19204037925111003
0.070000000000000007	0.20019572300000005
0.071000000000000008	0.20856941047189004
0.072000000000000008	0.21716380827648005
0.072999999999999995	0.22598126294626997
0.073999999999999996	0.23502410098335996
0.074999999999999997	0.24429462890624998
0.075999999999999998	0.25379513329663994
0.076999999999999999	0.26352788084622991
0.078	0.27349511840351998
0.079000000000000001	0.28369907302060998
0.080000000000000002	0.29414195200000004
0.081000000000000003	0.30482594294138998
0.082000000000000003	0.31575321378848004
0.083000000000000004	0.32692591287577011
0.084000000000000005	0.33834616897536013
0.085000000000000006	0.35001609134375006
0.086000000000000007	0.36193776976864006
0.087000000000000008	0.37411327461573013
0.087999999999999995	0.38654465687551998
0.088999999999999996	0.39923394821010993
0.089999999999999997	0.41218316100000002
0.090999999999999998	0.42539428839088994
0.091999999999999998	0.43886930434047999
0.092999999999999999	0.45261016366526996
0.094	0.46661880208736006
0.095000000000000001	0.48089713628125008
0.096000000000000002	0.49544706392064003
0.097000000000000003	0.51027046372522999
0.098000000000000004	0.52536919550752004
0.099000000000000005	0.54074510021961009
0.10000000000000001	0.55640000000000012
0.10100000000000001	0.57233569822038999
0.10200000000000001	0.58855397953248012
0.10300000000000001	0.60505660991477017
0.10400000000000001	0.62184533671936026
0.105	0.63892188871874978
0.106	0.65628797615263978
0.107	0.67394529077472987
0.108	0.69189550589951987
0.109	0.71014027644911004
0.11	0.72868123899999981
0.111	0.74752001182989003
0.112	0.76665819496448007
0.113	0.78609737022427006
0.114	0.80583910127136016
0.115	0.82588493365625004
0.11600000000000001	0.84623639486464008
0.11700000000000001	0.86689499436423012
0.11800000000000001	0.88786222365152001
0.11900000000000001	0.9091395562986101
0.12	0.93072844799999976
0.121	0.95263033661939012
0.122	0.97484664223647999
0.123	0.99737876719377005
0.124	1.0202280961433599
0.125	1.04339599609375
0.126	1.0668838164566399
0.127	1.0906928890937302
0.128	1.1148245283635201
0.129	1.1392800311681102
0.13	1.1640606770000004
0.13100000000000001	1.1891677279888901
0.13200000000000001	1.2146024289484798
0.13300000000000001	1.2403660074232703
0.13400000000000001	1.2664596737353604
0.13500000000000001	1.2928846210312501
0.13600000000000001	1.3196420253286403
0.13700000000000001	1.3467330455632303
0.13800000000000001	1.3741588236355204
0.13900000000000001	1.4019204844576103
0.14000000000000001	1.4300191360000003
0.14100000000000001	1.4584558693383904
0.14200000000000002	1.4872317587004802
0.14300000000000002	1.5163478615127706
0.14400000000000002	1.5458052184473603
0.14499999999999999	1.5756048534687497
0.14599999999999999	1.6057477738806398
0.14699999999999999	1.6362349703727299
0.14799999999999999	1.6670674170675197
0.14899999999999999	1.6982460715671099
0.14999999999999999	1.7297718749999997
0.151	1.7616457520678896
0.152	1.79386861109248
0.153	1.82644134406227
0.154	1.8593648266793597
0.155	1.8926399184062501
0.156	1.9262674625126397
0.157	1.9602482861222299
0.158	1.9945832002595199
0.159	2.0292729998966097
0.16	2.0643184640000007
0.161	2.0997203555773902
0.16200000000000001	2.1354794217244804
0.16300000000000001	2.1715963936717699
0.16400000000000001	2.2080719868313605
0.16500000000000001	2.2449069008437501
0.16600000000000001	2.2821018196246405
0.16700000000000001	2.3196574114117303
0.16800000000000001	2.3575743288115203
0.16900000000000001	2.3958532088461109
0.17000000000000001	2.4344946730000001
0.17100000000000001	2.4734993272668904
0.17200000000000001	2.512867762196481
0.17300000000000001	2.5526005529412705
0.17400000000000002	2.592698259303361
0.17500000000000002	2.6331614257812501
0.17599999999999999	2.6739905816166396
0.17699999999999999	2.7151862408412297
0.17799999999999999	2.7567489023235194
0.17899999999999999	2.7986790498156093
0.17999999999999999	2.8409771520000002
0.18099999999999999	2.8836436625363899
0.182	2.9266790201084794
0.183	2.9700836484707698
0.184	3.01385795649536
0.185	3.0580023382187496
0.186	3.1025171728886405
0.187	3.1474028250107304
0.188	3.19265964439552
0.189	3.2382879662051103
0.19	3.2842881110000008
0.191	3.3306603847858907
0.192	3.3774050790604804
0.193	3.42452247086027
0.19400000000000001	3.4720128228073603
0.19500000000000001	3.5198763831562498
0.19600000000000001	3.5681133858406402
0.19700000000000001	3.6167240505202303
0.19800000000000001	3.6657085826275209
0.19900000000000001	3.715067173414611
0.20000000000000001	3.7648000000000006
0.20100000000000001	3.8149072254153915
0.20200000000000001	3.8653889986524801
0.20300000000000001	3.9162454547097707
0.20400000000000001	3.967476714639361
0.20500000000000002	4.0190828855937504
0.20600000000000002	4.0710640608726401
0.20700000000000002	4.1234203199697301
0.20800000000000002	4.176151728619522
0.20899999999999999	4.2292583388441098
0.20999999999999999	4.2827401889999992
0.21099999999999999	4.3365973038248891
0.21199999999999999	4.3908296944844789
0.21299999999999999	4.4454373586192686
0.214	4.50042028039136
0.215	4.555778430531249
0.216	4.6115117663846386
0.217	4.6676202319592299
0.218	4.7241037579715197
0.219	4.7809622618936105
0.22	4.8381956479999992
0.221	4.8958038074143904
0.222	4.9537866181564807
0.223	5.0121439451887699
0.224	5.0708756404633606
0.22500000000000001	5.1299815429687508
0.22600000000000001	5.1894614787766402
0.22700000000000001	5.2493152610887295
0.22800000000000001	5.3095426902835214
0.22900000000000001	5.3701435539631097
0.23000000000000001	5.4311176269999999
0.23100000000000001	5.4924646715838916
0.23200000000000001	5.5541844372684812
0.23300000000000001	5.6162766610182713
0.23400000000000001	5.6787410672553618
0.23500000000000001	5.7415773679062507
0.23600000000000002	5.8047852624486396
0.23700000000000002	5.8683644379582303
0.23800000000000002	5.9323145691555208
0.23900000000000002	5.9966353184526113
0.23999999999999999	6.0613263359999987
0.24099999999999999	6.1263872597333897
0.24199999999999999	6.1918177154204805
0.24299999999999999	6.25761731670777
0.24399999999999999	6.3237856651673585
0.245	6.3903223503437481
0.246	6.4572269498006412
0.247	6.5244990291677292
0.248	6.5921381421875198
0.249	6.6601438307621095
0.25	6.728515625
0.251	6.7972530432628897
0.252	6.8663555922124786
0.253	6.9358227668572718
0.254	7.0056540505993601
0.255	7.0758489152812531
0.25600000000000001	7.146406821232639
0.25700000000000001	7.2173272173172291
0.25800000000000001	7.2886095409795209
0.25900000000000001	7.3602532182916098
0.26000000000000001	7.4322576640000015
0.26100000000000001	7.5046222815723915
0.26200000000000001	7.5773464632444814
0.26300000000000001	7.6504295900667714
0.26400000000000001	7.7238710319513588
0.26500000000000001	7.7976701477187502
0.26600000000000001	7.8718262851446408
0.26700000000000002	7.9463387810067312
0.26800000000000002	8.0212069611315204
0.26900000000000002	8.0964301404411128
0.27000000000000002	8.1720076230000025
0.27100000000000002	8.2479387020618926
0.27200000000000002	8.324222660116483
0.27300000000000002	8.4008587689362724
0.27400000000000002	8.4778462896233613
0.27500000000000002	8.5551844726562543
0.27600000000000002	8.6328725579366434
0.27700000000000002	8.7109097748362316
0.27800000000000002	8.7892953422435198
0.27900000000000003	8.8680284686106141
0.28000000000000003	8.9471083520000008
0.28100000000000003	9.0265341801313905
0.28200000000000003	9.106305130428483
0.28300000000000003	9.1864203700657718
0.28400000000000003	9.2668790560153624
0.28500000000000003	9.3476803350937523
0.28600000000000003	9.4288233440086433
0.28700000000000003	9.510307209405731
0.28800000000000003	9.5921310479155224
0.28899999999999998	9.6742939662001088
0.28999999999999998	9.7567950609999965
0.29099999999999998	9.8396334191808847
0.29199999999999998	9.9228081177804786
0.29299999999999998	10.006318224055267
0.29399999999999998	10.090162795527361
0.29499999999999998	10.17434088003125
0.29599999999999999	10.258851515760639
0.29699999999999999	10.343693731315227
0.29799999999999999	10.428866545747519
0.29899999999999999	10.514368968609608
0.29999999999999999	10.600199999999997
0.30099999999999999	10.686358630610387
0.30199999999999999	10.772843841772479
0.30299999999999999	10.859654605504771
0.30399999999999999	10.946789884559358
0.30499999999999999	11.034248632468749
0.30599999999999999	11.12202979359264
0.307	11.210132303164729
0.308	11.298555087339517
0.309	11.38729706323911
0.31	11.476357139000001
0.311	11.565734213819892
0.312	11.655427178004478
0.313	11.74543491301427
0.314	11.835756291511361
0.315	11.926390177406248
0.316	12.017335425904639
0.317	12.108590883554227
0.318	12.200155388291517
0.31900000000000001	12.292027769488611
0.32000000000000001	12.384206848000007
0.32100000000000001	12.476691436209387
0.32200000000000001	12.569480338076479
0.32300000000000001	12.662572349183773
0.32400000000000001	12.75596625678336
0.32500000000000001	12.849660839843747
0.32600000000000001	12.94365486909664
0.32700000000000001	13.037947107083731
0.32800000000000001	13.132536308203521
0.32900000000000001	13.227421218758112
0.33000000000000002	13.322600576999999
0.33100000000000002	13.418073113178894
0.33200000000000002	13.513837549588485
0.33300000000000002	13.609892600613275
0.33400000000000002	13.706236972775359
0.33500000000000002	13.802869364781253
0.33600000000000002	13.899788467568644
0.33700000000000002	13.996992964353229
0.33800000000000002	14.094481530675523
0.33900000000000002	14.192252834447613
0.34000000000000002	14.290305536
0.34100000000000003	14.388638288128393
0.34200000000000003	14.487249736140484
0.34300000000000003	14.586138517902771
0.34400000000000003	14.685303263887365
0.34500000000000003	14.784742597218758
0.34600000000000003	14.884455133720641
0.34700000000000003	14.984439481962733
0.34800000000000003	15.084694243307524
0.34900000000000003	15.185218011957115
0.35000000000000003	15.286009375000001
0.35100000000000003	15.387066912457893
0.35199999999999998	15.488389197332477
0.35299999999999998	15.589974795652266
0.35399999999999998	15.69182226651936
0.35499999999999998	15.793930162156244
0.35599999999999998	15.896297027952638
0.35699999999999998	15.998921402512227
0.35799999999999998	16.101801817699517
0.35899999999999999	16.20493679868661
0.35999999999999999	16.308324863999999
0.36099999999999999	16.411964525567392
0.36199999999999999	16.51585428876448
0.36299999999999999	16.619992652461768
0.36399999999999999	16.724378109071356
0.36499999999999999	16.829009144593748
0.36599999999999999	16.933884238664636
0.36699999999999999	17.03900186460173
0.36799999999999999	17.144360489451522
0.36899999999999999	17.249958574036107
0.37	17.355794572999997
0.371	17.461866934856893
0.372	17.56817410203648
0.373	17.67471451093127
0.374	17.781486591943363
0.375	17.88848876953125
0.376	17.995719462256641
0.377	18.103177082831234
0.378	18.210860038163517
0.379	18.31876672940561
0.38	18.426895552000008
0.38100000000000001	18.535244895726393
0.38200000000000001	18.643813144748481
0.38300000000000001	18.752598677660764
0.38400000000000001	18.861599867535361
0.38500000000000001	18.970815081968748
0.38600000000000001	19.080242683128642
0.38700000000000001	19.189881027800734
0.38800000000000001	19.299728467435521
0.38900000000000001	19.409783348195109
0.39000000000000001	19.520044010999996
0.39100000000000001	19.630508791575892
0.39200000000000002	19.741176020500482
0.39300000000000002	19.852044023250269
0.39400000000000002	19.963111120247365
0.39500000000000002	20.074375626906253
0.39600000000000002	20.185835853680643
0.39700000000000002	20.297490106110232
0.39800000000000002	20.409336684867526
0.39900000000000002	20.521373885804618
0.40000000000000002	20.633600000000005
0.40100000000000002	20.746013313805392
0.40200000000000002	20.858612108892487
0.40300000000000002	20.97139466229978
0.40400000000000003	21.084359246479362
0.40500000000000003	21.197504129343749
0.40600000000000003	21.31082757431264
0.40700000000000003	21.424327840359734
0.40800000000000003	21.53800318205953
0.40900000000000003	21.651851849634113
0.41000000000000003	21.765872088999995
0.41100000000000003	21.880062141814893
0.41200000000000003	21.994420245524484
0.41300000000000003	22.108944633409273
0.41400000000000003	22.223633534631364
0.41500000000000004	22.338485174281256
0.41600000000000004	22.453497773424647
0.41699999999999998	22.568669549149227
0.41799999999999998	22.683998714611519
0.41899999999999998	22.799483479083616
0.41999999999999998	22.915122047999994
0.42099999999999999	23.030912623004397
0.42199999999999999	23.146853401996484
0.42299999999999999	23.262942579178773
0.42399999999999999	23.379178345103348
0.42499999999999999	23.495558886718751
0.42599999999999999	23.612082387416638
0.42699999999999999	23.728747027078725
0.42799999999999999	23.84555098212352
0.42899999999999999	23.962492425553101
0.42999999999999999	24.079569527
0.43099999999999999	24.196780452773893
0.432	24.314123365908475
0.433	24.431596426208262
0.434	24.549197790295356
0.435	24.66692561165625
0.436	24.784778040688643
0.437	24.902753224748228
0.438	25.020849308195515
0.439	25.139064432442609
0.44	25.257396735999993
0.441	25.375844354523398
0.442	25.494405420860481
0.443	25.613078065097774
0.44400000000000001	25.731860414607361
0.44500000000000001	25.850750594093753
0.44600000000000001	25.96974672564064
0.44700000000000001	26.088846928757739
0.44800000000000001	26.20804932042752
0.44900000000000001	26.327352015152115
0.45000000000000001	26.446753125000011
0.45100000000000001	26.566250759652885
0.45200000000000001	26.685843026452485
0.45300000000000001	26.805528030447277
0.45400000000000001	26.925303874439354
0.45500000000000002	27.045168659031251
0.45600000000000002	27.165120482672648
0.45700000000000002	27.285157441707227
0.45800000000000002	27.405277630419523
0.45900000000000002	27.525479141081608
0.46000000000000002	27.645760063999994
0.46100000000000002	27.766118487562398
0.46200000000000002	27.886552498284495
0.46300000000000002	28.007060180856779
0.46400000000000002	28.127639618191363
0.46500000000000002	28.248288891468746
0.46600000000000003	28.369006080184647
0.46700000000000003	28.489789262196734
0.46800000000000003	28.610636513771521
0.46900000000000003	28.731545909631112
0.47000000000000003	28.852515523000008
0.47100000000000003	28.973543425651904
0.47200000000000003	29.094627687956478
0.47300000000000003	29.215766378926265
0.47400000000000003	29.336957566263361
0.47500000000000003	29.458199316406262
0.47600000000000003	29.579489694576637
0.47700000000000004	29.700826764826232
0.47800000000000004	29.822208590083527
0.47900000000000004	29.943633232200611
0.47999999999999998	30.065098751999994
0.48099999999999998	30.18660320932139
0.48199999999999998	30.308144663068482
0.48299999999999998	30.429721171255757
0.48399999999999999	30.551330791055364
0.48499999999999999	30.67297157884375
0.48599999999999999	30.794641590248638
0.48699999999999999	30.916338880195728
0.48799999999999999	31.038061502955511
0.48899999999999999	31.159807512190106
0.48999999999999999	31.281574960999993
0.49099999999999999	31.403361901970886
0.49199999999999999	31.52516638722048
0.49299999999999999	31.646986468445267
0.49399999999999999	31.768820196967351
0.495	31.890665623781249
0.496	32.012520799600637
0.497	32.134383774905231
0.498	32.256252599987512
0.499	32.378125324999608
0.5	32.5
0.501	32.621874675000377
0.502	32.743747400012481
0.503	32.865616225094776
0.504	32.987479200399356
0.505	33.109334376218754
0.50600000000000001	33.231179803032646
0.50700000000000001	33.353013531554723
0.50800000000000001	33.474833612779527
0.50900000000000001	33.596638098029132
0.51000000000000001	33.718425039000017
0.51100000000000001	33.840192487809894
0.51200000000000001	33.961938497044464
0.51300000000000001	34.083661119804262
0.51400000000000001	34.205358409751348
0.51500000000000001	34.327028421156243
0.51600000000000001	34.448669208944651
0.51700000000000002	34.570278828744215
0.51800000000000002	34.691855336931525
0.51900000000000002	34.81339679067861
0.52000000000000002	34.934901248000003
0.52100000000000002	35.056366767799382
0.52200000000000002	35.177791409916487
0.52300000000000002	35.299173235173782
0.52400000000000002	35.42051030542337
0.52500000000000002	35.541800683593756
0.52600000000000002	35.663042433736649
0.52700000000000002	35.784233621073724
0.52800000000000002	35.905372312043504
0.52900000000000003	36.02645657434811
0.53000000000000003	36.147484476999999
0.53100000000000003	36.268454090368905
0.53200000000000003	36.389363486228483
0.53300000000000003	36.510210737803263
0.53400000000000003	36.630993919815367
0.53500000000000003	36.751711108531254
0.53600000000000003	36.872360381808647
0.53700000000000003	36.992939819143238
0.53800000000000003	37.113447501715541
0.53900000000000003	37.23388151243762
0.54000000000000004	37.354239936000013
0.54100000000000004	37.474520858918403
0.54200000000000004	37.594722369580495
0.54300000000000004	37.71484255829278
0.54400000000000004	37.834879517327373
0.54500000000000004	37.954831340968738
0.54600000000000004	38.074696125560649
0.54700000000000004	38.19447196955273
0.54800000000000004	38.314156973547512
0.54900000000000004	38.433749240347112
0.55000000000000004	38.553246875000021
0.55100000000000005	38.672647984847899
0.55200000000000005	38.791950679572487
0.55300000000000005	38.911153071242268
0.55400000000000005	39.030253274359367
0.55500000000000005	39.149249405906254
0.55600000000000005	39.268139585392632
0.55700000000000005	39.38692193490224
0.55800000000000005	39.50559457913954
0.55900000000000005	39.624155645476627
0.56000000000000005	39.742603263999989
0.56100000000000005	39.860935567557384
0.56200000000000006	39.979150691804477
0.56300000000000006	40.097246775251776
0.56400000000000006	40.215221959311364
0.56500000000000006	40.333074388343761
0.56600000000000006	40.450802209704641
0.56700000000000006	40.568403573791727
0.56800000000000006	40.685876634091521
0.56900000000000006	40.803219547226114
0.57000000000000006	40.920430472999989
0.57100000000000006	41.037507574446899
0.57200000000000006	41.154449017876487
0.57300000000000006	41.271252972921282
0.57400000000000007	41.387917612583372
0.57500000000000007	41.504441113281246
0.57600000000000007	41.620821654896638
0.57699999999999996	41.73705742082123
0.57799999999999996	41.853146598003526
0.57899999999999996	41.96908737699561
0.57999999999999996	42.084877951999992
0.58099999999999996	42.200516520916388
0.58199999999999996	42.316001285388467
0.58299999999999996	42.431330450850751
0.58399999999999996	42.546502226575356
0.58499999999999996	42.66151482571874
0.58599999999999997	42.776366465368632
0.58699999999999997	42.891055366590734
0.58799999999999997	43.005579754475519
0.58899999999999997	43.119937858185118
0.58999999999999997	43.234127911000009
0.59099999999999997	43.34814815036588
0.59199999999999997	43.461996817940488
0.59299999999999997	43.575672159640284
0.59399999999999997	43.689172425687346
0.59499999999999997	43.80249587065623
0.59599999999999997	43.915640753520641
0.59699999999999998	44.028605337700256
0.59799999999999998	44.141387891107506
0.59899999999999998	44.25398668619458
0.59999999999999998	44.366399999999977
0.60099999999999998	44.478626114195379
0.60199999999999998	44.590663315132467
0.60299999999999998	44.702509893889768
0.60399999999999998	44.814164146319349
0.60499999999999998	44.925624373093733
0.60599999999999998	45.036888879752659
0.60699999999999998	45.147955976749707
0.60799999999999998	45.258823979499525
0.60899999999999999	45.369491208424122
0.60999999999999999	45.479955989000004
0.61099999999999999	45.590216651804873
0.61199999999999999	45.700271532564486
0.61299999999999999	45.81011897219927
0.61399999999999999	45.919757316871355
0.61499999999999999	46.02918491803122
0.61599999999999999	46.138400132464604
0.61699999999999999	46.247401322339208
0.61799999999999999	46.356186855251522
0.61899999999999999	46.464755104273607
0.62	46.573104448000009
0.621	46.681233270594404
0.622	46.789139961836497
0.623	46.896822917168777
0.624	47.004280537743369
0.625	47.11151123046875
0.626	47.218513408056644
0.627	47.325285489068705
0.628	47.43182589796352
0.629	47.5381330651431
0.63	47.644205426999989
0.63100000000000001	47.7500414259639
0.63200000000000001	47.855639510548457
0.63300000000000001	47.960998135398235
0.63400000000000001	48.066115761335325
0.63500000000000001	48.170990855406274
0.63600000000000001	48.275621890928605
0.63700000000000001	48.380007347538232
0.63800000000000001	48.48414571123552
0.63900000000000001	48.588035474432644
0.64000000000000001	48.691675136000057
0.64100000000000001	48.795063201313376
0.64200000000000002	48.898198182300455
0.64300000000000002	49.001078597487776
0.64400000000000002	49.103702972047351
0.64500000000000002	49.206069837843749
0.64600000000000002	49.308177733480655
0.64700000000000002	49.410025204347768
0.64800000000000002	49.511610802667498
0.64900000000000002	49.612933087542118
0.65000000000000002	49.713990624999958
0.65100000000000002	49.814781988042903
0.65200000000000002	49.915305756692469
0.65300000000000002	50.015560518037262
0.65400000000000003	50.115544866279357
0.65500000000000003	50.215257402781226
0.65600000000000003	50.314696736112658
0.65700000000000003	50.413861482097232
0.65800000000000003	50.51275026385953
0.65900000000000003	50.611361711871602
0.66000000000000003	50.709694464000002
0.66100000000000003	50.807747165552414
0.66200000000000003	50.905518469324505
0.66300000000000003	51.003007035646768
0.66400000000000003	51.100211532431395
0.66500000000000004	51.197130635218777
0.66600000000000004	51.293763027224664
0.66700000000000004	51.390107399386714
0.66800000000000004	51.486162450411506
0.66900000000000004	51.581926886821108
0.67000000000000004	51.677399423000004
0.67100000000000004	51.772578781241897
0.67200000000000004	51.867463691796488
0.67300000000000004	51.962052892916248
0.67400000000000004	52.056345130903338
0.67500000000000004	52.150339160156243
0.67600000000000005	52.244033743216647
0.67700000000000005	52.337427650816252
0.67800000000000005	52.430519661923526
0.67900000000000005	52.523308563790621
0.68000000000000005	52.615793151999959
0.68100000000000005	52.707972230511423
0.68200000000000005	52.799844611708494
0.68300000000000005	52.891409116445807
0.68400000000000005	52.982664574095367
0.68500000000000005	53.07360982259376
0.68600000000000005	53.164243708488641
0.68700000000000006	53.254565086985728
0.68800000000000006	53.34457282199552
0.68900000000000006	53.434265786180127
0.69000000000000006	53.523642861000042
0.69100000000000006	53.612702936760897
0.69200000000000006	53.701444912660456
0.69300000000000006	53.789867696835259
0.69400000000000006	53.877970206407362
0.69500000000000006	53.965751367531261
0.69600000000000006	54.053210115440663
0.69700000000000006	54.140345394495242
0.69800000000000006	54.227156158227544
0.69900000000000007	54.313641369389636
0.70000000000000007	54.399799999999978
0.70100000000000007	54.485631031390383
0.70200000000000007	54.571133454252482
0.70300000000000007	54.656306268684801
0.70399999999999996	54.741148484239361
0.70499999999999996	54.825659119968776
0.70599999999999996	54.909837204472623
0.70699999999999996	54.993681775944751
0.70799999999999996	55.077191882219537
0.70899999999999996	55.160366580819129
0.70999999999999996	55.243204938999973
0.71099999999999997	55.325706033799946
0.71199999999999997	55.40786895208447
0.71299999999999997	55.489692790594276
0.71399999999999997	55.57117665599133
0.71499999999999997	55.652319664906244
0.71599999999999997	55.733120943984609
0.71699999999999997	55.81357962993421
0.71799999999999997	55.89369486957154
0.71899999999999997	55.973465819868586
0.71999999999999997	56.052891648000028
0.72099999999999997	56.131971531389389
0.72199999999999998	56.210704657756494
0.72299999999999998	56.289090225163747
0.72399999999999998	56.367127442063335
0.72499999999999998	56.444815527343742
0.72599999999999998	56.522153710376656
0.72699999999999998	56.59914123106374
0.72799999999999998	56.675777339883496
0.72899999999999998	56.752061297938056
0.72999999999999998	56.827992377000008
0.73099999999999998	56.903569859558885
0.73199999999999998	56.978793038868446
0.73299999999999998	57.053661218993255
0.73399999999999999	57.128173714855329
0.73499999999999999	57.20232985228126
0.73599999999999999	57.276128968048653
0.73699999999999999	57.349570409933229
0.73799999999999999	57.422653536755519
0.73899999999999999	57.49537771842764
0.73999999999999999	57.567742335999995
0.74099999999999999	57.639746781708396
0.74199999999999999	57.711390459020492
0.74299999999999999	57.782672782682795
0.74399999999999999	57.853593178767333
0.745	57.924151084718787
0.746	57.994345949400632
0.747	58.064177233142729
0.748	58.13364440778755
0.749	58.20274695673718
0.75	58.271484375
0.751	58.339856169237876
0.752	58.407861857812478
0.753	58.475500970832258
0.754	58.542773050199408
0.755	58.609677649656248
0.75600000000000001	58.676214334832643
0.75700000000000001	58.74238268329217
0.75800000000000001	58.808182284579509
0.75900000000000001	58.873612740266623
0.76000000000000001	58.938673664000042
0.76100000000000001	59.003364681547396
0.76200000000000001	59.067685430844513
0.76300000000000001	59.131635562041765
0.76400000000000001	59.195214737551332
0.76500000000000001	59.25842263209374
0.76600000000000001	59.32125893274457
0.76700000000000002	59.383723338981788
0.76800000000000002	59.445815562731518
0.76900000000000002	59.507535328416076
0.77000000000000002	59.568882372999994
0.77100000000000002	59.629856446036897
0.77200000000000002	59.690457309716493
0.77300000000000002	59.750684738911296
0.77400000000000002	59.810538521223386
0.77500000000000002	59.870018457031271
0.77600000000000002	59.92912435953663
0.77700000000000002	59.98785605481126
0.77800000000000002	60.046213381843494
0.77900000000000003	60.104196192585569
0.78000000000000003	60.16180435199994
0.78100000000000003	60.219037738106472
0.78200000000000003	60.27589624202853
0.78300000000000003	60.332379768040731
0.78400000000000003	60.388488233615391
0.78500000000000003	60.444221569468716
0.78600000000000003	60.499579719608626
0.78700000000000003	60.554562641380727
0.78800000000000003	60.609170305515541
0.78900000000000003	60.663402696175119
0.79000000000000004	60.717259811000019
0.79100000000000004	60.770741661155895
0.79200000000000004	60.823848271380513
0.79300000000000004	60.876579680030282
0.79400000000000004	60.928935939127356
0.79500000000000004	60.980917114406274
0.79600000000000004	61.032523285360647
0.79700000000000004	61.083754545290205
0.79800000000000004	61.13461100134753
0.79900000000000004	61.185092774584596
0.80000000000000004	61.235200000000027
0.80100000000000005	61.284932826585418
0.80200000000000005	61.334291417372469
0.80300000000000005	61.383275949479781
0.80400000000000005	61.431886614159389
0.80500000000000005	61.480123616843798
0.80600000000000005	61.527987177192699
0.80700000000000005	61.575477529139739
0.80800000000000005	61.622594920939513
0.80900000000000005	61.669339615214128
0.81000000000000005	61.715711888999962
0.81100000000000005	61.761712033794879
0.81200000000000006	61.807340355604452
0.81300000000000006	61.852597174989306
0.81400000000000006	61.897482827111375
0.81500000000000006	61.941997661781222
0.81600000000000006	61.986142043504685
0.81700000000000006	62.029916351529231
0.81800000000000006	62.073320979891548
0.81900000000000006	62.116356337463628
0.82000000000000006	62.159022847999935
0.82100000000000006	62.201320950184424
0.82200000000000006	62.243251097676463
0.82300000000000006	62.284813759158801
0.82400000000000007	62.326009418383336
0.82500000000000007	62.366838574218761
0.82600000000000007	62.407301740696624
0.82700000000000007	62.447399447058672
0.82800000000000007	62.48713223780355
0.82900000000000007	62.526500672733164
0.83000000000000007	62.565505327000032
0.83100000000000007	62.604146791153887
0.83200000000000007	62.642425671188512
0.83299999999999996	62.68034258858826
0.83399999999999996	62.717898180375371
0.83499999999999996	62.755093099156227
0.83599999999999997	62.791928013168665
0.83699999999999997	62.828403606328237
0.83799999999999997	62.864520578275602
0.83899999999999997	62.900279644422575
0.83999999999999997	62.935681535999947
0.84099999999999997	62.970727000103395
0.84199999999999997	63.005416799740551
0.84299999999999997	63.039751713877713
0.84399999999999997	63.073732537487402
0.84499999999999997	63.107360081593782
0.84599999999999997	63.140635173320696
0.84699999999999998	63.173558655937754
0.84799999999999998	63.206131388907416
0.84899999999999998	63.238354247932108
0.84999999999999998	63.270228125000031
0.85099999999999998	63.301753928432824
0.85199999999999998	63.332932582932486
0.85299999999999998	63.363765029627224
0.85399999999999998	63.394252226119328
0.85499999999999998	63.424395146531239
0.85599999999999998	63.454194781552587
0.85699999999999998	63.483652138487194
0.85799999999999998	63.512768241299412
0.85899999999999999	63.541544130661755
0.85999999999999999	63.569980864000016
0.86099999999999999	63.598079515542338
0.86199999999999999	63.625841176364503
0.86299999999999999	63.653266954436738
0.86399999999999999	63.680357974671317
0.86499999999999999	63.707115378968751
0.86599999999999999	63.733540326264531
0.86699999999999999	63.759633992576752
0.86799999999999999	63.785397571051469
0.86899999999999999	63.810832272011083
0.87	63.835939323000026
0.871	63.860719968831887
0.872	63.885175471636501
0.873	63.909307110906212
0.874	63.933116183543419
0.875	63.95660400390625
0.876	63.979771903856594
0.877	64.002621232806121
0.878	64.025153357763486
0.879	64.04736966338055
0.88	64.069271551999933
0.88100000000000001	64.090860443701374
0.88200000000000001	64.112137776348547
0.88300000000000001	64.13310500563577
0.88400000000000001	64.153763605135339
0.88500000000000001	64.174115066343688
0.88600000000000001	64.194160898728725
0.88700000000000001	64.213902629775717
0.88800000000000001	64.233341805035565
0.88900000000000001	64.252479988170151
0.89000000000000001	64.27131876100006
0.89100000000000001	64.289859723550919
0.89200000000000002	64.308104494100519
0.89300000000000002	64.326054709225232
0.89400000000000002	64.343712023847473
0.89500000000000002	64.361078111281245
0.89600000000000002	64.37815466328064
0.89700000000000002	64.394943390085203
0.89800000000000002	64.411446020467551
0.89900000000000002	64.4276643017796
0.90000000000000002	64.443600000000103
0.90100000000000002	64.459254899780376
0.90200000000000002	64.474630804492364
0.90300000000000002	64.489729536274822
0.90400000000000003	64.504552936079463
0.90500000000000003	64.519102863718814
0.90600000000000003	64.533381197912732
0.90700000000000003	64.547389836334801
0.90800000000000003	64.561130695659486
0.90900000000000003	64.574605711609166
0.91000000000000003	64.587816838999998
0.91100000000000003	64.600766051789947
0.91200000000000003	64.6134553431245
0.91300000000000003	64.625886725384206
0.91400000000000003	64.638062230231313
0.91500000000000004	64.64998390865631
0.91600000000000004	64.661653831024665
0.91700000000000004	64.673074087124235
0.91800000000000004	64.684246786211403
0.91900000000000004	64.695174057058637
0.92000000000000004	64.705858047999982
0.92100000000000004	64.716300926979414
0.92200000000000004	64.726504881596483
0.92300000000000004	64.736472119153717
0.92400000000000004	64.746204866703494
0.92500000000000004	64.755705371093754
0.92600000000000005	64.764975899016719
0.92700000000000005	64.774018737053652
0.92800000000000005	64.78283619172359
0.92900000000000005	64.79143058952809
0.93000000000000005	64.799804276999964
0.93100000000000005	64.807959620748903
0.93200000000000005	64.815899007508563
0.93300000000000005	64.823624844183286
0.93400000000000005	64.831139557895341
0.93500000000000005	64.838445596031335
0.93600000000000005	64.845545426288581
0.93700000000000006	64.852441536723276
0.93800000000000006	64.85913643579552
0.93900000000000006	64.865632652417631
0.94000000000000006	64.871932736000076
0.94100000000000006	64.878039256498397
0.94200000000000006	64.883954804460572
0.94300000000000006	64.889681991072806
0.94400000000000006	64.89522344820729
0.94500000000000006	64.900581828468816
0.94600000000000006	64.905759805240578
0.94700000000000006	64.910760072732671
0.94800000000000006	64.915585346027555
0.94900000000000007	64.920238361127133
0.95000000000000007	64.924721875000117
0.95100000000000007	64.929038665627971
0.95200000000000007	64.933191532052376
0.95300000000000007	64.937183294422354
0.95400000000000007	64.941016794039356
0.95500000000000007	64.944694893406208
0.95600000000000007	64.948220476272624
0.95700000000000007	64.951596447682221
0.95800000000000007	64.954825734019479
0.95900000000000007	64.957911283056646
0.95999999999999996	64.960856064000012
0.96099999999999997	64.963663067537311
0.96199999999999997	64.966335305884485
0.96299999999999997	64.968875812831755
0.96399999999999997	64.971287643791371
0.96499999999999997	64.973573875843755
0.96599999999999997	64.975737607784566
0.96699999999999997	64.977781960171711
0.96799999999999997	64.979710075371557
0.96899999999999997	64.981525117606054
0.96999999999999997	64.98323027299999
0.97099999999999997	64.984828749626899
0.97199999999999998	64.986323777556436
0.97299999999999998	64.987718608901233
0.97399999999999998	64.989016517863362
0.97499999999999998	64.990220800781202
0.97599999999999998	64.991334776176544
0.97699999999999998	64.992361784801233
0.97799999999999998	64.99330518968344
0.97899999999999998	64.994168376175708
0.97999999999999998	64.994954751999956
0.98099999999999998	64.99566774729638
0.98199999999999998	64.996310814668448
0.98299999999999998	64.99688742923081
0.98399999999999999	64.997401088655337
0.98499999999999999	64.997855313218608
0.98599999999999999	64.998253645848663
0.98699999999999999	64.998599652170739
0.98799999999999999	64.998896920555453
0.98899999999999999	64.999149062165046
0.98999999999999999	64.999359711000025
0.99099999999999999	64.999532523945845
0.99199999999999999	64.9996711808204
0.99299999999999999	64.999779384420293
0.99399999999999999	64.999860860567395
0.995	64.999919358156404
0.996	64.999958649200593
0.997	64.999982528880167
0.998	64.999994815587499
0.999	64.999999350974576
1	65
1.0010000000000001	64.999999837621857
1.002	64.999998701949224
1.0030000000000001	64.999995622365958
1.004	64.99998963117504
1.0050000000000001	64.999979763595704
1.006	64.999965057760463
1.0070000000000001	64.999944554712215
1.008	64.999917298401286
1.0090000000000001	64.999882335682557
1.01	64.999838716312496
1.0110000000000001	64.999785492946259
1.012	64.999721721134719
1.0130000000000001	64.99964645932161
1.014	64.999558768840544
1.0150000000000001	64.999457713912108
1.016	64.999342361640956
1.0170000000000001	64.999211782012864
1.018	64.999065047891776
1.0190000000000001	64.998901235016959
1.02	64.998719422000008
1.0210000000000001	64.998518690321916
1.022	64.998298124330219
1.0230000000000001	64.998056811236012
1.024	64.997793841111047
1.0249999999999999	64.997508306884768
1.026	64.997199304341464
1.0269999999999999	64.996865932117259
1.028	64.99650729169727
1.0289999999999999	64.99612248741262
1.03	64.9957106264375
1.0309999999999999	64.995270818786324
1.032	64.994802177310717
1.0329999999999999	64.994303817696675
1.034	64.993774858461549
1.0349999999999999	64.993214420951176
1.036	64.992621629336966
1.0369999999999999	64.991995610612932
1.038	64.991335494592775
1.0389999999999999	64.99064041390703
1.04	64.989909504000011
1.0409999999999999	64.989141903126963
1.042	64.988336752351216
1.0429999999999999	64.987493195541077
1.044	64.986610379367036
1.0449999999999999	64.985687453298837
1.046	64.984723569602451
1.0469999999999999	64.98371788333732
1.048	64.982669552353272
1.0489999999999999	64.981577737287679
1.05	64.980441601562489
1.0509999999999999	64.979260311381381
1.052	64.97803303572671
1.0529999999999999	64.976758946356725
1.054	64.975437217802536
1.0549999999999999	64.974067027365237
1.056	64.972647555112957
1.0569999999999999	64.971177983877993
1.0580000000000001	64.969657499253771
1.0589999999999999	64.968085289592082
1.0600000000000001	64.966460545999993
1.0609999999999999	64.964782462337041
1.0620000000000001	64.963050235212208
1.0629999999999999	64.961263063981136
1.0640000000000001	64.959420150743043
1.0649999999999999	64.957520700337881
1.0660000000000001	64.955563920343465
1.0669999999999999	64.953549021072391
1.0680000000000001	64.951475215569275
1.069	64.949341719607744
1.0700000000000001	64.947147751687496
1.071	64.944892533031449
1.0720000000000001	64.942575287582713
1.073	64.940195242001792
1.0740000000000001	64.937751625663537
1.075	64.935243670654302
1.0760000000000001	64.93267061176897
1.077	64.930031686508045
1.0780000000000001	64.927326135074779
1.079	64.924553200372145
1.0800000000000001	64.921712127999996
1.081	64.918802166252107
1.0820000000000001	64.915822566113221
1.083	64.912772581256192
1.0840000000000001	64.909651468039044
1.085	64.906458485501958
1.0860000000000001	64.903192895364455
1.087	64.899853962022448
1.0880000000000001	64.896440952545277
1.089	64.892953136672801
1.0900000000000001	64.889389786812501
1.091	64.885750178036503
1.0920000000000001	64.882033588078727
1.093	64.878239297331859
1.0940000000000001	64.874366588844538
1.095	64.870414748318353
1.0960000000000001	64.866383064104951
1.097	64.862270827203119
1.0980000000000001	64.858077331255785
1.099	64.853801872547209
1.1000000000000001	64.849443750000006
1.101	64.845002265172155
1.1020000000000001	64.840476722254223
1.103	64.835866428066268
1.1040000000000001	64.831170692055039
1.105	64.826388826291023
1.1060000000000001	64.821520145465456
1.107	64.816563966887514
1.1080000000000001	64.81151961048127
1.109	64.806386398782877
1.1100000000000001	64.80116365693749
1.111	64.795850712696563
1.1120000000000001	64.790446896414721
1.113	64.784951541046922
1.1140000000000001	64.77936398214554
1.115	64.773683557857424
1.1160000000000001	64.767909608920959
1.117	64.762041478663164
1.1180000000000001	64.75607851299678
1.119	64.750020060417285
1.1200000000000001	64.743865471999996
1.121	64.737614101397227
1.1220000000000001	64.731265304835219
1.123	64.724818441111324
1.1240000000000001	64.71827287159104
1.125	64.711627960205078
1.1260000000000001	64.704883073446453
1.127	64.698037580367583
1.1280000000000001	64.691090852577275
1.129	64.684042264237931
1.1300000000000001	64.676891192062499
1.131	64.669637015311622
1.1320000000000001	64.662279115790724
1.133	64.654816877846983
1.1340000000000001	64.647249688366529
1.135	64.639576936771491
1.1360000000000001	64.631798015016955
1.137	64.623912317588236
1.1380000000000001	64.615919241497778
1.139	64.60781818628233
1.1400000000000001	64.599608554
1.141	64.591289749227286
1.1420000000000001	64.582861179056209
1.143	64.574322253091381
1.1440000000000001	64.565672383447037
1.145	64.556910984744135
1.1460000000000001	64.54803747410746
1.147	64.539051271162649
1.1480000000000001	64.529951798033281
1.149	64.520738479337993
1.1500000000000001	64.511410742187508
1.151	64.501968016181692
1.1520000000000001	64.492409733406717
1.153	64.482735328432042
1.1539999999999999	64.472944238307534
1.155	64.463035902560549
1.1559999999999999	64.453009763192952
1.157	64.442865264678304
1.1579999999999999	64.432601853958786
1.159	64.422218980442395
1.1599999999999999	64.411716095999992
1.161	64.401092654962355
1.1619999999999999	64.390348114117231
1.163	64.379481932706454
1.1639999999999999	64.368493572423034
1.165	64.357382497408196
1.1659999999999999	64.346148174248455
1.167	64.334790071972705
1.1679999999999999	64.323307662049274
1.169	64.311700418383055
1.1699999999999999	64.299967817312492
1.171	64.288109337606755
1.1719999999999999	64.276124460462711
1.173	64.264012669502108
1.1739999999999999	64.251773450768539
1.175	64.23940629272461
1.1759999999999999	64.226910686248956
1.177	64.214286124633361
1.1779999999999999	64.20153210357978
1.179	64.18864812119746
1.1799999999999999	64.175633677999997
1.181	64.162488276902408
1.1819999999999999	64.149211423218219
1.1830000000000001	64.13580262465652
1.1839999999999999	64.122261391319043
1.1850000000000001	64.108587235697271
1.1859999999999999	64.094779672669461
1.1870000000000001	64.080838219497764
1.1879999999999999	64.066762395825279
1.1890000000000001	64.052551723673119
1.1899999999999999	64.0382057274375
1.1910000000000001	64.023723933886814
1.1919999999999999	64.009105872158727
1.1930000000000001	63.994351073757173
1.194	63.979459072549538
1.1950000000000001	63.964429404763663
1.196	63.949261608984962
1.1970000000000001	63.933955226153422
1.198	63.91850979956078
1.1990000000000001	63.902924874847521
1.2	63.887199999999993
1.2010000000000001	63.871334725347474
1.202	63.855328603559215
1.2030000000000001	63.839181189641579
1.204	63.822892040935045
1.2050000000000001	63.806460717111321
1.206	63.789886780170463
1.2070000000000001	63.773169794437827
1.208	63.756309326561279
1.2090000000000001	63.739304945508174
1.21	63.722156222562496
1.2110000000000001	63.704862731321882
1.212	63.687424047694719
1.2130000000000001	63.669839749897228
1.214	63.652109418450536
1.2150000000000001	63.634232636177728
1.216	63.61620898820096
1.2170000000000001	63.598038061938482
1.218	63.57971944710178
1.2190000000000001	63.561252735692591
1.22	63.542637522
1.2210000000000001	63.52387340259753
1.222	63.504959976340224
1.2230000000000001	63.48589684436164
1.224	63.466683610071037
1.2250000000000001	63.447319879150392
1.226	63.427805259551455
1.2270000000000001	63.408139361492886
1.228	63.38832179745728
1.2290000000000001	63.368352182188247
1.23	63.348230132687497
1.2310000000000001	63.327955268211944
1.232	63.30752721027072
1.2330000000000001	63.286945582622295
1.234	63.266210011271539
1.2350000000000001	63.245320124466794
1.236	63.224275552696952
1.2370000000000001	63.203075928688548
1.238	63.181720887402776
1.2390000000000001	63.160210066032647
1.24	63.138543104
1.2410000000000001	63.116719642952596
1.242	63.094739326761221
1.2430000000000001	63.072601801516697
1.244	63.050306715527036
1.2450000000000001	63.02785371931445
1.246	63.005242465612461
1.2470000000000001	62.982472609362951
1.248	62.959543807713281
1.2490000000000001	62.936455720013299
1.25	62.9132080078125
1.2510000000000001	62.889800334857007
1.252	62.866232367086717
1.2530000000000001	62.842503772632355
1.254	62.818614221812538
1.2550000000000001	62.79456338713085
1.256	62.770350943272959
1.2570000000000001	62.745976567103604
1.258	62.721439937663781
1.2590000000000001	62.696740736167705
1.26	62.671878646000003
1.2610000000000001	62.646853352712661
1.262	62.621664544022217
1.2630000000000001	62.596311909806758
1.264	62.570795142103037
1.2650000000000001	62.545113935103508
1.266	62.519267985153462
1.2670000000000001	62.493256990748016
1.268	62.467080652529283
1.2690000000000001	62.44073867328337
1.27	62.414230757937496
1.2710000000000001	62.387556613557066
1.272	62.360715949342712
1.2730000000000001	62.333708476627415
1.274	62.30653390887354
1.2750000000000001	62.279191961669916
1.276	62.251682352728963
1.2770000000000001	62.224004801883673
1.278	62.196159031084775
1.2790000000000001	62.168144764397773
1.28	62.139961727999996
1.2809999999999999	62.111609650177719
1.282	62.083088261323212
1.2829999999999999	62.054397293931828
1.284	62.025536482599037
1.2849999999999999	61.996505564017582
1.286	61.96730427697446
1.2869999999999999	61.937932362348079
1.288	61.908389563105281
1.2889999999999999	61.878675624298438
1.29	61.848790293062493
1.2909999999999999	61.818733318612132
1.292	61.788504452238719
1.2929999999999999	61.758103447307477
1.294	61.727530059254541
1.2949999999999999	61.696784045583982
1.296	61.665865165864957
1.2969999999999999	61.63477318172874
1.298	61.603507856865775
1.2989999999999999	61.572068957022836
1.3	61.540456249999998
1.3009999999999999	61.508669505647795
1.302	61.476708495864223
1.3029999999999999	61.444572994591894
1.304	61.412262777815037
1.3049999999999999	61.379777623556642
1.306	61.347117311875458
1.3069999999999999	61.314281624863142
1.3080000000000001	61.281270346641278
1.3089999999999999	61.248083263358495
1.3100000000000001	61.214720163187494
1.3109999999999999	61.181180836322191
1.3120000000000001	61.147465074974718
1.3129999999999999	61.113572673372545
1.3140000000000001	61.07950342775554
1.3149999999999999	61.045257136373046
1.3160000000000001	61.010833599480961
1.3169999999999999	60.976232619338802
1.3180000000000001	60.941454000206775
1.319	60.906497548342898
1.3200000000000001	60.871363072000001
1.321	60.836050381422851
1.3220000000000001	60.800559288845214
1.323	60.764889608486953
1.3240000000000001	60.729041156551034
1.325	60.693013751220704
1.3260000000000001	60.656807212656453
1.327	60.620421362993198
1.3280000000000001	60.583856026337273
1.329	60.54711102876356
1.3300000000000001	60.510186198312496
1.331	60.473081364987259
1.3320000000000001	60.435796360750714
1.333	60.398331019522615
1.3340000000000001	60.360685177176535
1.335	60.322858671537105
1.3360000000000001	60.284851342376953
1.337	60.246663031413867
1.3380000000000001	60.208293582307782
1.339	60.16974284065796
1.3400000000000001	60.131010654000001
1.341	60.092096871802909
1.3420000000000001	60.053001345466221
1.343	60.013723928317013
1.3440000000000001	59.974264475607029
1.345	59.934622844509768
1.3460000000000001	59.894798894117457
1.347	59.85479248543826
1.3480000000000001	59.814603481393277
1.349	59.774231746813619
1.3500000000000001	59.733677148437494
1.351	59.692939554907326
1.3520000000000001	59.652018836766715
1.353	59.610914866457669
1.3540000000000001	59.569627518317539
1.355	59.528156668576173
1.3560000000000001	59.486502195352955
1.357	59.444663978653921
1.3580000000000001	59.402641900368771
1.359	59.360435844268025
1.3600000000000001	59.318045695999999
1.361	59.275471343087979
1.3620000000000001	59.232712674927214
1.363	59.189769582782077
1.3640000000000001	59.146641959783032
1.365	59.103329700923823
1.3660000000000001	59.059832703058454
1.367	59.016150864898336
1.3680000000000001	58.972284087009278
1.369	58.928232271808682
1.3700000000000001	58.883995323562488
1.371	58.839573148382378
1.3720000000000001	58.794965654222715
1.373	58.750172750877731
1.3740000000000001	58.705194349978541
1.375	58.660030364990234
1.3760000000000001	58.614680711208955
1.377	58.569145305758987
1.3780000000000001	58.523424067589772
1.379	58.477516917473089
1.3800000000000001	58.431423777999996
1.381	58.385144573578039
1.3820000000000001	58.33867923042822
1.383	58.292027676582144
1.3840000000000001	58.245189841879032
1.385	58.198165657962889
1.3860000000000001	58.150955058279457
1.387	58.103557978073383
1.3880000000000001	58.055974354385278
1.389	58.008204126048746
1.3900000000000001	57.96024723368749
1.391	57.91210361971244
1.3920000000000001	57.863773228318706
1.393	57.815256005482794
1.3940000000000001	57.766551898959534
1.395	57.717660858279295
1.3960000000000001	57.668582834744953
1.397	57.619317781429046
1.3980000000000001	57.569865653170773
1.399	57.520226406573137
1.4000000000000001	57.470399999999998
1.401	57.420386393573096
1.4020000000000001	57.370185549169207
1.403	57.319797430417196
1.4040000000000001	57.269222002695038
1.405	57.21845923312695
1.4060000000000001	57.167509090580452
1.407	57.116371545663455
1.4079999999999999	57.065046570721279
1.409	57.013534139833808
1.4099999999999999	56.961834228812499
1.411	56.909946815197507
1.4119999999999999	56.857871878254727
1.413	56.805609398972862
1.4139999999999999	56.753159360060536
1.415	56.700521745943355
1.4159999999999999	56.647696542760961
1.417	56.594683738364104
1.4179999999999999	56.541483322311784
1.419	56.488095285868205
1.4199999999999999	56.434519622000003
1.421	56.380756325373163
1.4219999999999999	56.326805392350224
1.423	56.272666820987268
1.4239999999999999	56.218340611031039
1.425	56.163826763916013
1.4259999999999999	56.109125282761454
1.427	56.054236172368512
1.4279999999999999	55.999159439217287
1.429	55.943895091463865
1.4299999999999999	55.888443138937504
1.431	55.832803593137569
1.4319999999999999	55.776976467230718
1.4330000000000001	55.720961776047915
1.4339999999999999	55.66475953608154
1.4350000000000001	55.608369765482415
1.4359999999999999	55.551792484056968
1.4370000000000001	55.495027713264172
1.4379999999999999	55.438075476212788
1.4390000000000001	55.380935797658275
1.4399999999999999	55.323608704000002
1.4410000000000001	55.266094223278216
1.4419999999999999	55.208392385171223
1.4430000000000001	55.150503220992327
1.444	55.092426763687044
1.4450000000000001	55.03416304783007
1.446	54.975712109622464
1.4470000000000001	54.917073986888575
1.448	54.858248719073273
1.4490000000000001	54.799236347238924
1.45	54.7400369140625
1.4510000000000001	54.680650463832627
1.452	54.621077042446721
1.4530000000000001	54.561316697407975
1.454	54.501369477822543
1.4550000000000001	54.441235434396482
1.456	54.380914619432957
1.4570000000000001	54.320407086829228
1.458	54.259712892073786
1.4590000000000001	54.198832092243329
1.46	54.137764746000002
1.4610000000000001	54.076510913588287
1.462	54.015070656832229
1.4630000000000001	53.953444039132393
1.464	53.891631125463036
1.4650000000000001	53.829631982369136
1.466	53.767446677963456
1.4670000000000001	53.705075281923634
1.468	53.642517865489289
1.4690000000000001	53.579774501458992
1.47	53.516845264187495
1.4710000000000001	53.453730229582682
1.472	53.390429475102721
1.4730000000000001	53.326943079753043
1.474	53.263271124083545
1.4750000000000001	53.199413690185544
1.476	53.135370861688962
1.4770000000000001	53.071142723759287
1.478	53.006729363094784
1.4790000000000001	52.942130867923396
1.48	52.877347328000006
1.4810000000000001	52.812378834603344
1.482	52.747225480533217
1.4830000000000001	52.681887360107446
1.484	52.616364569159039
1.4850000000000001	52.550657205033197
1.486	52.484765366584455
1.4870000000000001	52.418689154173691
1.488	52.352428669665287
1.4890000000000001	52.285984016424045
1.49	52.219355299312504
1.4910000000000001	52.152542624687754
1.492	52.085546100398716
1.4930000000000001	52.018365835783101
1.494	51.951001941664543
1.4950000000000001	51.883454530349603
1.496	51.815723715624955
1.4970000000000001	51.747809612754345
1.498	51.679712338475781
1.4990000000000001	51.611432010998449
1.5	51.54296875
1.5010000000000001	51.474322676623402
1.502	51.405493913474217
1.5030000000000001	51.336482584617507
1.504	51.267288815575043
1.5050000000000001	51.197912733322255
1.506	51.128354466285451
1.5070000000000001	51.058614144338762
1.508	50.988691898801278
1.5090000000000001	50.918587862434116
1.51	50.848302169437488
1.5110000000000001	50.777834955447808
1.512	50.707186357534717
1.5130000000000001	50.636356514198155
1.514	50.565345565365533
1.5150000000000001	50.494153652388661
1.516	50.422780918040957
1.5170000000000001	50.351227506514412
1.518	50.279493563416779
1.5190000000000001	50.207579235768513
1.52	50.135484672000004
1.5210000000000001	50.063210021948464
1.522	49.990755436855224
1.5230000000000001	49.91812106936257
1.524	49.845307073511044
1.5250000000000001	49.772313604736318
1.526	49.69914081986645
1.5270000000000001	49.625788877118815
1.528	49.552257936097284
1.5290000000000001	49.478548157789177
1.53	49.404659704562498
1.5310000000000001	49.330592740162871
1.532	49.256347429710722
1.5330000000000001	49.181923939698223
1.534	49.107322437986532
1.5350000000000001	49.032543093802715
1.536	48.957586077736963
1.5369999999999999	48.882451561739494
1.538	48.807139719117778
1.5389999999999999	48.731650724533587
1.54	48.655984753999995
1.5409999999999999	48.580141984878544
1.542	48.504122595876211
1.5429999999999999	48.427926767042642
1.544	48.351554679767027
1.5449999999999999	48.275006516775392
1.546	48.198282462127452
1.5469999999999999	48.121382701213896
1.548	48.04430742075327
1.5489999999999999	47.967056808789245
1.55	47.889631054687499
1.5509999999999999	47.812030349132947
1.552	47.734254884126713
1.5529999999999999	47.656304852983297
1.554	47.57818045032753
1.5549999999999999	47.499881872091798
1.556	47.421409315512953
1.5569999999999999	47.34276297912956
1.5580000000000001	47.263943062778765
1.5589999999999999	47.184949767593658
1.5600000000000001	47.105783295999998
1.5609999999999999	47.026443851713609
1.5620000000000001	46.946931639737215
1.5629999999999999	46.867246866357711
1.5640000000000001	46.78738973914303
1.5649999999999999	46.707360466939463
1.5660000000000001	46.627159259868456
1.5669999999999999	46.546786329323965
1.5680000000000001	46.466241887969275
1.569	46.385526149734311
1.5700000000000001	46.304639329812495
1.571	46.223581644658012
1.5720000000000001	46.14235331198271
1.573	46.060954550753372
1.5740000000000001	45.979385581188531
1.575	45.897646624755858
1.5760000000000001	45.815737904168955
1.577	45.733659643384613
1.5780000000000001	45.651412067599779
1.579	45.568995403248714
1.5800000000000001	45.486409877999996
1.581	45.403655720753669
1.5820000000000001	45.320733161638216
1.583	45.237642432007767
1.5840000000000001	45.154383764439032
1.585	45.070957392728516
1.5860000000000001	44.987363551889452
1.587	44.903602478149018
1.5880000000000001	44.819674408945268
1.589	44.735579582924366
1.5900000000000001	44.651318239937488
1.591	44.56689062103807
1.5920000000000001	44.482296968478714
1.593	44.397537525708422
1.5940000000000001	44.312612537369532
1.595	44.227522249294921
1.5960000000000001	44.142266908504944
1.597	44.056846763204668
1.5980000000000001	43.971262062780767
1.599	43.885513057798782
1.6000000000000001	43.799599999999991
1.601	43.713523142298726
1.6020000000000001	43.627282738779215
1.603	43.540879044692829
1.6040000000000001	43.454312316455038
1.605	43.367582811642585
1.6060000000000001	43.280690788990448
1.607	43.193636508389083
1.6080000000000001	43.10642023088127
1.609	43.019042218659429
1.6100000000000001	42.931502735062487
1.611	42.843802044573138
1.6120000000000001	42.755940412814709
1.613	42.667918106548484
1.6140000000000001	42.579735393670525
1.615	42.491392543208988
1.6160000000000001	42.402889825320955
1.617	42.314227511289737
1.6180000000000001	42.225405873521773
1.619	42.136425185543843
1.6200000000000001	42.047285721999991
1.621	41.957987758648784
1.6220000000000001	41.868531572360212
1.623	41.778917441112888
1.6240000000000001	41.689145643991019
1.625	41.599216461181641
1.6260000000000001	41.509130173971442
1.627	41.418887064744148
1.6280000000000001	41.328487416977268
1.629	41.237931515239495
1.6300000000000001	41.147219645187491
1.631	41.056352093563191
1.6320000000000001	40.965329148190712
1.633	40.874151097973545
1.6340000000000001	40.782818232891529
1.635	40.691330843998038
1.6360000000000001	40.599689223416945
1.637	40.507893664339797
1.6380000000000001	40.415944461022761
1.639	40.323841908783891
1.6400000000000001	40.23158630399999
1.641	40.139177944103849
1.6420000000000001	40.046617127581207
1.643	39.953904153967947
1.6440000000000001	39.861039323847031
1.645	39.768022938845697
1.6460000000000001	39.674855301632455
1.647	39.581536715914197
1.6480000000000001	39.488067486433259
1.649	39.394447918964552
1.6500000000000001	39.300678320312485
1.651	39.206758998308253
1.6520000000000001	39.112690261806705
1.653	39.018472420683608
1.6540000000000001	38.924105785832523
1.655	38.829590669162108
1.6560000000000001	38.734927383592947
1.657	38.640116243054855
1.6580000000000001	38.545157562483766
1.659	38.45005165781896
1.6600000000000001	38.35479884599998
1.661	38.259399444963904
1.6620000000000001	38.163853773642209
1.663	38.068162151958013
1.6640000000000001	37.972324900823033
1.665	37.876342342134755
1.6659999999999999	37.780214798773464
1.667	37.683942594599266
1.6679999999999999	37.587526054449278
1.669	37.490965504134621
1.6699999999999999	37.394261270437511
1.671	37.297413681108317
1.6719999999999999	37.200423064862726
1.673	37.103289751378668
1.6739999999999999	37.006014071293542
1.675	36.908596356201166
1.6759999999999999	36.811036938648968
1.677	36.713336152134914
1.6779999999999999	36.615494331104784
1.679	36.51751181094901
1.6799999999999999	36.419388927999996
1.681	36.321126019528968
1.6819999999999999	36.222723423743226
1.6830000000000001	36.124181479783068
1.6839999999999999	36.025500527719046
1.6850000000000001	35.926680908548818
1.6859999999999999	35.827722964194464
1.6870000000000001	35.728627037499322
1.6879999999999999	35.629393472225281
1.6890000000000001	35.530022613049674
1.6899999999999999	35.430514805562503
1.6910000000000001	35.330870396263371
1.6919999999999999	35.231089732558722
1.6930000000000001	35.131173162758735
1.694	35.031121036074545
1.6950000000000001	34.930933702615228
1.696	34.830611513384966
1.6970000000000001	34.730154820279978
1.698	34.629563976085777
1.6990000000000001	34.528839334474078
1.7	34.427981250000009
1.7010000000000001	34.326990078099037
1.702	34.225866175084228
1.7030000000000001	34.124609898143127
1.704	34.023221605335046
1.7050000000000001	33.921701655587889
1.706	33.820050408695465
1.7070000000000001	33.718268225314375
1.708	33.616355466961281
1.7090000000000001	33.514312496009744
1.71	33.412139675687513
1.7110000000000001	33.309837370073431
1.712	33.207405944094717
1.7130000000000001	33.104845763523784
1.714	33.002157194975545
1.7150000000000001	32.899340605904293
1.716	32.796396364600973
1.7170000000000001	32.693324840190044
1.718	32.59012640262678
1.7190000000000001	32.486801422694143
1.72	32.383350272000001
1.7210000000000001	32.279773322974094
1.722	32.176070948865224
1.7230000000000001	32.072243523738194
1.724	31.96829142247104
1.7250000000000001	31.864215020751942
1.726	31.76001469507646
1.7270000000000001	31.655690822744443
1.728	31.551243781857284
1.7290000000000001	31.4466739513148
1.73	31.341981710812501
1.7310000000000001	31.237167440838491
1.732	31.132231522670729
1.7330000000000001	31.027174338373847
1.734	30.921996270796544
1.7350000000000001	30.816697703568344
1.736	30.71127902109696
1.7370000000000001	30.605740608565096
1.738	30.500082851927782
1.7390000000000001	30.394306137909201
1.74	30.288410854000002
1.7410000000000001	30.182397388454149
1.742	30.076266130286218
1.7430000000000001	29.970017469268249
1.744	29.863651795927044
1.7450000000000001	29.757169501540996
1.746	29.650570978137459
1.7470000000000001	29.543856618489503
1.748	29.437026816113271
1.7490000000000001	29.330081965264853
1.75	29.2230224609375
1.7510000000000001	29.115848698858567
1.752	29.008561075486718
1.7530000000000001	28.901159988008892
1.754	28.793645834337532
1.7550000000000001	28.686019013107412
1.756	28.578279923672962
1.7570000000000001	28.470428966105153
1.758	28.362466541188777
1.7590000000000001	28.254393050419253
1.76	28.146208895999987
1.7610000000000001	28.037914480839206
1.762	27.929510208547214
1.7630000000000001	27.820996483433309
1.764	27.712373710503041
1.7650000000000001	27.603642295455074
1.766	27.494802644678472
1.7670000000000001	27.385855165249559
1.768	27.276800264929282
1.7690000000000001	27.167638352159923
1.77	27.0583698360625
1.7710000000000001	26.948995126433623
1.772	26.839514633742713
1.7730000000000001	26.729928769128964
1.774	26.620237944398532
1.7750000000000001	26.510442572021468
1.776	26.400543065128957
1.7770000000000001	26.290539837510224
1.778	26.180433303609782
1.7790000000000001	26.070223878524331
1.78	25.959911978000004
1.7810000000000001	25.84949801842928
1.782	25.738982416848213
1.7830000000000001	25.628365590933385
1.784	25.517647958999031
1.7850000000000001	25.406829939994129
1.786	25.295911953499459
1.7870000000000001	25.184894419724632
1.788	25.073777759505269
1.7890000000000001	24.962562394299969
1.79	24.851248746187494
1.7910000000000001	24.739837237863675
1.792	24.628328292638709
1.7929999999999999	24.516722334434053
1.794	24.405019787779537
1.7949999999999999	24.293221077810546
1.796	24.181326630264948
1.7969999999999999	24.06933687148031
1.798	23.957252228390761
1.7989999999999999	23.845073128524415
1.8	23.732799999999994
1.8009999999999999	23.620433271524362
1.802	23.507973372389213
1.8029999999999999	23.395420732468466
1.804	23.282775782215026
1.8049999999999999	23.170038952658203
1.806	23.057210675400444
1.8069999999999999	22.944291382614708
1.8080000000000001	22.831281507041275
1.8089999999999999	22.718181481985059
1.8100000000000001	22.604991741312503
1.8109999999999999	22.491712719448774
1.8120000000000001	22.378344851374717
1.8129999999999999	22.264888572624102
1.8140000000000001	22.151344319280533
1.8149999999999999	22.037712527974612
1.8160000000000001	21.923993635880944
1.8169999999999999	21.810188080715367
1.8180000000000001	21.696296300731778
1.819	21.582318734719468
1.8200000000000001	21.46825582200001
1.821	21.354108002424418
1.8220000000000001	21.239875716370214
1.823	21.125559404738517
1.8240000000000001	21.011159508951032
1.825	20.896676470947249
1.8260000000000001	20.782110733181455
1.827	20.667462738619783
1.8280000000000001	20.552732930737271
1.829	20.437921753515113
1.8300000000000001	20.323029651437487
1.831	20.208057069488817
1.8320000000000001	20.093004453150701
1.833	19.977872248399176
1.8340000000000001	19.862660901701531
1.835	19.747370860013685
1.8360000000000001	19.632002570776947
1.837	19.516556481915423
1.8380000000000001	19.401033041832765
1.839	19.28543269940953
1.8400000000000001	19.169755903999995
1.841	19.054003105429484
1.8420000000000001	18.938174753991213
1.843	18.822271300443589
1.8440000000000001	18.706293196007032
1.845	18.590240892361326
1.8460000000000001	18.474114841642471
1.847	18.35791549643983
1.8480000000000001	18.241643309793261
1.849	18.125298735190192
1.8500000000000001	18.008882226562498
1.851	17.892394238283899
1.8520000000000001	17.775835225166723
1.853	17.659205642459241
1.8540000000000001	17.542505945842521
1.855	17.425736591427736
1.8560000000000001	17.308898035752957
1.857	17.1919907357805
1.8580000000000001	17.075015148893744
1.859	16.957971732894567
1.8600000000000001	16.840860946000003
1.861	16.723683246839542
1.8620000000000001	16.606439094452202
1.863	16.48912894828365
1.8640000000000001	16.371753268183024
1.865	16.254312514400389
1.8660000000000001	16.136807147583454
1.867	16.019237628774889
1.8680000000000001	15.901604419409267
1.869	15.783907981310239
1.8700000000000001	15.666148776687475
1.871	15.548327268133935
1.8720000000000001	15.430443918622712
1.873	15.312499191504308
1.8740000000000001	15.194493550503507
1.875	15.076427459716797
1.8760000000000001	14.958301383608958
1.877	14.840115787010562
1.8780000000000001	14.721871135114771
1.879	14.603567893474658
1.8800000000000001	14.485206527999985
1.881	14.366787504954596
1.8820000000000001	14.248311290953216
1.883	14.129778352958699
1.8840000000000001	14.011189158279029
1.885	13.892544174564451
1.8860000000000001	13.773843869804441
1.887	13.655088712324952
1.8880000000000001	13.536279170785251
1.889	13.417415714175293
1.8900000000000001	13.298498811812472
1.891	13.179528933339004
1.8920000000000001	13.060506548718701
1.893	12.941432128234359
1.8940000000000001	12.822306142484521
1.895	12.703129062380851
1.8960000000000001	12.583901359144953
1.897	12.464623504305615
1.8980000000000001	12.345295969695762
1.899	12.225919227449705
1.9000000000000001	12.106493749999991
1.901	11.987020010074662
1.9020000000000001	11.867498480694207
1.903	11.747929635168749
1.9040000000000001	11.62831394709502
1.905	11.508651890353498
1.9060000000000001	11.388943939105424
1.907	11.269190567790007
1.9080000000000001	11.14939225112127
1.909	11.029549464085351
1.9100000000000001	10.909662681937492
1.911	10.789732380199055
1.9120000000000001	10.66975903465471
1.913	10.549743121349419
1.9140000000000001	10.429685116585516
1.915	10.309585496919906
1.9160000000000001	10.189444739160935
1.917	10.069263320365664
1.9180000000000001	9.9490417178367512
1.919	9.8287804091197657
1.9199999999999999	9.7084798719999927
1.921	9.5881405844997172
1.9219999999999999	9.4677630248752376
1.923	9.3473476716138322
1.9239999999999999	9.2268950034310411
1.925	9.1064054992675647
1.9259999999999999	8.9858796382864679
1.927	8.8653178998700888
1.9279999999999999	8.7447207636172717
1.929	8.6240887093404321
1.9299999999999999	8.5034222170624911
1.931	8.382721767014127
1.9319999999999999	8.2619878396307129
1.9330000000000001	8.1412209155494839
1.9339999999999999	8.0204214756065575
1.9350000000000001	7.8995900008339586
1.9359999999999999	7.7787269724569743
1.9370000000000001	7.6578328718907205
1.9379999999999999	7.5369081807378064
1.9390000000000001	7.4159533807848224
1.9399999999999999	7.2949689540000104
1.9410000000000001	7.1739553825297859
1.9419999999999999	7.0529131486962227
1.9430000000000001	6.9318427349938778
1.944	6.8107446240870484
1.9450000000000001	6.6896192988066145
1.946	6.5684672421474568
1.9470000000000001	6.447288937265137
1.948	6.3260848674733152
1.9490000000000001	6.2048555162404773
1.95	6.0836013671875167
1.9510000000000001	5.9623229040841697
1.952	5.8410206108467007
1.9530000000000001	5.7196949715345289
1.954	5.5983464703475603
1.9550000000000001	5.4769755916230531
1.956	5.3555828198329545
1.9570000000000001	5.2341686395807869
1.958	5.1127335355987871
1.9590000000000001	4.9912779927448865
1.96	4.8698024960000135
1.9610000000000001	4.7483075304648192
1.962	4.6267935813572247
1.9630000000000001	4.5052611340089301
1.964	4.3837106738630354
1.9650000000000001	4.2621426864706917
1.966	4.140557657488479
1.9670000000000001	4.018956072675187
1.968	3.8973384178892752
1.9690000000000001	3.7757051790855454
1.97	3.6540568423124933
1.9710000000000001	3.5323938937092305
1.972	3.4107168195027233
1.9730000000000001	3.2890261060045907
1.974	3.1673222396085481
1.9750000000000001	3.045605706787093
1.976	2.9238769940889795
1.9770000000000001	2.802136588135864
1.978	2.6803849756197868
1.9790000000000001	2.5586226432999646
1.98	2.4368500780000155
1.9810000000000001	2.3150677666049129
1.982	2.1932761960582332
1.9830000000000001	2.0714758533589861
1.984	1.9496672255590382
1.9850000000000001	1.8278507997597555
1.986	1.7060270631094698
1.9870000000000001	1.584196502800266
1.988	1.4623596060652921
1.9890000000000001	1.3405168601755999
1.99	1.2186687524374946
1.9910000000000001	1.0968157701893146
1.992	0.97495840079873053
1.9930000000000001	0.8530971316596363
1.994	0.73123245018954142
1.9950000000000001	0.60936484382616463
1.996	0.48749480002497986
1.9970000000000001	0.36562280625592236
1.998	0.24374935000078166
1.9990000000000001	0.12187491874999917
2	0
2.0009999999999999	-0.12187491875002997
2.0020000000000002	-0.24374935000079193
2.0030000000000001	-0.36562280625595317
2.004	-0.48749480002495932
2.0049999999999999	-0.60936484382614409
2.0060000000000002	-0.73123245018959282
2.0070000000000001	-0.85309713165972867
2.008	-0.97495840079872031
2.0089999999999999	-1.0968157701892838
2.0100000000000002	-1.2186687524375357
2.0110000000000001	-1.3405168601756512
2.012	-1.4623596060652921
2.0129999999999999	-1.5841965028002454
2.0140000000000002	-1.7060270631094905
2.0150000000000001	-1.8278507997597861
2.016	-1.9496672255590484
2.0169999999999999	-2.0714758533589861
2.0180000000000002	-2.1932761960582536
2.0190000000000001	-2.3150677666049435
2.02	-2.4368500780000359
2.0209999999999999	-2.5586226432999442
2.0220000000000002	-2.6803849756198175
2.0230000000000001	-2.8021365881358742
2.024	-2.9238769940889386
2.0249999999999999	-3.0456057067871032
2.0260000000000002	-3.1673222396085787
2.0270000000000001	-3.289026106004632
2.028	-3.4107168195026927
2.0289999999999999	-3.5323938937092612
2.0300000000000002	-3.6540568423125444
2.0310000000000001	-3.7757051790855556
2.032	-3.8973384178893062
2.0329999999999999	-4.0189560726751559
2.0340000000000003	-4.1405576574884586
2.0350000000000001	-4.2621426864706917
2.036	-4.3837106738630558
2.0369999999999999	-4.5052611340089408
2.0380000000000003	-4.6267935813572247
2.0390000000000001	-4.7483075304648708
2.04	-4.8698024960000135
2.0409999999999999	-4.9912779927448652
2.0420000000000003	-5.1127335355987968
2.0430000000000001	-5.2341686395807967
2.044	-5.3555828198329642
2.0449999999999999	-5.4769755916230425
2.0460000000000003	-5.598346470347539
2.0470000000000002	-5.7196949715345493
2.048	-5.8410206108467415
2.0489999999999999	-5.9623229040841901
2.0499999999999998	-6.0836013671875069
2.0510000000000002	-6.204855516240559
2.052	-6.3260848674732948
2.0529999999999999	-6.4472889372651263
2.0539999999999998	-6.5684672421474462
2.0550000000000002	-6.6896192988066661
2.056	-6.8107446240869969
2.0569999999999999	-6.9318427349939089
2.0579999999999998	-7.0529131486962227
2.0590000000000002	-7.1739553825297859
2.0600000000000001	-7.2949689540000007
2.0609999999999999	-7.4159533807848321
2.0619999999999998	-7.5369081807377238
2.0630000000000002	-7.6578328718907409
2.0640000000000001	-7.7787269724569743
2.0649999999999999	-7.8995900008339586
2.0659999999999998	-8.0204214756065255
2.0670000000000002	-8.1412209155495354
2.0680000000000001	-8.2619878396307431
2.069	-8.382721767014127
2.0699999999999998	-8.5034222170625018
2.0710000000000002	-8.6240887093404428
2.0720000000000001	-8.744720763617293
2.073	-8.8653178998700781
2.0739999999999998	-8.9858796382864679
2.0750000000000002	-9.1064054992676162
2.0760000000000001	-9.2268950034310819
2.077	-9.3473476716137913
2.0779999999999998	-9.4677630248752163
2.0790000000000002	-9.5881405844997367
2.0800000000000001	-9.7084798720000247
2.081	-9.8287804091197657
2.0819999999999999	-9.9490417178367299
2.0830000000000002	-10.069263320365694
2.0840000000000001	-10.189444739160995
2.085	-10.309585496919885
2.0859999999999999	-10.429685116585516
2.0870000000000002	-10.549743121349449
2.0880000000000001	-10.669759034654751
2.089	-10.789732380199066
2.0899999999999999	-10.909662681937503
2.0910000000000002	-11.029549464085383
2.0920000000000001	-11.149392251121302
2.093	-11.269190567790007
2.0939999999999999	-11.388943939105465
2.0950000000000002	-11.50865189035353
2.0960000000000001	-11.628313947095029
2.097	-11.747929635168749
2.0979999999999999	-11.867498480694207
2.0990000000000002	-11.987020010074692
2.1000000000000001	-12.106493750000032
2.101	-12.225919227449724
2.1019999999999999	-12.345295969695773
2.1030000000000002	-12.464623504305626
2.1040000000000001	-12.583901359144983
2.105	-12.703129062380862
2.1059999999999999	-12.822306142484521
2.1070000000000002	-12.941432128234389
2.1080000000000001	-13.060506548718742
2.109	-13.179528933338993
2.1099999999999999	-13.298498811812493
2.1110000000000002	-13.417415714175354
2.1120000000000001	-13.536279170785262
2.113	-13.655088712324993
2.1139999999999999	-13.773843869804409
2.1150000000000002	-13.89254417456443
2.1160000000000001	-14.01118915827908
2.117	-14.129778352958699
2.1179999999999999	-14.248311290953206
2.1190000000000002	-14.366787504954637
2.1200000000000001	-14.485206527999985
2.121	-14.603567893474647
2.1219999999999999	-14.721871135114771
2.1230000000000002	-14.840115787010603
2.1240000000000001	-14.958301383608948
2.125	-15.076427459716797
2.1259999999999999	-15.194493550503486
2.1270000000000002	-15.31249919150436
2.1280000000000001	-15.430443918622732
2.129	-15.548327268133956
2.1299999999999999	-15.666148776687484
2.1310000000000002	-15.78390798131028
2.1320000000000001	-15.901604419409278
2.133	-16.019237628774867
2.1339999999999999	-16.136807147583415
2.1350000000000002	-16.254312514400411
2.1360000000000001	-16.371753268183046
2.137	-16.489128948283639
2.1379999999999999	-16.606439094452224
2.1390000000000002	-16.723683246839574
2.1400000000000001	-16.840860945999982
2.141	-16.957971732894595
2.1419999999999999	-17.075015148893755
2.1430000000000002	-17.191990735780511
2.1440000000000001	-17.308898035752978
2.145	-17.425736591427718
2.1459999999999999	-17.542505945842482
2.1470000000000002	-17.65920564245927
2.1480000000000001	-17.775835225166745
2.149	-17.892394238283881
2.1499999999999999	-18.008882226562537
2.1510000000000002	-18.125298735190214
2.1520000000000001	-18.241643309793282
2.153	-18.357915496439851
2.1539999999999999	-18.47411484164245
2.1550000000000002	-18.590240892361358
2.1560000000000001	-18.706293196007064
2.157	-18.822271300443564
2.1579999999999999	-18.938174753991213
2.1590000000000003	-19.054003105429501
2.1600000000000001	-19.169755904000006
2.161	-19.285432699409522
2.1619999999999999	-19.401033041832783
2.1630000000000003	-19.516556481915433
2.1640000000000001	-19.632002570776958
2.165	-19.747370860013685
2.1659999999999999	-19.86266090170151
2.1670000000000003	-19.977872248399169
2.1680000000000001	-20.093004453150737
2.169	-20.208057069488842
2.1699999999999999	-20.323029651437487
2.1710000000000003	-20.437921753515173
2.1720000000000002	-20.552732930737296
2.173	-20.667462738619804
2.1739999999999999	-20.782110733181472
2.1750000000000003	-20.896676470947281
2.1760000000000002	-21.011159508951071
2.177	-21.125559404738528
2.1779999999999999	-21.239875716370232
2.1789999999999998	-21.354108002424404
2.1800000000000002	-21.468255822000042
2.181	-21.582318734719475
2.1819999999999999	-21.696296300731756
2.1829999999999998	-21.810188080715339
2.1840000000000002	-21.923993635880944
2.1850000000000001	-22.037712527974637
2.1859999999999999	-22.151344319280565
2.1869999999999998	-22.264888572624134
2.1880000000000002	-22.378344851374735
2.1890000000000001	-22.491712719448731
2.1899999999999999	-22.604991741312467
2.1909999999999998	-22.718181481985059
2.1920000000000002	-22.831281507041322
2.1930000000000001	-22.944291382614676
2.194	-23.057210675400515
2.1949999999999998	-23.170038952658214
2.1960000000000002	-23.282775782215094
2.1970000000000001	-23.395420732468466
2.198	-23.507973372389156
2.1989999999999998	-23.620433271524337
2.2000000000000002	-23.73280000000004
2.2010000000000001	-23.845073128524394
2.202	-23.957252228390754
2.2029999999999998	-24.069336871480235
2.2040000000000002	-24.181326630264952
2.2050000000000001	-24.293221077810546
2.206	-24.405019787779548
2.2069999999999999	-24.516722334434064
2.2080000000000002	-24.628328292638702
2.2090000000000001	-24.739837237863721
2.21	-24.851248746187469
2.2109999999999999	-24.962562394299958
2.2120000000000002	-25.073777759505305
2.2130000000000001	-25.184894419724674
2.214	-25.295911953499413
2.2149999999999999	-25.406829939994104
2.2160000000000002	-25.517647958999099
2.2170000000000001	-25.628365590933413
2.218	-25.738982416848238
2.2189999999999999	-25.849498018429202
2.2200000000000002	-25.959911978000026
2.2210000000000001	-26.07022387852442
2.222	-26.18043330360975
2.2229999999999999	-26.290539837510202
2.2240000000000002	-26.400543065128968
2.2250000000000001	-26.510442572021486
2.226	-26.620237944398543
2.2269999999999999	-26.729928769128975
2.2280000000000002	-26.83951463374277
2.2290000000000001	-26.94899512643368
2.23	-27.058369836062436
2.2309999999999999	-27.167638352159933
2.2320000000000002	-27.276800264929275
2.2330000000000001	-27.38585516524957
2.234	-27.494802644678419
2.2349999999999999	-27.603642295455089
2.2360000000000002	-27.712373710503051
2.2370000000000001	-27.820996483433387
2.238	-27.929510208547207
2.2389999999999999	-28.037914480839241
2.2400000000000002	-28.146208896000037
2.2410000000000001	-28.254393050419306
2.242	-28.362466541188812
2.2429999999999999	-28.470428966105093
2.2440000000000002	-28.578279923672998
2.2450000000000001	-28.686019013107426
2.246	-28.793645834337539
2.2469999999999999	-28.901159988008928
2.2480000000000002	-29.008561075486817
2.2490000000000001	-29.115848698858571
2.25	-29.2230224609375
2.2509999999999999	-29.330081965264842
2.2520000000000002	-29.437026816113359
2.2530000000000001	-29.543856618489578
2.254	-29.650570978137406
2.2549999999999999	-29.757169501541
2.2560000000000002	-29.863651795927044
2.2570000000000001	-29.970017469268246
2.258	-30.076266130286196
2.2589999999999999	-30.182397388454159
2.2600000000000002	-30.288410853999995
2.2610000000000001	-30.394306137909261
2.262	-30.500082851927797
2.2629999999999999	-30.605740608565046
2.2640000000000002	-30.711279021096995
2.2650000000000001	-30.816697703568327
2.266	-30.921996270796473
2.2669999999999999	-31.02717433837385
2.2680000000000002	-31.132231522670722
2.2690000000000001	-31.23716744083848
2.27	-31.341981710812547
2.2709999999999999	-31.446673951314803
2.2720000000000002	-31.551243781857337
2.2730000000000001	-31.655690822744432
2.274	-31.76001469507646
2.2749999999999999	-31.864215020751942
2.2760000000000002	-31.968291422471108
2.2770000000000001	-32.072243523738223
2.278	-32.176070948865295
2.2789999999999999	-32.279773322974059
2.2800000000000002	-32.383350272000015
2.2810000000000001	-32.486801422694157
2.282	-32.590126402626744
2.2829999999999999	-32.693324840190023
2.2840000000000003	-32.796396364601009
2.2850000000000001	-32.899340605904278
2.286	-33.00215719497556
2.2869999999999999	-33.104845763523819
2.2880000000000003	-33.207405944094731
2.2890000000000001	-33.309837370073453
2.29	-33.412139675687499
2.2909999999999999	-33.514312496009737
2.2920000000000003	-33.616355466961231
2.2930000000000001	-33.718268225314404
2.294	-33.820050408695536
2.2949999999999999	-33.921701655587889
2.2960000000000003	-34.023221605335145
2.2970000000000002	-34.124609898143113
2.298	-34.225866175084228
2.2989999999999999	-34.326990078098952
2.3000000000000003	-34.427981250000038
2.3010000000000002	-34.528839334474135
2.302	-34.629563976085805
2.3029999999999999	-34.730154820279928
2.3040000000000003	-34.830611513385008
2.3050000000000002	-34.930933702615263
2.306	-35.031121036074509
2.3069999999999999	-35.131173162758792
2.3079999999999998	-35.231089732558679
2.3090000000000002	-35.330870396263379
2.3100000000000001	-35.43051480556246
2.3109999999999999	-35.530022613049681
2.3119999999999998	-35.629393472225296
2.3130000000000002	-35.728627037499358
2.3140000000000001	-35.827722964194471
2.3149999999999999	-35.926680908548782
2.3159999999999998	-36.025500527718975
2.3170000000000002	-36.12418147978309
2.3180000000000001	-36.222723423743211
2.319	-36.321126019528982
2.3199999999999998	-36.419388928000039
2.3210000000000002	-36.517511810948996
2.3220000000000001	-36.615494331104827
2.323	-36.713336152134936
2.3239999999999998	-36.811036938648975
2.3250000000000002	-36.908596356201166
2.3260000000000001	-37.006014071293521
2.327	-37.103289751378689
2.3279999999999998	-37.200423064862761
2.3290000000000002	-37.297413681108317
2.3300000000000001	-37.394261270437561
2.331	-37.490965504134635
2.3319999999999999	-37.587526054449306
2.3330000000000002	-37.683942594599245
2.3340000000000001	-37.780214798773422
2.335	-37.876342342134834
2.3359999999999999	-37.972324900823097
2.3370000000000002	-38.068162151958013
2.3380000000000001	-38.163853773642209
2.339	-38.25939944496384
2.3399999999999999	-38.354798845999994
2.3410000000000002	-38.45005165781901
2.3420000000000001	-38.545157562483787
2.343	-38.640116243054848
2.3439999999999999	-38.734927383592947
2.3450000000000002	-38.829590669162144
2.3460000000000001	-38.924105785832502
2.347	-39.018472420683608
2.3479999999999999	-39.112690261806698
2.3490000000000002	-39.206758998308317
2.3500000000000001	-39.300678320312478
2.351	-39.394447918964545
2.3519999999999999	-39.488067486433273
2.3530000000000002	-39.581536715914233
2.3540000000000001	-39.674855301632498
2.355	-39.768022938845739
2.3559999999999999	-39.861039323847002
2.3570000000000002	-39.953904153967969
2.3580000000000001	-40.04661712758125
2.359	-40.139177944103857
2.3599999999999999	-40.231586304000068
2.3610000000000002	-40.323841908783869
2.3620000000000001	-40.415944461022853
2.363	-40.507893664339818
2.3639999999999999	-40.599689223416931
2.3650000000000002	-40.691330843998067
2.3660000000000001	-40.782818232891607
2.367	-40.874151097973574
2.3679999999999999	-40.965329148190712
2.3690000000000002	-41.056352093563248
2.3700000000000001	-41.147219645187519
2.371	-41.237931515239538
2.3719999999999999	-41.328487416977303
2.3730000000000002	-41.418887064744162
2.3740000000000001	-41.509130173971457
2.375	-41.599216461181641
2.3759999999999999	-41.689145643991033
2.3770000000000002	-41.778917441112874
2.3780000000000001	-41.868531572360247
2.379	-41.957987758648805
2.3799999999999999	-42.047285722000041
2.3810000000000002	-42.136425185543871
2.3820000000000001	-42.225405873521787
2.383	-42.314227511289765
2.3839999999999999	-42.402889825320976
2.3850000000000002	-42.491392543209052
2.3860000000000001	-42.579735393670518
2.387	-42.667918106548463
2.3879999999999999	-42.755940412814745
2.3890000000000002	-42.84380204457316
2.3900000000000001	-42.931502735062509
2.391	-43.019042218659401
2.3919999999999999	-43.106420230881277
2.3930000000000002	-43.193636508389098
2.3940000000000001	-43.280690788990483
2.395	-43.367582811642585
2.3959999999999999	-43.454312316455081
2.3970000000000002	-43.540879044692865
2.3980000000000001	-43.627282738779279
2.399	-43.713523142298676
2.3999999999999999	-43.799599999999963
2.4010000000000002	-43.885513057798718
2.4020000000000001	-43.97126206278076
2.403	-44.056846763204689
2.4039999999999999	-44.142266908504965
2.4050000000000002	-44.227522249294985
2.4060000000000001	-44.312612537369603
2.407	-44.397537525708429
2.4079999999999999	-44.482296968478735
2.4090000000000003	-44.56689062103807
2.4100000000000001	-44.65131823993746
2.411	-44.735579582924395
2.4119999999999999	-44.819674408945232
2.4130000000000003	-44.903602478149047
2.4140000000000001	-44.987363551889509
2.415	-45.070957392728559
2.4159999999999999	-45.154383764439082
2.4170000000000003	-45.237642432007753
2.4180000000000001	-45.320733161638195
2.419	-45.403655720753669
2.4199999999999999	-45.486409877999932
2.4210000000000003	-45.568995403248699
2.4220000000000002	-45.651412067599807
2.423	-45.733659643384641
2.4239999999999999	-45.815737904168941
2.4250000000000003	-45.897646624755886
2.4260000000000002	-45.979385581188552
2.427	-46.060954550753394
2.4279999999999999	-46.14235331198266
2.4290000000000003	-46.223581644658033
2.4300000000000002	-46.304639329812495
2.431	-46.385526149734297
2.4319999999999999	-46.466241887969211
2.4329999999999998	-46.546786329324007
2.4340000000000002	-46.627159259868428
2.4350000000000001	-46.707360466939448
2.4359999999999999	-46.787389739143073
2.4369999999999998	-46.867246866357718
2.4380000000000002	-46.94693163973723
2.4390000000000001	-47.026443851713552
2.4399999999999999	-47.105783296000048
2.4409999999999998	-47.184949767593608
2.4420000000000002	-47.263943062778765
2.4430000000000001	-47.342762979129624
2.444	-47.421409315512989
2.4449999999999998	-47.499881872091684
2.4460000000000002	-47.578180450327515
2.4470000000000001	-47.656304852983254
2.448	-47.734254884126678
2.4489999999999998	-47.812030349132968
2.4500000000000002	-47.889631054687477
2.4510000000000001	-47.96705680878916
2.452	-48.044307420753313
2.4529999999999998	-48.121382701213939
2.4540000000000002	-48.19828246212748
2.4550000000000001	-48.275006516775392
2.456	-48.351554679766991
2.4569999999999999	-48.427926767042685
2.4580000000000002	-48.504122595876225
2.4590000000000001	-48.580141984878594
2.46	-48.655984754000009
2.4609999999999999	-48.73165072453348
2.4620000000000002	-48.807139719117892
2.4630000000000001	-48.882451561739451
2.464	-48.957586077736877
2.4649999999999999	-49.032543093802751
2.4660000000000002	-49.107322437986504
2.4670000000000001	-49.181923939698244
2.468	-49.256347429710651
2.4689999999999999	-49.330592740162921
2.4700000000000002	-49.404659704562533
2.4710000000000001	-49.478548157789199
2.472	-49.552257936097291
2.4729999999999999	-49.625788877118872
2.4740000000000002	-49.699140819866535
2.4750000000000001	-49.772313604736389
2.476	-49.845307073511044
2.4769999999999999	-49.91812106936252
2.4780000000000002	-49.99075543685516
2.4790000000000001	-50.0632100219485
2.48	-50.135484671999983
2.4809999999999999	-50.207579235768534
2.4820000000000002	-50.279493563416814
2.4830000000000001	-50.35122750651437
2.484	-50.422780918040992
2.4849999999999999	-50.494153652388768
2.4860000000000002	-50.565345565365618
2.4870000000000001	-50.636356514198134
2.488	-50.707186357534667
2.4889999999999999	-50.777834955447808
2.4900000000000002	-50.848302169437595
2.4910000000000001	-50.918587862434009
2.492	-50.988691898801264
2.4929999999999999	-51.058614144338797
2.4940000000000002	-51.128354466285494
2.4950000000000001	-51.197912733322269
2.496	-51.2672888155751
2.4969999999999999	-51.336482584617492
2.4980000000000002	-51.405493913474253
2.4990000000000001	-51.47432267662348
2.5	-51.54296875
2.5009999999999999	-51.611432010998492
2.5020000000000002	-51.679712338475667
2.5030000000000001	-51.747809612754473
2.504	-51.815723715624955
2.5049999999999999	-51.883454530349624
2.5060000000000002	-51.951001941664657
2.5070000000000001	-52.018365835783122
2.508	-52.085546100398815
2.5089999999999999	-52.152542624687833
2.5100000000000002	-52.219355299312518
2.5110000000000001	-52.285984016423996
2.512	-52.352428669665294
2.5129999999999999	-52.418689154173713
2.5140000000000002	-52.484765366584568
2.5150000000000001	-52.550657205033296
2.516	-52.616364569159018
2.5169999999999999	-52.68188736010751
2.5180000000000002	-52.747225480533253
2.5190000000000001	-52.812378834603336
2.52	-52.877347328000099
2.5209999999999999	-52.942130867923332
2.5220000000000002	-53.006729363094841
2.5230000000000001	-53.07114272375933
2.524	-53.135370861689012
2.5249999999999999	-53.199413690185565
2.5260000000000002	-53.263271124083566
2.5270000000000001	-53.326943079753043
2.528	-53.390429475102657
2.5289999999999999	-53.453730229582646
2.5300000000000002	-53.51684526418736
2.5310000000000001	-53.579774501459035
2.532	-53.642517865489133
2.5329999999999999	-53.705075281923776
2.5340000000000003	-53.767446677963513
2.5350000000000001	-53.8296319823692
2.536	-53.89163112546305
2.5369999999999999	-53.953444039132577
2.5380000000000003	-54.015070656832208
2.5390000000000001	-54.076510913588365
2.54	-54.137764745999981
2.5409999999999999	-54.198832092243322
2.5420000000000003	-54.259712892073701
2.5430000000000001	-54.320407086829242
2.544	-54.380914619433
2.5449999999999999	-54.441235434396418
2.5460000000000003	-54.501369477822543
2.5470000000000002	-54.561316697407996
2.548	-54.621077042446778
2.5489999999999999	-54.680650463832599
2.5500000000000003	-54.740036914062472
2.5510000000000002	-54.79923634723891
2.552	-54.858248719073252
2.5529999999999999	-54.917073986888475
2.5540000000000003	-54.975712109622471
2.5550000000000002	-55.034163047830113
2.556	-55.092426763686994
2.5569999999999999	-55.150503220992285
2.5580000000000003	-55.208392385171194
2.5590000000000002	-55.266094223278301
2.5600000000000001	-55.323608703999888
2.5609999999999999	-55.380935797658253
2.5619999999999998	-55.438075476212767
2.5630000000000002	-55.495027713264157
2.5640000000000001	-55.551792484057067
2.5649999999999999	-55.608369765482465
2.5659999999999998	-55.664759536081533
2.5670000000000002	-55.720961776047858
2.5680000000000001	-55.776976467230789
2.569	-55.832803593137491
2.5699999999999998	-55.888443138937504
2.5710000000000002	-55.943895091463823
2.5720000000000001	-55.999159439217244
2.573	-56.054236172368597
2.5739999999999998	-56.109125282761291
2.5750000000000002	-56.163826763915949
2.5760000000000001	-56.218340611031081
2.577	-56.272666820987233
2.5779999999999998	-56.326805392350181
2.5790000000000002	-56.380756325373078
2.5800000000000001	-56.434519622000039
2.581	-56.488095285868148
2.5819999999999999	-56.541483322311727
2.5830000000000002	-56.594683738363955
2.5840000000000001	-56.647696542761011
2.585	-56.700521745943391
2.5859999999999999	-56.753159360060508
2.5870000000000002	-56.805609398972969
2.5880000000000001	-56.857871878254706
2.589	-56.909946815197479
2.5899999999999999	-56.961834228812606
2.5910000000000002	-57.013534139833915
2.5920000000000001	-57.0650465707213
2.593	-57.116371545663661
2.5939999999999999	-57.167509090580353
2.5950000000000002	-57.218459233127042
2.5960000000000001	-57.269222002695059
2.597	-57.319797430417275
2.5979999999999999	-57.370185549169136
2.5990000000000002	-57.420386393573118
2.6000000000000001	-57.470400000000062
2.601	-57.520226406573158
2.6019999999999999	-57.56986565317078
2.6030000000000002	-57.619317781429075
2.6040000000000001	-57.668582834744932
2.605	-57.717660858279274
2.6059999999999999	-57.766551898959449
2.6070000000000002	-57.815256005482794
2.6080000000000001	-57.86377322831877
2.609	-57.91210361971239
2.6099999999999999	-57.960247233687475
2.6110000000000002	-58.008204126048732
2.6120000000000001	-58.055974354385398
2.613	-58.103557978073347
2.6139999999999999	-58.150955058279479
2.6150000000000002	-58.19816565796296
2.6160000000000001	-58.245189841879032
2.617	-58.292027676582045
2.6179999999999999	-58.338679230428191
2.6190000000000002	-58.385144573577982
2.6200000000000001	-58.431423777999917
2.621	-58.477516917473068
2.6219999999999999	-58.523424067589701
2.6230000000000002	-58.569145305758916
2.6240000000000001	-58.614680711208905
2.625	-58.660030364990234
2.6259999999999999	-58.705194349978669
2.6270000000000002	-58.750172750877852
2.6280000000000001	-58.794965654222743
2.629	-58.839573148382399
2.6299999999999999	-58.883995323562509
2.6310000000000002	-58.928232271808611
2.6320000000000001	-58.972284087009378
2.633	-59.016150864898499
2.6339999999999999	-59.059832703058461
2.6350000000000002	-59.103329700923837
2.6360000000000001	-59.146641959783096
2.637	-59.189769582782219
2.6379999999999999	-59.232712674927207
2.6390000000000002	-59.275471343087936
2.6400000000000001	-59.318045695999871
2.641	-59.360435844268004
2.6419999999999999	-59.402641900368785
2.6430000000000002	-59.444663978653914
2.6440000000000001	-59.486502195352934
2.645	-59.528156668576123
2.6459999999999999	-59.569627518317539
2.6470000000000002	-59.610914866457762
2.6480000000000001	-59.652018836766679
2.649	-59.692939554907269
2.6499999999999999	-59.733677148437692
2.6510000000000002	-59.774231746813712
2.6520000000000001	-59.814603481393242
2.653	-59.854792485438253
2.6539999999999999	-59.894798894117393
2.6550000000000002	-59.934622844509789
2.6560000000000001	-59.9742644756071
2.657	-60.013723928317113
2.6579999999999999	-60.053001345466321
2.6590000000000003	-60.092096871802866
2.6600000000000001	-60.131010654000072
2.661	-60.169742840658039
2.6619999999999999	-60.208293582307832
2.6630000000000003	-60.246663031413888
2.6640000000000001	-60.284851342377031
2.665	-60.322858671537169
2.6659999999999999	-60.360685177176514
2.6670000000000003	-60.398331019522537
2.6680000000000001	-60.435796360750679
2.669	-60.473081364987493
2.6699999999999999	-60.510186198312461
2.6710000000000003	-60.547111028763538
2.6720000000000002	-60.583856026337337
2.673	-60.620421362993277
2.6739999999999999	-60.656807212656489
2.6750000000000003	-60.693013751220796
2.6760000000000002	-60.729041156551034
2.677	-60.764889608487003
2.6779999999999999	-60.800559288845143
2.6790000000000003	-60.836050381422794
2.6800000000000002	-60.871363072000001
2.681	-60.906497548343019
2.6819999999999999	-60.941454000206789
2.6830000000000003	-60.976232619338688
2.6840000000000002	-61.010833599480868
2.6850000000000001	-61.045257136372953
2.6859999999999999	-61.079503427755434
2.6870000000000003	-61.113572673372737
2.6880000000000002	-61.14746507497464
2.6890000000000001	-61.181180836322262
2.6899999999999999	-61.214720163187557
2.6909999999999998	-61.248083263358588
2.6920000000000002	-61.281270346641108
2.6930000000000001	-61.314281624863021
2.694	-61.347117311875508
2.6949999999999998	-61.379777623556457
2.6960000000000002	-61.412262777815187
2.6970000000000001	-61.444572994591965
2.698	-61.476708495864209
2.6989999999999998	-61.508669505647923
2.7000000000000002	-61.540456249999949
2.7010000000000001	-61.572068957022999
2.702	-61.603507856865654
2.7029999999999998	-61.634773181728718
2.7040000000000002	-61.665865165864851
2.7050000000000001	-61.696784045584046
2.706	-61.727530059254448
2.7069999999999999	-61.758103447307441
2.7080000000000002	-61.788504452238719
2.7090000000000001	-61.818733318612061
2.71	-61.848790293062471
2.7109999999999999	-61.878675624298438
2.7120000000000002	-61.908389563105231
2.7130000000000001	-61.937932362348086
2.714	-61.967304276974382
2.7149999999999999	-61.996505564017511
2.7160000000000002	-62.025536482599286
2.7170000000000001	-62.054397293931899
2.718	-62.08308826132351
2.7189999999999999	-62.111609650177826
2.7200000000000002	-62.139961727999868
2.7210000000000001	-62.168144764397788
2.722	-62.196159031084683
2.7229999999999999	-62.224004801883574
2.7240000000000002	-62.251682352729055
2.7250000000000001	-62.279191961670008
2.726	-62.306533908873476
2.7269999999999999	-62.333708476627571
2.7280000000000002	-62.360715949342641
2.7290000000000001	-62.387556613557088
2.73	-62.414230757937496
2.7309999999999999	-62.440738673283512
2.7320000000000002	-62.467080652529241
2.7330000000000001	-62.493256990748016
2.734	-62.519267985153505
2.7349999999999999	-62.545113935103636
2.7360000000000002	-62.570795142103044
2.7370000000000001	-62.596311909806843
2.738	-62.621664544022181
2.7389999999999999	-62.64685335271259
2.7400000000000002	-62.671878646000103
2.7410000000000001	-62.69674073616769
2.742	-62.721439937663774
2.7429999999999999	-62.745976567103718
2.7440000000000002	-62.770350943272888
2.7450000000000001	-62.794563387130822
2.746	-62.818614221812425
2.7469999999999999	-62.842503772632575
2.7480000000000002	-62.866232367086653
2.7490000000000001	-62.889800334857007
2.75	-62.9132080078125
2.7509999999999999	-62.936455720013264
2.7520000000000002	-62.959543807713132
2.7530000000000001	-62.982472609363072
2.754	-63.005242465612234
2.7549999999999999	-63.02785371931455
2.7560000000000002	-63.050306715526922
2.7570000000000001	-63.072601801516697
2.758	-63.094739326761108
2.7589999999999999	-63.116719642952432
2.7600000000000002	-63.138543103999943
2.7610000000000001	-63.160210066032626
2.762	-63.181720887402754
2.7629999999999999	-63.203075928688385
2.7640000000000002	-63.224275552696859
2.7650000000000001	-63.245320124466886
2.766	-63.266210011271561
2.7669999999999999	-63.286945582622295
2.7680000000000002	-63.307527210270742
2.7690000000000001	-63.327955268211944
2.77	-63.348230132687384
2.7709999999999999	-63.368352182188346
2.7720000000000002	-63.388321797457351
2.7730000000000001	-63.408139361492815
2.774	-63.427805259551427
2.7749999999999999	-63.447319879150598
2.7760000000000002	-63.466683610071243
2.7770000000000001	-63.485896844361655
2.778	-63.504959976340288
2.7789999999999999	-63.523873402597545
2.7800000000000002	-63.54263752200012
2.7810000000000001	-63.561252735692548
2.782	-63.579719447101851
2.7829999999999999	-63.598038061938439
2.7840000000000003	-63.616208988201087
2.7850000000000001	-63.634232636177707
2.786	-63.652109418450465
2.7869999999999999	-63.669839749897221
2.7880000000000003	-63.687424047694783
2.7890000000000001	-63.704862731321981
2.79	-63.722156222562489
2.7909999999999999	-63.739304945508138
2.7920000000000003	-63.756309326561215
2.7930000000000001	-63.773169794437827
2.794	-63.789886780170391
2.7949999999999999	-63.806460717111456
2.7960000000000003	-63.822892040934974
2.7970000000000002	-63.839181189641721
2.798	-63.855328603559215
2.7989999999999999	-63.871334725347616
2.8000000000000003	-63.887199999999986
2.8010000000000002	-63.902924874847542
2.802	-63.918509799560752
2.8029999999999999	-63.933955226153216
2.8040000000000003	-63.949261608984841
2.8050000000000002	-63.96442940476382
2.806	-63.979459072549645
2.8069999999999999	-63.994351073757251
2.8080000000000003	-64.009105872158813
2.8090000000000002	-64.023723933886799
2.8100000000000001	-64.038205727437628
2.8109999999999999	-64.052551723673162
2.8120000000000003	-64.066762395825464
2.8130000000000002	-64.080838219497863
2.8140000000000001	-64.094779672669588
2.8149999999999999	-64.108587235697257
2.8159999999999998	-64.122261391318872
2.8170000000000002	-64.135802624656591
2.8180000000000001	-64.149211423218347
2.819	-64.162488276902195
2.8199999999999998	-64.175633677999997
2.8210000000000002	-64.188648121197446
2.8220000000000001	-64.201532103579893
2.823	-64.214286124633475
2.8239999999999998	-64.226910686248942
2.8250000000000002	-64.239406292724439
2.8260000000000001	-64.251773450768411
2.827	-64.264012669502236
2.8279999999999998	-64.276124460462739
2.8290000000000002	-64.288109337606642
2.8300000000000001	-64.299967817312606
2.831	-64.311700418383069
2.8319999999999999	-64.323307662049331
2.8330000000000002	-64.334790071972563
2.8340000000000001	-64.346148174248469
2.835	-64.357382497408224
2.8359999999999999	-64.368493572423162
2.8370000000000002	-64.379481932706511
2.8380000000000001	-64.390348114117273
2.839	-64.401092654962412
2.8399999999999999	-64.411716096000177
2.8410000000000002	-64.422218980442253
2.8420000000000001	-64.432601853958843
2.843	-64.442865264678275
2.8439999999999999	-64.453009763192895
2.8450000000000002	-64.463035902560591
2.8460000000000001	-64.47294423830742
2.847	-64.482735328432085
2.8479999999999999	-64.49240973340676
2.8490000000000002	-64.501968016181607
2.8500000000000001	-64.511410742187522
2.851	-64.520738479337837
2.8519999999999999	-64.529951798033323
2.8530000000000002	-64.539051271162649
2.8540000000000001	-64.548037474107304
2.855	-64.556910984744306
2.8559999999999999	-64.565672383447293
2.8570000000000002	-64.574322253091466
2.8580000000000001	-64.582861179056167
2.859	-64.591289749227343
2.8599999999999999	-64.599608554000156
2.8610000000000002	-64.607818186282287
2.8620000000000001	-64.615919241497792
2.863	-64.62391231758842
2.8639999999999999	-64.631798015017011
2.8650000000000002	-64.639576936771448
2.8660000000000001	-64.647249688366557
2.867	-64.654816877847011
2.8679999999999999	-64.662279115790568
2.8690000000000002	-64.669637015311579
2.8700000000000001	-64.676891192062669
2.871	-64.684042264238144
2.8719999999999999	-64.691090852577162
2.8730000000000002	-64.698037580367611
2.8740000000000001	-64.704883073446538
2.875	-64.711627960205078
2.8759999999999999	-64.718272871591026
2.8770000000000002	-64.72481844111114
2.8780000000000001	-64.731265304835247
2.879	-64.737614101397142
2.8799999999999999	-64.743865471999911
2.8810000000000002	-64.750020060417413
2.8820000000000001	-64.75607851299678
2.883	-64.762041478663207
2.8839999999999999	-64.76790960892103
2.8850000000000002	-64.773683557857566
2.8860000000000001	-64.779363982145611
2.887	-64.784951541046752
2.8879999999999999	-64.790446896414693
2.8890000000000002	-64.795850712696179
2.8900000000000001	-64.801163656937632
2.891	-64.806386398782777
2.8919999999999999	-64.811519610481398
2.8930000000000002	-64.816563966887699
2.8940000000000001	-64.821520145465357
2.895	-64.826388826291094
2.8959999999999999	-64.831170692054755
2.8970000000000002	-64.835866428066339
2.8980000000000001	-64.84047672225428
2.899	-64.845002265172184
2.8999999999999999	-64.849443749999779
2.9010000000000002	-64.853801872547123
2.9020000000000001	-64.858077331255956
2.903	-64.862270827203048
2.9039999999999999	-64.866383064105207
2.9050000000000002	-64.870414748318424
2.9060000000000001	-64.874366588844708
2.907	-64.878239297332087
2.9079999999999999	-64.882033588078585
2.9090000000000003	-64.885750178036432
2.9100000000000001	-64.889389786812416
2.911	-64.89295313667283
2.9119999999999999	-64.896440952545348
2.9130000000000003	-64.89985396202259
2.9140000000000001	-64.903192895364441
2.915	-64.906458485501815
2.9159999999999999	-64.909651468038959
2.9170000000000003	-64.912772581256078
2.9180000000000001	-64.915822566113292
2.919	-64.918802166251979
2.9199999999999999	-64.921712128000024
2.9210000000000003	-64.924553200372031
2.9220000000000002	-64.927326135074978
2.923	-64.930031686508158
2.9239999999999999	-64.932670611768955
2.9250000000000003	-64.93524367065416
2.9260000000000002	-64.937751625663736
2.927	-64.940195242001863
2.9279999999999999	-64.942575287582741
2.9290000000000003	-64.944892533031449
2.9300000000000002	-64.947147751687396
2.931	-64.94934171960756
2.9319999999999999	-64.951475215569133
2.9330000000000003	-64.95354902107249
2.9340000000000002	-64.955563920343536
2.9350000000000001	-64.957520700337867
2.9359999999999999	-64.959420150743114
2.9370000000000003	-64.961263063981235
2.9380000000000002	-64.963050235212236
2.9390000000000001	-64.964782462336814
2.9399999999999999	-64.966460545999979
2.9410000000000003	-64.968085289592068
2.9420000000000002	-64.969657499253927
2.9430000000000001	-64.971177983877922
2.944	-64.972647555112886
2.9449999999999998	-64.974067027365251
2.9460000000000002	-64.975437217802579
2.9470000000000001	-64.976758946356824
2.948	-64.978033035726725
2.9489999999999998	-64.979260311381367
2.9500000000000002	-64.980441601562632
2.9510000000000001	-64.981577737287637
2.952	-64.982669552353073
2.9529999999999998	-64.983717883337349
2.9540000000000002	-64.984723569602338
2.9550000000000001	-64.985687453298738
2.956	-64.98661037936688
2.9569999999999999	-64.987493195540935
2.9580000000000002	-64.988336752351174
2.9590000000000001	-64.989141903126821
2.96	-64.989909503999911
2.9609999999999999	-64.990640413907101
2.9620000000000002	-64.991335494592647
2.9630000000000001	-64.991995610613017
2.964	-64.992621629336881
2.9649999999999999	-64.993214420951233
2.9660000000000002	-64.993774858461833
2.9670000000000001	-64.994303817696633
2.968	-64.994802177310675
2.9689999999999999	-64.995270818786466
2.9700000000000002	-64.995710626437457
2.9710000000000001	-64.996122487412734
2.972	-64.996507291697313
2.9729999999999999	-64.996865932117146
2.9740000000000002	-64.997199304341478
2.9750000000000001	-64.99750830688447
2.976	-64.997793841110905
2.9769999999999999	-64.99805681123604
2.9780000000000002	-64.998298124330333
2.9790000000000001	-64.998518690321873
2.98	-64.998719422000036
2.9809999999999999	-64.998901235016916
2.9820000000000002	-64.999065047891676
2.9830000000000001	-64.99921178201302
2.984	-64.999342361640799
2.9849999999999999	-64.999457713912179
2.9860000000000002	-64.999558768840572
2.9870000000000001	-64.999646459321596
2.988	-64.99972172113479
2.9889999999999999	-64.999785492946259
2.9900000000000002	-64.999838716312439
2.9910000000000001	-64.999882335682656
2.992	-64.999917298401186
2.9929999999999999	-64.9999445547123
2.9940000000000002	-64.999965057760335
2.9950000000000001	-64.999979763595718
2.996	-64.999989631174998
2.9969999999999999	-64.999995622365958
2.9980000000000002	-64.99999870194938
2.9990000000000001	-64.9999998376218
3	-65
3.0009999999999999	-64.999999837621857
3.0020000000000002	-64.999998701949224
3.0030000000000001	-64.999995622365958
3.004	-64.99998963117504
3.0049999999999999	-64.999979763595704
3.0060000000000002	-64.999965057760463
3.0070000000000001	-64.999944554712215
3.008	-64.999917298401286
3.0089999999999999	-64.999882335682557
3.0100000000000002	-64.999838716312496
3.0110000000000001	-64.999785492946259
3.012	-64.999721721134719
3.0129999999999999	-64.99964645932161
3.0140000000000002	-64.999558768840544
3.0150000000000001	-64.999457713912108
3.016	-64.999342361640956
3.0169999999999999	-64.999211782012864
3.0180000000000002	-64.999065047891776
3.0190000000000001	-64.998901235016959
3.02	-64.998719422000008
3.0209999999999999	-64.998518690321916
3.0220000000000002	-64.998298124330219
3.0230000000000001	-64.998056811236012
3.024	-64.997793841111047
3.0249999999999999	-64.997508306884768
3.0260000000000002	-64.997199304341464
3.0270000000000001	-64.996865932117259
3.028	-64.99650729169727
3.0289999999999999	-64.99612248741262
3.0300000000000002	-64.9957106264375
3.0310000000000001	-64.995270818786324
3.032	-64.994802177310717
3.0329999999999999	-64.994303817696675
3.0340000000000003	-64.993774858461549
3.0350000000000001	-64.993214420951176
3.036	-64.992621629336966
3.0369999999999999	-64.991995610612932
3.0380000000000003	-64.991335494592775
3.0390000000000001	-64.99064041390703
3.04	-64.989909504000011
3.0409999999999999	-64.989141903126963
3.0420000000000003	-64.988336752351216
3.0430000000000001	-64.987493195541077
3.044	-64.986610379367036
3.0449999999999999	-64.985687453298837
3.0460000000000003	-64.984723569602451
3.0470000000000002	-64.98371788333732
3.048	-64.982669552353272
3.0489999999999999	-64.981577737287679
3.0500000000000003	-64.980441601562489
3.0510000000000002	-64.979260311381381
3.052	-64.97803303572671
3.0529999999999999	-64.976758946356725
3.0540000000000003	-64.975437217802536
3.0550000000000002	-64.974067027365237
3.056	-64.972647555112957
3.0569999999999999	-64.971177983877993
3.0580000000000003	-64.969657499253771
3.0590000000000002	-64.968085289592082
3.0600000000000001	-64.966460545999993
3.0609999999999999	-64.964782462337041
3.0620000000000003	-64.963050235212208
3.0630000000000002	-64.961263063981136
3.0640000000000001	-64.959420150743043
3.0649999999999999	-64.957520700337881
3.0660000000000003	-64.955563920343465
3.0670000000000002	-64.953549021072391
3.0680000000000001	-64.951475215569275
3.069	-64.949341719607744
3.0700000000000003	-64.947147751687496
3.0710000000000002	-64.944892533031449
3.0720000000000001	-64.942575287582713
3.073	-64.940195242001792
3.0739999999999998	-64.937751625663537
3.0750000000000002	-64.935243670654302
3.0760000000000001	-64.93267061176897
3.077	-64.930031686508045
3.0779999999999998	-64.927326135074779
3.0790000000000002	-64.924553200372145
3.0800000000000001	-64.921712127999996
3.081	-64.918802166252107
3.0819999999999999	-64.915822566113221
3.0830000000000002	-64.912772581256192
3.0840000000000001	-64.909651468039044
3.085	-64.906458485501958
3.0859999999999999	-64.903192895364455
3.0870000000000002	-64.899853962022448
3.0880000000000001	-64.896440952545277
3.089	-64.892953136672801
3.0899999999999999	-64.889389786812501
3.0910000000000002	-64.885750178036503
3.0920000000000001	-64.882033588078727
3.093	-64.878239297331859
3.0939999999999999	-64.874366588844538
3.0950000000000002	-64.870414748318353
3.0960000000000001	-64.866383064104951
3.097	-64.862270827203119
3.0979999999999999	-64.858077331255785
3.0990000000000002	-64.853801872547209
3.1000000000000001	-64.849443750000006
3.101	-64.845002265172155
3.1019999999999999	-64.840476722254223
3.1030000000000002	-64.835866428066254
3.1040000000000001	-64.831170692055039
3.105	-64.826388826291023
3.1059999999999999	-64.821520145465456
3.1070000000000002	-64.816563966887514
3.1080000000000001	-64.81151961048127
3.109	-64.806386398782877
3.1099999999999999	-64.80116365693749
3.1110000000000002	-64.795850712696563
3.1120000000000001	-64.790446896414721
3.113	-64.784951541046922
3.1139999999999999	-64.77936398214554
3.1150000000000002	-64.773683557857424
3.1160000000000001	-64.767909608920959
3.117	-64.762041478663164
3.1179999999999999	-64.75607851299678
3.1190000000000002	-64.75002006041727
3.1200000000000001	-64.743865471999996
3.121	-64.737614101397227
3.1219999999999999	-64.731265304835219
3.1230000000000002	-64.724818441111324
3.1240000000000001	-64.71827287159104
3.125	-64.711627960205078
3.1259999999999999	-64.704883073446467
3.1270000000000002	-64.698037580367583
3.1280000000000001	-64.691090852577275
3.129	-64.684042264237931
3.1299999999999999	-64.676891192062499
3.1310000000000002	-64.669637015311622
3.1320000000000001	-64.662279115790724
3.133	-64.654816877846983
3.1339999999999999	-64.647249688366529
3.1350000000000002	-64.639576936771476
3.1360000000000001	-64.631798015016955
3.137	-64.623912317588236
3.1379999999999999	-64.615919241497778
3.1390000000000002	-64.60781818628233
3.1400000000000001	-64.599608554
3.141	-64.591289749227286
3.1419999999999999	-64.582861179056209
3.1430000000000002	-64.574322253091381
3.1440000000000001	-64.565672383447037
3.145	-64.556910984744135
3.1459999999999999	-64.54803747410746
3.1470000000000002	-64.539051271162649
3.1480000000000001	-64.529951798033281
3.149	-64.520738479337993
3.1499999999999999	-64.511410742187508
3.1510000000000002	-64.501968016181692
3.1520000000000001	-64.492409733406717
3.153	-64.482735328432042
3.1539999999999999	-64.472944238307534
3.1550000000000002	-64.463035902560549
3.1560000000000001	-64.453009763192952
3.157	-64.442865264678304
3.1579999999999999	-64.432601853958786
3.1590000000000003	-64.422218980442395
3.1600000000000001	-64.411716095999992
3.161	-64.401092654962355
3.1619999999999999	-64.390348114117231
3.1630000000000003	-64.379481932706454
3.1640000000000001	-64.368493572423034
3.165	-64.357382497408196
3.1659999999999999	-64.346148174248455
3.1670000000000003	-64.334790071972705
3.1680000000000001	-64.323307662049274
3.169	-64.311700418383055
3.1699999999999999	-64.299967817312492
3.1710000000000003	-64.288109337606755
3.1720000000000002	-64.276124460462711
3.173	-64.264012669502108
3.1739999999999999	-64.251773450768539
3.1750000000000003	-64.23940629272461
3.1760000000000002	-64.226910686248956
3.177	-64.214286124633361
3.1779999999999999	-64.20153210357978
3.1790000000000003	-64.18864812119746
3.1800000000000002	-64.175633677999997
3.181	-64.162488276902408
3.1819999999999999	-64.149211423218219
3.1830000000000003	-64.135802624656506
3.1840000000000002	-64.122261391319029
3.1850000000000001	-64.108587235697271
3.1859999999999999	-64.094779672669461
3.1870000000000003	-64.080838219497764
3.1880000000000002	-64.066762395825279
3.1890000000000001	-64.052551723673119
3.1899999999999999	-64.0382057274375
3.1910000000000003	-64.023723933886814
3.1920000000000002	-64.009105872158713
3.1930000000000001	-63.994351073757173
3.194	-63.979459072549538
3.1950000000000003	-63.964429404763663
3.1960000000000002	-63.949261608984955
3.1970000000000001	-63.933955226153422
3.198	-63.91850979956078
3.1990000000000003	-63.902924874847514
3.2000000000000002	-63.887199999999993
3.2010000000000001	-63.871334725347474
3.202	-63.855328603559215
3.2029999999999998	-63.839181189641579
3.2040000000000002	-63.822892040935031
3.2050000000000001	-63.806460717111321
3.206	-63.789886780170463
3.2069999999999999	-63.773169794437827
3.2080000000000002	-63.756309326561279
3.2090000000000001	-63.739304945508174
3.21	-63.722156222562496
3.2109999999999999	-63.704862731321882
3.2120000000000002	-63.687424047694719
3.2130000000000001	-63.669839749897228
3.214	-63.652109418450536
3.2149999999999999	-63.634232636177735
3.2160000000000002	-63.616208988200952
3.2170000000000001	-63.598038061938482
3.218	-63.57971944710178
3.2189999999999999	-63.561252735692591
3.2200000000000002	-63.542637522
3.2210000000000001	-63.52387340259753
3.222	-63.504959976340224
3.2229999999999999	-63.48589684436164
3.2240000000000002	-63.466683610071037
3.2250000000000001	-63.447319879150392
3.226	-63.427805259551455
3.2269999999999999	-63.408139361492893
3.2280000000000002	-63.38832179745728
3.2290000000000001	-63.368352182188247
3.23	-63.348230132687497
3.2309999999999999	-63.327955268211944
3.2320000000000002	-63.30752721027072
3.2330000000000001	-63.286945582622295
3.234	-63.266210011271539
3.2349999999999999	-63.245320124466801
3.2360000000000002	-63.224275552696952
3.2370000000000001	-63.203075928688548
3.238	-63.181720887402776
3.2389999999999999	-63.160210066032647
3.2400000000000002	-63.138543103999993
3.2410000000000001	-63.116719642952596
3.242	-63.094739326761221
3.2429999999999999	-63.072601801516697
3.2440000000000002	-63.050306715527036
3.2450000000000001	-63.02785371931445
3.246	-63.005242465612461
3.2469999999999999	-62.982472609362958
3.2480000000000002	-62.959543807713281
3.2490000000000001	-62.936455720013299
3.25	-62.9132080078125
3.2509999999999999	-62.889800334857007
3.2520000000000002	-62.866232367086717
3.2530000000000001	-62.842503772632355
3.254	-62.818614221812538
3.2549999999999999	-62.794563387130864
3.2560000000000002	-62.770350943272952
3.2570000000000001	-62.745976567103604
3.258	-62.721439937663781
3.2589999999999999	-62.696740736167712
3.2600000000000002	-62.671878645999996
3.2610000000000001	-62.646853352712661
3.262	-62.621664544022217
3.2629999999999999	-62.596311909806772
3.2640000000000002	-62.570795142103037
3.2650000000000001	-62.545113935103508
3.266	-62.519267985153462
3.2669999999999999	-62.493256990748023
3.2680000000000002	-62.467080652529269
3.2690000000000001	-62.44073867328337
3.27	-62.414230757937496
3.2709999999999999	-62.387556613557066
3.2720000000000002	-62.360715949342712
3.2730000000000001	-62.333708476627415
3.274	-62.30653390887354
3.2749999999999999	-62.279191961669923
3.2760000000000002	-62.251682352728949
3.2770000000000001	-62.224004801883673
3.278	-62.196159031084775
3.2789999999999999	-62.16814476439778
3.2800000000000002	-62.139961727999989
3.2810000000000001	-62.111609650177719
3.282	-62.083088261323212
3.2829999999999999	-62.054397293931828
3.2840000000000003	-62.025536482599037
3.2850000000000001	-61.996505564017568
3.286	-61.96730427697446
3.2869999999999999	-61.937932362348079
3.2880000000000003	-61.908389563105267
3.2890000000000001	-61.878675624298424
3.29	-61.848790293062493
3.2909999999999999	-61.818733318612132
3.2920000000000003	-61.788504452238712
3.2930000000000001	-61.758103447307477
3.294	-61.727530059254541
3.2949999999999999	-61.696784045583982
3.2960000000000003	-61.665865165864957
3.2970000000000002	-61.634773181728733
3.298	-61.603507856865775
3.2989999999999999	-61.572068957022836
3.3000000000000003	-61.540456249999991
3.3010000000000002	-61.508669505647781
3.302	-61.476708495864223
3.3029999999999999	-61.444572994591894
3.3040000000000003	-61.41226277781503
3.3050000000000002	-61.379777623556635
3.306	-61.347117311875458
3.3069999999999999	-61.314281624863142
3.3080000000000003	-61.281270346641271
3.3090000000000002	-61.248083263358488
3.3100000000000001	-61.214720163187494
3.3109999999999999	-61.181180836322191
3.3120000000000003	-61.147465074974711
3.3130000000000002	-61.113572673372531
3.3140000000000001	-61.07950342775554
3.3149999999999999	-61.045257136373046
3.3160000000000003	-61.010833599480947
3.3170000000000002	-60.976232619338788
3.3180000000000001	-60.941454000206775
3.319	-60.906497548342898
3.3200000000000003	-60.871363071999994
3.3210000000000002	-60.836050381422844
3.3220000000000001	-60.800559288845214
3.323	-60.764889608486953
3.3240000000000003	-60.729041156551027
3.3250000000000002	-60.693013751220704
3.3260000000000001	-60.656807212656453
3.327	-60.620421362993198
3.3280000000000003	-60.583856026337266
3.3290000000000002	-60.547111028763553
3.3300000000000001	-60.510186198312496
3.331	-60.473081364987259
3.3319999999999999	-60.435796360750729
3.3330000000000002	-60.398331019522601
3.3340000000000001	-60.360685177176535
3.335	-60.322858671537105
3.3359999999999999	-60.28485134237696
3.3370000000000002	-60.246663031413853
3.3380000000000001	-60.208293582307782
3.339	-60.16974284065796
3.3399999999999999	-60.131010654000001
3.3410000000000002	-60.092096871802909
3.3420000000000001	-60.053001345466221
3.343	-60.013723928317013
3.3439999999999999	-59.974264475607043
3.3450000000000002	-59.934622844509754
3.3460000000000001	-59.894798894117457
3.347	-59.85479248543826
3.3479999999999999	-59.814603481393291
3.3490000000000002	-59.774231746813605
3.3500000000000001	-59.733677148437494
3.351	-59.692939554907326
3.3519999999999999	-59.652018836766722
3.3530000000000002	-59.610914866457662
3.3540000000000001	-59.569627518317539
3.355	-59.528156668576173
3.3559999999999999	-59.486502195352969
3.3570000000000002	-59.444663978653914
3.3580000000000001	-59.402641900368771
3.359	-59.360435844268025
3.3599999999999999	-59.318045696000006
3.3610000000000002	-59.275471343087972
3.3620000000000001	-59.232712674927214
3.363	-59.189769582782077
3.3639999999999999	-59.146641959783047
3.3650000000000002	-59.103329700923815
3.3660000000000001	-59.059832703058454
3.367	-59.016150864898336
3.3679999999999999	-58.972284087009285
3.3690000000000002	-58.928232271808675
3.3700000000000001	-58.883995323562488
3.371	-58.839573148382378
3.3719999999999999	-58.794965654222729
3.3730000000000002	-58.750172750877731
3.3740000000000001	-58.705194349978541
3.375	-58.660030364990234
3.3759999999999999	-58.614680711208962
3.3770000000000002	-58.569145305758973
3.3780000000000001	-58.523424067589772
3.379	-58.477516917473089
3.3799999999999999	-58.431423778000003
3.3810000000000002	-58.385144573578032
3.3820000000000001	-58.33867923042822
3.383	-58.292027676582144
3.3839999999999999	-58.245189841879039
3.3850000000000002	-58.198165657962875
3.3860000000000001	-58.150955058279457
3.387	-58.103557978073383
3.3879999999999999	-58.055974354385285
3.3890000000000002	-58.008204126048732
3.3900000000000001	-57.96024723368749
3.391	-57.91210361971244
3.3919999999999999	-57.86377322831872
3.3930000000000002	-57.815256005482787
3.3940000000000001	-57.766551898959534
3.395	-57.717660858279295
3.3959999999999999	-57.668582834744967
3.3970000000000002	-57.619317781429032
3.3980000000000001	-57.569865653170773
3.399	-57.520226406573137
3.3999999999999999	-57.470400000000005
3.4010000000000002	-57.420386393573096
3.4020000000000001	-57.370185549169207
3.403	-57.319797430417196
3.4039999999999999	-57.269222002695045
3.4050000000000002	-57.218459233126943
3.4060000000000001	-57.167509090580452
3.407	-57.116371545663455
3.4079999999999999	-57.065046570721279
3.4090000000000003	-57.013534139833787
3.4100000000000001	-56.961834228812492
3.411	-56.909946815197507
3.4119999999999999	-56.857871878254727
3.4130000000000003	-56.805609398972848
3.4140000000000001	-56.753159360060529
3.415	-56.700521745943355
3.4159999999999999	-56.647696542760961
3.4170000000000003	-56.594683738364097
3.4180000000000001	-56.54148332231177
3.419	-56.488095285868205
3.4199999999999999	-56.434519622000003
3.4210000000000003	-56.380756325373142
3.4220000000000002	-56.326805392350217
3.423	-56.272666820987268
3.4239999999999999	-56.218340611031039
3.4250000000000003	-56.163826763915999
3.4260000000000002	-56.109125282761454
3.427	-56.054236172368512
3.4279999999999999	-55.999159439217287
3.4290000000000003	-55.943895091463851
3.4300000000000002	-55.88844313893749
3.431	-55.832803593137569
3.4319999999999999	-55.776976467230718
3.4330000000000003	-55.720961776047908
3.4340000000000002	-55.664759536081533
3.4350000000000001	-55.608369765482415
3.4359999999999999	-55.551792484056968
3.4370000000000003	-55.495027713264157
3.4380000000000002	-55.438075476212767
3.4390000000000001	-55.380935797658275
3.4399999999999999	-55.323608704000002
3.4410000000000003	-55.266094223278209
3.4420000000000002	-55.208392385171216
3.4430000000000001	-55.150503220992327
3.444	-55.092426763687044
3.4450000000000003	-55.034163047830056
3.4460000000000002	-54.975712109622442
3.4470000000000001	-54.917073986888575
3.448	-54.858248719073273
3.4490000000000003	-54.79923634723891
3.4500000000000002	-54.740036914062493
3.4510000000000001	-54.680650463832627
3.452	-54.621077042446721
3.4530000000000003	-54.56131669740796
3.4540000000000002	-54.501369477822522
3.4550000000000001	-54.441235434396482
3.456	-54.380914619432957
3.4569999999999999	-54.320407086829242
3.4580000000000002	-54.259712892073765
3.4590000000000001	-54.198832092243329
3.46	-54.137764746000002
3.4609999999999999	-54.076510913588294
3.4620000000000002	-54.015070656832208
3.4630000000000001	-53.953444039132393
3.464	-53.891631125463036
3.4649999999999999	-53.82963198236915
3.4660000000000002	-53.767446677963441
3.4670000000000001	-53.705075281923634
3.468	-53.642517865489289
3.4689999999999999	-53.579774501458999
3.4700000000000002	-53.516845264187488
3.4710000000000001	-53.453730229582682
3.472	-53.390429475102721
3.4729999999999999	-53.326943079753057
3.4740000000000002	-53.263271124083523
3.4750000000000001	-53.199413690185544
3.476	-53.135370861688962
3.4769999999999999	-53.071142723759309
3.4780000000000002	-53.006729363094763
3.4790000000000001	-52.942130867923396
3.48	-52.877347328000006
3.4809999999999999	-52.812378834603358
3.4820000000000002	-52.74722548053321
3.4830000000000001	-52.681887360107446
3.484	-52.616364569159039
3.4849999999999999	-52.550657205033204
3.4860000000000002	-52.484765366584448
3.4870000000000001	-52.418689154173691
3.488	-52.352428669665287
3.4889999999999999	-52.285984016424052
3.4900000000000002	-52.219355299312483
3.4910000000000001	-52.152542624687754
3.492	-52.085546100398716
3.4929999999999999	-52.018365835783122
3.4940000000000002	-51.951001941664522
3.4950000000000001	-51.883454530349603
3.496	-51.815723715624955
3.4969999999999999	-51.747809612754367
3.4980000000000002	-51.67971233847576
3.4990000000000001	-51.611432010998449
3.5	-51.54296875
3.5009999999999999	-51.474322676623423
3.5020000000000002	-51.405493913474203
3.5030000000000001	-51.336482584617507
3.504	-51.267288815575043
3.5049999999999999	-51.197912733322269
3.5060000000000002	-51.128354466285451
3.5070000000000001	-51.058614144338762
3.508	-50.988691898801278
3.5089999999999999	-50.918587862434123
3.5100000000000002	-50.848302169437481
3.5110000000000001	-50.777834955447808
3.512	-50.707186357534717
3.5129999999999999	-50.636356514198177
3.5140000000000002	-50.565345565365526
3.5150000000000001	-50.494153652388661
3.516	-50.422780918040957
3.5169999999999999	-50.351227506514434
3.5180000000000002	-50.279493563416764
3.5190000000000001	-50.207579235768513
3.52	-50.135484672000004
3.5209999999999999	-50.063210021948478
3.5220000000000002	-49.990755436855203
3.5230000000000001	-49.91812106936257
3.524	-49.845307073511044
3.5249999999999999	-49.772313604736333
3.5260000000000002	-49.699140819866443
3.5270000000000001	-49.625788877118815
3.528	-49.552257936097284
3.5289999999999999	-49.478548157789184
3.5300000000000002	-49.404659704562484
3.5310000000000001	-49.330592740162871
3.532	-49.256347429710722
3.5329999999999999	-49.181923939698244
3.5340000000000003	-49.107322437986525
3.5350000000000001	-49.032543093802715
3.536	-48.957586077736963
3.5369999999999999	-48.882451561739494
3.5380000000000003	-48.807139719117757
3.5390000000000001	-48.731650724533573
3.54	-48.655984753999995
3.5409999999999999	-48.580141984878544
3.5420000000000003	-48.504122595876204
3.5430000000000001	-48.427926767042628
3.544	-48.351554679767027
3.5449999999999999	-48.275006516775392
3.5460000000000003	-48.198282462127445
3.5470000000000002	-48.121382701213875
3.548	-48.04430742075327
3.5489999999999999	-47.967056808789245
3.5500000000000003	-47.889631054687477
3.5510000000000002	-47.812030349132939
3.552	-47.734254884126713
3.5529999999999999	-47.656304852983297
3.5540000000000003	-47.578180450327523
3.5550000000000002	-47.499881872091777
3.556	-47.421409315512953
3.5569999999999999	-47.34276297912956
3.5580000000000003	-47.263943062778758
3.5590000000000002	-47.184949767593636
3.5600000000000001	-47.105783295999998
3.5609999999999999	-47.026443851713609
3.5620000000000003	-46.946931639737187
3.5630000000000002	-46.867246866357689
3.5640000000000001	-46.78738973914303
3.5649999999999999	-46.707360466939463
3.5660000000000003	-46.627159259868435
3.5670000000000002	-46.546786329323943
3.5680000000000001	-46.466241887969275
3.569	-46.385526149734311
3.5700000000000003	-46.304639329812474
3.5710000000000002	-46.22358164465799
3.5720000000000001	-46.14235331198271
3.573	-46.060954550753372
3.5740000000000003	-45.979385581188517
3.5750000000000002	-45.897646624755851
3.5760000000000001	-45.815737904168955
3.577	-45.733659643384613
3.5780000000000003	-45.651412067599757
3.5790000000000002	-45.568995403248692
3.5800000000000001	-45.486409877999996
3.581	-45.403655720753669
3.5820000000000003	-45.320733161638195
3.5830000000000002	-45.237642432007746
3.5840000000000001	-45.154383764439032
3.585	-45.070957392728516
3.5859999999999999	-44.987363551889466
3.5870000000000002	-44.903602478148997
3.5880000000000001	-44.819674408945268
3.589	-44.735579582924366
3.5899999999999999	-44.651318239937517
3.5910000000000002	-44.566890621038048
3.5920000000000001	-44.482296968478714
3.593	-44.397537525708422
3.5939999999999999	-44.312612537369553
3.5950000000000002	-44.2275222492949
3.5960000000000001	-44.142266908504944
3.597	-44.056846763204668
3.5979999999999999	-43.971262062780795
3.5990000000000002	-43.885513057798754
3.6000000000000001	-43.799599999999991
3.601	-43.713523142298726
3.6019999999999999	-43.627282738779236
3.6030000000000002	-43.540879044692808
3.6040000000000001	-43.454312316455038
3.605	-43.367582811642585
3.6059999999999999	-43.280690788990469
3.6070000000000002	-43.193636508389062
3.6080000000000001	-43.10642023088127
3.609	-43.019042218659429
3.6099999999999999	-42.931502735062523
3.6110000000000002	-42.84380204457311
3.6120000000000001	-42.755940412814709
3.613	-42.667918106548484
3.6139999999999999	-42.579735393670553
3.6150000000000002	-42.491392543208967
3.6160000000000001	-42.402889825320955
3.617	-42.314227511289737
3.6179999999999999	-42.225405873521794
3.6190000000000002	-42.136425185543814
3.6200000000000001	-42.047285721999991
3.621	-41.957987758648784
3.6219999999999999	-41.868531572360226
3.6230000000000002	-41.778917441112874
3.6240000000000001	-41.689145643991019
3.625	-41.599216461181641
3.6259999999999999	-41.509130173971471
3.6270000000000002	-41.418887064744119
3.6280000000000001	-41.328487416977268
3.629	-41.237931515239495
3.6299999999999999	-41.147219645187505
3.6310000000000002	-41.056352093563177
3.6320000000000001	-40.965329148190712
3.633	-40.874151097973545
3.6339999999999999	-40.782818232891543
3.6350000000000002	-40.691330843998038
3.6360000000000001	-40.599689223416945
3.637	-40.507893664339797
3.6379999999999999	-40.415944461022789
3.6390000000000002	-40.323841908783876
3.6400000000000001	-40.23158630399999
3.641	-40.139177944103849
3.6419999999999999	-40.046617127581229
3.6430000000000002	-39.953904153967926
3.6440000000000001	-39.861039323847031
3.645	-39.768022938845697
3.6459999999999999	-39.674855301632476
3.6470000000000002	-39.581536715914176
3.6480000000000001	-39.488067486433259
3.649	-39.394447918964552
3.6499999999999999	-39.300678320312507
3.6510000000000002	-39.206758998308239
3.6520000000000001	-39.112690261806705
3.653	-39.018472420683608
3.6539999999999999	-38.924105785832552
3.6550000000000002	-38.82959066916208
3.6560000000000001	-38.734927383592947
3.657	-38.640116243054855
3.6579999999999999	-38.545157562483794
3.6590000000000003	-38.450051657818932
3.6600000000000001	-38.35479884599998
3.661	-38.259399444963904
3.6619999999999999	-38.163853773642224
3.6630000000000003	-38.068162151957999
3.6640000000000001	-37.972324900823033
3.665	-37.876342342134755
3.6659999999999999	-37.780214798773464
3.6670000000000003	-37.683942594599237
3.6680000000000001	-37.587526054449263
3.669	-37.490965504134621
3.6699999999999999	-37.394261270437511
3.6710000000000003	-37.297413681108296
3.6720000000000002	-37.200423064862704
3.673	-37.103289751378668
3.6739999999999999	-37.006014071293542
3.6750000000000003	-36.908596356201144
3.6760000000000002	-36.811036938648954
3.677	-36.713336152134914
3.6779999999999999	-36.615494331104784
3.6790000000000003	-36.517511810949003
3.6800000000000002	-36.419388927999982
3.681	-36.321126019528968
3.6819999999999999	-36.222723423743226
3.6830000000000003	-36.124181479783054
3.6840000000000002	-36.025500527719025
3.6850000000000001	-35.926680908548818
3.6859999999999999	-35.827722964194464
3.6870000000000003	-35.728627037499301
3.6880000000000002	-35.62939347222526
3.6890000000000001	-35.530022613049674
3.6899999999999999	-35.430514805562503
3.6910000000000003	-35.33087039626335
3.6920000000000002	-35.231089732558701
3.6930000000000001	-35.131173162758735
3.694	-35.031121036074545
3.6950000000000003	-34.930933702615206
3.6960000000000002	-34.830611513384945
3.6970000000000001	-34.730154820279978
3.698	-34.629563976085777
3.6990000000000003	-34.528839334474064
3.7000000000000002	-34.427981249999981
3.7010000000000001	-34.326990078099037
3.702	-34.225866175084228
3.7030000000000003	-34.124609898143113
3.7040000000000002	-34.02322160533501
3.7050000000000001	-33.921701655587889
3.706	-33.820050408695465
3.7070000000000003	-33.718268225314354
3.7080000000000002	-33.616355466961259
3.7090000000000001	-33.514312496009744
3.71	-33.412139675687513
3.7110000000000003	-33.309837370073417
3.7120000000000002	-33.207405944094702
3.7130000000000001	-33.104845763523784
3.714	-33.002157194975545
3.7149999999999999	-32.899340605904307
3.7160000000000002	-32.796396364600945
3.7170000000000001	-32.693324840190044
3.718	-32.59012640262678
3.7189999999999999	-32.486801422694164
3.7200000000000002	-32.38335027199998
3.7210000000000001	-32.279773322974094
3.722	-32.176070948865224
3.7229999999999999	-32.072243523738209
3.7240000000000002	-31.968291422471012
3.7250000000000001	-31.864215020751942
3.726	-31.76001469507646
3.7269999999999999	-31.655690822744468
3.7280000000000002	-31.551243781857256
3.7290000000000001	-31.4466739513148
3.73	-31.341981710812501
3.7309999999999999	-31.237167440838526
3.7320000000000002	-31.132231522670693
3.7330000000000001	-31.027174338373847
3.734	-30.921996270796544
3.7349999999999999	-30.816697703568391
3.7360000000000002	-30.711279021096939
3.7370000000000001	-30.605740608565096
3.738	-30.500082851927782
3.7389999999999999	-30.394306137909229
3.7400000000000002	-30.288410853999974
3.7410000000000001	-30.182397388454149
3.742	-30.076266130286218
3.7429999999999999	-29.970017469268285
3.7440000000000002	-29.863651795927023
3.7450000000000001	-29.757169501540996
3.746	-29.650570978137459
3.7469999999999999	-29.543856618489524
3.7480000000000002	-29.437026816113253
3.7490000000000001	-29.330081965264853
3.75	-29.2230224609375
3.7509999999999999	-29.115848698858589
3.7520000000000002	-29.008561075486696
3.7530000000000001	-28.901159988008892
3.754	-28.793645834337532
3.7549999999999999	-28.68601901310743
3.7560000000000002	-28.578279923672941
3.7570000000000001	-28.470428966105153
3.758	-28.362466541188777
3.7589999999999999	-28.254393050419285
3.7600000000000002	-28.146208895999965
3.7610000000000001	-28.037914480839206
3.762	-27.929510208547214
3.7629999999999999	-27.820996483433337
3.7640000000000002	-27.712373710503016
3.7650000000000001	-27.603642295455074
3.766	-27.494802644678472
3.7669999999999999	-27.385855165249588
3.7680000000000002	-27.276800264929246
3.7690000000000001	-27.167638352159923
3.77	-27.0583698360625
3.7709999999999999	-26.948995126433633
3.7720000000000002	-26.839514633742695
3.7730000000000001	-26.729928769128964
3.774	-26.620237944398532
3.7749999999999999	-26.510442572021486
3.7760000000000002	-26.400543065128939
3.7770000000000001	-26.290539837510224
3.778	-26.180433303609782
3.7789999999999999	-26.070223878524345
3.7800000000000002	-25.959911977999969
3.7810000000000001	-25.84949801842928
3.782	-25.738982416848213
3.7829999999999999	-25.628365590933399
3.7840000000000003	-25.517647958999007
3.7850000000000001	-25.406829939994129
3.786	-25.295911953499459
3.7869999999999999	-25.184894419724664
3.7880000000000003	-25.073777759505248
3.7890000000000001	-24.962562394299969
3.79	-24.851248746187494
3.7909999999999999	-24.739837237863703
3.7920000000000003	-24.628328292638688
3.7930000000000001	-24.516722334434021
3.794	-24.405019787779537
3.7949999999999999	-24.293221077810546
3.7960000000000003	-24.181326630264941
3.7970000000000002	-24.069336871480292
3.798	-23.957252228390761
3.7989999999999999	-23.845073128524415
3.8000000000000003	-23.732799999999962
3.8010000000000002	-23.62043327152433
3.802	-23.507973372389213
3.8029999999999999	-23.395420732468466
3.8040000000000003	-23.282775782215012
3.8050000000000002	-23.170038952658171
3.806	-23.057210675400444
3.8069999999999999	-22.944291382614708
3.8080000000000003	-22.83128150704125
3.8090000000000002	-22.718181481985049
3.8100000000000001	-22.604991741312503
3.8109999999999999	-22.491712719448774
3.8120000000000003	-22.378344851374678
3.8130000000000002	-22.264888572624088
3.8140000000000001	-22.151344319280533
3.8149999999999999	-22.037712527974612
3.8160000000000003	-21.92399363588093
3.8170000000000002	-21.810188080715335
3.8180000000000001	-21.696296300731778
3.819	-21.582318734719468
3.8200000000000003	-21.468255821999978
3.8210000000000002	-21.354108002424397
3.8220000000000001	-21.239875716370214
3.823	-21.125559404738517
3.8240000000000003	-21.011159508950996
3.8250000000000002	-20.896676470947245
3.8260000000000001	-20.782110733181455
3.827	-20.667462738619783
3.8280000000000003	-20.552732930737236
3.8290000000000002	-20.437921753515091
3.8300000000000001	-20.323029651437487
3.831	-20.208057069488817
3.8320000000000003	-20.09300445315068
3.8330000000000002	-19.977872248399162
3.8340000000000001	-19.862660901701531
3.835	-19.747370860013685
3.8360000000000003	-19.632002570776947
3.8370000000000002	-19.516556481915394
3.8380000000000001	-19.401033041832765
3.839	-19.28543269940953
3.8399999999999999	-19.169755904000031
3.8410000000000002	-19.054003105429441
3.8420000000000001	-18.938174753991213
3.843	-18.822271300443589
3.8439999999999999	-18.706293196007053
3.8450000000000002	-18.590240892361294
3.8460000000000001	-18.474114841642471
3.847	-18.35791549643983
3.8479999999999999	-18.241643309793293
3.8490000000000002	-18.12529873519015
3.8500000000000001	-18.008882226562498
3.851	-17.892394238283899
3.8519999999999999	-17.775835225166734
3.8530000000000002	-17.65920564245922
3.8540000000000001	-17.542505945842521
3.855	-17.425736591427736
3.8559999999999999	-17.308898035752968
3.8570000000000002	-17.191990735780436
3.8580000000000001	-17.075015148893744
3.859	-16.957971732894567
3.8599999999999999	-16.840860946000003
3.8610000000000002	-16.723683246839524
3.8620000000000001	-16.606439094452202
3.863	-16.48912894828365
3.8639999999999999	-16.371753268183046
3.8650000000000002	-16.254312514400358
3.8660000000000001	-16.136807147583454
3.867	-16.019237628774889
3.8679999999999999	-15.901604419409297
3.8690000000000002	-15.783907981310209
3.8700000000000001	-15.666148776687475
3.871	-15.548327268133935
3.8719999999999999	-15.430443918622743
3.8730000000000002	-15.312499191504257
3.8740000000000001	-15.194493550503507
3.875	-15.076427459716797
3.8759999999999999	-14.958301383608969
3.8770000000000002	-14.840115787010511
3.8780000000000001	-14.721871135114771
3.879	-14.603567893474658
3.8799999999999999	-14.485206528000004
3.8810000000000002	-14.366787504954575
3.8820000000000001	-14.248311290953216
3.883	-14.129778352958699
3.8839999999999999	-14.01118915827905
3.8850000000000002	-13.89254417456444
3.8860000000000001	-13.773843869804441
3.887	-13.655088712324952
3.8879999999999999	-13.536279170785292
3.8890000000000002	-13.417415714175283
3.8900000000000001	-13.298498811812472
3.891	-13.179528933339004
3.8919999999999999	-13.060506548718742
3.8930000000000002	-12.941432128234318
3.8940000000000001	-12.822306142484521
3.895	-12.703129062380851
3.8959999999999999	-12.583901359144983
3.8970000000000002	-12.464623504305584
3.8980000000000001	-12.345295969695762
3.899	-12.225919227449705
3.8999999999999999	-12.106493750000023
3.9010000000000002	-11.987020010074643
3.9020000000000001	-11.867498480694207
3.903	-11.747929635168749
3.9039999999999999	-11.628313947095039
3.9050000000000002	-11.508651890353478
3.9060000000000001	-11.388943939105424
3.907	-11.269190567790007
3.9079999999999999	-11.149392251121302
3.9090000000000003	-11.02954946408534
3.9100000000000001	-10.909662681937492
3.911	-10.789732380199055
3.9119999999999999	-10.669759034654732
3.9130000000000003	-10.549743121349378
3.9140000000000001	-10.429685116585516
3.915	-10.309585496919906
3.9159999999999999	-10.189444739160965
3.9170000000000003	-10.069263320365643
3.9180000000000001	-9.9490417178367512
3.919	-9.8287804091197657
3.9199999999999999	-9.7084798719999927
3.9210000000000003	-9.5881405844996959
3.9220000000000002	-9.4677630248751949
3.923	-9.3473476716138322
3.9239999999999999	-9.2268950034310411
3.9250000000000003	-9.1064054992675452
3.9260000000000002	-8.985879638286459
3.927	-8.8653178998700888
3.9279999999999999	-8.7447207636172717
3.9290000000000003	-8.6240887093404233
3.9300000000000002	-8.5034222170624805
3.931	-8.382721767014127
3.9319999999999999	-8.2619878396307129
3.9330000000000003	-8.1412209155494732
3.9340000000000002	-8.020421475606506
3.9350000000000001	-7.8995900008339586
3.9359999999999999	-7.7787269724569743
3.9370000000000003	-7.6578328718906787
3.9380000000000002	-7.5369081807377647
3.9390000000000001	-7.4159533807848224
3.9399999999999999	-7.2949689540000104
3.9410000000000003	-7.1739553825297557
3.9420000000000002	-7.0529131486962013
3.9430000000000001	-6.9318427349938778
3.944	-6.8107446240870484
3.9450000000000003	-6.6896192988066145
3.9460000000000002	-6.5684672421474568
3.9470000000000001	-6.447288937265137
3.948	-6.3260848674733152
3.9490000000000003	-6.2048555162404568
3.9500000000000002	-6.0836013671874865
3.9510000000000001	-5.9623229040841697
3.952	-5.8410206108467007
3.9530000000000003	-5.7196949715345182
3.9540000000000002	-5.5983464703475088
3.9550000000000001	-5.4769755916230531
3.956	-5.3555828198329545
3.9570000000000003	-5.2341686395807558
3.9580000000000002	-5.112733535598756
3.9590000000000001	-4.9912779927448865
3.96	-4.8698024960000135
3.9610000000000003	-4.7483075304648192
3.9620000000000002	-4.6267935813572043
3.9630000000000001	-4.5052611340089301
3.964	-4.3837106738630354
3.9650000000000003	-4.2621426864706615
3.9660000000000002	-4.140557657488448
3.9670000000000001	-4.018956072675187
3.968	-3.8973384178892752
3.9689999999999999	-3.7757051790855454
3.9700000000000002	-3.6540568423124724
3.9710000000000001	-3.5323938937092305
3.972	-3.4107168195027233
3.9729999999999999	-3.2890261060046111
3.9740000000000002	-3.1673222396085072
3.9750000000000001	-3.045605706787093
3.976	-2.9238769940889795
3.9769999999999999	-2.8021365881358742
3.9780000000000002	-2.6803849756197562
3.9790000000000001	-2.5586226432999646
3.98	-2.4368500780000155
3.9809999999999999	-2.3150677666049231
3.9820000000000002	-2.1932761960582021
3.9830000000000001	-2.0714758533589861
3.984	-1.9496672255590382
3.9849999999999999	-1.8278507997597759
3.9860000000000002	-1.706027063109439
3.9870000000000001	-1.584196502800266
3.988	-1.4623596060652921
3.9889999999999999	-1.3405168601756408
3.9900000000000002	-1.2186687524374946
3.9910000000000001	-1.0968157701893146
3.992	-0.97495840079873053
3.9929999999999999	-0.85309713165966705
3.9940000000000002	-0.73123245018952099
3.9950000000000001	-0.60936484382616463
3.996	-0.48749480002497986
3.9969999999999999	-0.36562280625595317
3.9980000000000002	-0.24374935000076112
3.9990000000000001	-0.12187491874999917
4	0
4.0010000000000003	0.12187491875010181
4.0019999999999998	0.24374935000072007
4.0030000000000001	0.36562280625595317
4.0040000000000004	0.48749480002502094
4.0049999999999999	0.60936484382614409
4.0060000000000002	0.73123245018959282
4.0069999999999997	0.85309713165965684
4.008	0.97495840079872031
4.0090000000000003	1.0968157701893557
4.0099999999999998	1.218668752437474
4.0110000000000001	1.3405168601756512
4.0120000000000005	1.4623596060653128
4.0129999999999999	1.5841965028002454
4.0140000000000002	1.7060270631094905
4.0149999999999997	1.8278507997596836
4.016	1.9496672255590484
4.0170000000000003	2.0714758533590683
4.0179999999999998	2.1932761960581817
4.0190000000000001	2.3150677666049435
4.0200000000000005	2.436850078000067
4.0209999999999999	2.5586226432999442
4.0220000000000002	2.6803849756198175
4.0229999999999997	2.8021365881358227
4.024	2.9238769940889386
4.0250000000000004	3.045605706787144
4.0259999999999998	3.1673222396085481
4.0270000000000001	3.289026106004632
4.0280000000000005	3.410716819502785
4.0289999999999999	3.5323938937092612
4.0300000000000002	3.6540568423125444
4.0309999999999997	3.7757051790855249
4.032	3.8973384178893062
4.0330000000000004	4.0189560726752589
4.0339999999999998	4.1405576574884275
4.0350000000000001	4.2621426864706917
4.0360000000000005	4.3837106738631073
4.0369999999999999	4.5052611340089408
4.0380000000000003	4.6267935813572247
4.0389999999999997	4.7483075304648192
4.04	4.8698024960000135
4.0410000000000004	4.9912779927449575
4.0419999999999998	5.1127335355987666
4.0430000000000001	5.2341686395807967
4.0440000000000005	5.3555828198329847
4.0449999999999999	5.4769755916230425
4.0460000000000003	5.598346470347539
4.0469999999999997	5.7196949715344978
4.048	5.8410206108467415
4.0490000000000004	5.9623229040842416
4.0499999999999998	6.0836013671875069
4.0510000000000002	6.204855516240559
4.0520000000000005	6.3260848674733055
4.0529999999999999	6.4472889372651263
4.0540000000000003	6.568467242147487
4.0549999999999997	6.6896192988066252
4.056	6.8107446240869969
4.0570000000000004	6.9318427349939187
4.0579999999999998	7.0529131486962227
4.0590000000000002	7.1739553825297859
4.0600000000000005	7.2949689540000309
4.0609999999999999	7.4159533807848321
4.0620000000000003	7.5369081807378162
4.0629999999999997	7.6578328718906894
4.0640000000000001	7.7787269724569743
4.0650000000000004	7.8995900008340305
4.0659999999999998	8.0204214756065255
4.0670000000000002	8.1412209155495354
4.0680000000000005	8.261987839630784
4.069	8.382721767014127
4.0700000000000003	8.5034222170625533
4.0709999999999997	8.6240887093403913
4.0720000000000001	8.744720763617293
4.0730000000000004	8.8653178998701403
4.0739999999999998	8.9858796382864679
4.0750000000000002	9.1064054992676162
4.0760000000000005	9.2268950034311228
4.077	9.3473476716137913
4.0780000000000003	9.4677630248752571
4.0789999999999997	9.5881405844996657
4.0800000000000001	9.7084798720000247
4.0810000000000004	9.8287804091198172
4.0819999999999999	9.9490417178367299
4.0830000000000002	10.069263320365694
4.0840000000000005	10.189444739161017
4.085	10.309585496919885
4.0860000000000003	10.429685116585565
4.0869999999999997	10.549743121349378
4.0880000000000001	10.669759034654751
4.0890000000000004	10.789732380199117
4.0899999999999999	10.909662681937503
4.0910000000000002	11.029549464085383
4.0920000000000005	11.149392251121373
4.093	11.269190567790007
4.0940000000000003	11.388943939105507
4.0949999999999998	11.508651890353478
4.0960000000000001	11.628313947095029
4.0970000000000004	11.7479296351688
4.0979999999999999	11.867498480694207
4.0990000000000002	11.987020010074692
4.0999999999999996	12.106493749999931
4.101	12.225919227449724
4.1020000000000003	12.345295969695803
4.1029999999999998	12.464623504305575
4.1040000000000001	12.583901359144983
4.1050000000000004	12.703129062380903
4.1059999999999999	12.822306142484521
4.1070000000000002	12.941432128234389
4.1079999999999997	13.060506548718649
4.109	13.179528933338993
4.1100000000000003	13.298498811812523
4.1109999999999998	13.417415714175283
4.1120000000000001	13.536279170785262
4.1130000000000004	13.655088712324973
4.1139999999999999	13.773843869804409
4.1150000000000002	13.89254417456443
4.1159999999999997	14.011189158278999
4.117	14.129778352958699
4.1180000000000003	14.248311290953268
4.1189999999999998	14.366787504954575
4.1200000000000001	14.485206527999985
4.1210000000000004	14.603567893474729
4.1219999999999999	14.721871135114771
4.1230000000000002	14.840115787010603
4.1239999999999997	14.958301383608928
4.125	15.076427459716797
4.1260000000000003	15.194493550503578
4.1269999999999998	15.312499191504267
4.1280000000000001	15.430443918622732
4.1290000000000004	15.548327268134017
4.1299999999999999	15.666148776687484
4.1310000000000002	15.78390798131028
4.1319999999999997	15.901604419409226
4.133	16.019237628774867
4.1340000000000003	16.136807147583518
4.1349999999999998	16.25431251440035
4.1360000000000001	16.371753268183046
4.1370000000000005	16.48912894828371
4.1379999999999999	16.606439094452224
4.1390000000000002	16.723683246839574
4.1399999999999997	16.840860945999953
4.141	16.957971732894595
4.1420000000000003	17.075015148893829
4.1429999999999998	17.191990735780436
4.1440000000000001	17.308898035752978
4.1450000000000005	17.425736591427746
4.1459999999999999	17.542505945842482
4.1470000000000002	17.65920564245927
4.1479999999999997	17.775835225166681
4.149	17.892394238283881
4.1500000000000004	18.008882226562509
4.1509999999999998	18.12529873519015
4.1520000000000001	18.241643309793282
4.1530000000000005	18.35791549643989
4.1539999999999999	18.47411484164245
4.1550000000000002	18.590240892361358
4.1559999999999997	18.706293196006989
4.157	18.822271300443564
4.1580000000000004	18.938174753991284
4.1589999999999998	19.054003105429473
4.1600000000000001	19.169755904000006
4.1610000000000005	19.285432699409522
4.1619999999999999	19.401033041832783
4.1630000000000003	19.516556481915433
4.1639999999999997	19.632002570776908
4.165	19.747370860013685
4.1660000000000004	19.862660901701581
4.1669999999999998	19.977872248399116
4.1680000000000001	20.093004453150737
4.1690000000000005	20.208057069488852
4.1699999999999999	20.323029651437487
4.1710000000000003	20.437921753515173
4.1719999999999997	20.552732930737257
4.173	20.667462738619804
4.1740000000000004	20.782110733181522
4.1749999999999998	20.896676470947249
4.1760000000000002	21.011159508951071
4.1770000000000005	21.125559404738581
4.1779999999999999	21.239875716370232
4.1790000000000003	21.354108002424443
4.1799999999999997	21.468255821999939
4.181	21.582318734719475
4.1820000000000004	21.696296300731859
4.1829999999999998	21.810188080715339
4.1840000000000002	21.923993635880944
4.1850000000000005	22.037712527974691
4.1859999999999999	22.151344319280565
4.1870000000000003	22.264888572624141
4.1879999999999997	22.378344851374695
4.1890000000000001	22.491712719448731
4.1900000000000004	22.604991741312549
4.1909999999999998	22.718181481985059
4.1920000000000002	22.831281507041322
4.1930000000000005	22.944291382614768
4.194	23.057210675400515
4.1950000000000003	23.170038952658235
4.1959999999999997	23.282775782215023
4.1970000000000001	23.395420732468466
4.1980000000000004	23.507973372389269
4.1989999999999998	23.620433271524337
4.2000000000000002	23.73280000000004
4.2010000000000005	23.845073128524486
4.202	23.957252228390754
4.2030000000000003	24.069336871480296
4.2039999999999997	24.18132663026493
4.2050000000000001	24.293221077810546
4.2060000000000004	24.405019787779587
4.2069999999999999	24.516722334434064
4.2080000000000002	24.628328292638702
4.2090000000000005	24.739837237863721
4.21	24.851248746187469
4.2110000000000003	24.962562394300008
4.2119999999999997	25.073777759505202
4.2130000000000001	25.184894419724674
4.2140000000000004	25.295911953499473
4.2149999999999999	25.406829939994104
4.2160000000000002	25.517647958999099
4.2170000000000005	25.628365590933424
4.218	25.738982416848238
4.2190000000000003	25.849498018429315
4.2199999999999998	25.959911977999901
4.2210000000000001	26.07022387852442
4.2220000000000004	26.180433303609821
4.2229999999999999	26.290539837510202
4.2240000000000002	26.400543065128968
4.2249999999999996	26.510442572021475
4.226	26.620237944398543
4.2270000000000003	26.729928769128975
4.2279999999999998	26.839514633742699
4.2290000000000001	26.94899512643368
4.2300000000000004	27.058369836062507
4.2309999999999999	27.167638352159933
4.2320000000000002	27.276800264929275
4.2329999999999997	27.38585516524957
4.234	27.494802644678419
4.2350000000000003	27.60364229545511
4.2359999999999998	27.712373710502987
4.2370000000000001	27.820996483433387
4.2380000000000004	27.929510208547288
4.2389999999999999	28.037914480839241
4.2400000000000002	28.146208896000037
4.2409999999999997	28.254393050419242
4.242	28.362466541188812
4.2430000000000003	28.470428966105235
4.2439999999999998	28.578279923672937
4.2450000000000001	28.686019013107426
4.2460000000000004	28.793645834337561
4.2469999999999999	28.901159988008928
4.2480000000000002	29.008561075486817
4.2489999999999997	29.115848698858553
4.25	29.2230224609375
4.2510000000000003	29.330081965264924
4.2519999999999998	29.437026816113214
4.2530000000000001	29.543856618489578
4.2540000000000004	29.65057097813753
4.2549999999999999	29.757169501541
4.2560000000000002	29.863651795927044
4.2569999999999997	29.970017469268225
4.258	30.076266130286196
4.2590000000000003	30.182397388454177
4.2599999999999998	30.288410853999974
4.2610000000000001	30.394306137909261
4.2620000000000005	30.500082851927839
4.2629999999999999	30.605740608565046
4.2640000000000002	30.711279021096995
4.2649999999999997	30.816697703568305
4.266	30.921996270796473
4.2670000000000003	31.027174338373872
4.2679999999999998	31.132231522670764
4.2690000000000001	31.23716744083848
4.2700000000000005	31.341981710812465
4.2709999999999999	31.446673951314803
4.2720000000000002	31.551243781857337
4.2729999999999997	31.65569082274439
4.274	31.76001469507646
4.2750000000000004	31.864215020752006
4.2759999999999998	31.968291422471026
4.2770000000000001	32.072243523738223
4.2780000000000005	32.176070948865295
4.2789999999999999	32.279773322974059
4.2800000000000002	32.383350272000015
4.2809999999999997	32.486801422694136
4.282	32.590126402626744
4.2830000000000004	32.693324840190009
4.2839999999999998	32.796396364600952
4.2850000000000001	32.899340605904278
4.2860000000000005	33.002157194975645
4.2869999999999999	33.104845763523819
4.2880000000000003	33.207405944094731
4.2889999999999997	33.309837370073375
4.29	33.412139675687499
4.2910000000000004	33.514312496009815
4.2919999999999998	33.616355466961217
4.2930000000000001	33.718268225314404
4.2940000000000005	33.820050408695515
4.2949999999999999	33.921701655587889
4.2960000000000003	34.023221605335145
4.2969999999999997	34.124609898143113
4.298	34.225866175084228
4.2990000000000004	34.326990078099051
4.2999999999999998	34.427981250000016
4.3010000000000002	34.528839334474135
4.3020000000000005	34.629563976085805
4.3029999999999999	34.730154820279928
4.3040000000000003	34.830611513385008
4.3049999999999997	34.930933702615263
4.306	35.031121036074509
4.3070000000000004	35.131173162758749
4.3079999999999998	35.231089732558679
4.3090000000000002	35.330870396263379
4.3100000000000005	35.430514805562559
4.3109999999999999	35.530022613049681
4.3120000000000003	35.629393472225338
4.3129999999999997	35.728627037499315
4.3140000000000001	35.827722964194471
4.3150000000000004	35.926680908548882
4.3159999999999998	36.025500527718975
4.3170000000000002	36.12418147978309
4.3180000000000005	36.222723423743311
4.319	36.321126019528982
4.3200000000000003	36.419388928000039
4.3209999999999997	36.517511810949053
4.3220000000000001	36.615494331104827
4.3230000000000004	36.713336152134978
4.3239999999999998	36.811036938648975
4.3250000000000002	36.908596356201166
4.3260000000000005	37.006014071293521
4.327	37.103289751378689
4.3280000000000003	37.200423064862697
4.3289999999999997	37.297413681108317
4.3300000000000001	37.394261270437561
4.3310000000000004	37.490965504134671
4.3319999999999999	37.587526054449306
4.3330000000000002	37.683942594599245
4.3340000000000005	37.780214798773542
4.335	37.876342342134834
4.3360000000000003	37.972324900823097
4.3369999999999997	38.068162151957956
4.3380000000000001	38.163853773642209
4.3390000000000004	38.259399444963904
4.3399999999999999	38.354798845999994
4.3410000000000002	38.45005165781901
4.3420000000000005	38.545157562483787
4.343	38.640116243054848
4.3440000000000003	38.734927383593011
4.3449999999999998	38.829590669162023
4.3460000000000001	38.924105785832502
4.3470000000000004	39.018472420683608
4.3479999999999999	39.112690261806698
4.3490000000000002	39.206758998308317
4.3500000000000005	39.300678320312542
4.351	39.394447918964545
4.3520000000000003	39.488067486433209
4.3529999999999998	39.58153671591419
4.3540000000000001	39.674855301632498
4.3550000000000004	39.768022938845739
4.3559999999999999	39.861039323847002
4.3570000000000002	39.953904153967969
4.3579999999999997	40.046617127581122
4.359	40.139177944103857
4.3600000000000003	40.231586304000025
4.3609999999999998	40.323841908783891
4.3620000000000001	40.415944461022853
4.3630000000000004	40.507893664339839
4.3639999999999999	40.599689223416931
4.3650000000000002	40.691330843998067
4.3659999999999997	40.782818232891522
4.367	40.874151097973574
4.3680000000000003	40.965329148190712
4.3689999999999998	41.056352093563227
4.3700000000000001	41.147219645187519
4.3710000000000004	41.237931515239559
4.3719999999999999	41.328487416977303
4.3730000000000002	41.418887064744162
4.3739999999999997	41.509130173971371
4.375	41.599216461181641
4.3760000000000003	41.689145643991075
4.3769999999999998	41.778917441112938
4.3780000000000001	41.868531572360247
4.3790000000000004	41.957987758648827
4.3799999999999999	42.047285722000041
4.3810000000000002	42.136425185543871
4.3819999999999997	42.225405873521751
4.383	42.314227511289765
4.3840000000000003	42.402889825320941
4.3849999999999998	42.491392543208967
4.3860000000000001	42.579735393670518
4.3870000000000005	42.667918106548498
4.3879999999999999	42.755940412814745
4.3890000000000002	42.84380204457316
4.3899999999999997	42.931502735062509
4.391	43.019042218659401
4.3920000000000003	43.106420230881341
4.3929999999999998	43.193636508389012
4.3940000000000001	43.280690788990483
4.3950000000000005	43.367582811642663
4.3959999999999999	43.454312316455081
4.3970000000000002	43.540879044692865
4.3979999999999997	43.627282738779193
4.399	43.713523142298676
4.4000000000000004	43.799600000000062
4.4009999999999998	43.885513057798718
4.4020000000000001	43.97126206278076
4.4030000000000005	44.05684676320471
4.4039999999999999	44.142266908504965
4.4050000000000002	44.227522249294985
4.4059999999999997	44.312612537369482
4.407	44.397537525708429
4.4080000000000004	44.482296968478771
4.4089999999999998	44.566890621038027
4.4100000000000001	44.65131823993746
4.4110000000000005	44.735579582924458
4.4119999999999999	44.819674408945232
4.4130000000000003	44.903602478149047
4.4139999999999997	44.987363551889452
4.415	45.070957392728559
4.4160000000000004	45.154383764439082
4.4169999999999998	45.237642432007675
4.4180000000000001	45.320733161638195
4.4190000000000005	45.403655720753747
4.4199999999999999	45.486409877999932
4.4210000000000003	45.568995403248699
4.4219999999999997	45.651412067599722
4.423	45.733659643384641
4.4240000000000004	45.815737904168984
4.4249999999999998	45.8976466247559
4.4260000000000002	45.979385581188552
4.4270000000000005	46.060954550753415
4.4279999999999999	46.14235331198266
4.4290000000000003	46.223581644658033
4.4299999999999997	46.304639329812552
4.431	46.385526149734297
4.4320000000000004	46.466241887969275
4.4329999999999998	46.546786329324007
4.4340000000000002	46.627159259868428
4.4350000000000005	46.707360466939534
4.4359999999999999	46.787389739143073
4.4370000000000003	46.867246866357696
4.4379999999999997	46.946931639737166
4.4390000000000001	47.026443851713552
4.4400000000000004	47.105783295999963
4.4409999999999998	47.184949767593608
4.4420000000000002	47.263943062778765
4.4430000000000005	47.342762979129539
4.444	47.421409315512989
4.4450000000000003	47.499881872091684
4.4459999999999997	47.578180450327551
4.4470000000000001	47.656304852983254
4.4480000000000004	47.734254884126784
4.4489999999999998	47.812030349132968
4.4500000000000002	47.889631054687477
4.4510000000000005	47.967056808789366
4.452	48.044307420753313
4.4530000000000003	48.121382701213875
4.4539999999999997	48.198282462127445
4.4550000000000001	48.275006516775392
4.4560000000000004	48.351554679767112
4.4569999999999999	48.427926767042685
4.4580000000000002	48.504122595876225
4.4590000000000005	48.580141984878516
4.46	48.655984754000009
4.4610000000000003	48.731650724533608
4.4619999999999997	48.807139719117728
4.4630000000000001	48.882451561739451
4.4640000000000004	48.957586077737062
4.4649999999999999	49.032543093802751
4.4660000000000002	49.107322437986504
4.4670000000000005	49.181923939698301
4.468	49.256347429710651
4.4690000000000003	49.330592740162963
4.4699999999999998	49.404659704562327
4.4710000000000001	49.478548157789199
4.4720000000000004	49.552257936097291
4.4729999999999999	49.625788877118872
4.4740000000000002	49.699140819866535
4.4750000000000005	49.772313604736389
4.476	49.845307073511044
4.4770000000000003	49.918121069362563
4.4779999999999998	49.990755436855139
4.4790000000000001	50.0632100219485
4.4800000000000004	50.135484672000025
4.4809999999999999	50.207579235768534
4.4820000000000002	50.279493563416814
4.4829999999999997	50.351227506514455
4.484	50.422780918040992
4.4850000000000003	50.494153652388668
4.4859999999999998	50.565345565365455
4.4870000000000001	50.636356514198134
4.4880000000000004	50.707186357534731
4.4889999999999999	50.777834955447808
4.4900000000000002	50.848302169437595
4.4909999999999997	50.918587862434116
4.492	50.988691898801264
4.4930000000000003	51.058614144338698
4.4939999999999998	51.128354466285451
4.4950000000000001	51.197912733322269
4.4960000000000004	51.267288815575164
4.4969999999999999	51.336482584617492
4.4980000000000002	51.405493913474253
4.4989999999999997	51.474322676623459
4.5	51.54296875
4.5010000000000003	51.611432010998556
4.5019999999999998	51.679712338475753
4.5030000000000001	51.747809612754473
4.5040000000000004	51.815723715624976
4.5049999999999999	51.883454530349624
4.5060000000000002	51.951001941664657
4.5069999999999997	52.018365835783122
4.508	52.085546100398815
4.5090000000000003	52.152542624687875
4.5099999999999998	52.219355299312504
4.5110000000000001	52.285984016423996
4.5120000000000005	52.352428669665208
4.5129999999999999	52.418689154173713
4.5140000000000002	52.484765366584568
4.5149999999999997	52.550657205033239
4.516	52.616364569159018
4.5170000000000003	52.681887360107446
4.5179999999999998	52.74722548053321
4.5190000000000001	52.812378834603336
4.5200000000000005	52.877347328000177
4.5209999999999999	52.942130867923332
4.5220000000000002	53.006729363094841
4.5229999999999997	53.071142723759245
4.524	53.135370861689012
4.5250000000000004	53.199413690185523
4.5259999999999998	53.263271124083523
4.5270000000000001	53.326943079753043
4.5280000000000005	53.390429475102742
4.5289999999999999	53.453730229582646
4.5300000000000002	53.51684526418736
4.5309999999999997	53.579774501459077
4.532	53.642517865489133
4.5330000000000004	53.705075281923719
4.5339999999999998	53.767446677963456
4.5350000000000001	53.8296319823692
4.5360000000000005	53.891631125463128
4.5369999999999999	53.953444039132577
4.5380000000000003	54.015070656832208
4.5389999999999997	54.076510913588287
4.54	54.137764745999981
4.5410000000000004	54.198832092243379
4.5419999999999998	54.259712892073843
4.5430000000000001	54.320407086829242
4.5440000000000005	54.380914619432936
4.5449999999999999	54.441235434396418
4.5460000000000003	54.501369477822543
4.5469999999999997	54.561316697407996
4.548	54.621077042446778
4.5490000000000004	54.680650463832656
4.5499999999999998	54.740036914062536
4.5510000000000002	54.79923634723891
4.5520000000000005	54.858248719073252
4.5529999999999999	54.917073986888475
4.5540000000000003	54.975712109622471
4.5549999999999997	55.03416304783007
4.556	55.092426763686994
4.5570000000000004	55.150503220992348
4.5579999999999998	55.208392385171258
4.5590000000000002	55.266094223278301
4.5600000000000005	55.323608704000051
4.5609999999999999	55.380935797658253
4.5620000000000003	55.438075476212767
4.5629999999999997	55.495027713264157
4.5640000000000001	55.551792484057067
4.5650000000000004	55.608369765482443
4.5659999999999998	55.664759536081533
4.5670000000000002	55.720961776047858
4.5680000000000005	55.776976467230789
4.569	55.832803593137491
4.5700000000000003	55.888443138937504
4.5709999999999997	55.943895091463965
4.5720000000000001	55.999159439217244
4.5730000000000004	56.054236172368597
4.5739999999999998	56.109125282761291
4.5750000000000002	56.163826763915949
4.5760000000000005	56.218340611031081
4.577	56.272666820987233
4.5780000000000003	56.326805392350309
4.5789999999999997	56.380756325373078
4.5800000000000001	56.434519622000039
4.5810000000000004	56.488095285868148
4.5819999999999999	56.541483322311727
4.5830000000000002	56.594683738363955
4.5840000000000005	56.64769654276099
4.585	56.700521745943391
4.5860000000000003	56.753159360060629
4.5869999999999997	56.805609398972848
4.5880000000000001	56.857871878254706
4.5890000000000004	56.909946815197479
4.5899999999999999	56.961834228812606
4.5910000000000002	57.013534139833915
4.5920000000000005	57.065046570721172
4.593	57.116371545663661
4.5940000000000003	57.167509090580353
4.5949999999999998	57.218459233126922
4.5960000000000001	57.269222002695059
4.5970000000000004	57.319797430417275
4.5979999999999999	57.370185549169136
4.5990000000000002	57.420386393573118
4.6000000000000005	57.470400000000062
4.601	57.520226406573158
4.6020000000000003	57.56986565317078
4.6029999999999998	57.619317781428954
4.6040000000000001	57.668582834744932
4.6050000000000004	57.717660858279338
4.6059999999999999	57.766551898959449
4.6070000000000002	57.815256005482794
4.6080000000000005	57.863773228318671
4.609	57.91210361971239
4.6100000000000003	57.96024723368766
4.6109999999999998	58.008204126048689
4.6120000000000001	58.055974354385398
4.6130000000000004	58.103557978073304
4.6139999999999999	58.150955058279479
4.6150000000000002	58.19816565796296
4.6159999999999997	58.245189841878911
4.617	58.292027676582045
4.6180000000000003	58.338679230428149
4.6189999999999998	58.385144573578167
4.6200000000000001	58.431423777999917
4.6210000000000004	58.477516917473189
4.6219999999999999	58.523424067589701
4.6230000000000002	58.569145305758916
4.6239999999999997	58.614680711208962
4.625	58.660030364990234
4.6260000000000003	58.705194349978612
4.6269999999999998	58.750172750877852
4.6280000000000001	58.794965654222743
4.6290000000000004	58.839573148382279
4.6299999999999999	58.883995323562509
4.6310000000000002	58.928232271808611
4.6319999999999997	58.972284087009321
4.633	59.016150864898499
4.6340000000000003	59.059832703058525
4.6349999999999998	59.103329700923773
4.6360000000000001	59.146641959783096
4.6370000000000005	59.189769582782098
4.6379999999999999	59.232712674927207
4.6390000000000002	59.275471343087936
4.6399999999999997	59.318045695999977
4.641	59.360435844268004
4.6420000000000003	59.402641900368721
4.6429999999999998	59.44466397865385
4.6440000000000001	59.486502195352934
4.6450000000000005	59.52815666857618
4.6459999999999999	59.569627518317539
4.6470000000000002	59.610914866457762
4.6479999999999997	59.652018836766558
4.649	59.692939554907269
4.6500000000000004	59.733677148437529
4.6509999999999998	59.774231746813548
4.6520000000000001	59.814603481393242
4.6530000000000005	59.854792485438253
4.6539999999999999	59.894798894117393
4.6550000000000002	59.934622844509789
4.6559999999999997	59.974264475607143
4.657	60.013723928317113
4.6580000000000004	60.053001345466278
4.6589999999999998	60.09209687180293
4.6600000000000001	60.131010654000072
4.6610000000000005	60.169742840657982
4.6619999999999999	60.208293582307832
4.6630000000000003	60.246663031413888
4.6639999999999997	60.284851342376911
4.665	60.322858671537169
4.6660000000000004	60.360685177176457
4.6669999999999998	60.398331019522601
4.6680000000000001	60.435796360750679
4.6690000000000005	60.473081364987145
4.6699999999999999	60.510186198312461
4.6710000000000003	60.547111028763538
4.6719999999999997	60.583856026337216
4.673	60.620421362993277
4.6740000000000004	60.656807212656524
4.6749999999999998	60.693013751220732
4.6760000000000002	60.729041156551034
4.6770000000000005	60.764889608487003
4.6779999999999999	60.800559288845143
4.6790000000000003	60.836050381422794
4.6799999999999997	60.871363071999902
4.681	60.906497548343019
4.6820000000000004	60.941454000206853
4.6829999999999998	60.976232619338688
4.6840000000000002	61.010833599480868
4.6850000000000005	61.045257136372889
4.6859999999999999	61.079503427755434
4.6870000000000003	61.113572673372737
4.6879999999999997	61.147465074974697
4.6890000000000001	61.181180836322262
4.6900000000000004	61.214720163187557
4.6909999999999998	61.248083263358588
4.6920000000000002	61.281270346641108
4.6930000000000005	61.314281624863142
4.694	61.347117311875508
4.6950000000000003	61.379777623556748
4.6959999999999997	61.412262777815059
4.6970000000000001	61.444572994591965
4.6980000000000004	61.476708495864337
4.6989999999999998	61.508669505647923
4.7000000000000002	61.540456249999949
4.7010000000000005	61.572068957022999
4.702	61.603507856865654
4.7030000000000003	61.634773181728825
4.7039999999999997	61.665865165864979
4.7050000000000001	61.696784045584046
4.7060000000000004	61.727530059254448
4.7069999999999999	61.758103447307441
4.7080000000000002	61.788504452238719
4.7090000000000005	61.818733318612125
4.71	61.848790293062471
4.7110000000000003	61.878675624298502
4.7119999999999997	61.908389563105352
4.7130000000000001	61.937932362348086
4.7140000000000004	61.967304276974737
4.7149999999999999	61.996505564017511
4.7160000000000002	62.025536482599286
4.7170000000000005	62.054397293931771
4.718	62.08308826132351
4.7190000000000003	62.111609650177705
4.7199999999999998	62.139961728000088
4.7210000000000001	62.168144764397788
4.7220000000000004	62.196159031084619
4.7229999999999999	62.224004801883574
4.7240000000000002	62.251682352729055
4.7250000000000005	62.279191961669888
4.726	62.306533908873476
4.7270000000000003	62.333708476627343
4.7279999999999998	62.360715949342868
4.7290000000000001	62.387556613557088
4.7300000000000004	62.41423075793756
4.7309999999999999	62.440738673283512
4.7320000000000002	62.467080652529241
4.7330000000000005	62.493256990747952
4.734	62.519267985153505
4.7350000000000003	62.545113935103409
4.7359999999999998	62.570795142103044
4.7370000000000001	62.596311909806843
4.7380000000000004	62.621664544022345
4.7389999999999999	62.64685335271259
4.7400000000000002	62.671878646000103
4.7409999999999997	62.696740736167754
4.742	62.721439937663774
4.7430000000000003	62.745976567103554
4.7439999999999998	62.770350943272888
4.7450000000000001	62.794563387130822
4.7460000000000004	62.818614221812652
4.7469999999999999	62.842503772632575
4.7480000000000002	62.866232367086653
4.7489999999999997	62.889800334857007
4.75	62.9132080078125
4.7510000000000003	62.936455720013505
4.7519999999999998	62.959543807713317
4.7530000000000001	62.982472609363072
4.7540000000000004	63.005242465612582
4.7549999999999999	63.02785371931455
4.7560000000000002	63.050306715526922
4.7569999999999997	63.072601801516861
4.758	63.094739326761108
4.7590000000000003	63.116719642952553
4.7599999999999998	63.138543104000107
4.7610000000000001	63.160210066032626
4.7620000000000005	63.181720887402697
4.7629999999999999	63.203075928688385
4.7640000000000002	63.224275552696859
4.7649999999999997	63.245320124466723
4.766	63.266210011271561
4.7670000000000003	63.286945582622252
4.7679999999999998	63.307527210270798
4.7690000000000001	63.327955268211944
4.7700000000000005	63.348230132687327
4.7709999999999999	63.368352182188346
4.7720000000000002	63.388321797457351
4.7729999999999997	63.408139361492978
4.774	63.427805259551427
4.7750000000000004	63.447319879150413
4.7759999999999998	63.466683610071016
4.7770000000000001	63.485896844361655
4.7780000000000005	63.504959976340288
4.7789999999999999	63.523873402597545
4.7800000000000002	63.54263752200012
4.7809999999999997	63.561252735692712
4.782	63.579719447101851
4.7830000000000004	63.598038061938439
4.7839999999999998	63.616208988200796
4.7850000000000001	63.634232636177707
4.7860000000000005	63.652109418450571
4.7869999999999999	63.669839749897221
4.7880000000000003	63.687424047694783
4.7889999999999997	63.704862731322024
4.79	63.722156222562489
4.7910000000000004	63.739304945508138
4.7919999999999998	63.756309326561158
4.7930000000000001	63.773169794437827
4.7940000000000005	63.789886780170512
4.7949999999999999	63.806460717111456
4.7960000000000003	63.822892040934974
4.7969999999999997	63.839181189641316
4.798	63.855328603559215
4.7990000000000004	63.871334725347495
4.7999999999999998	63.887199999999922
4.8010000000000002	63.902924874847542
4.8020000000000005	63.918509799560631
4.8029999999999999	63.933955226153216
4.8040000000000003	63.949261608984841
4.8049999999999997	63.96442940476382
4.806	63.979459072549645
4.8070000000000004	63.994351073757215
4.8079999999999998	64.009105872158813
4.8090000000000002	64.023723933886799
4.8100000000000005	64.038205727437585
4.8109999999999999	64.052551723673162
4.8120000000000003	64.066762395825464
4.8129999999999997	64.080838219497807
4.8140000000000001	64.094779672669588
4.8150000000000004	64.108587235697087
4.8159999999999998	64.122261391318872
4.8170000000000002	64.135802624656591
4.8180000000000005	64.149211423218162
4.819	64.162488276902195
4.8200000000000003	64.175633677999883
4.8209999999999997	64.188648121197446
4.8220000000000001	64.201532103579893
4.8230000000000004	64.214286124633361
4.8239999999999998	64.226910686248942
4.8250000000000002	64.239406292724439
4.8260000000000005	64.251773450768695
4.827	64.264012669502236
4.8280000000000003	64.276124460462739
4.8289999999999997	64.288109337606741
4.8300000000000001	64.299967817312606
4.8310000000000004	64.311700418382969
4.8319999999999999	64.323307662049331
4.8330000000000002	64.334790071972563
4.8340000000000005	64.346148174248427
4.835	64.357382497408224
4.8360000000000003	64.368493572423105
4.8369999999999997	64.379481932706341
4.8380000000000001	64.390348114117273
4.8390000000000004	64.401092654962312
4.8399999999999999	64.411716096000177
4.8410000000000002	64.422218980442253
4.8420000000000005	64.432601853958715
4.843	64.442865264678275
4.8440000000000003	64.45300976319308
4.8449999999999998	64.463035902560492
4.8460000000000001	64.47294423830742
4.8470000000000004	64.482735328432085
4.8479999999999999	64.49240973340676
4.8490000000000002	64.501968016181607
4.8500000000000005	64.511410742187522
4.851	64.520738479337837
4.8520000000000003	64.529951798033096
4.8529999999999998	64.539051271162649
4.8540000000000001	64.548037474107304
4.8550000000000004	64.556910984743951
4.8559999999999999	64.565672383447293
4.8570000000000002	64.574322253091466
4.8580000000000005	64.582861179055939
4.859	64.591289749227343
4.8600000000000003	64.599608553999929
4.8609999999999998	64.607818186282287
4.8620000000000001	64.615919241497792
4.8630000000000004	64.623912317588292
4.8639999999999999	64.631798015017011
4.8650000000000002	64.639576936771448
4.8659999999999997	64.647249688366557
4.867	64.654816877847011
4.8680000000000003	64.66227911579081
4.8689999999999998	64.669637015311352
4.8700000000000001	64.676891192062669
4.8710000000000004	64.684042264237917
4.8719999999999999	64.691090852577162
4.8730000000000002	64.698037580367611
4.8739999999999997	64.704883073446538
4.875	64.711627960205078
4.8760000000000003	64.718272871590926
4.8769999999999998	64.724818441111367
4.8780000000000001	64.731265304835247
4.8790000000000004	64.737614101397142
4.8799999999999999	64.743865471999911
4.8810000000000002	64.750020060417413
4.8819999999999997	64.75607851299678
4.883	64.762041478663207
4.8840000000000003	64.767909608920803
4.8849999999999998	64.773683557857339
4.8860000000000001	64.779363982145611
4.8870000000000005	64.784951541046979
4.8879999999999999	64.790446896414693
4.8890000000000002	64.795850712696179
4.8899999999999997	64.801163656937632
4.891	64.806386398782777
4.8920000000000003	64.811519610481156
4.8929999999999998	64.816563966887472
4.8940000000000001	64.821520145465357
4.8950000000000005	64.826388826291094
4.8959999999999999	64.831170692054755
4.8970000000000002	64.835866428066339
4.8979999999999997	64.840476722254039
4.899	64.845002265172184
4.9000000000000004	64.849443749999892
4.9009999999999998	64.853801872547123
4.9020000000000001	64.858077331255956
4.9030000000000005	64.862270827203048
4.9039999999999999	64.866383064105207
4.9050000000000002	64.870414748318424
4.9059999999999997	64.874366588844708
4.907	64.878239297332087
4.9080000000000004	64.882033588078812
4.9089999999999998	64.885750178036673
4.9100000000000001	64.889389786812416
4.9110000000000005	64.89295313667283
4.9119999999999999	64.896440952545348
4.9130000000000003	64.89985396202259
4.9139999999999997	64.903192895364441
4.915	64.906458485501815
4.9160000000000004	64.909651468039073
4.9169999999999998	64.912772581256078
4.9180000000000001	64.915822566113292
4.9190000000000005	64.918802166252206
4.9199999999999999	64.921712128000024
4.9210000000000003	64.924553200372031
4.9219999999999997	64.927326135074736
4.923	64.930031686508158
4.9240000000000004	64.932670611768955
4.9249999999999998	64.935243670654259
4.9260000000000002	64.937751625663736
4.9270000000000005	64.940195242001636
4.9279999999999999	64.942575287582741
4.9290000000000003	64.944892533031449
4.9299999999999997	64.947147751687652
4.931	64.94934171960756
4.9320000000000004	64.951475215569232
4.9329999999999998	64.953549021072362
4.9340000000000002	64.955563920343536
4.9350000000000005	64.957520700337625
4.9359999999999999	64.959420150743114
4.9370000000000003	64.961263063981235
4.9379999999999997	64.963050235212464
4.9390000000000001	64.964782462336814
4.9400000000000004	64.966460546000079
4.9409999999999998	64.968085289592295
4.9420000000000002	64.969657499253927
4.9430000000000005	64.97117798387805
4.944	64.972647555112886
4.9450000000000003	64.974067027365123
4.9459999999999997	64.975437217802678
4.9470000000000001	64.976758946356824
4.9480000000000004	64.978033035726725
4.9489999999999998	64.979260311381367
4.9500000000000002	64.980441601562632
4.9510000000000005	64.981577737287523
4.952	64.982669552353073
4.9530000000000003	64.983717883337349
4.9539999999999997	64.984723569602465
4.9550000000000001	64.985687453298738
4.9560000000000004	64.986610379367121
4.9569999999999999	64.987493195540935
4.9580000000000002	64.988336752351174
4.9590000000000005	64.989141903126949
4.96	64.989909503999911
4.9610000000000003	64.990640413907229
4.9619999999999997	64.991335494592747
4.9630000000000001	64.991995610613017
4.9640000000000004	64.992621629337009
4.9649999999999999	64.993214420951233
4.9660000000000002	64.993774858461833
4.9670000000000005	64.994303817696405
4.968	64.994802177310675
4.9690000000000003	64.995270818786338
4.9699999999999998	64.995710626437585
4.9710000000000001	64.996122487412734
4.9720000000000004	64.996507291697213
4.9729999999999999	64.996865932117146
4.9740000000000002	64.997199304341478
4.9750000000000005	64.997508306884924
4.976	64.997793841110905
4.9770000000000003	64.998056811236168
4.9779999999999998	64.998298124330077
4.9790000000000001	64.998518690321873
4.9800000000000004	64.998719421999937
4.9809999999999999	64.998901235016916
4.9820000000000002	64.999065047891676
4.9830000000000005	64.999211782012893
4.984	64.999342361640799
4.9850000000000003	64.999457713912079
4.9859999999999998	64.9995587688407
4.9870000000000001	64.999646459321596
4.9880000000000004	64.999721721134563
4.9889999999999999	64.999785492946259
4.9900000000000002	64.999838716312439
4.9910000000000005	64.999882335682528
4.992	64.999917298401186
4.9930000000000003	64.9999445547123
4.9939999999999998	64.999965057760335
4.9950000000000001	64.999979763595718
4.9960000000000004	64.999989631174998
4.9969999999999999	64.999995622365958
4.9980000000000002	64.99999870194938
4.9989999999999997	64.999999837621928
5	65
5.0010000000000003	64.999999837621857
5.0019999999999998	64.999998701949224
5.0030000000000001	64.999995622365958
5.0040000000000004	64.99998963117504
5.0049999999999999	64.999979763595704
5.0060000000000002	64.999965057760463
5.0069999999999997	64.999944554712215
5.008	64.999917298401286
5.0090000000000003	64.999882335682557
5.0099999999999998	64.999838716312496
5.0110000000000001	64.999785492946259
5.0120000000000005	64.999721721134719
5.0129999999999999	64.99964645932161
5.0140000000000002	64.999558768840544
5.0149999999999997	64.999457713912108
5.016	64.999342361640956
5.0170000000000003	64.999211782012864
5.0179999999999998	64.999065047891776
5.0190000000000001	64.998901235016959
5.0200000000000005	64.998719422000008
5.0209999999999999	64.998518690321916
5.0220000000000002	64.998298124330219
5.0229999999999997	64.998056811236012
5.024	64.997793841111047
5.0250000000000004	64.997508306884768
5.0259999999999998	64.997199304341464
5.0270000000000001	64.996865932117259
5.0280000000000005	64.99650729169727
5.0289999999999999	64.99612248741262
5.0300000000000002	64.9957106264375
5.0309999999999997	64.995270818786324
5.032	64.994802177310717
5.0330000000000004	64.994303817696675
5.0339999999999998	64.993774858461549
5.0350000000000001	64.993214420951176
5.0360000000000005	64.992621629336966
5.0369999999999999	64.991995610612932
5.0380000000000003	64.991335494592775
5.0389999999999997	64.99064041390703
5.04	64.989909504000011
5.0410000000000004	64.989141903126963
5.0419999999999998	64.988336752351216
5.0430000000000001	64.987493195541077
5.0440000000000005	64.986610379367036
5.0449999999999999	64.985687453298837
5.0460000000000003	64.984723569602451
5.0469999999999997	64.98371788333732
5.048	64.982669552353272
5.0490000000000004	64.981577737287679
5.0499999999999998	64.980441601562489
5.0510000000000002	64.979260311381381
5.0520000000000005	64.97803303572671
5.0529999999999999	64.976758946356725
5.0540000000000003	64.975437217802536
5.0549999999999997	64.974067027365237
5.056	64.972647555112957
5.0570000000000004	64.971177983877993
5.0579999999999998	64.969657499253771
5.0590000000000002	64.968085289592082
5.0600000000000005	64.966460545999993
5.0609999999999999	64.964782462337041
5.0620000000000003	64.963050235212208
5.0629999999999997	64.961263063981136
5.0640000000000001	64.959420150743043
5.0650000000000004	64.957520700337881
5.0659999999999998	64.955563920343465
5.0670000000000002	64.953549021072391
5.0680000000000005	64.951475215569275
5.069	64.949341719607744
5.0700000000000003	64.947147751687496
5.0709999999999997	64.944892533031449
5.0720000000000001	64.942575287582713
5.0730000000000004	64.940195242001792
5.0739999999999998	64.937751625663537
5.0750000000000002	64.935243670654302
5.0760000000000005	64.932670611768955
5.077	64.930031686508045
5.0780000000000003	64.927326135074779
5.0789999999999997	64.924553200372145
5.0800000000000001	64.921712127999996
5.0810000000000004	64.918802166252107
5.0819999999999999	64.915822566113221
5.0830000000000002	64.912772581256192
5.0840000000000005	64.909651468039044
5.085	64.906458485501958
5.0860000000000003	64.903192895364455
5.0869999999999997	64.899853962022448
5.0880000000000001	64.896440952545277
5.0890000000000004	64.892953136672801
5.0899999999999999	64.889389786812501
5.0910000000000002	64.885750178036503
5.0920000000000005	64.882033588078713
5.093	64.878239297331859
5.0940000000000003	64.874366588844538
5.0949999999999998	64.870414748318353
5.0960000000000001	64.866383064104951
5.0970000000000004	64.862270827203105
5.0979999999999999	64.858077331255785
5.0990000000000002	64.853801872547209
5.1000000000000005	64.849443749999992
5.101	64.845002265172155
5.1020000000000003	64.840476722254223
5.1029999999999998	64.835866428066268
5.1040000000000001	64.831170692055039
5.1050000000000004	64.826388826291023
5.1059999999999999	64.821520145465456
5.1070000000000002	64.816563966887514
5.1080000000000005	64.81151961048127
5.109	64.806386398782877
5.1100000000000003	64.80116365693749
5.1109999999999998	64.795850712696563
5.1120000000000001	64.790446896414721
5.1130000000000004	64.784951541046922
5.1139999999999999	64.77936398214554
5.1150000000000002	64.773683557857424
5.1160000000000005	64.767909608920959
5.117	64.762041478663164
5.1180000000000003	64.75607851299678
5.1189999999999998	64.750020060417285
5.1200000000000001	64.743865471999996
5.1210000000000004	64.737614101397213
5.1219999999999999	64.731265304835219
5.1230000000000002	64.724818441111324
5.1239999999999997	64.71827287159104
5.125	64.711627960205078
5.1260000000000003	64.704883073446453
5.1269999999999998	64.698037580367583
5.1280000000000001	64.691090852577275
5.1290000000000004	64.684042264237931
5.1299999999999999	64.676891192062499
5.1310000000000002	64.669637015311622
5.1319999999999997	64.662279115790724
5.133	64.654816877846983
5.1340000000000003	64.647249688366529
5.1349999999999998	64.639576936771491
5.1360000000000001	64.631798015016955
5.1370000000000005	64.623912317588236
5.1379999999999999	64.615919241497778
5.1390000000000002	64.60781818628233
5.1399999999999997	64.599608554
5.141	64.591289749227286
5.1420000000000003	64.582861179056209
5.1429999999999998	64.574322253091395
5.1440000000000001	64.565672383447037
5.1450000000000005	64.556910984744135
5.1459999999999999	64.54803747410746
5.1470000000000002	64.539051271162649
5.1479999999999997	64.529951798033281
5.149	64.520738479337993
5.1500000000000004	64.511410742187493
5.1509999999999998	64.501968016181706
5.1520000000000001	64.492409733406717
5.1530000000000005	64.482735328432042
5.1539999999999999	64.472944238307534
5.1550000000000002	64.463035902560549
5.1559999999999997	64.453009763192952
5.157	64.442865264678304
5.1580000000000004	64.432601853958772
5.1589999999999998	64.422218980442395
5.1600000000000001	64.411716095999992
5.1610000000000005	64.401092654962341
5.1619999999999999	64.390348114117231
5.1630000000000003	64.379481932706454
5.1639999999999997	64.368493572423034
5.165	64.357382497408196
5.1660000000000004	64.346148174248455
5.1669999999999998	64.334790071972705
5.1680000000000001	64.323307662049274
5.1690000000000005	64.311700418383055
5.1699999999999999	64.299967817312492
5.1710000000000003	64.288109337606755
5.1719999999999997	64.276124460462725
5.173	64.264012669502108
5.1740000000000004	64.251773450768525
5.1749999999999998	64.23940629272461
5.1760000000000002	64.226910686248956
5.1770000000000005	64.214286124633361
5.1779999999999999	64.20153210357978
5.1790000000000003	64.18864812119746
5.1799999999999997	64.175633677999997
5.181	64.162488276902408
5.1820000000000004	64.149211423218219
5.1829999999999998	64.13580262465652
5.1840000000000002	64.122261391319029
5.1850000000000005	64.108587235697257
5.1859999999999999	64.094779672669461
5.1870000000000003	64.080838219497764
5.1879999999999997	64.066762395825293
5.1890000000000001	64.052551723673119
5.1900000000000004	64.0382057274375
5.1909999999999998	64.023723933886828
5.1920000000000002	64.009105872158713
5.1930000000000005	63.994351073757159
5.194	63.979459072549538
5.1950000000000003	63.964429404763663
5.1959999999999997	63.949261608984962
5.1970000000000001	63.933955226153422
5.1980000000000004	63.918509799560773
5.1989999999999998	63.902924874847521
5.2000000000000002	63.887199999999993
5.2010000000000005	63.871334725347467
5.202	63.855328603559215
5.2030000000000003	63.839181189641572
5.2039999999999997	63.822892040935045
5.2050000000000001	63.806460717111321
5.2060000000000004	63.789886780170448
5.2069999999999999	63.773169794437827
5.2080000000000002	63.756309326561279
5.2090000000000005	63.739304945508167
5.21	63.722156222562496
5.2110000000000003	63.704862731321882
5.2119999999999997	63.687424047694719
5.2130000000000001	63.669839749897228
5.2140000000000004	63.652109418450529
5.2149999999999999	63.634232636177735
5.2160000000000002	63.616208988200952
5.2170000000000005	63.598038061938468
5.218	63.57971944710178
5.2190000000000003	63.561252735692577
5.2199999999999998	63.542637522000007
5.2210000000000001	63.52387340259753
5.2220000000000004	63.504959976340217
5.2229999999999999	63.48589684436164
5.2240000000000002	63.466683610071037
5.2250000000000005	63.447319879150378
5.226	63.427805259551455
5.2270000000000003	63.408139361492886
5.2279999999999998	63.38832179745728
5.2290000000000001	63.368352182188247
5.2300000000000004	63.34823013268749
5.2309999999999999	63.327955268211944
5.2320000000000002	63.30752721027072
5.2330000000000005	63.286945582622288
5.234	63.266210011271539
5.2350000000000003	63.245320124466794
5.2359999999999998	63.224275552696966
5.2370000000000001	63.203075928688548
5.2380000000000004	63.181720887402768
5.2389999999999999	63.160210066032647
5.2400000000000002	63.138543103999993
5.2410000000000005	63.116719642952589
5.242	63.094739326761221
5.2430000000000003	63.07260180151669
5.2439999999999998	63.050306715527043
5.2450000000000001	63.02785371931445
5.2460000000000004	63.005242465612447
5.2469999999999999	62.982472609362958
5.2480000000000002	62.959543807713281
5.2489999999999997	62.936455720013313
5.25	62.9132080078125
5.2510000000000003	62.889800334856993
5.2519999999999998	62.866232367086724
5.2530000000000001	62.842503772632355
5.2540000000000004	62.818614221812531
5.2549999999999999	62.794563387130864
5.2560000000000002	62.770350943272952
5.2569999999999997	62.745976567103618
5.258	62.721439937663781
5.2590000000000003	62.696740736167705
5.2599999999999998	62.671878646000003
5.2610000000000001	62.646853352712661
5.2620000000000005	62.621664544022209
5.2629999999999999	62.596311909806772
5.2640000000000002	62.570795142103037
5.2649999999999997	62.545113935103522
5.266	62.519267985153462
5.2670000000000003	62.493256990748002
5.2679999999999998	62.467080652529283
5.2690000000000001	62.44073867328337
5.2700000000000005	62.414230757937489
5.2709999999999999	62.387556613557066
5.2720000000000002	62.360715949342712
5.2729999999999997	62.333708476627422
5.274	62.30653390887354
5.2750000000000004	62.279191961669916
5.2759999999999998	62.251682352728963
5.2770000000000001	62.224004801883673
5.2780000000000005	62.196159031084768
5.2789999999999999	62.16814476439778
5.2800000000000002	62.139961727999989
5.2809999999999997	62.111609650177733
5.282	62.083088261323212
5.2830000000000004	62.054397293931814
5.2839999999999998	62.025536482599044
5.2850000000000001	61.996505564017568
5.2860000000000005	61.967304276974446
5.2869999999999999	61.937932362348079
5.2880000000000003	61.908389563105267
5.2889999999999997	61.878675624298438
5.29	61.848790293062493
5.2910000000000004	61.818733318612125
5.2919999999999998	61.788504452238726
5.2930000000000001	61.758103447307477
5.2940000000000005	61.727530059254526
5.2949999999999999	61.696784045583982
5.2960000000000003	61.665865165864957
5.2969999999999997	61.63477318172874
5.298	61.603507856865775
5.2990000000000004	61.572068957022829
5.2999999999999998	61.540456250000013
5.3010000000000002	61.508669505647781
5.3020000000000005	61.476708495864202
5.3029999999999999	61.444572994591894
5.3040000000000003	61.41226277781503
5.3049999999999997	61.379777623556642
5.306	61.347117311875458
5.3070000000000004	61.314281624863135
5.3079999999999998	61.281270346641278
5.3090000000000002	61.248083263358488
5.3100000000000005	61.214720163187486
5.3109999999999999	61.181180836322191
5.3120000000000003	61.147465074974711
5.3129999999999997	61.113572673372552
5.3140000000000001	61.07950342775554
5.3150000000000004	61.045257136373039
5.3159999999999998	61.010833599480968
5.3170000000000002	60.976232619338788
5.3180000000000005	60.941454000206761
5.319	60.906497548342898
5.3200000000000003	60.871363071999994
5.3209999999999997	60.836050381422865
5.3220000000000001	60.800559288845214
5.3230000000000004	60.764889608486939
5.3239999999999998	60.729041156551048
5.3250000000000002	60.693013751220704
5.3260000000000005	60.656807212656446
5.327	60.620421362993198
5.3280000000000003	60.583856026337266
5.3289999999999997	60.54711102876356
5.3300000000000001	60.510186198312496
5.3310000000000004	60.473081364987245
5.3319999999999999	60.435796360750729
5.3330000000000002	60.398331019522601
5.3340000000000005	60.360685177176514
5.335	60.322858671537105
5.3360000000000003	60.284851342376953
5.3369999999999997	60.246663031413867
5.3380000000000001	60.208293582307782
5.3390000000000004	60.169742840657946
5.3399999999999999	60.131010654000001
5.3410000000000002	60.092096871802909
5.3420000000000005	60.0530013454662
5.343	60.013723928317013
5.3440000000000003	59.974264475607029
5.3449999999999998	59.934622844509775
5.3460000000000001	59.894798894117457
5.3470000000000004	59.854792485438253
5.3479999999999999	59.814603481393291
5.3490000000000002	59.774231746813605
5.3500000000000005	59.733677148437472
5.351	59.692939554907326
5.3520000000000003	59.6520188367667
5.3529999999999998	59.610914866457684
5.3540000000000001	59.569627518317539
5.3550000000000004	59.528156668576152
5.3559999999999999	59.486502195352969
5.3570000000000002	59.444663978653914
5.3580000000000005	59.402641900368749
5.359	59.360435844268025
5.3600000000000003	59.318045695999984
5.3609999999999998	59.275471343087986
5.3620000000000001	59.232712674927214
5.3630000000000004	59.189769582782056
5.3639999999999999	59.146641959783047
5.3650000000000002	59.103329700923815
5.3660000000000005	59.059832703058433
5.367	59.016150864898336
5.3680000000000003	58.972284087009264
5.3689999999999998	58.928232271808696
5.3700000000000001	58.883995323562488
5.3710000000000004	58.839573148382357
5.3719999999999999	58.794965654222729
5.3730000000000002	58.750172750877731
5.3740000000000006	58.70519434997852
5.375	58.660030364990234
5.3760000000000003	58.614680711208941
5.3769999999999998	58.569145305758994
5.3780000000000001	58.523424067589772
5.3790000000000004	58.477516917473068
5.3799999999999999	58.431423778000003
5.3810000000000002	58.385144573578032
5.3819999999999997	58.338679230428227
5.383	58.292027676582144
5.3840000000000003	58.245189841879025
5.3849999999999998	58.198165657962896
5.3860000000000001	58.150955058279457
5.3870000000000005	58.103557978073361
5.3879999999999999	58.055974354385285
5.3890000000000002	58.008204126048732
5.3899999999999997	57.960247233687511
5.391	57.91210361971244
5.3920000000000003	57.863773228318699
5.3929999999999998	57.815256005482809
5.3940000000000001	57.766551898959534
5.3950000000000005	57.717660858279274
5.3959999999999999	57.668582834744967
5.3970000000000002	57.619317781429032
5.3979999999999997	57.569865653170794
5.399	57.520226406573137
5.4000000000000004	57.470399999999984
5.4009999999999998	57.420386393573118
5.4020000000000001	57.370185549169207
5.4030000000000005	57.319797430417175
5.4039999999999999	57.269222002695045
5.4050000000000002	57.218459233126943
5.4059999999999997	57.167509090580474
5.407	57.116371545663455
5.4080000000000004	57.065046570721258
5.4089999999999998	57.013534139833823
5.4100000000000001	56.961834228812492
5.4110000000000005	56.909946815197479
5.4119999999999999	56.857871878254727
5.4130000000000003	56.805609398972848
5.4139999999999997	56.753159360060558
5.415	56.700521745943355
5.4160000000000004	56.64769654276094
5.4169999999999998	56.594683738364118
5.4180000000000001	56.54148332231177
5.4190000000000005	56.488095285868184
5.4199999999999999	56.434519622000003
5.4210000000000003	56.380756325373142
5.4219999999999997	56.326805392350238
5.423	56.272666820987268
5.4240000000000004	56.218340611031017
5.4249999999999998	56.163826763916028
5.4260000000000002	56.109125282761454
5.4270000000000005	56.054236172368491
5.4279999999999999	55.999159439217287
5.4290000000000003	55.943895091463851
5.4299999999999997	55.888443138937525
5.431	55.832803593137569
5.4320000000000004	55.776976467230696
5.4329999999999998	55.720961776047929
5.4340000000000002	55.664759536081533
5.4350000000000005	55.608369765482394
5.4359999999999999	55.551792484056968
5.4370000000000003	55.495027713264157
5.4379999999999997	55.438075476212795
5.4390000000000001	55.380935797658275
5.4400000000000004	55.32360870399998
5.4409999999999998	55.266094223278238
5.4420000000000002	55.208392385171216
5.4430000000000005	55.150503220992299
5.444	55.092426763687044
5.4450000000000003	55.034163047830056
5.4459999999999997	54.975712109622471
5.4470000000000001	54.917073986888575
5.4480000000000004	54.858248719073252
5.4489999999999998	54.799236347238946
5.4500000000000002	54.740036914062493
5.4510000000000005	54.680650463832599
5.452	54.621077042446721
5.4530000000000003	54.56131669740796
5.4539999999999997	54.50136947782255
5.4550000000000001	54.441235434396482
5.4560000000000004	54.380914619432936
5.4569999999999999	54.320407086829242
5.4580000000000002	54.259712892073765
5.4590000000000005	54.1988320922433
5.46	54.137764746000002
5.4610000000000003	54.076510913588272
5.4619999999999997	54.015070656832236
5.4630000000000001	53.953444039132393
5.4640000000000004	53.891631125463014
5.4649999999999999	53.82963198236915
5.4660000000000002	53.767446677963441
5.4670000000000005	53.705075281923612
5.468	53.642517865489289
5.4690000000000003	53.579774501458971
5.4699999999999998	53.516845264187516
5.4710000000000001	53.453730229582682
5.4720000000000004	53.3904294751027
5.4729999999999999	53.326943079753057
5.4740000000000002	53.263271124083523
5.4750000000000005	53.199413690185516
5.476	53.135370861688962
5.4770000000000003	53.07114272375928
5.4779999999999998	53.006729363094792
5.4790000000000001	52.942130867923396
5.4800000000000004	52.877347327999971
5.4809999999999999	52.812378834603358
5.4820000000000002	52.74722548053321
5.4830000000000005	52.681887360107417
5.484	52.616364569159039
5.4850000000000003	52.550657205033183
5.4859999999999998	52.484765366584476
5.4870000000000001	52.418689154173691
5.4880000000000004	52.352428669665251
5.4889999999999999	52.285984016424052
5.4900000000000002	52.219355299312483
5.4910000000000005	52.152542624687719
5.492	52.085546100398716
5.4930000000000003	52.018365835783086
5.4939999999999998	51.951001941664551
5.4950000000000001	51.883454530349603
5.4960000000000004	51.815723715624934
5.4969999999999999	51.747809612754367
5.4980000000000002	51.67971233847576
5.4990000000000006	51.611432010998428
5.5	51.54296875
5.5010000000000003	51.474322676623387
5.5019999999999998	51.405493913474231
5.5030000000000001	51.336482584617507
5.5040000000000004	51.267288815575007
5.5049999999999999	51.197912733322269
5.5060000000000002	51.128354466285451
5.5069999999999997	51.05861414433879
5.508	50.988691898801278
5.5090000000000003	50.918587862434094
5.5099999999999998	50.84830216943751
5.5110000000000001	50.777834955447808
5.5120000000000005	50.707186357534688
5.5129999999999999	50.636356514198177
5.5140000000000002	50.565345565365526
5.5149999999999997	50.49415365238869
5.516	50.422780918040957
5.5170000000000003	50.351227506514391
5.5179999999999998	50.279493563416793
5.5190000000000001	50.207579235768513
5.5200000000000005	50.135484671999961
5.5209999999999999	50.063210021948478
5.5220000000000002	49.990755436855203
5.5229999999999997	49.918121069362606
5.524	49.845307073511044
5.5250000000000004	49.772313604736297
5.5259999999999998	49.699140819866471
5.5270000000000001	49.625788877118815
5.5280000000000005	49.552257936097256
5.5289999999999999	49.478548157789184
5.5300000000000002	49.404659704562484
5.5309999999999997	49.330592740162899
5.532	49.256347429710722
5.5330000000000004	49.181923939698208
5.5339999999999998	49.107322437986554
5.5350000000000001	49.032543093802715
5.5360000000000005	48.95758607773692
5.5369999999999999	48.882451561739494
5.5380000000000003	48.807139719117757
5.5389999999999997	48.731650724533608
5.54	48.655984753999995
5.5410000000000004	48.580141984878516
5.5419999999999998	48.504122595876233
5.5430000000000001	48.427926767042628
5.5440000000000005	48.351554679767013
5.5449999999999999	48.275006516775392
5.5460000000000003	48.198282462127445
5.5469999999999997	48.121382701213918
5.548	48.04430742075327
5.5490000000000004	47.967056808789209
5.5499999999999998	47.88963105468752
5.5510000000000002	47.812030349132939
5.5520000000000005	47.734254884126678
5.5529999999999999	47.656304852983297
5.5540000000000003	47.578180450327523
5.5549999999999997	47.499881872091819
5.556	47.421409315512953
5.5570000000000004	47.342762979129517
5.5579999999999998	47.263943062778786
5.5590000000000002	47.184949767593636
5.5600000000000005	47.105783295999963
5.5609999999999999	47.026443851713609
5.5620000000000003	46.946931639737187
5.5629999999999997	46.867246866357718
5.5640000000000001	46.78738973914303
5.5650000000000004	46.707360466939427
5.5659999999999998	46.627159259868478
5.5670000000000002	46.546786329323943
5.5680000000000005	46.46624188796924
5.569	46.385526149734311
5.5700000000000003	46.304639329812474
5.5709999999999997	46.223581644658033
5.5720000000000001	46.14235331198271
5.5730000000000004	46.060954550753323
5.5739999999999998	45.979385581188559
5.5750000000000002	45.897646624755851
5.5760000000000005	45.81573790416892
5.577	45.733659643384613
5.5780000000000003	45.651412067599757
5.5789999999999997	45.568995403248721
5.5800000000000001	45.486409877999996
5.5810000000000004	45.403655720753633
5.5819999999999999	45.320733161638231
5.5830000000000002	45.237642432007746
5.5840000000000005	45.154383764438997
5.585	45.070957392728516
5.5860000000000003	44.98736355188943
5.5869999999999997	44.903602478149033
5.5880000000000001	44.819674408945268
5.5890000000000004	44.735579582924331
5.5899999999999999	44.651318239937517
5.5910000000000002	44.566890621038048
5.5920000000000005	44.482296968478678
5.593	44.397537525708422
5.5940000000000003	44.312612537369517
5.5949999999999998	44.227522249294942
5.5960000000000001	44.142266908504944
5.5970000000000004	44.056846763204639
5.5979999999999999	43.971262062780795
5.5990000000000002	43.885513057798754
5.6000000000000005	43.799599999999948
5.601	43.713523142298726
5.6020000000000003	43.627282738779193
5.6029999999999998	43.540879044692844
5.6040000000000001	43.454312316455038
5.6050000000000004	43.367582811642542
5.6059999999999999	43.280690788990469
5.6070000000000002	43.193636508389062
5.6080000000000005	43.106420230881234
5.609	43.019042218659429
5.6100000000000003	42.931502735062473
5.6109999999999998	42.843802044573152
5.6120000000000001	42.755940412814709
5.6130000000000004	42.667918106548449
5.6139999999999999	42.579735393670553
5.6150000000000002	42.491392543208967
5.6160000000000005	42.402889825320905
5.617	42.314227511289737
5.6180000000000003	42.225405873521751
5.6189999999999998	42.136425185543857
5.6200000000000001	42.047285721999991
5.6210000000000004	41.957987758648748
5.6219999999999999	41.868531572360226
5.6230000000000002	41.778917441112874
5.6240000000000006	41.68914564399099
5.625	41.599216461181641
5.6260000000000003	41.509130173971428
5.6269999999999998	41.418887064744162
5.6280000000000001	41.328487416977268
5.6290000000000004	41.237931515239453
5.6299999999999999	41.147219645187505
5.6310000000000002	41.056352093563177
5.6319999999999997	40.96532914819074
5.633	40.874151097973545
5.6340000000000003	40.782818232891515
5.6349999999999998	40.691330843998067
5.6360000000000001	40.599689223416945
5.6370000000000005	40.507893664339754
5.6379999999999999	40.415944461022789
5.6390000000000002	40.323841908783876
5.6399999999999997	40.231586304000025
5.641	40.139177944103849
5.6420000000000003	40.046617127581186
5.6429999999999998	39.953904153967962
5.6440000000000001	39.861039323847031
5.6450000000000005	39.768022938845654
5.6459999999999999	39.674855301632476
5.6470000000000002	39.581536715914176
5.6479999999999997	39.488067486433309
5.649	39.394447918964552
5.6500000000000004	39.300678320312471
5.6509999999999998	39.206758998308274
5.6520000000000001	39.112690261806705
5.6530000000000005	39.018472420683558
5.6539999999999999	38.924105785832552
5.6550000000000002	38.82959066916208
5.6559999999999997	38.734927383592989
5.657	38.640116243054855
5.6580000000000004	38.545157562483745
5.6589999999999998	38.450051657818975
5.6600000000000001	38.35479884599998
5.6610000000000005	38.259399444963869
5.6619999999999999	38.163853773642224
5.6630000000000003	38.068162151957999
5.6639999999999997	37.972324900823061
5.665	37.876342342134755
5.6660000000000004	37.780214798773414
5.6669999999999998	37.68394259459928
5.6680000000000001	37.587526054449263
5.6690000000000005	37.490965504134572
5.6699999999999999	37.394261270437511
5.6710000000000003	37.297413681108296
5.6719999999999997	37.200423064862747
5.673	37.103289751378668
5.6740000000000004	37.006014071293507
5.6749999999999998	36.90859635620118
5.6760000000000002	36.811036938648954
5.6770000000000005	36.713336152134879
5.6779999999999999	36.615494331104784
5.6790000000000003	36.517511810949003
5.6799999999999997	36.419388928000025
5.681	36.321126019528968
5.6820000000000004	36.222723423743183
5.6829999999999998	36.12418147978309
5.6840000000000002	36.025500527719025
5.6850000000000005	35.926680908548782
5.6859999999999999	35.827722964194464
5.6870000000000003	35.728627037499301
5.6879999999999997	35.629393472225303
5.6890000000000001	35.530022613049674
5.6900000000000004	35.43051480556246
5.6909999999999998	35.3308703962634
5.6920000000000002	35.231089732558701
5.6930000000000005	35.131173162758685
5.694	35.031121036074545
5.6950000000000003	34.930933702615206
5.6959999999999997	34.830611513384994
5.6970000000000001	34.730154820279978
5.6980000000000004	34.629563976085741
5.6989999999999998	34.5288393344741
5.7000000000000002	34.427981249999981
5.7010000000000005	34.326990078098987
5.702	34.225866175084228
5.7030000000000003	34.124609898143113
5.7039999999999997	34.02322160533506
5.7050000000000001	33.921701655587889
5.7060000000000004	33.820050408695423
5.7069999999999999	33.718268225314404
5.7080000000000002	33.616355466961259
5.7090000000000005	33.51431249600968
5.71	33.412139675687513
5.7110000000000003	33.309837370073417
5.7119999999999997	33.207405944094745
5.7130000000000001	33.104845763523784
5.7140000000000004	33.002157194975496
5.7149999999999999	32.899340605904307
5.7160000000000002	32.796396364600945
5.7170000000000005	32.693324840189987
5.718	32.59012640262678
5.7190000000000003	32.486801422694121
5.7199999999999998	32.38335027200003
5.7210000000000001	32.279773322974094
5.7220000000000004	32.176070948865188
5.7229999999999999	32.072243523738209
5.7240000000000002	31.968291422471012
5.7250000000000005	31.864215020751896
5.726	31.76001469507646
5.7270000000000003	31.655690822744425
5.7279999999999998	31.551243781857305
5.7290000000000001	31.4466739513148
5.7300000000000004	31.341981710812462
5.7309999999999999	31.237167440838526
5.7320000000000002	31.132231522670693
5.7330000000000005	31.027174338373804
5.734	30.921996270796544
5.7350000000000003	30.816697703568327
5.7359999999999998	30.711279021096981
5.7370000000000001	30.605740608565096
5.7380000000000004	30.500082851927736
5.7389999999999999	30.394306137909229
5.7400000000000002	30.288410853999974
5.7410000000000005	30.182397388454106
5.742	30.076266130286218
5.7430000000000003	29.970017469268235
5.7439999999999998	29.863651795927066
5.7450000000000001	29.757169501540996
5.7460000000000004	29.650570978137413
5.7469999999999999	29.543856618489524
5.7480000000000002	29.437026816113253
5.7490000000000006	29.330081965264803
5.75	29.2230224609375
5.7510000000000003	29.115848698858521
5.7519999999999998	29.008561075486753
5.7530000000000001	28.901159988008892
5.7540000000000004	28.793645834337497
5.7549999999999999	28.68601901310743
5.7560000000000002	28.578279923672941
5.7570000000000006	28.470428966105107
5.758	28.362466541188777
5.7590000000000003	28.254393050419232
5.7599999999999998	28.146208896000022
5.7610000000000001	28.037914480839206
5.7620000000000005	27.929510208547171
5.7629999999999999	27.820996483433337
5.7640000000000002	27.712373710503016
5.7649999999999997	27.603642295455124
5.766	27.494802644678472
5.7670000000000003	27.385855165249545
5.7679999999999998	27.276800264929317
5.7690000000000001	27.167638352159923
5.7700000000000005	27.05836983606245
5.7709999999999999	26.948995126433633
5.7720000000000002	26.839514633742695
5.7729999999999997	26.729928769129017
5.774	26.620237944398532
5.7750000000000004	26.510442572021443
5.7759999999999998	26.400543065128986
5.7770000000000001	26.290539837510224
5.7780000000000005	26.180433303609728
5.7789999999999999	26.070223878524345
5.7800000000000002	25.959911977999969
5.7809999999999997	25.849498018429315
5.782	25.738982416848213
5.7830000000000004	25.628365590933349
5.7839999999999998	25.51764795899906
5.7850000000000001	25.406829939994129
5.7860000000000005	25.295911953499409
5.7869999999999999	25.184894419724664
5.7880000000000003	25.073777759505248
5.7889999999999997	24.962562394300019
5.79	24.851248746187494
5.7910000000000004	24.739837237863647
5.7919999999999998	24.628328292638745
5.7930000000000001	24.516722334434021
5.7940000000000005	24.405019787779477
5.7949999999999999	24.293221077810546
5.7960000000000003	24.181326630264941
5.7969999999999997	24.069336871480338
5.798	23.957252228390761
5.7990000000000004	23.845073128524355
5.7999999999999998	23.732800000000022
5.8010000000000002	23.62043327152433
5.8020000000000005	23.507973372389177
5.8029999999999999	23.395420732468466
5.8040000000000003	23.282775782215012
5.8049999999999997	23.170038952658235
5.806	23.057210675400444
5.8070000000000004	22.944291382614654
5.8079999999999998	22.831281507041311
5.8090000000000002	22.718181481985049
5.8100000000000005	22.604991741312453
5.8109999999999999	22.491712719448774
5.8120000000000003	22.378344851374678
5.8129999999999997	22.264888572624137
5.8140000000000001	22.151344319280533
5.8150000000000004	22.03771252797457
5.8159999999999998	21.923993635880969
5.8170000000000002	21.810188080715335
5.8180000000000005	21.696296300731731
5.819	21.582318734719468
5.8200000000000003	21.468255821999978
5.8209999999999997	21.354108002424443
5.8220000000000001	21.239875716370214
5.8230000000000004	21.125559404738471
5.8239999999999998	21.011159508951071
5.8250000000000002	20.896676470947245
5.8260000000000005	20.782110733181405
5.827	20.667462738619783
5.8280000000000003	20.552732930737236
5.8289999999999997	20.437921753515131
5.8300000000000001	20.323029651437487
5.8310000000000004	20.20805706948877
5.8319999999999999	20.093004453150737
5.8330000000000002	19.977872248399162
5.8340000000000005	19.862660901701478
5.835	19.747370860013685
5.8360000000000003	19.632002570776947
5.8369999999999997	19.51655648191544
5.8380000000000001	19.401033041832765
5.8390000000000004	19.285432699409476
5.8399999999999999	19.169755904000031
5.8410000000000002	19.054003105429441
5.8420000000000005	18.938174753991163
5.843	18.822271300443589
5.8440000000000003	18.70629319600701
5.8449999999999998	18.590240892361358
5.8460000000000001	18.474114841642471
5.8470000000000004	18.357915496439777
5.8479999999999999	18.241643309793293
5.8490000000000002	18.12529873519015
5.8500000000000005	18.008882226562438
5.851	17.892394238283899
5.8520000000000003	17.775835225166691
5.8529999999999998	17.65920564245927
5.8540000000000001	17.542505945842521
5.8550000000000004	17.425736591427675
5.8559999999999999	17.308898035752968
5.8570000000000002	17.191990735780436
5.8580000000000005	17.075015148893716
5.859	16.957971732894567
5.8600000000000003	16.84086094599996
5.8609999999999998	16.723683246839553
5.8620000000000001	16.606439094452202
5.8630000000000004	16.489128948283575
5.8639999999999999	16.371753268183046
5.8650000000000002	16.254312514400358
5.8660000000000005	16.136807147583394
5.867	16.019237628774889
5.8680000000000003	15.901604419409237
5.8689999999999998	15.783907981310291
5.8700000000000001	15.666148776687475
5.8710000000000004	15.548327268133884
5.8719999999999999	15.430443918622743
5.8730000000000002	15.312499191504257
5.8740000000000006	15.194493550503456
5.875	15.076427459716797
5.8760000000000003	14.958301383608907
5.8769999999999998	14.840115787010562
5.8780000000000001	14.721871135114771
5.8790000000000004	14.603567893474585
5.8799999999999999	14.485206528000004
5.8810000000000002	14.366787504954575
5.8820000000000006	14.248311290953165
5.883	14.129778352958699
5.8840000000000003	14.011189158278999
5.8849999999999998	13.892544174564481
5.8860000000000001	13.773843869804441
5.8870000000000005	13.65508871232489
5.8879999999999999	13.536279170785292
5.8890000000000002	13.417415714175283
5.8899999999999997	13.298498811812523
5.891	13.179528933339004
5.8920000000000003	13.060506548718671
5.8929999999999998	12.94143212823438
5.8940000000000001	12.822306142484521
5.8950000000000005	12.7031290623808
5.8959999999999999	12.583901359144983
5.8970000000000002	12.464623504305584
5.8979999999999997	12.345295969695824
5.899	12.225919227449705
5.9000000000000004	12.106493749999961
5.9009999999999998	11.987020010074714
5.9020000000000001	11.867498480694207
5.9030000000000005	11.747929635168729
5.9039999999999999	11.628313947095039
5.9050000000000002	11.508651890353478
5.9059999999999997	11.388943939105486
5.907	11.269190567790007
5.9080000000000004	11.149392251121251
5.9089999999999998	11.029549464085383
5.9100000000000001	10.909662681937492
5.9110000000000005	10.789732380198993
5.9119999999999999	10.669759034654732
5.9130000000000003	10.549743121349378
5.9139999999999997	10.429685116585587
5.915	10.309585496919906
5.9160000000000004	10.189444739160914
5.9169999999999998	10.069263320365705
5.9180000000000001	9.9490417178367512
5.9190000000000005	9.8287804091197248
5.9199999999999999	9.7084798719999927
5.9210000000000003	9.5881405844996959
5.9219999999999997	9.4677630248752376
5.923	9.3473476716138322
5.9240000000000004	9.2268950034310002
5.9249999999999998	9.1064054992676073
5.9260000000000002	8.985879638286459
5.9270000000000005	8.8653178998700177
5.9279999999999999	8.7447207636172717
5.9290000000000003	8.6240887093404233
5.9299999999999997	8.5034222170625533
5.931	8.382721767014127
5.9320000000000004	8.2619878396306614
5.9329999999999998	8.1412209155495034
5.9340000000000002	8.020421475606506
5.9350000000000005	7.8995900008339275
5.9359999999999999	7.7787269724569743
5.9370000000000003	7.6578328718906787
5.9379999999999997	7.5369081807378162
5.9390000000000001	7.4159533807848224
5.9400000000000004	7.2949689539999589
5.9409999999999998	7.1739553825298072
5.9420000000000002	7.0529131486962013
5.9430000000000005	6.9318427349938263
5.944	6.8107446240870484
5.9450000000000003	6.6896192988066145
5.9459999999999997	6.5684672421475083
5.9470000000000001	6.447288937265137
5.9480000000000004	6.3260848674732442
5.9489999999999998	6.2048555162405288
5.9500000000000002	6.0836013671874865
5.9510000000000005	5.9623229040841279
5.952	5.8410206108467007
5.9530000000000003	5.7196949715345182
5.9539999999999997	5.59834647034757
5.9550000000000001	5.4769755916230531
5.9560000000000004	5.3555828198328923
5.9569999999999999	5.234168639580818
5.9580000000000002	5.112733535598756
5.9590000000000005	4.9912779927448243
5.96	4.8698024960000135
5.9610000000000003	4.7483075304648192
5.9619999999999997	4.6267935813572656
5.9630000000000001	4.5052611340089301
5.9640000000000004	4.3837106738629839
5.9649999999999999	4.262142686470713
5.9660000000000002	4.140557657488448
5.9670000000000005	4.0189560726751665
5.968	3.8973384178892752
5.9690000000000003	3.7757051790854939
5.9699999999999998	3.6540568423125137
5.9710000000000001	3.5323938937092305
5.9720000000000004	3.4107168195026722
5.9729999999999999	3.2890261060046111
5.9740000000000002	3.1673222396085072
5.9750000000000005	3.0456057067870415
5.976	2.9238769940889795
5.9770000000000003	2.8021365881358227
5.9779999999999998	2.6803849756197868
5.9790000000000001	2.5586226432999646
5.9800000000000004	2.4368500779999542
5.9809999999999999	2.3150677666049231
5.9820000000000002	2.1932761960582021
5.9830000000000005	2.0714758533589555
5.984	1.9496672255590382
5.9850000000000003	1.8278507997597144
5.9859999999999998	1.7060270631094698
5.9870000000000001	1.584196502800266
5.9880000000000004	1.4623596060652204
5.9889999999999999	1.3405168601756408
5.9900000000000002	1.2186687524374946
5.9910000000000005	1.0968157701892634
5.992	0.97495840079873053
5.9930000000000003	0.8530971316596363
5.9939999999999998	0.73123245018956196
5.9950000000000001	0.60936484382616463
5.9960000000000004	0.48749480002490803
5.9969999999999999	0.36562280625595317
5.9980000000000002	0.24374935000076112
5.9990000000000006	0.12187491874995812
6	0
6.0010000000000003	-0.12187491875010181
6.0019999999999998	-0.24374935000072007
6.0030000000000001	-0.36562280625595317
6.0040000000000004	-0.48749480002502094
6.0049999999999999	-0.60936484382614409
6.0060000000000002	-0.73123245018959282
6.0070000000000006	-0.85309713165972867
6.008	-0.97495840079872031
6.0090000000000003	-1.0968157701893557
6.0099999999999998	-1.218668752437474
6.0110000000000001	-1.3405168601756512
6.0120000000000005	-1.4623596060653128
6.0129999999999999	-1.5841965028002454
6.0140000000000002	-1.7060270631094905
6.0150000000000006	-1.8278507997598272
6.016	-1.9496672255590484
6.0170000000000003	-2.0714758533590683
6.0179999999999998	-2.1932761960581817
6.0190000000000001	-2.3150677666049435
6.0200000000000005	-2.436850078000067
6.0209999999999999	-2.5586226432999442
6.0220000000000002	-2.6803849756198175
6.0229999999999997	-2.8021365881358227
6.024	-2.9238769940889386
6.0250000000000004	-3.045605706787144
6.0259999999999998	-3.1673222396085481
6.0270000000000001	-3.289026106004632
6.0280000000000005	-3.410716819502785
6.0289999999999999	-3.5323938937092612
6.0300000000000002	-3.6540568423125444
6.0309999999999997	-3.7757051790855249
6.032	-3.8973384178893062
6.0330000000000004	-4.0189560726752589
6.0339999999999998	-4.1405576574884275
6.0350000000000001	-4.2621426864706917
6.0360000000000005	-4.3837106738631073
6.0369999999999999	-4.5052611340089408
6.0380000000000003	-4.6267935813572247
6.0389999999999997	-4.7483075304648192
6.04	-4.8698024960000135
6.0410000000000004	-4.9912779927449575
6.0419999999999998	-5.1127335355987666
6.0430000000000001	-5.2341686395807967
6.0440000000000005	-5.3555828198329847
6.0449999999999999	-5.4769755916230425
6.0460000000000003	-5.598346470347539
6.0469999999999997	-5.7196949715344978
6.048	-5.8410206108467415
6.0490000000000004	-5.9623229040842416
6.0499999999999998	-6.0836013671875069
6.0510000000000002	-6.204855516240559
6.0520000000000005	-6.3260848674733055
6.0529999999999999	-6.4472889372651263
6.0540000000000003	-6.568467242147487
6.0549999999999997	-6.6896192988066252
6.056	-6.8107446240869969
6.0570000000000004	-6.9318427349939187
6.0579999999999998	-7.0529131486962227
6.0590000000000002	-7.1739553825297859
6.0600000000000005	-7.2949689540000309
6.0609999999999999	-7.4159533807848321
6.0620000000000003	-7.5369081807378162
6.0629999999999997	-7.6578328718906894
6.0640000000000001	-7.7787269724569743
6.0650000000000004	-7.8995900008340305
6.0659999999999998	-8.0204214756065255
6.0670000000000002	-8.1412209155495354
6.0680000000000005	-8.261987839630784
6.069	-8.382721767014127
6.0700000000000003	-8.5034222170625533
6.0709999999999997	-8.6240887093403913
6.0720000000000001	-8.744720763617293
6.0730000000000004	-8.8653178998701403
6.0739999999999998	-8.9858796382864679
6.0750000000000002	-9.1064054992676162
6.0760000000000005	-9.2268950034311228
6.077	-9.3473476716137913
6.0780000000000003	-9.4677630248752571
6.0789999999999997	-9.5881405844996657
6.0800000000000001	-9.7084798720000247
6.0810000000000004	-9.8287804091198172
6.0819999999999999	-9.9490417178367299
6.0830000000000002	-10.069263320365694
6.0840000000000005	-10.189444739161017
6.085	-10.309585496919885
6.0860000000000003	-10.429685116585565
6.0869999999999997	-10.549743121349378
6.0880000000000001	-10.669759034654751
6.0890000000000004	-10.789732380199117
6.0899999999999999	-10.909662681937503
6.0910000000000002	-11.029549464085383
6.0920000000000005	-11.149392251121373
6.093	-11.269190567790007
6.0940000000000003	-11.388943939105507
6.0949999999999998	-11.508651890353478
6.0960000000000001	-11.628313947095029
6.0970000000000004	-11.7479296351688
6.0979999999999999	-11.867498480694207
6.0990000000000002	-11.987020010074692
6.1000000000000005	-12.106493750000064
6.101	-12.225919227449724
6.1020000000000003	-12.345295969695803
6.1029999999999998	-12.464623504305575
6.1040000000000001	-12.583901359144983
6.1050000000000004	-12.703129062380903
6.1059999999999999	-12.822306142484521
6.1070000000000002	-12.941432128234389
6.1080000000000005	-13.060506548718752
6.109	-13.179528933338993
6.1100000000000003	-13.298498811812523
6.1109999999999998	-13.417415714175283
6.1120000000000001	-13.536279170785262
6.1130000000000004	-13.655088712324973
6.1139999999999999	-13.773843869804409
6.1150000000000002	-13.89254417456443
6.1160000000000005	-14.011189158279111
6.117	-14.129778352958699
6.1180000000000003	-14.248311290953268
6.1189999999999998	-14.366787504954575
6.1200000000000001	-14.485206527999985
6.1210000000000004	-14.603567893474729
6.1219999999999999	-14.721871135114771
6.1230000000000002	-14.840115787010603
6.1240000000000006	-14.95830138360904
6.125	-15.076427459716797
6.1260000000000003	-15.194493550503578
6.1269999999999998	-15.312499191504267
6.1280000000000001	-15.430443918622732
6.1290000000000004	-15.548327268134017
6.1299999999999999	-15.666148776687484
6.1310000000000002	-15.78390798131028
6.1320000000000006	-15.901604419409338
6.133	-16.019237628774867
6.1340000000000003	-16.136807147583518
6.1349999999999998	-16.25431251440035
6.1360000000000001	-16.371753268183046
6.1370000000000005	-16.48912894828371
6.1379999999999999	-16.606439094452224
6.1390000000000002	-16.723683246839574
6.1400000000000006	-16.840860946000085
6.141	-16.957971732894595
6.1420000000000003	-17.075015148893829
6.1429999999999998	-17.191990735780436
6.1440000000000001	-17.308898035752978
6.1450000000000005	-17.425736591427746
6.1459999999999999	-17.542505945842482
6.1470000000000002	-17.65920564245927
6.1479999999999997	-17.775835225166681
6.149	-17.892394238283881
6.1500000000000004	-18.008882226562509
6.1509999999999998	-18.12529873519015
6.1520000000000001	-18.241643309793282
6.1530000000000005	-18.35791549643989
6.1539999999999999	-18.47411484164245
6.1550000000000002	-18.590240892361358
6.1559999999999997	-18.706293196006989
6.157	-18.822271300443564
6.1580000000000004	-18.938174753991284
6.1589999999999998	-19.054003105429473
6.1600000000000001	-19.169755904000006
6.1610000000000005	-19.285432699409522
6.1619999999999999	-19.401033041832783
6.1630000000000003	-19.516556481915433
6.1639999999999997	-19.632002570776908
6.165	-19.747370860013685
6.1660000000000004	-19.862660901701581
6.1669999999999998	-19.977872248399116
6.1680000000000001	-20.093004453150737
6.1690000000000005	-20.208057069488852
6.1699999999999999	-20.323029651437487
6.1710000000000003	-20.437921753515173
6.1719999999999997	-20.552732930737257
6.173	-20.667462738619804
6.1740000000000004	-20.782110733181522
6.1749999999999998	-20.896676470947249
6.1760000000000002	-21.011159508951071
6.1770000000000005	-21.125559404738581
6.1779999999999999	-21.239875716370232
6.1790000000000003	-21.354108002424443
6.1799999999999997	-21.468255821999939
6.181	-21.582318734719475
6.1820000000000004	-21.696296300731859
6.1829999999999998	-21.810188080715339
6.1840000000000002	-21.923993635880944
6.1850000000000005	-22.037712527974691
6.1859999999999999	-22.151344319280565
6.1870000000000003	-22.264888572624141
6.1879999999999997	-22.378344851374695
6.1890000000000001	-22.491712719448731
6.1900000000000004	-22.604991741312549
6.1909999999999998	-22.718181481985059
6.1920000000000002	-22.831281507041322
6.1930000000000005	-22.944291382614768
6.194	-23.057210675400515
6.1950000000000003	-23.170038952658235
6.1959999999999997	-23.282775782215023
6.1970000000000001	-23.395420732468466
6.1980000000000004	-23.507973372389269
6.1989999999999998	-23.620433271524337
6.2000000000000002	-23.73280000000004
6.2010000000000005	-23.845073128524486
6.202	-23.957252228390754
6.2030000000000003	-24.069336871480296
6.2039999999999997	-24.18132663026493
6.2050000000000001	-24.293221077810546
6.2060000000000004	-24.405019787779587
6.2069999999999999	-24.516722334434064
6.2080000000000002	-24.628328292638702
6.2090000000000005	-24.739837237863721
6.21	-24.851248746187469
6.2110000000000003	-24.962562394300008
6.2119999999999997	-25.073777759505202
6.2130000000000001	-25.184894419724674
6.2140000000000004	-25.295911953499473
6.2149999999999999	-25.406829939994104
6.2160000000000002	-25.517647958999099
6.2170000000000005	-25.628365590933424
6.218	-25.738982416848238
6.2190000000000003	-25.849498018429315
6.2199999999999998	-25.959911977999901
6.2210000000000001	-26.07022387852442
6.2220000000000004	-26.180433303609821
6.2229999999999999	-26.290539837510202
6.2240000000000002	-26.400543065128968
6.2250000000000005	-26.510442572021546
6.226	-26.620237944398543
6.2270000000000003	-26.729928769128975
6.2279999999999998	-26.839514633742699
6.2290000000000001	-26.94899512643368
6.2300000000000004	-27.058369836062507
6.2309999999999999	-27.167638352159933
6.2320000000000002	-27.276800264929275
6.2330000000000005	-27.385855165249641
6.234	-27.494802644678419
6.2350000000000003	-27.60364229545511
6.2359999999999998	-27.712373710502987
6.2370000000000001	-27.820996483433387
6.2380000000000004	-27.929510208547288
6.2389999999999999	-28.037914480839241
6.2400000000000002	-28.146208896000037
6.2410000000000005	-28.254393050419388
6.242	-28.362466541188812
6.2430000000000003	-28.470428966105235
6.2439999999999998	-28.578279923672937
6.2450000000000001	-28.686019013107426
6.2460000000000004	-28.793645834337561
6.2469999999999999	-28.901159988008928
6.2480000000000002	-29.008561075486817
6.2490000000000006	-29.115848698858592
6.25	-29.2230224609375
6.2510000000000003	-29.330081965264924
6.2519999999999998	-29.437026816113214
6.2530000000000001	-29.543856618489578
6.2540000000000004	-29.65057097813753
6.2549999999999999	-29.757169501541
6.2560000000000002	-29.863651795927044
6.2570000000000006	-29.970017469268328
6.258	-30.076266130286196
6.2590000000000003	-30.182397388454177
6.2599999999999998	-30.288410853999974
6.2610000000000001	-30.394306137909261
6.2620000000000005	-30.500082851927839
6.2629999999999999	-30.605740608565046
6.2640000000000002	-30.711279021096995
6.2650000000000006	-30.816697703568451
6.266	-30.921996270796473
6.2670000000000003	-31.027174338373872
6.2679999999999998	-31.132231522670764
6.2690000000000001	-31.23716744083848
6.2700000000000005	-31.341981710812465
6.2709999999999999	-31.446673951314803
6.2720000000000002	-31.551243781857337
6.2729999999999997	-31.65569082274439
6.274	-31.76001469507646
6.2750000000000004	-31.864215020752006
6.2759999999999998	-31.968291422471026
6.2770000000000001	-32.072243523738223
6.2780000000000005	-32.176070948865295
6.2789999999999999	-32.279773322974059
6.2800000000000002	-32.383350272000015
6.2809999999999997	-32.486801422694136
6.282	-32.590126402626744
6.2830000000000004	-32.693324840190009
6.2839999999999998	-32.796396364600952
6.2850000000000001	-32.899340605904278
6.2860000000000005	-33.002157194975645
6.2869999999999999	-33.104845763523819
6.2880000000000003	-33.207405944094731
6.2889999999999997	-33.309837370073375
6.29	-33.412139675687499
6.2910000000000004	-33.514312496009815
6.2919999999999998	-33.616355466961217
6.2930000000000001	-33.718268225314404
6.2940000000000005	-33.820050408695515
6.2949999999999999	-33.921701655587889
6.2960000000000003	-34.023221605335145
6.2969999999999997	-34.124609898143113
6.298	-34.225866175084228
6.2990000000000004	-34.326990078099051
6.2999999999999998	-34.427981250000016
6.3010000000000002	-34.528839334474135
6.3020000000000005	-34.629563976085805
6.3029999999999999	-34.730154820279928
6.3040000000000003	-34.830611513385008
6.3049999999999997	-34.930933702615263
6.306	-35.031121036074509
6.3070000000000004	-35.131173162758749
6.3079999999999998	-35.231089732558679
6.3090000000000002	-35.330870396263379
6.3100000000000005	-35.430514805562559
6.3109999999999999	-35.530022613049681
6.3120000000000003	-35.629393472225338
6.3129999999999997	-35.728627037499315
6.3140000000000001	-35.827722964194471
6.3150000000000004	-35.926680908548882
6.3159999999999998	-36.025500527718975
6.3170000000000002	-36.12418147978309
6.3180000000000005	-36.222723423743311
6.319	-36.321126019528982
6.3200000000000003	-36.419388928000039
6.3209999999999997	-36.517511810949053
6.3220000000000001	-36.615494331104827
6.3230000000000004	-36.713336152134978
6.3239999999999998	-36.811036938648975
6.3250000000000002	-36.908596356201166
6.3260000000000005	-37.006014071293521
6.327	-37.103289751378689
6.3280000000000003	-37.200423064862697
6.3289999999999997	-37.297413681108317
6.3300000000000001	-37.394261270437561
6.3310000000000004	-37.490965504134671
6.3319999999999999	-37.587526054449306
6.3330000000000002	-37.683942594599245
6.3340000000000005	-37.780214798773542
6.335	-37.876342342134834
6.3360000000000003	-37.972324900823097
6.3369999999999997	-38.068162151957956
6.3380000000000001	-38.163853773642209
6.3390000000000004	-38.259399444963904
6.3399999999999999	-38.354798845999994
6.3410000000000002	-38.45005165781901
6.3420000000000005	-38.545157562483787
6.343	-38.640116243054848
6.3440000000000003	-38.734927383593011
6.3449999999999998	-38.829590669162023
6.3460000000000001	-38.924105785832502
6.3470000000000004	-39.018472420683608
6.3479999999999999	-39.112690261806698
6.3490000000000002	-39.206758998308317
6.3500000000000005	-39.300678320312542
6.351	-39.394447918964545
6.3520000000000003	-39.488067486433209
6.3529999999999998	-39.58153671591419
6.3540000000000001	-39.674855301632498
6.3550000000000004	-39.768022938845739
6.3559999999999999	-39.861039323847002
6.3570000000000002	-39.953904153967969
6.3580000000000005	-40.046617127581264
6.359	-40.139177944103857
6.3600000000000003	-40.231586304000025
6.3609999999999998	-40.323841908783891
6.3620000000000001	-40.415944461022853
6.3630000000000004	-40.507893664339839
6.3639999999999999	-40.599689223416931
6.3650000000000002	-40.691330843998067
6.3660000000000005	-40.782818232891543
6.367	-40.874151097973574
6.3680000000000003	-40.965329148190712
6.3689999999999998	-41.056352093563227
6.3700000000000001	-41.147219645187519
6.3710000000000004	-41.237931515239559
6.3719999999999999	-41.328487416977303
6.3730000000000002	-41.418887064744162
6.3740000000000006	-41.509130173971499
6.375	-41.599216461181641
6.3760000000000003	-41.689145643991075
6.3769999999999998	-41.778917441112938
6.3780000000000001	-41.868531572360247
6.3790000000000004	-41.957987758648827
6.3799999999999999	-42.047285722000041
6.3810000000000002	-42.136425185543871
6.3820000000000006	-42.225405873521872
6.383	-42.314227511289765
6.3840000000000003	-42.402889825320941
6.3849999999999998	-42.491392543208967
6.3860000000000001	-42.579735393670518
6.3870000000000005	-42.667918106548498
6.3879999999999999	-42.755940412814745
6.3890000000000002	-42.84380204457316
6.3900000000000006	-42.931502735062487
6.391	-43.019042218659401
6.3920000000000003	-43.106420230881341
6.3929999999999998	-43.193636508389012
6.3940000000000001	-43.280690788990483
6.3950000000000005	-43.367582811642663
6.3959999999999999	-43.454312316455081
6.3970000000000002	-43.540879044692865
6.3980000000000006	-43.627282738779257
6.399	-43.713523142298676
6.4000000000000004	-43.799600000000062
6.4009999999999998	-43.885513057798718
6.4020000000000001	-43.97126206278076
6.4030000000000005	-44.05684676320471
6.4039999999999999	-44.142266908504965
6.4050000000000002	-44.227522249294985
6.4059999999999997	-44.312612537369482
6.407	-44.397537525708429
6.4080000000000004	-44.482296968478771
6.4089999999999998	-44.566890621038027
6.4100000000000001	-44.65131823993746
6.4110000000000005	-44.735579582924458
6.4119999999999999	-44.819674408945232
6.4130000000000003	-44.903602478149047
6.4139999999999997	-44.987363551889452
6.415	-45.070957392728559
6.4160000000000004	-45.154383764439082
6.4169999999999998	-45.237642432007675
6.4180000000000001	-45.320733161638195
6.4190000000000005	-45.403655720753747
6.4199999999999999	-45.486409877999932
6.4210000000000003	-45.568995403248699
6.4219999999999997	-45.651412067599722
6.423	-45.733659643384641
6.4240000000000004	-45.815737904168984
6.4249999999999998	-45.8976466247559
6.4260000000000002	-45.979385581188552
6.4270000000000005	-46.060954550753415
6.4279999999999999	-46.14235331198266
6.4290000000000003	-46.223581644658033
6.4299999999999997	-46.304639329812552
6.431	-46.385526149734297
6.4320000000000004	-46.466241887969275
6.4329999999999998	-46.546786329324007
6.4340000000000002	-46.627159259868428
6.4350000000000005	-46.707360466939534
6.4359999999999999	-46.787389739143073
6.4370000000000003	-46.867246866357696
6.4379999999999997	-46.946931639737166
6.4390000000000001	-47.026443851713552
6.4400000000000004	-47.105783295999963
6.4409999999999998	-47.184949767593608
6.4420000000000002	-47.263943062778765
6.4430000000000005	-47.342762979129539
6.444	-47.421409315512989
6.4450000000000003	-47.499881872091684
6.4459999999999997	-47.578180450327551
6.4470000000000001	-47.656304852983254
6.4480000000000004	-47.734254884126784
6.4489999999999998	-47.812030349132968
6.4500000000000002	-47.889631054687477
6.4510000000000005	-47.967056808789366
6.452	-48.044307420753313
6.4530000000000003	-48.121382701213875
6.4539999999999997	-48.198282462127445
6.4550000000000001	-48.275006516775392
6.4560000000000004	-48.351554679767112
6.4569999999999999	-48.427926767042685
6.4580000000000002	-48.504122595876225
6.4590000000000005	-48.580141984878516
6.46	-48.655984754000009
6.4610000000000003	-48.731650724533608
6.4619999999999997	-48.807139719117728
6.4630000000000001	-48.882451561739451
6.4640000000000004	-48.957586077737062
6.4649999999999999	-49.032543093802751
6.4660000000000002	-49.107322437986504
6.4670000000000005	-49.181923939698301
6.468	-49.256347429710651
6.4690000000000003	-49.330592740162963
6.4699999999999998	-49.404659704562327
6.4710000000000001	-49.478548157789199
6.4720000000000004	-49.552257936097291
6.4729999999999999	-49.625788877118872
6.4740000000000002	-49.699140819866535
6.4750000000000005	-49.772313604736389
6.476	-49.845307073511044
6.4770000000000003	-49.918121069362563
6.4779999999999998	-49.990755436855139
6.4790000000000001	-50.0632100219485
6.4800000000000004	-50.135484672000025
6.4809999999999999	-50.207579235768534
6.4820000000000002	-50.279493563416814
6.4830000000000005	-50.351227506514512
6.484	-50.422780918040992
6.4850000000000003	-50.494153652388668
6.4859999999999998	-50.565345565365455
6.4870000000000001	-50.636356514198134
6.4880000000000004	-50.707186357534731
6.4889999999999999	-50.777834955447808
6.4900000000000002	-50.848302169437595
6.4910000000000005	-50.918587862434052
6.492	-50.988691898801264
6.4930000000000003	-51.058614144338698
6.4939999999999998	-51.128354466285451
6.4950000000000001	-51.197912733322269
6.4960000000000004	-51.267288815575164
6.4969999999999999	-51.336482584617492
6.4980000000000002	-51.405493913474253
6.4990000000000006	-51.474322676623437
6.5	-51.54296875
6.5010000000000003	-51.611432010998556
6.5019999999999998	-51.679712338475753
6.5030000000000001	-51.747809612754473
6.5040000000000004	-51.815723715624976
6.5049999999999999	-51.883454530349624
6.5060000000000002	-51.951001941664657
6.5070000000000006	-52.018365835783058
6.508	-52.085546100398815
6.5090000000000003	-52.152542624687875
6.5099999999999998	-52.219355299312504
6.5110000000000001	-52.285984016423996
6.5120000000000005	-52.352428669665208
6.5129999999999999	-52.418689154173713
6.5140000000000002	-52.484765366584568
6.5150000000000006	-52.550657205033239
6.516	-52.616364569159018
6.5170000000000003	-52.681887360107446
6.5179999999999998	-52.74722548053321
6.5190000000000001	-52.812378834603336
6.5200000000000005	-52.877347328000177
6.5209999999999999	-52.942130867923332
6.5220000000000002	-53.006729363094841
6.5230000000000006	-53.071142723759266
6.524	-53.135370861689012
6.5250000000000004	-53.199413690185523
6.5259999999999998	-53.263271124083523
6.5270000000000001	-53.326943079753043
6.5280000000000005	-53.390429475102742
6.5289999999999999	-53.453730229582646
6.5300000000000002	-53.51684526418736
6.5309999999999997	-53.579774501459077
6.532	-53.642517865489133
6.5330000000000004	-53.705075281923719
6.5339999999999998	-53.767446677963456
6.5350000000000001	-53.8296319823692
6.5360000000000005	-53.891631125463128
6.5369999999999999	-53.953444039132577
6.5380000000000003	-54.015070656832208
6.5389999999999997	-54.076510913588287
6.54	-54.137764745999981
6.5410000000000004	-54.198832092243379
6.5419999999999998	-54.259712892073843
6.5430000000000001	-54.320407086829242
6.5440000000000005	-54.380914619432936
6.5449999999999999	-54.441235434396418
6.5460000000000003	-54.501369477822543
6.5469999999999997	-54.561316697407996
6.548	-54.621077042446778
6.5490000000000004	-54.680650463832656
6.5499999999999998	-54.740036914062536
6.5510000000000002	-54.79923634723891
6.5520000000000005	-54.858248719073252
6.5529999999999999	-54.917073986888475
6.5540000000000003	-54.975712109622471
6.5549999999999997	-55.03416304783007
6.556	-55.092426763686994
6.5570000000000004	-55.150503220992348
6.5579999999999998	-55.208392385171258
6.5590000000000002	-55.266094223278301
6.5600000000000005	-55.323608704000051
6.5609999999999999	-55.380935797658253
6.5620000000000003	-55.438075476212767
6.5629999999999997	-55.495027713264157
6.5640000000000001	-55.551792484057067
6.5650000000000004	-55.608369765482443
6.5659999999999998	-55.664759536081533
6.5670000000000002	-55.720961776047858
6.5680000000000005	-55.776976467230789
6.569	-55.832803593137491
6.5700000000000003	-55.888443138937504
6.5709999999999997	-55.943895091463965
6.5720000000000001	-55.999159439217244
6.5730000000000004	-56.054236172368597
6.5739999999999998	-56.109125282761291
6.5750000000000002	-56.163826763915949
6.5760000000000005	-56.218340611031081
6.577	-56.272666820987233
6.5780000000000003	-56.326805392350309
6.5789999999999997	-56.380756325373078
6.5800000000000001	-56.434519622000039
6.5810000000000004	-56.488095285868148
6.5819999999999999	-56.541483322311727
6.5830000000000002	-56.594683738363955
6.5840000000000005	-56.64769654276099
6.585	-56.700521745943391
6.5860000000000003	-56.753159360060629
6.5869999999999997	-56.805609398972848
6.5880000000000001	-56.857871878254706
6.5890000000000004	-56.909946815197479
6.5899999999999999	-56.961834228812606
6.5910000000000002	-57.013534139833915
6.5920000000000005	-57.065046570721172
6.593	-57.116371545663661
6.5940000000000003	-57.167509090580353
6.5949999999999998	-57.218459233126922
6.5960000000000001	-57.269222002695059
6.5970000000000004	-57.319797430417275
6.5979999999999999	-57.370185549169136
6.5990000000000002	-57.420386393573118
6.6000000000000005	-57.470400000000062
6.601	-57.520226406573158
6.6020000000000003	-57.56986565317078
6.6029999999999998	-57.619317781428954
6.6040000000000001	-57.668582834744932
6.6050000000000004	-57.717660858279338
6.6059999999999999	-57.766551898959449
6.6070000000000002	-57.815256005482794
6.6080000000000005	-57.863773228318671
6.609	-57.91210361971239
6.6100000000000003	-57.96024723368766
6.6109999999999998	-58.008204126048689
6.6120000000000001	-58.055974354385398
6.6130000000000004	-58.103557978073304
6.6139999999999999	-58.150955058279479
6.6150000000000002	-58.19816565796296
6.6160000000000005	-58.245189841879096
6.617	-58.292027676582045
6.6180000000000003	-58.338679230428149
6.6189999999999998	-58.385144573578167
6.6200000000000001	-58.431423777999917
6.6210000000000004	-58.477516917473189
6.6219999999999999	-58.523424067589701
6.6230000000000002	-58.569145305758916
6.6240000000000006	-58.614680711209026
6.625	-58.660030364990234
6.6260000000000003	-58.705194349978612
6.6269999999999998	-58.750172750877852
6.6280000000000001	-58.794965654222743
6.6290000000000004	-58.839573148382279
6.6299999999999999	-58.883995323562509
6.6310000000000002	-58.928232271808611
6.6320000000000006	-58.972284087009257
6.633	-59.016150864898499
6.6340000000000003	-59.059832703058525
6.6349999999999998	-59.103329700923773
6.6360000000000001	-59.146641959783096
6.6370000000000005	-59.189769582782098
6.6379999999999999	-59.232712674927207
6.6390000000000002	-59.275471343087936
6.6400000000000006	-59.318045695999913
6.641	-59.360435844268004
6.6420000000000003	-59.402641900368721
6.6429999999999998	-59.44466397865385
6.6440000000000001	-59.486502195352934
6.6450000000000005	-59.52815666857618
6.6459999999999999	-59.569627518317539
6.6470000000000002	-59.610914866457762
6.6480000000000006	-59.652018836766842
6.649	-59.692939554907269
6.6500000000000004	-59.733677148437529
6.6509999999999998	-59.774231746813548
6.6520000000000001	-59.814603481393242
6.6530000000000005	-59.854792485438253
6.6539999999999999	-59.894798894117393
6.6550000000000002	-59.934622844509789
6.6560000000000006	-59.974264475607143
6.657	-60.013723928317113
6.6580000000000004	-60.053001345466278
6.6589999999999998	-60.09209687180293
6.6600000000000001	-60.131010654000072
6.6610000000000005	-60.169742840657982
6.6619999999999999	-60.208293582307832
6.6630000000000003	-60.246663031413888
6.6639999999999997	-60.284851342376911
6.665	-60.322858671537169
6.6660000000000004	-60.360685177176457
6.6669999999999998	-60.398331019522601
6.6680000000000001	-60.435796360750679
6.6690000000000005	-60.473081364987145
6.6699999999999999	-60.510186198312461
6.6710000000000003	-60.547111028763538
6.6719999999999997	-60.583856026337216
6.673	-60.620421362993277
6.6740000000000004	-60.656807212656524
6.6749999999999998	-60.693013751220732
6.6760000000000002	-60.729041156551034
6.6770000000000005	-60.764889608487003
6.6779999999999999	-60.800559288845143
6.6790000000000003	-60.836050381422794
6.6799999999999997	-60.871363071999902
6.681	-60.906497548343019
6.6820000000000004	-60.941454000206853
6.6829999999999998	-60.976232619338688
6.6840000000000002	-61.010833599480868
6.6850000000000005	-61.045257136372889
6.6859999999999999	-61.079503427755434
6.6870000000000003	-61.113572673372737
6.6879999999999997	-61.147465074974697
6.6890000000000001	-61.181180836322262
6.6900000000000004	-61.214720163187557
6.6909999999999998	-61.248083263358588
6.6920000000000002	-61.281270346641108
6.6930000000000005	-61.314281624863142
6.694	-61.347117311875508
6.6950000000000003	-61.379777623556748
6.6959999999999997	-61.412262777815059
6.6970000000000001	-61.444572994591965
6.6980000000000004	-61.476708495864337
6.6989999999999998	-61.508669505647923
6.7000000000000002	-61.540456249999949
6.7010000000000005	-61.572068957022999
6.702	-61.603507856865654
6.7030000000000003	-61.634773181728825
6.7039999999999997	-61.665865165864979
6.7050000000000001	-61.696784045584046
6.7060000000000004	-61.727530059254448
6.7069999999999999	-61.758103447307441
6.7080000000000002	-61.788504452238719
6.7090000000000005	-61.818733318612125
6.71	-61.848790293062471
6.7110000000000003	-61.878675624298502
6.7119999999999997	-61.908389563105352
6.7130000000000001	-61.937932362348086
6.7140000000000004	-61.967304276974737
6.7149999999999999	-61.996505564017511
6.7160000000000002	-62.025536482599286
6.7170000000000005	-62.054397293931771
6.718	-62.08308826132351
6.7190000000000003	-62.111609650177705
6.7199999999999998	-62.139961728000088
6.7210000000000001	-62.168144764397788
6.7220000000000004	-62.196159031084619
6.7229999999999999	-62.224004801883574
6.7240000000000002	-62.251682352729055
6.7250000000000005	-62.279191961669888
6.726	-62.306533908873476
6.7270000000000003	-62.333708476627343
6.7279999999999998	-62.360715949342868
6.7290000000000001	-62.387556613557088
6.7300000000000004	-62.41423075793756
6.7309999999999999	-62.440738673283512
6.7320000000000002	-62.467080652529241
6.7330000000000005	-62.493256990747952
6.734	-62.519267985153505
6.7350000000000003	-62.545113935103409
6.7359999999999998	-62.570795142103044
6.7370000000000001	-62.596311909806843
6.7380000000000004	-62.621664544022345
6.7389999999999999	-62.64685335271259
6.7400000000000002	-62.671878646000103
6.7410000000000005	-62.69674073616769
6.742	-62.721439937663774
6.7430000000000003	-62.745976567103554
6.7439999999999998	-62.770350943272888
6.7450000000000001	-62.794563387130822
6.7460000000000004	-62.818614221812652
6.7469999999999999	-62.842503772632575
6.7480000000000002	-62.866232367086653
6.7490000000000006	-62.889800334857007
6.75	-62.9132080078125
6.7510000000000003	-62.936455720013505
6.7519999999999998	-62.959543807713317
6.7530000000000001	-62.982472609363072
6.7540000000000004	-63.005242465612582
6.7549999999999999	-63.02785371931455
6.7560000000000002	-63.050306715526922
6.7570000000000006	-63.07260180151664
6.758	-63.094739326761108
6.7590000000000003	-63.116719642952553
6.7599999999999998	-63.138543104000107
6.7610000000000001	-63.160210066032626
6.7620000000000005	-63.181720887402697
6.7629999999999999	-63.203075928688385
6.7640000000000002	-63.224275552696859
6.7650000000000006	-63.24532012446695
6.766	-63.266210011271561
6.7670000000000003	-63.286945582622252
6.7679999999999998	-63.307527210270798
6.7690000000000001	-63.327955268211944
6.7700000000000005	-63.348230132687327
6.7709999999999999	-63.368352182188346
6.7720000000000002	-63.388321797457351
6.7730000000000006	-63.408139361492815
6.774	-63.427805259551427
6.7750000000000004	-63.447319879150413
6.7759999999999998	-63.466683610071016
6.7770000000000001	-63.485896844361655
6.7780000000000005	-63.504959976340288
6.7789999999999999	-63.523873402597545
6.7800000000000002	-63.54263752200012
6.7810000000000006	-63.561252735692612
6.782	-63.579719447101851
6.7830000000000004	-63.598038061938439
6.7839999999999998	-63.616208988200796
6.7850000000000001	-63.634232636177707
6.7860000000000005	-63.652109418450571
6.7869999999999999	-63.669839749897221
6.7880000000000003	-63.687424047694783
6.7889999999999997	-63.704862731322024
6.79	-63.722156222562489
6.7910000000000004	-63.739304945508138
6.7919999999999998	-63.756309326561158
6.7930000000000001	-63.773169794437827
6.7940000000000005	-63.789886780170512
6.7949999999999999	-63.806460717111456
6.7960000000000003	-63.822892040934974
6.7969999999999997	-63.839181189641316
6.798	-63.855328603559215
6.7990000000000004	-63.871334725347495
6.7999999999999998	-63.887199999999922
6.8010000000000002	-63.902924874847542
6.8020000000000005	-63.918509799560631
6.8029999999999999	-63.933955226153216
6.8040000000000003	-63.949261608984841
6.8049999999999997	-63.96442940476382
6.806	-63.979459072549645
6.8070000000000004	-63.994351073757215
6.8079999999999998	-64.009105872158813
6.8090000000000002	-64.023723933886799
6.8100000000000005	-64.038205727437585
6.8109999999999999	-64.052551723673162
6.8120000000000003	-64.066762395825464
6.8129999999999997	-64.080838219497807
6.8140000000000001	-64.094779672669588
6.8150000000000004	-64.108587235697087
6.8159999999999998	-64.122261391318872
6.8170000000000002	-64.135802624656591
6.8180000000000005	-64.149211423218162
6.819	-64.162488276902195
6.8200000000000003	-64.175633677999883
6.8209999999999997	-64.188648121197446
6.8220000000000001	-64.201532103579893
6.8230000000000004	-64.214286124633361
6.8239999999999998	-64.226910686248942
6.8250000000000002	-64.239406292724439
6.8260000000000005	-64.251773450768695
6.827	-64.264012669502236
6.8280000000000003	-64.276124460462739
6.8289999999999997	-64.288109337606741
6.8300000000000001	-64.299967817312606
6.8310000000000004	-64.311700418382969
6.8319999999999999	-64.323307662049331
6.8330000000000002	-64.334790071972563
6.8340000000000005	-64.346148174248427
6.835	-64.357382497408224
6.8360000000000003	-64.368493572423105
6.8369999999999997	-64.379481932706341
6.8380000000000001	-64.390348114117273
6.8390000000000004	-64.401092654962312
6.8399999999999999	-64.411716096000177
6.8410000000000002	-64.422218980442253
6.8420000000000005	-64.432601853958715
6.843	-64.442865264678275
6.8440000000000003	-64.45300976319308
6.8449999999999998	-64.463035902560492
6.8460000000000001	-64.47294423830742
6.8470000000000004	-64.482735328432085
6.8479999999999999	-64.49240973340676
6.8490000000000002	-64.501968016181607
6.8500000000000005	-64.511410742187522
6.851	-64.520738479337837
6.8520000000000003	-64.529951798033096
6.8529999999999998	-64.539051271162649
6.8540000000000001	-64.548037474107304
6.8550000000000004	-64.556910984743951
6.8559999999999999	-64.565672383447293
6.8570000000000002	-64.574322253091466
6.8580000000000005	-64.582861179055939
6.859	-64.591289749227343
6.8600000000000003	-64.599608553999929
6.8609999999999998	-64.607818186282287
6.8620000000000001	-64.615919241497792
6.8630000000000004	-64.623912317588292
6.8639999999999999	-64.631798015017011
6.8650000000000002	-64.639576936771448
6.8660000000000005	-64.64724968836633
6.867	-64.654816877847011
6.8680000000000003	-64.66227911579081
6.8689999999999998	-64.669637015311352
6.8700000000000001	-64.676891192062669
6.8710000000000004	-64.684042264237917
6.8719999999999999	-64.691090852577162
6.8730000000000002	-64.698037580367611
6.8740000000000006	-64.70488307344678
6.875	-64.711627960205078
6.8760000000000003	-64.718272871590926
6.8769999999999998	-64.724818441111367
6.8780000000000001	-64.731265304835247
6.8790000000000004	-64.737614101397142
6.8799999999999999	-64.743865471999911
6.8810000000000002	-64.750020060417413
6.8820000000000006	-64.75607851299678
6.883	-64.762041478663207
6.8840000000000003	-64.767909608920803
6.8849999999999998	-64.773683557857339
6.8860000000000001	-64.779363982145611
6.8870000000000005	-64.784951541046979
6.8879999999999999	-64.790446896414693
6.8890000000000002	-64.795850712696179
6.8900000000000006	-64.801163656937405
6.891	-64.806386398782777
6.8920000000000003	-64.811519610481156
6.8929999999999998	-64.816563966887472
6.8940000000000001	-64.821520145465357
6.8950000000000005	-64.826388826291094
6.8959999999999999	-64.831170692054755
6.8970000000000002	-64.835866428066339
6.8980000000000006	-64.84047672225428
6.899	-64.845002265172184
6.9000000000000004	-64.849443749999892
6.9009999999999998	-64.853801872547123
6.9020000000000001	-64.858077331255956
6.9030000000000005	-64.862270827203048
6.9039999999999999	-64.866383064105207
6.9050000000000002	-64.870414748318424
6.9060000000000006	-64.874366588844481
6.907	-64.878239297332087
6.9080000000000004	-64.882033588078812
6.9089999999999998	-64.885750178036673
6.9100000000000001	-64.889389786812416
6.9110000000000005	-64.89295313667283
6.9119999999999999	-64.896440952545348
6.9130000000000003	-64.89985396202259
6.9139999999999997	-64.903192895364441
6.915	-64.906458485501815
6.9160000000000004	-64.909651468039073
6.9169999999999998	-64.912772581256078
6.9180000000000001	-64.915822566113292
6.9190000000000005	-64.918802166252206
6.9199999999999999	-64.921712128000024
6.9210000000000003	-64.924553200372031
6.9219999999999997	-64.927326135074736
6.923	-64.930031686508158
6.9240000000000004	-64.932670611768955
6.9249999999999998	-64.935243670654259
6.9260000000000002	-64.937751625663736
6.9270000000000005	-64.940195242001636
6.9279999999999999	-64.942575287582741
6.9290000000000003	-64.944892533031449
6.9299999999999997	-64.947147751687652
6.931	-64.94934171960756
6.9320000000000004	-64.951475215569232
6.9329999999999998	-64.953549021072362
6.9340000000000002	-64.955563920343536
6.9350000000000005	-64.957520700337625
6.9359999999999999	-64.959420150743114
6.9370000000000003	-64.961263063981235
6.9379999999999997	-64.963050235212464
6.9390000000000001	-64.964782462336814
6.9400000000000004	-64.966460546000079
6.9409999999999998	-64.968085289592295
6.9420000000000002	-64.969657499253927
6.9430000000000005	-64.97117798387805
6.944	-64.972647555112886
6.9450000000000003	-64.974067027365123
6.9459999999999997	-64.975437217802678
6.9470000000000001	-64.976758946356824
6.9480000000000004	-64.978033035726725
6.9489999999999998	-64.979260311381367
6.9500000000000002	-64.980441601562632
6.9510000000000005	-64.981577737287523
6.952	-64.982669552353073
6.9530000000000003	-64.983717883337349
6.9539999999999997	-64.984723569602465
6.9550000000000001	-64.985687453298738
6.9560000000000004	-64.986610379367121
6.9569999999999999	-64.987493195540935
6.9580000000000002	-64.988336752351174
6.9590000000000005	-64.989141903126949
6.96	-64.989909503999911
6.9610000000000003	-64.990640413907229
6.9619999999999997	-64.991335494592747
6.9630000000000001	-64.991995610613017
6.9640000000000004	-64.992621629337009
6.9649999999999999	-64.993214420951233
6.9660000000000002	-64.993774858461833
6.9670000000000005	-64.994303817696405
6.968	-64.994802177310675
6.9690000000000003	-64.995270818786338
6.9699999999999998	-64.995710626437585
6.9710000000000001	-64.996122487412734
6.9720000000000004	-64.996507291697213
6.9729999999999999	-64.996865932117146
6.9740000000000002	-64.997199304341478
6.9750000000000005	-64.997508306884924
6.976	-64.997793841110905
6.9770000000000003	-64.998056811236168
6.9779999999999998	-64.998298124330077
6.9790000000000001	-64.998518690321873
6.9800000000000004	-64.998719421999937
6.9809999999999999	-64.998901235016916
6.9820000000000002	-64.999065047891676
6.9830000000000005	-64.999211782012893
6.984	-64.999342361640799
6.9850000000000003	-64.999457713912079
6.9859999999999998	-64.9995587688407
6.9870000000000001	-64.999646459321596
6.9880000000000004	-64.999721721134563
6.9889999999999999	-64.999785492946259
6.9900000000000002	-64.999838716312439
6.9910000000000005	-64.999882335682528
6.992	-64.999917298401186
6.9930000000000003	-64.9999445547123
6.9939999999999998	-64.999965057760335
6.9950000000000001	-64.999979763595718
6.9960000000000004	-64.999989631174998
6.9969999999999999	-64.999995622365958
6.9980000000000002	-64.99999870194938
6.9990000000000006	-64.9999998376218
7	-65
7.0010000000000003	-64.999999350974605
7.0019999999999998	-64.999994815587527
7.0030000000000001	-64.999982528880224
7.0040000000000004	-64.999958649200636
7.0049999999999999	-64.999919358156248
7.0060000000000002	-64.999860860567367
7.0070000000000006	-64.999779384420265
7.008	-64.999671180820485
7.0090000000000003	-64.999532523945888
7.0099999999999998	-64.999359710999997
7.0110000000000001	-64.999149062165117
7.0120000000000005	-64.998896920555509
7.0129999999999999	-64.998599652170725
7.0140000000000002	-64.998253645848635
7.0150000000000006	-64.99785531321875
7.016	-64.997401088655351
7.0170000000000003	-64.996887429230767
7.0179999999999998	-64.996310814668476
7.0190000000000001	-64.995667747296395
7.0200000000000005	-64.994954751999998
7.0209999999999999	-64.994168376175608
7.0220000000000002	-64.993305189683525
7.0230000000000006	-64.992361784801233
7.024	-64.991334776176643
7.0250000000000004	-64.990220800781259
7.0259999999999998	-64.989016517863362
7.0270000000000001	-64.987718608901275
7.0280000000000005	-64.986323777556478
7.0289999999999999	-64.984828749626885
7.0300000000000002	-64.983230273000004
7.0310000000000006	-64.981525117606111
7.032	-64.979710075371514
7.0330000000000004	-64.977781960171725
7.0339999999999998	-64.975737607784637
7.0350000000000001	-64.973573875843755
7.0360000000000005	-64.971287643791356
7.0369999999999999	-64.968875812831769
7.0380000000000003	-64.966335305884471
7.0390000000000006	-64.963663067537382
7.04	-64.960856063999998
7.0410000000000004	-64.957911283056603
7.0419999999999998	-64.954825734019522
7.0430000000000001	-64.951596447682235
7.0440000000000005	-64.948220476272638
7.0449999999999999	-64.94469489340625
7.0460000000000003	-64.941016794039356
7.0469999999999997	-64.937183294422269
7.048	-64.933191532052476
7.0490000000000004	-64.929038665627886
7.0499999999999998	-64.924721875000003
7.0510000000000002	-64.920238361127105
7.0520000000000005	-64.915585346027527
7.0529999999999999	-64.910760072732728
7.0540000000000003	-64.905759805240635
7.0549999999999997	-64.900581828468745
7.056	-64.895223448207361
7.0570000000000004	-64.889681991072763
7.0579999999999998	-64.883954804460473
7.0590000000000002	-64.878039256498383
7.0600000000000005	-64.871932735999991
7.0609999999999999	-64.865632652417602
7.0620000000000003	-64.85913643579552
7.0629999999999997	-64.852441536723219
7.0640000000000001	-64.845545426288638
7.0650000000000004	-64.838445596031249
7.0659999999999998	-64.831139557895369
7.0670000000000002	-64.823624844183271
7.0680000000000005	-64.815899007508477
7.069	-64.807959620748889
7.0700000000000003	-64.799804276999993
7.0709999999999997	-64.791430589528119
7.0720000000000001	-64.782836191723518
7.0730000000000004	-64.774018737053723
7.0739999999999998	-64.764975899016648
7.0750000000000002	-64.755705371093754
7.0760000000000005	-64.746204866703351
7.077	-64.736472119153774
7.0780000000000003	-64.726504881596483
7.0789999999999997	-64.716300926979386
7.0800000000000001	-64.705858047999996
7.0810000000000004	-64.695174057058608
7.0819999999999999	-64.684246786211517
7.0830000000000002	-64.67307408712422
7.0840000000000005	-64.661653831024637
7.085	-64.649983908656253
7.0860000000000003	-64.638062230231355
7.0869999999999997	-64.625886725384277
7.0880000000000001	-64.613455343124485
7.0890000000000004	-64.60076605178989
7.0899999999999999	-64.587816838999998
7.0910000000000002	-64.574605711609109
7.0920000000000005	-64.561130695659514
7.093	-64.54738983633473
7.0940000000000003	-64.533381197912632
7.0949999999999998	-64.519102863718757
7.0960000000000001	-64.504552936079364
7.0970000000000004	-64.489729536274766
7.0979999999999999	-64.474630804492477
7.0990000000000002	-64.45925489978039
7.1000000000000005	-64.443599999999989
7.101	-64.4276643017796
7.1020000000000003	-64.411446020467523
7.1029999999999998	-64.394943390085231
7.1040000000000001	-64.37815466328064
7.1050000000000004	-64.361078111281245
7.1059999999999999	-64.34371202384736
7.1070000000000002	-64.326054709225261
7.1080000000000005	-64.308104494100476
7.109	-64.28985972355089
7.1100000000000003	-64.271318761000003
7.1109999999999998	-64.252479988170109
7.1120000000000001	-64.233341805035522
7.1130000000000004	-64.213902629775717
7.1139999999999999	-64.19416089872864
7.1150000000000002	-64.174115066343745
7.1160000000000005	-64.153763605135353
7.117	-64.13310500563577
7.1180000000000003	-64.112137776348476
7.1189999999999998	-64.090860443701402
7.1200000000000001	-64.069271552000004
7.1210000000000004	-64.047369663380607
7.1219999999999999	-64.025153357763529
7.1230000000000002	-64.00262123280622
7.1240000000000006	-63.97977190385663
7.125	-63.95660400390625
7.1260000000000003	-63.933116183543348
7.1269999999999998	-63.909307110906276
7.1280000000000001	-63.885175471636472
7.1290000000000004	-63.860719968831873
7.1299999999999999	-63.835939322999998
7.1310000000000002	-63.810832272011098
7.1320000000000006	-63.785397571051504
7.133	-63.759633992576731
7.1340000000000003	-63.733540326264631
7.1349999999999998	-63.707115378968759
7.1360000000000001	-63.680357974671352
7.1370000000000005	-63.653266954436759
7.1379999999999999	-63.625841176364482
7.1390000000000002	-63.598079515542381
7.1400000000000006	-63.56998086399998
7.141	-63.541544130661613
7.1420000000000003	-63.512768241299504
7.1429999999999998	-63.48365213848723
7.1440000000000001	-63.454194781552637
7.1450000000000005	-63.424395146531239
7.1459999999999999	-63.394252226119356
7.1470000000000002	-63.363765029627267
7.1480000000000006	-63.332932582932457
7.149	-63.301753928432888
7.1500000000000004	-63.270228124999981
7.1509999999999998	-63.238354247932115
7.1520000000000001	-63.206131388907522
7.1530000000000005	-63.173558655937711
7.1539999999999999	-63.140635173320646
7.1550000000000002	-63.10736008159374
7.1560000000000006	-63.073732537487338
7.157	-63.03975171387777
7.1580000000000004	-63.005416799740466
7.1589999999999998	-62.970727000103395
7.1600000000000001	-62.93568153599999
7.1610000000000005	-62.900279644422589
7.1619999999999999	-62.864520578275517
7.1630000000000003	-62.828403606328223
7.1640000000000006	-62.791928013168615
7.165	-62.755093099156248
7.1660000000000004	-62.71789818037535
7.1669999999999998	-62.680342588588282
7.1680000000000001	-62.642425671188477
7.1690000000000005	-62.604146791153873
7.1699999999999999	-62.565505327000004
7.1710000000000003	-62.5265006727331
7.1719999999999997	-62.487132237803529
7.173	-62.447399447058729
7.1740000000000004	-62.407301740696617
7.1749999999999998	-62.366838574218754
7.1760000000000002	-62.32600941838335
7.1770000000000005	-62.284813759158752
7.1779999999999999	-62.243251097676477
7.1790000000000003	-62.201320950184382
7.1799999999999997	-62.159022848000006
7.181	-62.1163563374636
7.1820000000000004	-62.073320979891506
7.1829999999999998	-62.029916351529245
7.1840000000000002	-61.986142043504628
7.1850000000000005	-61.941997661781222
7.1859999999999999	-61.897482827111361
7.1870000000000003	-61.852597174989256
7.1879999999999997	-61.807340355604495
7.1890000000000001	-61.761712033794893
7.1900000000000004	-61.715711888999984
7.1909999999999998	-61.669339615214113
7.1920000000000002	-61.622594920939513
7.1930000000000005	-61.575477529139711
7.194	-61.527987177192635
7.1950000000000003	-61.480123616843734
7.1959999999999997	-61.431886614159374
7.1970000000000001	-61.383275949479767
7.1980000000000004	-61.334291417372455
7.1989999999999998	-61.284932826585404
7.2000000000000002	-61.235199999999985
7.2010000000000005	-61.185092774584589
7.202	-61.134611001347515
7.2030000000000003	-61.083754545290219
7.2039999999999997	-61.032523285360647
7.2050000000000001	-60.980917114406253
7.2060000000000004	-60.928935939127342
7.2069999999999999	-60.876579680030275
7.2080000000000002	-60.823848271380463
7.2090000000000005	-60.770741661155867
7.21	-60.717259810999998
7.2110000000000003	-60.663402696175091
7.2119999999999997	-60.609170305515534
7.2130000000000001	-60.554562641380727
7.2140000000000004	-60.499579719608619
7.2149999999999999	-60.444221569468759
7.2160000000000002	-60.388488233615341
7.2170000000000005	-60.332379768040745
7.218	-60.27589624202848
7.2190000000000003	-60.219037738106373
7.2199999999999998	-60.161804352000011
7.2210000000000001	-60.104196192585604
7.2220000000000004	-60.046213381843494
7.2229999999999999	-59.987856054811239
7.2240000000000002	-59.92912435953663
7.2250000000000005	-59.870018457031215
7.226	-59.810538521223357
7.2270000000000003	-59.750684738911254
7.2279999999999998	-59.6904573097165
7.2290000000000001	-59.629856446036882
7.2300000000000004	-59.568882372999973
7.2309999999999999	-59.507535328416125
7.2320000000000002	-59.445815562731504
7.2330000000000005	-59.383723338981696
7.234	-59.321258932744641
7.2350000000000003	-59.258422632093733
7.2359999999999998	-59.195214737551382
7.2370000000000001	-59.131635562041758
7.2380000000000004	-59.067685430844456
7.2389999999999999	-59.003364681547403
7.2400000000000002	-58.938673663999985
7.2410000000000005	-58.873612740266573
7.242	-58.808182284579523
7.2430000000000003	-58.742382683292206
7.2439999999999998	-58.676214334832657
7.2450000000000001	-58.609677649656241
7.2460000000000004	-58.542773050199322
7.2469999999999999	-58.475500970832279
7.2480000000000002	-58.40786185781247
7.2490000000000006	-58.339856169237855
7.25	-58.271484375
7.2510000000000003	-58.202746956737087
7.2519999999999998	-58.133644407787543
7.2530000000000001	-58.064177233142722
7.2540000000000004	-57.994345949400611
7.2549999999999999	-57.924151084718758
7.2560000000000002	-57.853593178767341
7.2570000000000006	-57.782672782682724
7.258	-57.711390459020485
7.2590000000000003	-57.639746781708368
7.2599999999999998	-57.567742336000023
7.2610000000000001	-57.495377718427598
7.2620000000000005	-57.42265353675549
7.2629999999999999	-57.349570409933236
7.2640000000000002	-57.276128968048624
7.2650000000000006	-57.202329852281203
7.266	-57.128173714855357
7.2670000000000003	-57.053661218993241
7.2679999999999998	-56.978793038868503
7.2690000000000001	-56.903569859558885
7.2700000000000005	-56.827992376999958
7.2709999999999999	-56.752061297938113
7.2720000000000002	-56.675777339883503
7.2730000000000006	-56.59914123106369
7.274	-56.522153710376635
7.2750000000000004	-56.444815527343714
7.2759999999999998	-56.367127442063371
7.2770000000000001	-56.289090225163754
7.2780000000000005	-56.210704657756445
7.2789999999999999	-56.131971531389389
7.2800000000000002	-56.052891647999985
7.2810000000000006	-55.973465819868565
7.282	-55.893694869571519
7.2830000000000004	-55.813579629934203
7.2839999999999998	-55.733120943984659
7.2850000000000001	-55.652319664906237
7.2860000000000005	-55.571176655991323
7.2869999999999999	-55.489692790594276
7.2880000000000003	-55.407868952084463
7.2890000000000006	-55.32570603379984
7.29	-55.243204938999995
7.2910000000000004	-55.160366580819073
7.2919999999999998	-55.077191882219545
7.2930000000000001	-54.993681775944715
7.2940000000000005	-54.909837204472595
7.2949999999999999	-54.825659119968762
7.2960000000000003	-54.741148484239332
7.2969999999999997	-54.656306268684794
7.298	-54.571133454252475
7.2990000000000004	-54.485631031390362
7.2999999999999998	-54.39980000000002
7.3010000000000002	-54.313641369389593
7.3020000000000005	-54.22715615822748
7.3029999999999999	-54.140345394495242
7.3040000000000003	-54.053210115440621
7.3049999999999997	-53.965751367531276
7.306	-53.877970206407362
7.3070000000000004	-53.789867696835238
7.3079999999999998	-53.701444912660492
7.3090000000000002	-53.612702936760876
7.3100000000000005	-53.523642860999956
7.3109999999999999	-53.434265786180113
7.3120000000000003	-53.344572821995492
7.3129999999999997	-53.254565086985757
7.3140000000000001	-53.164243708488634
7.3150000000000004	-53.073609822593717
7.3159999999999998	-52.982664574095374
7.3170000000000002	-52.89140911644575
7.3180000000000005	-52.799844611708437
7.319	-52.707972230511395
7.3200000000000003	-52.615793151999974
7.3209999999999997	-52.523308563790636
7.3220000000000001	-52.430519661923512
7.3230000000000004	-52.337427650816196
7.3239999999999998	-52.244033743216654
7.3250000000000002	-52.150339160156243
7.3260000000000005	-52.05634513090331
7.327	-51.962052892916283
7.3280000000000003	-51.867463691796445
7.3289999999999997	-51.772578781241911
7.3300000000000001	-51.677399422999997
7.3310000000000004	-51.581926886821073
7.3319999999999999	-51.486162450411527
7.3330000000000002	-51.390107399386707
7.3340000000000005	-51.293763027224593
7.335	-51.197130635218763
7.3360000000000003	-51.100211532431331
7.3369999999999997	-51.003007035646789
7.3380000000000001	-50.905518469324477
7.3390000000000004	-50.80774716555235
7.3399999999999999	-50.709694464000009
7.3410000000000002	-50.611361711871595
7.3420000000000005	-50.512750263859466
7.343	-50.413861482097232
7.3440000000000003	-50.314696736112616
7.3449999999999998	-50.215257402781283
7.3460000000000001	-50.11554486627935
7.3470000000000004	-50.015560518037226
7.3479999999999999	-49.91530575669249
7.3490000000000002	-49.814781988042874
7.3500000000000005	-49.713990624999944
7.351	-49.612933087542118
7.3520000000000003	-49.511610802667484
7.3529999999999998	-49.410025204347761
7.3540000000000001	-49.308177733480626
7.3550000000000004	-49.206069837843707
7.3559999999999999	-49.103702972047373
7.3570000000000002	-49.001078597487748
7.3580000000000005	-48.898198182300426
7.359	-48.795063201313383
7.3600000000000003	-48.691675135999965
7.3609999999999998	-48.588035474432637
7.3620000000000001	-48.484145711235499
7.3630000000000004	-48.380007347538189
7.3639999999999999	-48.275621890928655
7.3650000000000002	-48.170990855406231
7.3660000000000005	-48.066115761335297
7.367	-47.960998135398263
7.3680000000000003	-47.855639510548443
7.3689999999999998	-47.750041425963907
7.3700000000000001	-47.644205426999989
7.3710000000000004	-47.538133065143064
7.3719999999999999	-47.431825897963535
7.3730000000000002	-47.325285489068705
7.3740000000000006	-47.218513408056573
7.375	-47.11151123046875
7.3760000000000003	-47.004280537743313
7.3769999999999998	-46.896822917168798
7.3780000000000001	-46.789139961836469
7.3790000000000004	-46.68123327059434
7.3799999999999999	-46.573104448000009
7.3810000000000002	-46.464755104273586
7.3820000000000006	-46.356186855251451
7.383	-46.247401322339229
7.3840000000000003	-46.138400132464604
7.3849999999999998	-46.029184918031277
7.3860000000000001	-45.91975731687134
7.3870000000000005	-45.81011897219922
7.3879999999999999	-45.700271532564486
7.3890000000000002	-45.590216651804866
7.3900000000000006	-45.479955988999933
7.391	-45.369491208424108
7.3920000000000003	-45.258823979499489
7.3929999999999998	-45.147955976749749
7.3940000000000001	-45.036888879752624
7.3950000000000005	-44.925624373093697
7.3959999999999999	-44.814164146319371
7.3970000000000002	-44.70250989388974
7.3980000000000006	-44.590663315132417
7.399	-44.478626114195379
7.4000000000000004	-44.366399999999963
7.4009999999999998	-44.253986686194636
7.4020000000000001	-44.141387891107506
7.4030000000000005	-44.028605337700178
7.4039999999999999	-43.915640753520655
7.4050000000000002	-43.802495870656223
7.4060000000000006	-43.689172425687296
7.407	-43.575672159640263
7.4080000000000004	-43.461996817940438
7.4089999999999998	-43.348148150365915
7.4100000000000001	-43.234127910999987
7.4110000000000005	-43.119937858185061
7.4119999999999999	-43.005579754475534
7.4130000000000003	-42.891055366590699
7.4140000000000006	-42.776366465368568
7.415	-42.66151482571874
7.4160000000000004	-42.546502226575321
7.4169999999999998	-42.431330450850787
7.4180000000000001	-42.316001285388474
7.4190000000000005	-42.200516520916331
7.4199999999999999	-42.084877952000014
7.4210000000000003	-41.969087376995581
7.4220000000000006	-41.853146598003455
7.423	-41.737057420821237
7.4240000000000004	-41.620821654896602
7.4249999999999998	-41.504441113281267
7.4260000000000002	-41.387917612583344
7.4270000000000005	-41.271252972921218
7.4279999999999999	-41.154449017876487
7.4290000000000003	-41.037507574446856
7.4299999999999997	-40.920430473000032
7.431	-40.803219547226099
7.4320000000000004	-40.685876634091478
7.4329999999999998	-40.568403573791748
7.4340000000000002	-40.450802209704619
7.4350000000000005	-40.33307438834369
7.4359999999999999	-40.215221959311371
7.4370000000000003	-40.097246775251726
7.4379999999999997	-39.979150691804513
7.4390000000000001	-39.860935567557384
7.4400000000000004	-39.742603263999946
7.4409999999999998	-39.624155645476634
7.4420000000000002	-39.505594579139498
7.4430000000000005	-39.386921934902169
7.444	-39.268139585392646
7.4450000000000003	-39.149249405906218
7.4459999999999997	-39.030253274359396
7.4470000000000001	-38.911153071242261
7.4480000000000004	-38.791950679572437
7.4489999999999998	-38.672647984847913
7.4500000000000002	-38.553246874999978
7.4510000000000005	-38.433749240347048
7.452	-38.314156973547519
7.4530000000000003	-38.194471969552687
7.4539999999999997	-38.074696125560664
7.4550000000000001	-37.954831340968745
7.4560000000000004	-37.834879517327309
7.4569999999999999	-37.714842558292794
7.4580000000000002	-37.59472236958046
7.4590000000000005	-37.474520858918318
7.46	-37.354239935999999
7.4610000000000003	-37.233881512437584
7.4619999999999997	-37.113447501715548
7.4630000000000001	-36.992939819143231
7.4640000000000004	-36.872360381808598
7.4649999999999999	-36.751711108531275
7.4660000000000002	-36.630993919815332
7.4670000000000005	-36.510210737803206
7.468	-36.38936348622849
7.4690000000000003	-36.268454090368863
7.4699999999999998	-36.147484477000042
7.4710000000000001	-36.026456574348103
7.4720000000000004	-35.905372312043475
7.4729999999999999	-35.784233621073753
7.4740000000000002	-35.663042433736621
7.4750000000000005	-35.541800683593678
7.476	-35.420510305423349
7.4770000000000003	-35.299173235173726
7.4779999999999998	-35.177791409916509
7.4790000000000001	-35.056366767799375
7.4800000000000004	-34.934901247999946
7.4809999999999999	-34.813396790678631
7.4820000000000002	-34.691855336931489
7.4830000000000005	-34.570278828744165
7.484	-34.448669208944636
7.4850000000000003	-34.327028421156207
7.4859999999999998	-34.205358409751405
7.4870000000000001	-34.083661119804255
7.4880000000000004	-33.961938497044414
7.4889999999999999	-33.840192487809894
7.4900000000000002	-33.718425038999975
7.4910000000000005	-33.596638098029047
7.492	-33.47483361277952
7.4930000000000003	-33.353013531554694
7.4939999999999998	-33.231179803032674
7.4950000000000001	-33.109334376218747
7.4960000000000004	-32.987479200399306
7.4969999999999999	-32.865616225094783
7.4980000000000002	-32.743747400012452
7.4990000000000006	-32.621874675000321
7.5	-32.5
7.5010000000000003	-32.378125324999559
7.5019999999999998	-32.256252599987555
7.5030000000000001	-32.134383774905203
7.5040000000000004	-32.01252079960058
7.5049999999999999	-31.890665623781263
7.5060000000000002	-31.768820196967344
7.5070000000000006	-31.646986468445192
7.508	-31.525166387220477
7.5090000000000003	-31.403361901970857
7.5099999999999998	-31.281574961000022
7.5110000000000001	-31.159807512190092
7.5120000000000005	-31.038061502955475
7.5129999999999999	-30.916338880195724
7.5140000000000002	-30.794641590248606
7.5150000000000006	-30.672971578843683
7.516	-30.551330791055346
7.5170000000000003	-30.429721171255718
7.5179999999999998	-30.308144663068486
7.5190000000000001	-30.186603209321387
7.5200000000000005	-30.065098751999937
7.5209999999999999	-29.943633232200618
7.5220000000000002	-29.822208590083505
7.5230000000000006	-29.700826764826168
7.524	-29.57948969457663
7.5250000000000004	-29.458199316406212
7.5259999999999998	-29.336957566263397
7.5270000000000001	-29.215766378926254
7.5280000000000005	-29.094627687956425
7.5289999999999999	-28.97354342565189
7.5300000000000002	-28.852515522999983
7.5310000000000006	-28.731545909631034
7.532	-28.610636513771514
7.5330000000000004	-28.489789262196702
7.5339999999999998	-28.369006080184668
7.5350000000000001	-28.248288891468722
7.5360000000000005	-28.127639618191314
7.5369999999999999	-28.007060180856765
7.5380000000000003	-27.886552498284438
7.5390000000000006	-27.766118487562309
7.54	-27.645760063999987
7.5410000000000004	-27.525479141081561
7.5419999999999998	-27.405277630419533
7.5430000000000001	-27.285157441707216
7.5440000000000005	-27.165120482672599
7.5449999999999999	-27.045168659031248
7.5460000000000003	-26.925303874439312
7.5470000000000006	-26.805528030447196
7.548	-26.685843026452485
7.5490000000000004	-26.566250759652839
7.5499999999999998	-26.446753125000033
7.5510000000000002	-26.327352015152098
7.5520000000000005	-26.208049320427463
7.5529999999999999	-26.088846928757739
7.5540000000000003	-25.969746725640622
7.5549999999999997	-25.850750594093789
7.556	-25.731860414607368
7.5570000000000004	-25.613078065097724
7.5579999999999998	-25.494405420860499
7.5590000000000002	-25.375844354523366
7.5600000000000005	-25.257396735999951
7.5609999999999999	-25.139064432442613
7.5620000000000003	-25.02084930819548
7.5629999999999997	-24.90275322474827
7.5640000000000001	-24.784778040688632
7.5650000000000004	-24.666925611656211
7.5659999999999998	-24.549197790295388
7.5670000000000002	-24.431596426208241
7.5680000000000005	-24.314123365908419
7.569	-24.196780452773886
7.5700000000000003	-24.079569526999958
7.5709999999999997	-23.962492425553137
7.5720000000000001	-23.845550982123509
7.5730000000000004	-23.728747027078686
7.5739999999999998	-23.61208238741666
7.5750000000000002	-23.495558886718744
7.5760000000000005	-23.379178345103295
7.577	-23.262942579178773
7.5780000000000003	-23.146853401996449
7.5789999999999997	-23.030912623004415
7.5800000000000001	-22.915122047999997
7.5810000000000004	-22.799483479083573
7.5819999999999999	-22.683998714611548
7.5830000000000002	-22.56866954914921
7.5840000000000005	-22.453497773424576
7.585	-22.338485174281256
7.5860000000000003	-22.223633534631325
7.5869999999999997	-22.108944633409283
7.5880000000000001	-21.994420245524463
7.5890000000000004	-21.880062141814843
7.5899999999999999	-21.76587208900003
7.5910000000000002	-21.65185184963407
7.5920000000000005	-21.53800318205947
7.593	-21.424327840359716
7.5940000000000003	-21.310827574312615
7.5949999999999998	-21.19750412934378
7.5960000000000001	-21.084359246479337
7.5970000000000004	-20.971394662299737
7.5979999999999999	-20.858612108892487
7.5990000000000002	-20.746013313805364
7.6000000000000005	-20.633599999999937
7.601	-20.521373885804625
7.6020000000000003	-20.409336684867476
7.6029999999999998	-20.297490106110235
7.6040000000000001	-20.185835853680647
7.6050000000000004	-20.07437562690621
7.6059999999999999	-19.963111120247397
7.6070000000000002	-19.852044023250262
7.6080000000000005	-19.741176020500415
7.609	-19.630508791575881
7.6100000000000003	-19.52004401099996
7.6109999999999998	-19.409783348195123
7.6120000000000001	-19.299728467435514
7.6130000000000004	-19.189881027800698
7.6139999999999999	-19.080242683128649
7.6150000000000002	-18.970815081968745
7.6160000000000005	-18.861599867535293
7.617	-18.752598677660789
7.6180000000000003	-18.643813144748432
7.6189999999999998	-18.535244895726425
7.6200000000000001	-18.42689555199998
7.6210000000000004	-18.318766729405553
7.6219999999999999	-18.210860038163531
7.6230000000000002	-18.10317708283122
7.6240000000000006	-17.995719462256581
7.625	-17.88848876953125
7.6260000000000003	-17.78148659194332
7.6269999999999998	-17.674714510931274
7.6280000000000001	-17.568174102036476
7.6290000000000004	-17.46186693485685
7.6299999999999999	-17.355794573000011
7.6310000000000002	-17.249958574036079
7.6320000000000006	-17.144360489451429
7.633	-17.039001864601762
7.6340000000000003	-16.933884238664628
7.6349999999999998	-16.829009144593766
7.6360000000000001	-16.724378109071331
7.6370000000000005	-16.619992652461718
7.6379999999999999	-16.515854288764487
7.6390000000000002	-16.411964525567349
7.6400000000000006	-16.308324863999932
7.641	-16.204936798686624
7.6420000000000003	-16.101801817699453
7.6429999999999998	-15.998921402512208
7.6440000000000001	-15.896297027952635
7.6450000000000005	-15.793930162156178
7.6459999999999999	-15.691822266519393
7.6470000000000002	-15.589974795652241
7.6480000000000006	-15.488389197332415
7.649	-15.387066912457884
7.6500000000000004	-15.28600937499999
7.6509999999999998	-15.185218011957138
7.6520000000000001	-15.084694243307496
7.6530000000000005	-14.984439481962673
7.6539999999999999	-14.88445513372066
7.6550000000000002	-14.784742597218719
7.6560000000000006	-14.68530326388726
7.657	-14.586138517902766
7.6580000000000004	-14.48724973614044
7.6589999999999998	-14.388638288128396
7.6600000000000001	-14.290305535999979
7.6610000000000005	-14.192252834447597
7.6619999999999999	-14.094481530675511
7.6630000000000003	-13.996992964353238
7.6640000000000006	-13.899788467568568
7.665	-13.80286936478122
7.6660000000000004	-13.706236972775306
7.6669999999999998	-13.609892600613289
7.6680000000000001	-13.513837549588452
7.6690000000000005	-13.418073113178833
7.6699999999999999	-13.322600577000003
7.6710000000000003	-13.227421218758106
7.6720000000000006	-13.132536308203454
7.673	-13.037947107083751
7.6740000000000004	-12.943654869096628
7.6749999999999998	-12.84966083984374
7.6760000000000002	-12.755966256783395
7.6770000000000005	-12.662572349183753
7.6779999999999999	-12.569480338076499
7.6790000000000003	-12.476691436209366
7.6799999999999997	-12.384206847999998
7.681	-12.292027769488572
7.6820000000000004	-12.200155388291481
7.6829999999999998	-12.108590883554237
7.6840000000000002	-12.017335425904644
7.6850000000000005	-11.92639017740621
7.6859999999999999	-11.835756291511347
7.6870000000000003	-11.74543491301425
7.6879999999999997	-11.655427178004484
7.6890000000000001	-11.565734213819878
7.6900000000000004	-11.476357138999969
7.6909999999999998	-11.387297063239124
7.6920000000000002	-11.29855508733953
7.6930000000000005	-11.210132303164711
7.694	-11.122029793592629
7.6950000000000003	-11.034248632468755
7.6959999999999997	-10.946789884559422
7.6970000000000001	-10.859654605504758
7.6980000000000004	-10.772843841772461
7.6989999999999998	-10.686358630610403
7.7000000000000002	-10.600199999999969
7.7010000000000005	-10.514368968609588
7.702	-10.428866545747516
7.7030000000000003	-10.343693731315197
7.7039999999999997	-10.258851515760654
7.7050000000000001	-10.174340880031272
7.7060000000000004	-10.090162795527352
7.7069999999999999	-10.006318224055276
7.7080000000000002	-9.9228081177804572
7.7090000000000005	-9.8396334191808013
7.71	-9.756795061000032
7.7110000000000003	-9.6742939662000662
7.7119999999999997	-9.592131047915549
7.7130000000000001	-9.5103072094057222
7.7140000000000004	-9.4288233440085865
7.7149999999999999	-9.3476803350937221
7.7160000000000002	-9.2668790560153624
7.7170000000000005	-9.1864203700656741
7.718	-9.1063051304284617
7.7190000000000003	-9.026534180131355
7.7199999999999998	-8.9471083520000469
7.7210000000000001	-8.8680284686106159
7.7220000000000004	-8.7892953422435465
7.7229999999999999	-8.7109097748362228
7.7240000000000002	-8.6328725579366079
7.7250000000000005	-8.5551844726562098
7.726	-8.4778462896233417
7.7270000000000003	-8.4008587689362884
7.7279999999999998	-8.3242226601165044
7.7290000000000001	-8.2479387020618873
7.7300000000000004	-8.1720076229999972
7.7309999999999999	-8.0964301404411358
7.7320000000000002	-8.0212069611314671
7.7330000000000005	-7.946338781006717
7.734	-7.8718262851446754
7.7350000000000003	-7.797670147718752
7.7359999999999998	-7.7238710319513633
7.7370000000000001	-7.6504295900667314
7.7380000000000004	-7.5773464632444485
7.7389999999999999	-7.5046222815724297
7.7400000000000002	-7.4322576639999882
7.7410000000000005	-7.3602532182915423
7.742	-7.2886095409795049
7.7430000000000003	-7.2173272173172318
7.7439999999999998	-7.1464068212326763
7.7450000000000001	-7.0758489152812025
7.7460000000000004	-7.0056540505993352
7.7469999999999999	-6.9358227668572736
7.7480000000000002	-6.8663555922124173
7.7490000000000006	-6.7972530432628329
7.75	-6.728515625
7.7510000000000003	-6.6601438307620322
7.7519999999999998	-6.5921381421875935
7.7530000000000001	-6.5244990291676714
7.7540000000000004	-6.4572269498006118
7.7549999999999999	-6.390322350343749
7.7560000000000002	-6.323785665167394
7.7570000000000006	-6.2576173167077043
7.758	-6.1918177154204894
7.7590000000000003	-6.1263872597333444
7.7599999999999998	-6.0613263359999818
7.7610000000000001	-5.9966353184525776
7.7620000000000005	-5.9323145691555039
7.7629999999999999	-5.8683644379582374
7.7640000000000002	-5.8047852624486298
7.7650000000000006	-5.7415773679062356
7.766	-5.6787410672554328
7.7670000000000003	-5.6162766610182517
7.7679999999999998	-5.5541844372685683
7.7690000000000001	-5.492464671583897
7.7700000000000005	-5.4311176270000079
7.7709999999999999	-5.3701435539630769
7.7720000000000002	-5.3095426902835312
7.7730000000000006	-5.2493152610886975
7.774	-5.18946147877661
7.7750000000000004	-5.1299815429687321
7.7759999999999998	-5.0708756404634023
7.7770000000000001	-5.0121439451887628
7.7780000000000005	-4.9537866181564718
7.7789999999999999	-4.8958038074143717
7.7800000000000002	-4.8381956479999744
7.7810000000000006	-4.7809622618935652
7.782	-4.7241037579714655
7.7830000000000004	-4.6676202319592033
7.7839999999999998	-4.6115117663846545
7.7850000000000001	-4.555778430531249
7.7860000000000005	-4.5004202803913271
7.7869999999999999	-4.4454373586193539
7.7880000000000003	-4.3908296944844585
7.7890000000000006	-4.3365973038248766
7.79	-4.2827401889999788
7.7910000000000004	-4.229258338844093
7.7919999999999998	-4.1761517286195442
7.7930000000000001	-4.1234203199696839
7.7940000000000005	-4.071064060872585
7.7949999999999999	-4.0190828855936971
7.7960000000000003	-3.9674767146394117
7.7970000000000006	-3.9162454547097107
7.798	-3.8653889986524703
7.7990000000000004	-3.81490722541538
7.7999999999999998	-3.7648000000000317
7.8010000000000002	-3.7150671734146083
7.8020000000000005	-3.6657085826275528
7.8029999999999999	-3.6167240505202738
7.8040000000000003	-3.568113385840666
7.8050000000000006	-3.5198763831562325
7.806	-3.4720128228072991
7.8070000000000004	-3.4245224708602606
7.8079999999999998	-3.3774050790605452
7.8090000000000002	-3.3306603847859262
7.8100000000000005	-3.2842881110000084
7.8109999999999999	-3.2382879662051502
7.8120000000000003	-3.1926596443954867
7.8129999999999997	-3.147402825010746
7.8140000000000001	-3.1025171728886263
7.8150000000000004	-3.0580023382187442
7.8159999999999998	-3.0138579564953409
7.8170000000000002	-2.9700836484707369
7.8180000000000005	-2.9266790201084816
7.819	-2.883643662536397
7.8200000000000003	-2.8409771520000424
7.8209999999999997	-2.798679049815608
7.8220000000000001	-2.7567489023235319
7.8230000000000004	-2.7151862408412604
7.8239999999999998	-2.6739905816167209
7.8250000000000002	-2.6331614257812368
7.8260000000000005	-2.5926982593033494
7.827	-2.5526005529413012
7.8280000000000003	-2.5128677621964277
7.8289999999999997	-2.4734993272668087
7.8300000000000001	-2.4344946729999637
7.8310000000000004	-2.3958532088460833
7.8319999999999999	-2.3575743288115447
7.8330000000000002	-2.3196574114117721
7.8340000000000005	-2.2821018196246308
7.835	-2.244906900843771
7.8360000000000003	-2.208071986831444
7.8369999999999997	-2.1715963936717357
7.8380000000000001	-2.1354794217244812
7.8390000000000004	-2.0997203555773973
7.8399999999999999	-2.0643184640000505
7.8410000000000002	-2.0292729998965746
7.8420000000000005	-1.9945832002595363
7.843	-1.9602482861222821
7.8440000000000003	-1.926267462512681
7.8449999999999998	-1.8926399184062523
7.8460000000000001	-1.859364826679446
7.8470000000000004	-1.8264413440622771
7.8479999999999999	-1.7938686110924691
7.8490000000000002	-1.7616457520678321
7.8500000000000005	-1.7297718749999949
7.851	-1.6982460715671732
7.8520000000000003	-1.6670674170676041
7.8529999999999998	-1.6362349703728281
7.8540000000000001	-1.6057477738806401
7.8550000000000004	-1.5756048534687008
7.8559999999999999	-1.5458052184473234
7.8570000000000002	-1.5163478615126327
7.8580000000000005	-1.4872317587004507
7.859	-1.4584558693382439
7.8600000000000003	-1.4300191360000158
7.8609999999999998	-1.4019204844576068
7.8620000000000001	-1.3741588236354734
7.8630000000000004	-1.3467330455631183
7.8639999999999999	-1.3196420253285654
7.8650000000000002	-1.2928846210312208
7.8660000000000005	-1.2664596737353793
7.867	-1.2403660074232483
7.8680000000000003	-1.2146024289484458
7.8689999999999998	-1.1891677279889719
7.8700000000000001	-1.1640606769999466
7.8710000000000004	-1.1392800311681128
7.8719999999999999	-1.1148245283635561
7.8730000000000002	-1.090692889093674
7.8740000000000006	-1.0668838164565804
7.875	-1.04339599609375
7.8760000000000003	-1.0202280961432888
7.8769999999999998	-0.99737876719367724
7.8780000000000001	-0.9748466422365385
7.8790000000000004	-0.95263033661928231
7.8799999999999999	-0.9307284479999467
7.8810000000000002	-0.90913955629865162
7.8820000000000006	-0.8878622236516196
7.883	-0.86689499436422002
7.8840000000000003	-0.84623639486466118
7.8849999999999998	-0.82588493365622406
7.8860000000000001	-0.80583910127132363
7.8870000000000005	-0.78609737022417414
7.8879999999999999	-0.76665819496449061
7.8890000000000002	-0.74752001182985672
7.8900000000000006	-0.72868123900000137
7.891	-0.71014027644907352
7.8920000000000003	-0.69189550589945747
7.8929999999999998	-0.67394529077471466
7.8940000000000001	-0.6562879761526087
7.8950000000000005	-0.63892188871875533
7.8959999999999999	-0.6218453367194211
7.8970000000000002	-0.60505660991474342
7.8980000000000006	-0.58855397953239064
7.899	-0.57233569822039165
7.9000000000000004	-0.55640000000000667
7.9009999999999998	-0.54074510021973687
7.9020000000000001	-0.52536919550757866
7.9030000000000005	-0.51027046372535201
7.9039999999999999	-0.49544706392059606
7.9050000000000002	-0.48089713628120417
7.9060000000000006	-0.46661880208726891
7.907	-0.45261016366520418
7.9080000000000004	-0.43886930434054405
7.9089999999999998	-0.42539428839085425
7.9100000000000001	-0.41218316100005992
7.9110000000000005	-0.39923394820999253
7.9119999999999999	-0.38654465687552808
7.9130000000000003	-0.37411327461565158
7.9140000000000006	-0.3619377697685956
7.915	-0.35001609134369477
7.9160000000000004	-0.33834616897533387
7.9169999999999998	-0.32692591287581824
7.9180000000000001	-0.31575321378844973
7.9190000000000005	-0.30482594294142334
7.9199999999999999	-0.29414195199990761
7.9210000000000003	-0.28369907302063918
7.9220000000000006	-0.27349511840369523
7.923	-0.26352788084628759
7.9240000000000004	-0.25379513329661857
7.9249999999999998	-0.24429462890629988
7.9260000000000002	-0.23502410098344878
7.9270000000000005	-0.22598126294623613
7.9279999999999999	-0.21716380827635204
7.9290000000000003	-0.20856941047203037
7.9300000000000006	-0.20019572300008784
7.931	-0.19204037925110384
7.9320000000000004	-0.18410099249149031
7.9329999999999998	-0.17637515581672147
7.9340000000000002	-0.16886044210459436
7.9350000000000005	-0.16155440396878695
7.9359999999999999	-0.15445457371142071
7.9370000000000003	-0.14755846327660846
7.9379999999999997	-0.14086356420448473
7.9390000000000001	-0.1343673475823724
7.9400000000000004	-0.12806726400004464
7.9409999999999998	-0.12196074350161012
7.9420000000000002	-0.11604519553959451
7.9430000000000005	-0.11031800892724657
7.944	-0.10477655179265039
7.9450000000000003	-0.099418171531298408
7.9459999999999997	-0.094240194759423607
7.9470000000000001	-0.089239927267321661
7.9480000000000004	-0.084414653972508802
7.9489999999999998	-0.079761638872982293
7.9500000000000002	-0.075278125000049864
7.9510000000000005	-0.070961334372144497
7.952	-0.066808467947397157
7.9530000000000003	-0.062816705577759535
7.9539999999999997	-0.058983205960642868
7.9550000000000001	-0.055305106593789809
7.9560000000000004	-0.051779523727262244
7.9569999999999999	-0.048403552317779486
7.9580000000000002	-0.045174265980459753
7.9590000000000005	-0.042088716943302039
7.96	-0.039143935999984732
7.9610000000000003	-0.036336932462633496
7.9619999999999997	-0.033664694115574413
7.9630000000000001	-0.031124187168132599
7.9640000000000004	-0.02871235620858038
7.9649999999999999	-0.026426124156176439
7.9660000000000002	-0.024262392215380797
7.9670000000000005	-0.022218039828407161
7.968	-0.020289924628442355
7.9690000000000003	-0.018474882393820263
7.9699999999999998	-0.016769726999896761
7.9710000000000001	-0.015171250373038939
7.9720000000000004	-0.013676222443557151
7.9729999999999999	-0.012281391098657618
7.9740000000000002	-0.010983482136636901
7.9750000000000005	-0.0097791992186849874
7.976	-0.0086652238234595155
7.9770000000000003	-0.0076382151987657047
7.9779999999999998	-0.0066948103163871524
7.9790000000000001	-0.0058316238244123676
7.9800000000000004	-0.0050452480000436773
7.9809999999999999	-0.0043322527036274826
7.9820000000000002	-0.0036891853314939579
7.9830000000000005	-0.0031125707692586011
7.984	-0.0025989113446619346
7.9850000000000003	-0.0021446867812097517
7.9859999999999998	-0.001746354151279661
7.9870000000000001	-0.0014003478292584266
7.9880000000000004	-0.0011030794444945652
7.9889999999999999	-0.00085093783495911646
7.9900000000000002	-0.00064028900003402589
7.9910000000000005	-0.00046747605416265335
7.992	-0.00032881917959710135
7.9930000000000003	-0.00022061557977161151
7.9939999999999998	-0.0001391394326041172
7.9950000000000001	-8.0641843777268856e-05
7.9960000000000004	-4.1350799342075734e-05
7.9969999999999999	-1.7471119830266463e-05
7.9980000000000002	-5.1844124987117839e-06
7.9990000000000006	-6.4902543152180033e-07
8	0
8.0009999999999994	0
8.0020000000000007	0
8.0030000000000001	0
8.0039999999999996	0
8.0050000000000008	0
8.0060000000000002	0
8.0069999999999997	0
8.0080000000000009	0
8.0090000000000003	0
8.0099999999999998	0
8.011000000000001	0
8.0120000000000005	0
8.0129999999999999	0
8.0139999999999993	0
8.0150000000000006	0
8.016	0
8.0169999999999995	0
8.0180000000000007	0
8.0190000000000001	0
8.0199999999999996	0
8.0210000000000008	0
8.0220000000000002	0
8.0229999999999997	0
8.0240000000000009	0
8.0250000000000004	0
8.0259999999999998	0
8.027000000000001	0
8.0280000000000005	0
8.0289999999999999	0
8.0299999999999994	0
8.0310000000000006	0
8.032	0
8.0329999999999995	0
8.0340000000000007	0
8.0350000000000001	0
8.0359999999999996	0
8.0370000000000008	0
8.0380000000000003	0
8.0389999999999997	0
8.0400000000000009	0
8.0410000000000004	0
8.0419999999999998	0
8.043000000000001	0
8.0440000000000005	0
8.0449999999999999	0
8.0459999999999994	0
8.0470000000000006	0
8.048	0
8.0489999999999995	0
8.0500000000000007	0
8.0510000000000002	0
8.0519999999999996	0
8.0530000000000008	0
8.0540000000000003	0
8.0549999999999997	0
8.0560000000000009	0
8.0570000000000004	0
8.0579999999999998	0
8.0590000000000011	0
8.0600000000000005	0
8.0609999999999999	0
8.0619999999999994	0
8.0630000000000006	0
8.0640000000000001	0
8.0649999999999995	0
8.0660000000000007	0
8.0670000000000002	0
8.0679999999999996	0
8.0690000000000008	0
8.0700000000000003	0
8.0709999999999997	0
8.072000000000001	0
8.0730000000000004	0
8.0739999999999998	0
8.0749999999999993	0
8.0760000000000005	0
8.077	0
8.0779999999999994	0
8.0790000000000006	0
8.0800000000000001	0
8.0809999999999995	0
8.0820000000000007	0
8.0830000000000002	0
8.0839999999999996	0
8.0850000000000009	0
8.0860000000000003	0
8.0869999999999997	0
8.088000000000001	0
8.0890000000000004	0
8.0899999999999999	0
8.0909999999999993	0
8.0920000000000005	0
8.093	0
8.0939999999999994	0
8.0950000000000006	0
8.0960000000000001	0
8.0969999999999995	0
8.0980000000000008	0
8.0990000000000002	0
8.0999999999999996	0
8.1010000000000009	0
8.1020000000000003	0
8.1029999999999998	0
8.104000000000001	0
8.1050000000000004	0
8.1059999999999999	0
8.1069999999999993	0
8.1080000000000005	0
8.109	0
8.1099999999999994	0
8.1110000000000007	0
8.1120000000000001	0
8.1129999999999995	0
8.1140000000000008	0
8.1150000000000002	0
8.1159999999999997	0
8.1170000000000009	0
8.1180000000000003	0
8.1189999999999998	0
8.120000000000001	0
8.1210000000000004	0
8.1219999999999999	0
8.1229999999999993	0
8.1240000000000006	0
8.125	0
8.1259999999999994	0
8.1270000000000007	0
8.1280000000000001	0
8.1289999999999996	0
8.1300000000000008	0
8.1310000000000002	0
8.1319999999999997	0
8.1330000000000009	0
8.1340000000000003	0
8.1349999999999998	0
8.136000000000001	0
8.1370000000000005	0
8.1379999999999999	0
8.1389999999999993	0
8.1400000000000006	0
8.141	0
8.1419999999999995	0
8.1430000000000007	0
8.1440000000000001	0
8.1449999999999996	0
8.1460000000000008	0
8.1470000000000002	0
8.1479999999999997	0
8.1490000000000009	0
8.1500000000000004	0
8.1509999999999998	0
8.152000000000001	0
8.1530000000000005	0
8.1539999999999999	0
8.1549999999999994	0
8.1560000000000006	0
8.157	0
8.1579999999999995	0
8.1590000000000007	0
8.1600000000000001	0
8.1609999999999996	0
8.1620000000000008	0
8.1630000000000003	0
8.1639999999999997	0
8.1650000000000009	0
8.1660000000000004	0
8.1669999999999998	0
8.168000000000001	0
8.1690000000000005	0
8.1699999999999999	0
8.1709999999999994	0
8.1720000000000006	0
8.173	0
8.1739999999999995	0
8.1750000000000007	0
8.1760000000000002	0
8.1769999999999996	0
8.1780000000000008	0
8.1790000000000003	0
8.1799999999999997	0
8.1810000000000009	0
8.1820000000000004	0
8.1829999999999998	0
8.1840000000000011	0
8.1850000000000005	0
8.1859999999999999	0
8.1869999999999994	0
8.1880000000000006	0
8.1890000000000001	0
8.1899999999999995	0
8.1910000000000007	0
8.1920000000000002	0
8.1929999999999996	0
8.1940000000000008	0
8.1950000000000003	0
8.1959999999999997	0
8.197000000000001	0
8.1980000000000004	0
8.1989999999999998	0
8.1999999999999993	0
8.2010000000000005	0
8.202	0
8.2029999999999994	0
8.2040000000000006	0
8.2050000000000001	0
8.2059999999999995	0
8.2070000000000007	0
8.2080000000000002	0
8.2089999999999996	0
8.2100000000000009	0
8.2110000000000003	0
8.2119999999999997	0
8.213000000000001	0
8.2140000000000004	0
8.2149999999999999	0
8.2159999999999993	0
8.2170000000000005	0
8.218	0
8.2189999999999994	0
8.2200000000000006	0
8.2210000000000001	0
8.2219999999999995	0
8.2230000000000008	0
8.2240000000000002	0
8.2249999999999996	0
8.2260000000000009	0
8.2270000000000003	0
8.2279999999999998	0
8.229000000000001	0
8.2300000000000004	0
8.2309999999999999	0
8.2319999999999993	0
8.2330000000000005	0
8.234	0
8.2349999999999994	0
8.2360000000000007	0
8.2370000000000001	0
8.2379999999999995	0
8.2390000000000008	0
8.2400000000000002	0
8.2409999999999997	0
8.2420000000000009	0
8.2430000000000003	0
8.2439999999999998	0
8.245000000000001	0
8.2460000000000004	0
8.2469999999999999	0
8.2479999999999993	0
8.2490000000000006	0
8.25	0
8.2509999999999994	0
8.2520000000000007	0
8.2530000000000001	0
8.2539999999999996	0
8.2550000000000008	0
8.2560000000000002	0
8.2569999999999997	0
8.2580000000000009	0
8.2590000000000003	0
8.2599999999999998	0
8.261000000000001	0
8.2620000000000005	0
8.2629999999999999	0
8.2639999999999993	0
8.2650000000000006	0
8.266	0
8.2669999999999995	0
8.2680000000000007	0
8.2690000000000001	0
8.2699999999999996	0
8.2710000000000008	0
8.2720000000000002	0
8.2729999999999997	0
8.2740000000000009	0
8.2750000000000004	0
8.2759999999999998	0
8.277000000000001	0
8.2780000000000005	0
8.2789999999999999	0
8.2799999999999994	0
8.2810000000000006	0
8.282	0
8.2829999999999995	0
8.2840000000000007	0
8.2850000000000001	0
8.2859999999999996	0
8.2870000000000008	0
8.2880000000000003	0
8.2889999999999997	0
8.2900000000000009	0
8.2910000000000004	0
8.2919999999999998	0
8.293000000000001	0
8.2940000000000005	0
8.2949999999999999	0
8.2959999999999994	0
8.2970000000000006	0
8.298	0
8.2989999999999995	0
8.3000000000000007	0
8.3010000000000002	0
8.3019999999999996	0
8.3030000000000008	0
8.3040000000000003	0
8.3049999999999997	0
8.3060000000000009	0
8.3070000000000004	0
8.3079999999999998	0
8.3090000000000011	0
8.3100000000000005	0
8.3109999999999999	0
8.3119999999999994	0
8.3130000000000006	0
8.3140000000000001	0
8.3149999999999995	0
8.3160000000000007	0
8.3170000000000002	0
8.3179999999999996	0
8.3190000000000008	0
8.3200000000000003	0
8.3209999999999997	0
8.322000000000001	0
8.3230000000000004	0
8.3239999999999998	0
8.3249999999999993	0
8.3260000000000005	0
8.327	0
8.3279999999999994	0
8.3290000000000006	0
8.3300000000000001	0
8.3309999999999995	0
8.3320000000000007	0
8.3330000000000002	0
8.3339999999999996	0
8.3350000000000009	0
8.3360000000000003	0
8.3369999999999997	0
8.338000000000001	0
8.3390000000000004	0
8.3399999999999999	0
8.3409999999999993	0
8.3420000000000005	0
8.343	0
8.3439999999999994	0
8.3450000000000006	0
8.3460000000000001	0
8.3469999999999995	0
8.3480000000000008	0
8.3490000000000002	0
8.3499999999999996	0
8.3510000000000009	0
8.3520000000000003	0
8.3529999999999998	0
8.354000000000001	0
8.3550000000000004	0
8.3559999999999999	0
8.3569999999999993	0
8.3580000000000005	0
8.359	0
8.3599999999999994	0
8.3610000000000007	0
8.3620000000000001	0
8.3629999999999995	0
8.3640000000000008	0
8.3650000000000002	0
8.3659999999999997	0
8.3670000000000009	0
8.3680000000000003	0
8.3689999999999998	0
8.370000000000001	0
8.3710000000000004	0
8.3719999999999999	0
8.3729999999999993	0
8.3740000000000006	0
8.375	0
8.3759999999999994	0
8.3770000000000007	0
8.3780000000000001	0
8.3789999999999996	0
8.3800000000000008	0
8.3810000000000002	0
8.3819999999999997	0
8.3830000000000009	0
8.3840000000000003	0
8.3849999999999998	0
8.386000000000001	0
8.3870000000000005	0
8.3879999999999999	0
8.3889999999999993	0
8.3900000000000006	0
8.391	0
8.3919999999999995	0
8.3930000000000007	0
8.3940000000000001	0
8.3949999999999996	0
8.3960000000000008	0
8.3970000000000002	0
8.3979999999999997	0
8.3990000000000009	0
8.4000000000000004	0
8.4009999999999998	0
8.402000000000001	0
8.4030000000000005	0
8.4039999999999999	0
8.4049999999999994	0
8.4060000000000006	0
8.407	0
8.4079999999999995	0
8.4090000000000007	0
8.4100000000000001	0
8.4109999999999996	0
8.4120000000000008	0
8.4130000000000003	0
8.4139999999999997	0
8.4150000000000009	0
8.4160000000000004	0
8.4169999999999998	0
8.418000000000001	0
8.4190000000000005	0
8.4199999999999999	0
8.4209999999999994	0
8.4220000000000006	0
8.423	0
8.4239999999999995	0
8.4250000000000007	0
8.4260000000000002	0
8.4269999999999996	0
8.4280000000000008	0
8.4290000000000003	0
8.4299999999999997	0
8.4310000000000009	0
8.4320000000000004	0
8.4329999999999998	0
8.4340000000000011	0
8.4350000000000005	0
8.4359999999999999	0
8.4369999999999994	0
8.4380000000000006	0
8.4390000000000001	0
8.4399999999999995	0
8.4410000000000007	0
8.4420000000000002	0
8.4429999999999996	0
8.4440000000000008	0
8.4450000000000003	0
8.4459999999999997	0
8.447000000000001	0
8.4480000000000004	0
8.4489999999999998	0
8.4499999999999993	0
8.4510000000000005	0
8.452	0
8.4529999999999994	0
8.4540000000000006	0
8.4550000000000001	0
8.4559999999999995	0
8.4570000000000007	0
8.4580000000000002	0
8.4589999999999996	0
8.4600000000000009	0
8.4610000000000003	0
8.4619999999999997	0
8.463000000000001	0
8.4640000000000004	0
8.4649999999999999	0
8.4659999999999993	0
8.4670000000000005	0
8.468	0
8.4689999999999994	0
8.4700000000000006	0
8.4710000000000001	0
8.4719999999999995	0
8.4730000000000008	0
8.4740000000000002	0
8.4749999999999996	0
8.4760000000000009	0
8.4770000000000003	0
8.4779999999999998	0
8.479000000000001	0
8.4800000000000004	0
8.4809999999999999	0
8.4819999999999993	0
8.4830000000000005	0
8.484	0
8.4849999999999994	0
8.4860000000000007	0
8.4870000000000001	0
8.4879999999999995	0
8.4890000000000008	0
8.4900000000000002	0
8.4909999999999997	0
8.4920000000000009	0
8.4930000000000003	0
8.4939999999999998	0
8.495000000000001	0
8.4960000000000004	0
8.4969999999999999	0
8.4979999999999993	0
8.4990000000000006	0
8.5	0
8.5009999999999994	0
8.5020000000000007	0
8.5030000000000001	0
8.5039999999999996	0
8.5050000000000008	0
8.5060000000000002	0
8.5069999999999997	0
8.5080000000000009	0
8.5090000000000003	0
8.5099999999999998	0
8.511000000000001	0
8.5120000000000005	0
8.5129999999999999	0
8.5139999999999993	0
8.5150000000000006	0
8.516	0
8.5169999999999995	0
8.5180000000000007	0
8.5190000000000001	0
8.5199999999999996	0
8.5210000000000008	0
8.5220000000000002	0
8.5229999999999997	0
8.5240000000000009	0
8.5250000000000004	0
8.5259999999999998	0
8.527000000000001	0
8.5280000000000005	0
8.5289999999999999	0
8.5299999999999994	0
8.5310000000000006	0
8.532	0
8.5329999999999995	0
8.5340000000000007	0
8.5350000000000001	0
8.5359999999999996	0
8.5370000000000008	0
8.5380000000000003	0
8.5389999999999997	0
8.5400000000000009	0
8.5410000000000004	0
8.5419999999999998	0
8.543000000000001	0
8.5440000000000005	0
8.5449999999999999	0
8.5459999999999994	0
8.5470000000000006	0
8.548	0
8.5489999999999995	0
8.5500000000000007	0
8.5510000000000002	0
8.5519999999999996	0
8.5530000000000008	0
8.5540000000000003	0
8.5549999999999997	0
8.5560000000000009	0
8.5570000000000004	0
8.5579999999999998	0
8.5590000000000011	0
8.5600000000000005	0
8.5609999999999999	0
8.5619999999999994	0
8.5630000000000006	0
8.5640000000000001	0
8.5649999999999995	0
8.5660000000000007	0
8.5670000000000002	0
8.5679999999999996	0
8.5690000000000008	0
8.5700000000000003	0
8.5709999999999997	0
8.572000000000001	0
8.5730000000000004	0
8.5739999999999998	0
8.5750000000000011	0
8.5760000000000005	0
8.577	0
8.5779999999999994	0
8.5790000000000006	0
8.5800000000000001	0
8.5809999999999995	0
8.5820000000000007	0
8.5830000000000002	0
8.5839999999999996	0
8.5850000000000009	0
8.5860000000000003	0
8.5869999999999997	0
8.588000000000001	0
8.5890000000000004	0
8.5899999999999999	0
8.5909999999999993	0
8.5920000000000005	0
8.593	0
8.5939999999999994	0
8.5950000000000006	0
8.5960000000000001	0
8.5969999999999995	0
8.5980000000000008	0
8.5990000000000002	0
8.5999999999999996	0
8.6010000000000009	0
8.6020000000000003	0
8.6029999999999998	0
8.604000000000001	0
8.6050000000000004	0
8.6059999999999999	0
8.6069999999999993	0
8.6080000000000005	0
8.609	0
8.6099999999999994	0
8.6110000000000007	0
8.6120000000000001	0
8.6129999999999995	0
8.6140000000000008	0
8.6150000000000002	0
8.6159999999999997	0
8.6170000000000009	0
8.6180000000000003	0
8.6189999999999998	0
8.620000000000001	0
8.6210000000000004	0
8.6219999999999999	0
8.6229999999999993	0
8.6240000000000006	0
8.625	0
8.6259999999999994	0
8.6270000000000007	0
8.6280000000000001	0
8.6289999999999996	0
8.6300000000000008	0
8.6310000000000002	0
8.6319999999999997	0
8.6330000000000009	0
8.6340000000000003	0
8.6349999999999998	0
8.636000000000001	0
8.6370000000000005	0
8.6379999999999999	0
8.6389999999999993	0
8.6400000000000006	0
8.641	0
8.6419999999999995	0
8.6430000000000007	0
8.6440000000000001	0
8.6449999999999996	0
8.6460000000000008	0
8.6470000000000002	0
8.6479999999999997	0
8.6490000000000009	0
8.6500000000000004	0
8.6509999999999998	0
8.652000000000001	0
8.6530000000000005	0
8.6539999999999999	0
8.6549999999999994	0
8.6560000000000006	0
8.657	0
8.6579999999999995	0
8.6590000000000007	0
8.6600000000000001	0
8.6609999999999996	0
8.6620000000000008	0
8.6630000000000003	0
8.6639999999999997	0
8.6650000000000009	0
8.6660000000000004	0
8.6669999999999998	0
8.668000000000001	0
8.6690000000000005	0
8.6699999999999999	0
8.6709999999999994	0
8.6720000000000006	0
8.673	0
8.6739999999999995	0
8.6750000000000007	0
8.6760000000000002	0
8.6769999999999996	0
8.6780000000000008	0
8.6790000000000003	0
8.6799999999999997	0
8.6810000000000009	0
8.6820000000000004	0
8.6829999999999998	0
8.6840000000000011	0
8.6850000000000005	0
8.6859999999999999	0
8.6869999999999994	0
8.6880000000000006	0
8.6890000000000001	0
8.6899999999999995	0
8.6910000000000007	0
8.6920000000000002	0
8.6929999999999996	0
8.6940000000000008	0
8.6950000000000003	0
8.6959999999999997	0
8.697000000000001	0
8.6980000000000004	0
8.6989999999999998	0
8.7000000000000011	0
8.7010000000000005	0
8.702	0
8.7029999999999994	0
8.7040000000000006	0
8.7050000000000001	0
8.7059999999999995	0
8.7070000000000007	0
8.7080000000000002	0
8.7089999999999996	0
8.7100000000000009	0
8.7110000000000003	0
8.7119999999999997	0
8.713000000000001	0
8.7140000000000004	0
8.7149999999999999	0
8.7159999999999993	0
8.7170000000000005	0
8.718	0
8.7189999999999994	0
8.7200000000000006	0
8.7210000000000001	0
8.7219999999999995	0
8.7230000000000008	0
8.7240000000000002	0
8.7249999999999996	0
8.7260000000000009	0
8.7270000000000003	0
8.7279999999999998	0
8.729000000000001	0
8.7300000000000004	0
8.7309999999999999	0
8.7319999999999993	0
8.7330000000000005	0
8.734	0
8.7349999999999994	0
8.7360000000000007	0
8.7370000000000001	0
8.7379999999999995	0
8.7390000000000008	0
8.7400000000000002	0
8.7409999999999997	0
8.7420000000000009	0
8.7430000000000003	0
8.7439999999999998	0
8.745000000000001	0
8.7460000000000004	0
8.7469999999999999	0
8.7479999999999993	0
8.7490000000000006	0
8.75	0
8.7509999999999994	0
8.7520000000000007	0
8.7530000000000001	0
8.7539999999999996	0
8.7550000000000008	0
8.7560000000000002	0
8.7569999999999997	0
8.7580000000000009	0
8.7590000000000003	0
8.7599999999999998	0
8.761000000000001	0
8.7620000000000005	0
8.7629999999999999	0
8.7639999999999993	0
8.7650000000000006	0
8.766	0
8.7669999999999995	0
8.7680000000000007	0
8.7690000000000001	0
8.7699999999999996	0
8.7710000000000008	0
8.7720000000000002	0
8.7729999999999997	0
8.7740000000000009	0
8.7750000000000004	0
8.7759999999999998	0
8.777000000000001	0
8.7780000000000005	0
8.7789999999999999	0
8.7799999999999994	0
8.7810000000000006	0
8.782	0
8.7829999999999995	0
8.7840000000000007	0
8.7850000000000001	0
8.7859999999999996	0
8.7870000000000008	0
8.7880000000000003	0
8.7889999999999997	0
8.7900000000000009	0
8.7910000000000004	0
8.7919999999999998	0
8.793000000000001	0
8.7940000000000005	0
8.7949999999999999	0
8.7959999999999994	0
8.7970000000000006	0
8.798	0
8.7989999999999995	0
8.8000000000000007	0
8.8010000000000002	0
8.8019999999999996	0
8.8030000000000008	0
8.8040000000000003	0
8.8049999999999997	0
8.8060000000000009	0
8.8070000000000004	0
8.8079999999999998	0
8.8090000000000011	0
8.8100000000000005	0
8.8109999999999999	0
8.8119999999999994	0
8.8130000000000006	0
8.8140000000000001	0
8.8149999999999995	0
8.8160000000000007	0
8.8170000000000002	0
8.8179999999999996	0
8.8190000000000008	0
8.8200000000000003	0
8.8209999999999997	0
8.822000000000001	0
8.8230000000000004	0
8.8239999999999998	0
8.8250000000000011	0
8.8260000000000005	0
8.827	0
8.8279999999999994	0
8.8290000000000006	0
8.8300000000000001	0
8.8309999999999995	0
8.8320000000000007	0
8.8330000000000002	0
8.8339999999999996	0
8.8350000000000009	0
8.8360000000000003	0
8.8369999999999997	0
8.838000000000001	0
8.8390000000000004	0
8.8399999999999999	0
8.8409999999999993	0
8.8420000000000005	0
8.843	0
8.8439999999999994	0
8.8450000000000006	0
8.8460000000000001	0
8.8469999999999995	0
8.8480000000000008	0
8.8490000000000002	0
8.8499999999999996	0
8.8510000000000009	0
8.8520000000000003	0
8.8529999999999998	0
8.854000000000001	0
8.8550000000000004	0
8.8559999999999999	0
8.8569999999999993	0
8.8580000000000005	0
8.859	0
8.8599999999999994	0
8.8610000000000007	0
8.8620000000000001	0
8.8629999999999995	0
8.8640000000000008	0
8.8650000000000002	0
8.8659999999999997	0
8.8670000000000009	0
8.8680000000000003	0
8.8689999999999998	0
8.870000000000001	0
8.8710000000000004	0
8.8719999999999999	0
8.8729999999999993	0
8.8740000000000006	0
8.875	0
8.8759999999999994	0
8.8770000000000007	0
8.8780000000000001	0
8.8789999999999996	0
8.8800000000000008	0
8.8810000000000002	0
8.8819999999999997	0
8.8830000000000009	0
8.8840000000000003	0
8.8849999999999998	0
8.886000000000001	0
8.8870000000000005	0
8.8879999999999999	0
8.8889999999999993	0
8.8900000000000006	0
8.891	0
8.8919999999999995	0
8.8930000000000007	0
8.8940000000000001	0
8.8949999999999996	0
8.8960000000000008	0
8.8970000000000002	0
8.8979999999999997	0
8.8990000000000009	0
8.9000000000000004	0
8.9009999999999998	0
8.902000000000001	0
8.9030000000000005	0
8.9039999999999999	0
8.9049999999999994	0
8.9060000000000006	0
8.907	0
8.9079999999999995	0
8.9090000000000007	0
8.9100000000000001	0
8.9109999999999996	0
8.9120000000000008	0
8.9130000000000003	0
8.9139999999999997	0
8.9150000000000009	0
8.9160000000000004	0
8.9169999999999998	0
8.918000000000001	0
8.9190000000000005	0
8.9199999999999999	0
8.9209999999999994	0
8.9220000000000006	0
8.923	0
8.9239999999999995	0
8.9250000000000007	0
8.9260000000000002	0
8.9269999999999996	0
8.9280000000000008	0
8.9290000000000003	0
8.9299999999999997	0
8.9310000000000009	0
8.9320000000000004	0
8.9329999999999998	0
8.9340000000000011	0
8.9350000000000005	0
8.9359999999999999	0
8.9369999999999994	0
8.9380000000000006	0
8.9390000000000001	0
8.9399999999999995	0
8.9410000000000007	0
8.9420000000000002	0
8.9429999999999996	0
8.9440000000000008	0
8.9450000000000003	0
8.9459999999999997	0
8.947000000000001	0
8.9480000000000004	0
8.9489999999999998	0
8.9500000000000011	0
8.9510000000000005	0
8.952	0
8.9529999999999994	0
8.9540000000000006	0
8.9550000000000001	0
8.9559999999999995	0
8.9570000000000007	0
8.9580000000000002	0
8.9589999999999996	0
8.9600000000000009	0
8.9610000000000003	0
8.9619999999999997	0
8.963000000000001	0
8.9640000000000004	0
8.9649999999999999	0
8.9659999999999993	0
8.9670000000000005	0
8.968	0
8.9689999999999994	0
8.9700000000000006	0
8.9710000000000001	0
8.9719999999999995	0
8.9730000000000008	0
8.9740000000000002	0
8.9749999999999996	0
8.9760000000000009	0
8.9770000000000003	0
8.9779999999999998	0
8.979000000000001	0
8.9800000000000004	0
8.9809999999999999	0
8.9819999999999993	0
8.9830000000000005	0
8.984	0
8.9849999999999994	0
8.9860000000000007	0
8.9870000000000001	0
8.9879999999999995	0
8.9890000000000008	0
8.9900000000000002	0
8.9909999999999997	0
8.9920000000000009	0
8.9930000000000003	0
8.9939999999999998	0
8.995000000000001	0
8.9960000000000004	0
8.9969999999999999	0
8.9979999999999993	0
8.9990000000000006	0
9	0
9.0009999999999994	0
9.0020000000000007	0
9.0030000000000001	0
9.0039999999999996	0
9.0050000000000008	0
9.0060000000000002	0
9.0069999999999997	0
9.0080000000000009	0
9.0090000000000003	0
9.0099999999999998	0
9.011000000000001	0
9.0120000000000005	0
9.0129999999999999	0
9.0139999999999993	0
9.0150000000000006	0
9.016	0
9.0169999999999995	0
9.0180000000000007	0
9.0190000000000001	0
9.0199999999999996	0
9.0210000000000008	0
9.0220000000000002	0
9.0229999999999997	0
9.0240000000000009	0
9.0250000000000004	0
9.0259999999999998	0
9.027000000000001	0
9.0280000000000005	0
9.0289999999999999	0
9.0299999999999994	0
9.0310000000000006	0
9.032	0
9.0329999999999995	0
9.0340000000000007	0
9.0350000000000001	0
9.0359999999999996	0
9.0370000000000008	0
9.0380000000000003	0
9.0389999999999997	0
9.0400000000000009	0
9.0410000000000004	0
9.0419999999999998	0
9.043000000000001	0
9.0440000000000005	0
9.0449999999999999	0
9.0459999999999994	0
9.0470000000000006	0
9.048	0
9.0489999999999995	0
9.0500000000000007	0
9.0510000000000002	0
9.0519999999999996	0
9.0530000000000008	0
9.0540000000000003	0
9.0549999999999997	0
9.0560000000000009	0
9.0570000000000004	0
9.0579999999999998	0
9.0590000000000011	0
9.0600000000000005	0
9.0609999999999999	0
9.0619999999999994	0
9.0630000000000006	0
9.0640000000000001	0
9.0649999999999995	0
9.0660000000000007	0
9.0670000000000002	0
9.0679999999999996	0
9.0690000000000008	0
9.0700000000000003	0
9.0709999999999997	0
9.072000000000001	0
9.0730000000000004	0
9.0739999999999998	0
9.0750000000000011	0
9.0760000000000005	0
9.077	0
9.0779999999999994	0
9.0790000000000006	0
9.0800000000000001	0
9.0809999999999995	0
9.0820000000000007	0
9.0830000000000002	0
9.0839999999999996	0
9.0850000000000009	0
9.0860000000000003	0
9.0869999999999997	0
9.088000000000001	0
9.0890000000000004	0
9.0899999999999999	0
9.0909999999999993	0
9.0920000000000005	0
9.093	0
9.0939999999999994	0
9.0950000000000006	0
9.0960000000000001	0
9.0969999999999995	0
9.0980000000000008	0
9.0990000000000002	0
9.0999999999999996	0
9.1010000000000009	0
9.1020000000000003	0
9.1029999999999998	0
9.104000000000001	0
9.1050000000000004	0
9.1059999999999999	0
9.1069999999999993	0
9.1080000000000005	0
9.109	0
9.1099999999999994	0
9.1110000000000007	0
9.1120000000000001	0
9.1129999999999995	0
9.1140000000000008	0
9.1150000000000002	0
9.1159999999999997	0
9.1170000000000009	0
9.1180000000000003	0
9.1189999999999998	0
9.120000000000001	0
9.1210000000000004	0
9.1219999999999999	0
9.1229999999999993	0
9.1240000000000006	0
9.125	0
9.1259999999999994	0
9.1270000000000007	0
9.1280000000000001	0
9.1289999999999996	0
9.1300000000000008	0
9.1310000000000002	0
9.1319999999999997	0
9.1330000000000009	0
9.1340000000000003	0
9.1349999999999998	0
9.136000000000001	0
9.1370000000000005	0
9.1379999999999999	0
9.1389999999999993	0
9.1400000000000006	0
9.141	0
9.1419999999999995	0
9.1430000000000007	0
9.1440000000000001	0
9.1449999999999996	0
9.1460000000000008	0
9.1470000000000002	0
9.1479999999999997	0
9.1490000000000009	0
9.1500000000000004	0
9.1509999999999998	0
9.152000000000001	0
9.1530000000000005	0
9.1539999999999999	0
9.1549999999999994	0
9.1560000000000006	0
9.157	0
9.1579999999999995	0
9.1590000000000007	0
9.1600000000000001	0
9.1609999999999996	0
9.1620000000000008	0
9.1630000000000003	0
9.1639999999999997	0
9.1650000000000009	0
9.1660000000000004	0
9.1669999999999998	0
9.168000000000001	0
9.1690000000000005	0
9.1699999999999999	0
9.1709999999999994	0
9.1720000000000006	0
9.173	0
9.1739999999999995	0
9.1750000000000007	0
9.1760000000000002	0
9.1769999999999996	0
9.1780000000000008	0
9.1790000000000003	0
9.1799999999999997	0
9.1810000000000009	0
9.1820000000000004	0
9.1829999999999998	0
9.1840000000000011	0
9.1850000000000005	0
9.1859999999999999	0
9.1869999999999994	0
9.1880000000000006	0
9.1890000000000001	0
9.1899999999999995	0
9.1910000000000007	0
9.1920000000000002	0
9.1929999999999996	0
9.1940000000000008	0
9.1950000000000003	0
9.1959999999999997	0
9.197000000000001	0
9.1980000000000004	0
9.1989999999999998	0
9.2000000000000011	0
9.2010000000000005	0
9.202	0
9.2029999999999994	0
9.2040000000000006	0
9.2050000000000001	0
9.2059999999999995	0
9.2070000000000007	0
9.2080000000000002	0
9.2089999999999996	0
9.2100000000000009	0
9.2110000000000003	0
9.2119999999999997	0
9.213000000000001	0
9.2140000000000004	0
9.2149999999999999	0
9.2160000000000011	0
9.2170000000000005	0
9.218	0
9.2189999999999994	0
9.2200000000000006	0
9.2210000000000001	0
9.2219999999999995	0
9.2230000000000008	0
9.2240000000000002	0
9.2249999999999996	0
9.2260000000000009	0
9.2270000000000003	0
9.2279999999999998	0
9.229000000000001	0
9.2300000000000004	0
9.2309999999999999	0
9.2319999999999993	0
9.2330000000000005	0
9.234	0
9.2349999999999994	0
9.2360000000000007	0
9.2370000000000001	0
9.2379999999999995	0
9.2390000000000008	0
9.2400000000000002	0
9.2409999999999997	0
9.2420000000000009	0
9.2430000000000003	0
9.2439999999999998	0
9.245000000000001	0
9.2460000000000004	0
9.2469999999999999	0
9.2479999999999993	0
9.2490000000000006	0
9.25	0
9.2509999999999994	0
9.2520000000000007	0
9.2530000000000001	0
9.2539999999999996	0
9.2550000000000008	0
9.2560000000000002	0
9.2569999999999997	0
9.2580000000000009	0
9.2590000000000003	0
9.2599999999999998	0
9.261000000000001	0
9.2620000000000005	0
9.2629999999999999	0
9.2639999999999993	0
9.2650000000000006	0
9.266	0
9.2669999999999995	0
9.2680000000000007	0
9.2690000000000001	0
9.2699999999999996	0
9.2710000000000008	0
9.2720000000000002	0
9.2729999999999997	0
9.2740000000000009	0
9.2750000000000004	0
9.2759999999999998	0
9.277000000000001	0
9.2780000000000005	0
9.2789999999999999	0
9.2799999999999994	0
9.2810000000000006	0
9.282	0
9.2829999999999995	0
9.2840000000000007	0
9.2850000000000001	0
9.2859999999999996	0
9.2870000000000008	0
9.2880000000000003	0
9.2889999999999997	0
9.2900000000000009	0
9.2910000000000004	0
9.2919999999999998	0
9.293000000000001	0
9.2940000000000005	0
9.2949999999999999	0
9.2959999999999994	0
9.2970000000000006	0
9.298	0
9.2989999999999995	0
9.3000000000000007	0
9.3010000000000002	0
9.3019999999999996	0
9.3030000000000008	0
9.3040000000000003	0
9.3049999999999997	0
9.3060000000000009	0
9.3070000000000004	0
9.3079999999999998	0
9.3090000000000011	0
9.3100000000000005	0
9.3109999999999999	0
9.3119999999999994	0
9.3130000000000006	0
9.3140000000000001	0
9.3149999999999995	0
9.3160000000000007	0
9.3170000000000002	0
9.3179999999999996	0
9.3190000000000008	0
9.3200000000000003	0
9.3209999999999997	0
9.322000000000001	0
9.3230000000000004	0
9.3239999999999998	0
9.3250000000000011	0
9.3260000000000005	0
9.327	0
9.3279999999999994	0
9.3290000000000006	0
9.3300000000000001	0
9.3309999999999995	0
9.3320000000000007	0
9.3330000000000002	0
9.3339999999999996	0
9.3350000000000009	0
9.3360000000000003	0
9.3369999999999997	0
9.338000000000001	0
9.3390000000000004	0
9.3399999999999999	0
9.3410000000000011	0
9.3420000000000005	0
9.343	0
9.3439999999999994	0
9.3450000000000006	0
9.3460000000000001	0
9.3469999999999995	0
9.3480000000000008	0
9.3490000000000002	0
9.3499999999999996	0
9.3510000000000009	0
9.3520000000000003	0
9.3529999999999998	0
9.354000000000001	0
9.3550000000000004	0
9.3559999999999999	0
9.3569999999999993	0
9.3580000000000005	0
9.359	0
9.3599999999999994	0
9.3610000000000007	0
9.3620000000000001	0
9.3629999999999995	0
9.3640000000000008	0
9.3650000000000002	0
9.3659999999999997	0
9.3670000000000009	0
9.3680000000000003	0
9.3689999999999998	0
9.370000000000001	0
9.3710000000000004	0
9.3719999999999999	0
9.3729999999999993	0
9.3740000000000006	0
9.375	0
9.3759999999999994	0
9.3770000000000007	0
9.3780000000000001	0
9.3789999999999996	0
9.3800000000000008	0
9.3810000000000002	0
9.3819999999999997	0
9.3830000000000009	0
9.3840000000000003	0
9.3849999999999998	0
9.386000000000001	0
9.3870000000000005	0
9.3879999999999999	0
9.3889999999999993	0
9.3900000000000006	0
9.391	0
9.3919999999999995	0
9.3930000000000007	0
9.3940000000000001	0
9.3949999999999996	0
9.3960000000000008	0
9.3970000000000002	0
9.3979999999999997	0
9.3990000000000009	0
9.4000000000000004	0
9.4009999999999998	0
9.402000000000001	0
9.4030000000000005	0
9.4039999999999999	0
9.4049999999999994	0
9.4060000000000006	0
9.407	0
9.4079999999999995	0
9.4090000000000007	0
9.4100000000000001	0
9.4109999999999996	0
9.4120000000000008	0
9.4130000000000003	0
9.4139999999999997	0
9.4150000000000009	0
9.4160000000000004	0
9.4169999999999998	0
9.418000000000001	0
9.4190000000000005	0
9.4199999999999999	0
9.4209999999999994	0
9.4220000000000006	0
9.423	0
9.4239999999999995	0
9.4250000000000007	0
9.4260000000000002	0
9.4269999999999996	0
9.4280000000000008	0
9.4290000000000003	0
9.4299999999999997	0
9.4310000000000009	0
9.4320000000000004	0
9.4329999999999998	0
9.4340000000000011	0
9.4350000000000005	0
9.4359999999999999	0
9.4369999999999994	0
9.4380000000000006	0
9.4390000000000001	0
9.4399999999999995	0
9.4410000000000007	0
9.4420000000000002	0
9.4429999999999996	0
9.4440000000000008	0
9.4450000000000003	0
9.4459999999999997	0
9.447000000000001	0
9.4480000000000004	0
9.4489999999999998	0
9.4500000000000011	0
9.4510000000000005	0
9.452	0
9.4529999999999994	0
9.4540000000000006	0
9.4550000000000001	0
9.4559999999999995	0
9.4570000000000007	0
9.4580000000000002	0
9.4589999999999996	0
9.4600000000000009	0
9.4610000000000003	0
9.4619999999999997	0
9.463000000000001	0
9.4640000000000004	0
9.4649999999999999	0
9.4660000000000011	0
9.4670000000000005	0
9.468	0
9.4689999999999994	0
9.4700000000000006	0
9.4710000000000001	0
9.4719999999999995	0
9.4730000000000008	0
9.4740000000000002	0
9.4749999999999996	0
9.4760000000000009	0
9.4770000000000003	0
9.4779999999999998	0
9.479000000000001	0
9.4800000000000004	0
9.4809999999999999	0
9.4819999999999993	0
9.4830000000000005	0
9.484	0
9.4849999999999994	0
9.4860000000000007	0
9.4870000000000001	0
9.4879999999999995	0
9.4890000000000008	0
9.4900000000000002	0
9.4909999999999997	0
9.4920000000000009	0
9.4930000000000003	0
9.4939999999999998	0
9.495000000000001	0
9.4960000000000004	0
9.4969999999999999	0
9.4979999999999993	0
9.4990000000000006	0
9.5	0
9.5009999999999994	0
9.5020000000000007	0
9.5030000000000001	0
9.5039999999999996	0
9.5050000000000008	0
9.5060000000000002	0
9.5069999999999997	0
9.5080000000000009	0
9.5090000000000003	0
9.5099999999999998	0
9.511000000000001	0
9.5120000000000005	0
9.5129999999999999	0
9.5139999999999993	0
9.5150000000000006	0
9.516	0
9.5169999999999995	0
9.5180000000000007	0
9.5190000000000001	0
9.5199999999999996	0
9.5210000000000008	0
9.5220000000000002	0
9.5229999999999997	0
9.5240000000000009	0
9.5250000000000004	0
9.5259999999999998	0
9.527000000000001	0
9.5280000000000005	0
9.5289999999999999	0
9.5299999999999994	0
9.5310000000000006	0
9.532	0
9.5329999999999995	0
9.5340000000000007	0
9.5350000000000001	0
9.5359999999999996	0
9.5370000000000008	0
9.5380000000000003	0
9.5389999999999997	0
9.5400000000000009	0
9.5410000000000004	0
9.5419999999999998	0
9.543000000000001	0
9.5440000000000005	0
9.5449999999999999	0
9.5459999999999994	0
9.5470000000000006	0
9.548	0
9.5489999999999995	0
9.5500000000000007	0
9.5510000000000002	0
9.5519999999999996	0
9.5530000000000008	0
9.5540000000000003	0
9.5549999999999997	0
9.5560000000000009	0
9.5570000000000004	0
9.5579999999999998	0
9.5590000000000011	0
9.5600000000000005	0
9.5609999999999999	0
9.5619999999999994	0
9.5630000000000006	0
9.5640000000000001	0
9.5649999999999995	0
9.5660000000000007	0
9.5670000000000002	0
9.5679999999999996	0
9.5690000000000008	0
9.5700000000000003	0
9.5709999999999997	0
9.572000000000001	0
9.5730000000000004	0
9.5739999999999998	0
9.5750000000000011	0
9.5760000000000005	0
9.577	0
9.5779999999999994	0
9.5790000000000006	0
9.5800000000000001	0
9.5809999999999995	0
9.5820000000000007	0
9.5830000000000002	0
9.5839999999999996	0
9.5850000000000009	0
9.5860000000000003	0
9.5869999999999997	0
9.588000000000001	0
9.5890000000000004	0
9.5899999999999999	0
9.5910000000000011	0
9.5920000000000005	0
9.593	0
9.5939999999999994	0
9.5950000000000006	0
9.5960000000000001	0
9.5969999999999995	0
9.5980000000000008	0
9.5990000000000002	0
9.5999999999999996	0
9.6010000000000009	0
9.6020000000000003	0
9.6029999999999998	0
9.604000000000001	0
9.6050000000000004	0
9.6059999999999999	0
9.6069999999999993	0
9.6080000000000005	0
9.609	0
9.6099999999999994	0
9.6110000000000007	0
9.6120000000000001	0
9.6129999999999995	0
9.6140000000000008	0
9.6150000000000002	0
9.6159999999999997	0
9.6170000000000009	0
9.6180000000000003	0
9.6189999999999998	0
9.620000000000001	0
9.6210000000000004	0
9.6219999999999999	0
9.6229999999999993	0
9.6240000000000006	0
9.625	0
9.6259999999999994	0
9.6270000000000007	0
9.6280000000000001	0
9.6289999999999996	0
9.6300000000000008	0
9.6310000000000002	0
9.6319999999999997	0
9.6330000000000009	0
9.6340000000000003	0
9.6349999999999998	0
9.636000000000001	0
9.6370000000000005	0
9.6379999999999999	0
9.6389999999999993	0
9.6400000000000006	0
9.641	0
9.6419999999999995	0
9.6430000000000007	0
9.6440000000000001	0
9.6449999999999996	0
9.6460000000000008	0
9.6470000000000002	0
9.6479999999999997	0
9.6490000000000009	0
9.6500000000000004	0
9.6509999999999998	0
9.652000000000001	0
9.6530000000000005	0
9.6539999999999999	0
9.6549999999999994	0
9.6560000000000006	0
9.657	0
9.6579999999999995	0
9.6590000000000007	0
9.6600000000000001	0
9.6609999999999996	0
9.6620000000000008	0
9.6630000000000003	0
9.6639999999999997	0
9.6650000000000009	0
9.6660000000000004	0
9.6669999999999998	0
9.668000000000001	0
9.6690000000000005	0
9.6699999999999999	0
9.6709999999999994	0
9.6720000000000006	0
9.673	0
9.6739999999999995	0
9.6750000000000007	0
9.6760000000000002	0
9.6769999999999996	0
9.6780000000000008	0
9.6790000000000003	0
9.6799999999999997	0
9.6810000000000009	0
9.6820000000000004	0
9.6829999999999998	0
9.6840000000000011	0
9.6850000000000005	0
9.6859999999999999	0
9.6869999999999994	0
9.6880000000000006	0
9.6890000000000001	0
9.6899999999999995	0
9.6910000000000007	0
9.6920000000000002	0
9.6929999999999996	0
9.6940000000000008	0
9.6950000000000003	0
9.6959999999999997	0
9.697000000000001	0
9.6980000000000004	0
9.6989999999999998	0
9.7000000000000011	0
9.7010000000000005	0
9.702	0
9.7029999999999994	0
9.7040000000000006	0
9.7050000000000001	0
9.7059999999999995	0
9.7070000000000007	0
9.7080000000000002	0
9.7089999999999996	0
9.7100000000000009	0
9.7110000000000003	0
9.7119999999999997	0
9.713000000000001	0
9.7140000000000004	0
9.7149999999999999	0
9.7160000000000011	0
9.7170000000000005	0
9.718	0
9.7189999999999994	0
9.7200000000000006	0
9.7210000000000001	0
9.7219999999999995	0
9.7230000000000008	0
9.7240000000000002	0
9.7249999999999996	0
9.7260000000000009	0
9.7270000000000003	0
9.7279999999999998	0
9.729000000000001	0
9.7300000000000004	0
9.7309999999999999	0
9.7319999999999993	0
9.7330000000000005	0
9.734	0
9.7349999999999994	0
9.7360000000000007	0
9.7370000000000001	0
9.7379999999999995	0
9.7390000000000008	0
9.7400000000000002	0
9.7409999999999997	0
9.7420000000000009	0
9.7430000000000003	0
9.7439999999999998	0
9.745000000000001	0
9.7460000000000004	0
9.7469999999999999	0
9.7479999999999993	0
9.7490000000000006	0
9.75	0
9.7509999999999994	0
9.7520000000000007	0
9.7530000000000001	0
9.7539999999999996	0
9.7550000000000008	0
9.7560000000000002	0
9.7569999999999997	0
9.7580000000000009	0
9.7590000000000003	0
9.7599999999999998	0
9.761000000000001	0
9.7620000000000005	0
9.7629999999999999	0
9.7639999999999993	0
9.7650000000000006	0
9.766	0
9.7669999999999995	0
9.7680000000000007	0
9.7690000000000001	0
9.7699999999999996	0
9.7710000000000008	0
9.7720000000000002	0
9.7729999999999997	0
9.7740000000000009	0
9.7750000000000004	0
9.7759999999999998	0
9.777000000000001	0
9.7780000000000005	0
9.7789999999999999	0
9.7799999999999994	0
9.7810000000000006	0
9.782	0
9.7829999999999995	0
9.7840000000000007	0
9.7850000000000001	0
9.7859999999999996	0
9.7870000000000008	0
9.7880000000000003	0
9.7889999999999997	0
9.7900000000000009	0
9.7910000000000004	0
9.7919999999999998	0
9.793000000000001	0
9.7940000000000005	0
9.7949999999999999	0
9.7959999999999994	0
9.7970000000000006	0
9.798	0
9.7989999999999995	0
9.8000000000000007	0
9.8010000000000002	0
9.8019999999999996	0
9.8030000000000008	0
9.8040000000000003	0
9.8049999999999997	0
9.8060000000000009	0
9.8070000000000004	0
9.8079999999999998	0
9.8090000000000011	0
9.8100000000000005	0
9.8109999999999999	0
9.8119999999999994	0
9.8130000000000006	0
9.8140000000000001	0
9.8149999999999995	0
9.8160000000000007	0
9.8170000000000002	0
9.8179999999999996	0
9.8190000000000008	0
9.8200000000000003	0
9.8209999999999997	0
9.822000000000001	0
9.8230000000000004	0
9.8239999999999998	0
9.8250000000000011	0
9.8260000000000005	0
9.827	0
9.8279999999999994	0
9.8290000000000006	0
9.8300000000000001	0
9.8309999999999995	0
9.8320000000000007	0
9.8330000000000002	0
9.8339999999999996	0
9.8350000000000009	0
9.8360000000000003	0
9.8369999999999997	0
9.838000000000001	0
9.8390000000000004	0
9.8399999999999999	0
9.8410000000000011	0
9.8420000000000005	0
9.843	0
9.8439999999999994	0
9.8450000000000006	0
9.8460000000000001	0
9.8469999999999995	0
9.8480000000000008	0
9.8490000000000002	0
9.8499999999999996	0
9.8510000000000009	0
9.8520000000000003	0
9.8529999999999998	0
9.854000000000001	0
9.8550000000000004	0
9.8559999999999999	0
9.8569999999999993	0
9.8580000000000005	0
9.859	0
9.8599999999999994	0
9.8610000000000007	0
9.8620000000000001	0
9.8629999999999995	0
9.8640000000000008	0
9.8650000000000002	0
9.8659999999999997	0
9.8670000000000009	0
9.8680000000000003	0
9.8689999999999998	0
9.870000000000001	0
9.8710000000000004	0
9.8719999999999999	0
9.8729999999999993	0
9.8740000000000006	0
9.875	0
9.8759999999999994	0
9.8770000000000007	0
9.8780000000000001	0
9.8789999999999996	0
9.8800000000000008	0
9.8810000000000002	0
9.8819999999999997	0
9.8830000000000009	0
9.8840000000000003	0
9.8849999999999998	0
9.886000000000001	0
9.8870000000000005	0
9.8879999999999999	0
9.8889999999999993	0
9.8900000000000006	0
9.891	0
9.8919999999999995	0
9.8930000000000007	0
9.8940000000000001	0
9.8949999999999996	0
9.8960000000000008	0
9.8970000000000002	0
9.8979999999999997	0
9.8990000000000009	0
9.9000000000000004	0
9.9009999999999998	0
9.902000000000001	0
9.9030000000000005	0
9.9039999999999999	0
9.9049999999999994	0
9.9060000000000006	0
9.907	0
9.9079999999999995	0
9.9090000000000007	0
9.9100000000000001	0
9.9109999999999996	0
9.9120000000000008	0
9.9130000000000003	0
9.9139999999999997	0
9.9150000000000009	0
9.9160000000000004	0
9.9169999999999998	0
9.918000000000001	0
9.9190000000000005	0
9.9199999999999999	0
9.9209999999999994	0
9.9220000000000006	0
9.923	0
9.9239999999999995	0
9.9250000000000007	0
9.9260000000000002	0
9.9269999999999996	0
9.9280000000000008	0
9.9290000000000003	0
9.9299999999999997	0
9.9310000000000009	0
9.9320000000000004	0
9.9329999999999998	0
9.9340000000000011	0
9.9350000000000005	0
9.9359999999999999	0
9.9369999999999994	0
9.9380000000000006	0
9.9390000000000001	0
9.9399999999999995	0
9.9410000000000007	0
9.9420000000000002	0
9.9429999999999996	0
9.9440000000000008	0
9.9450000000000003	0
9.9459999999999997	0
9.947000000000001	0
9.9480000000000004	0
9.9489999999999998	0
9.9500000000000011	0
9.9510000000000005	0
9.952	0
9.9529999999999994	0
9.9540000000000006	0
9.9550000000000001	0
9.9559999999999995	0
9.9570000000000007	0
9.9580000000000002	0
9.9589999999999996	0
9.9600000000000009	0
9.9610000000000003	0
9.9619999999999997	0
9.963000000000001	0
9.9640000000000004	0
9.9649999999999999	0
9.9660000000000011	0
9.9670000000000005	0
9.968	0
9.9689999999999994	0
9.9700000000000006	0
9.9710000000000001	0
9.9719999999999995	0
9.9730000000000008	0
9.9740000000000002	0
9.9749999999999996	0
9.9760000000000009	0
9.9770000000000003	0
9.9779999999999998	0
9.979000000000001	0
9.9800000000000004	0
9.9809999999999999	0
9.9820000000000011	0
9.9830000000000005	0
9.984	0
9.9849999999999994	0
9.9860000000000007	0
9.9870000000000001	0
9.9879999999999995	0
9.9890000000000008	0
9.9900000000000002	0
9.9909999999999997	0
9.9920000000000009	0
9.9930000000000003	0
9.9939999999999998	0
9.995000000000001	0
9.9960000000000004	0
9.9969999999999999	0
9.9979999999999993	0
9.9990000000000006	0
10	0
10.000999999999999	0
10.002000000000001	0
10.003	0
10.004	0
10.005000000000001	0
10.006	0
10.007	0
10.008000000000001	0
10.009	0
10.01	0
10.011000000000001	0
10.012	0
10.013	0
10.013999999999999	0
10.015000000000001	0
10.016	0
10.016999999999999	0
10.018000000000001	0
10.019	0
10.02	0
10.021000000000001	0
10.022	0
10.023	0
10.024000000000001	0
10.025	0
10.026	0
10.027000000000001	0
10.028	0
10.029	0
10.029999999999999	0
10.031000000000001	0
10.032	0
10.032999999999999	0
10.034000000000001	0
10.035	0
10.036	0
10.037000000000001	0
10.038	0
10.039	0
10.040000000000001	0
10.041	0
10.042	0
10.043000000000001	0
10.044	0
10.045	0
10.045999999999999	0
10.047000000000001	0
10.048	0
10.048999999999999	0
10.050000000000001	0
10.051	0
10.052	0
10.053000000000001	0
10.054	0
10.055	0
10.056000000000001	0
10.057	0
10.058	0
10.059000000000001	0
10.06	0
10.061	0
10.061999999999999	0
10.063000000000001	0
10.064	0
10.065	0
10.066000000000001	0
10.067	0
10.068	0
10.069000000000001	0
10.07	0
10.071	0
10.072000000000001	0
10.073	0
10.074	0
10.075000000000001	0
10.076000000000001	0
10.077	0
10.077999999999999	0
10.079000000000001	0
10.08	0
10.081	0
10.082000000000001	0
10.083	0
10.084	0
10.085000000000001	0
10.086	0
10.087	0
10.088000000000001	0
10.089	0
10.09	0
10.091000000000001	0
10.092000000000001	0
10.093	0
10.093999999999999	0
10.095000000000001	0
10.096	0
10.097	0
10.098000000000001	0
10.099	0
10.1	0
10.101000000000001	0
10.102	0
10.103	0
10.104000000000001	0
10.105	0
10.106	0
10.107000000000001	0
10.108000000000001	0
10.109	0
10.109999999999999	0
10.111000000000001	0
10.112	0
10.113	0
10.114000000000001	0
10.115	0
10.116	0
10.117000000000001	0
10.118	0
10.119	0
10.120000000000001	0
10.121	0
10.122	0
10.122999999999999	0
10.124000000000001	0
10.125	0
10.125999999999999	0
10.127000000000001	0
10.128	0
10.129	0
10.130000000000001	0
10.131	0
10.132	0
10.133000000000001	0
10.134	0
10.135	0
10.136000000000001	0
10.137	0
10.138	0
10.138999999999999	0
10.140000000000001	0
10.141	0
10.141999999999999	0
10.143000000000001	0
10.144	0
10.145	0
10.146000000000001	0
10.147	0
10.148	0
10.149000000000001	0
10.15	0
10.151	0
10.152000000000001	0
10.153	0
10.154	0
10.154999999999999	0
10.156000000000001	0
10.157	0
10.157999999999999	0
10.159000000000001	0
10.16	0
10.161	0
10.162000000000001	0
10.163	0
10.164	0
10.165000000000001	0
10.166	0
10.167	0
10.168000000000001	0
10.169	0
10.17	0
10.170999999999999	0
10.172000000000001	0
10.173	0
10.173999999999999	0
10.175000000000001	0
10.176	0
10.177	0
10.178000000000001	0
10.179	0
10.18	0
10.181000000000001	0
10.182	0
10.183	0
10.184000000000001	0
10.185	0
10.186	0
10.186999999999999	0
10.188000000000001	0
10.189	0
10.19	0
10.191000000000001	0
10.192	0
10.193	0
10.194000000000001	0
10.195	0
10.196	0
10.197000000000001	0
10.198	0
10.199	0
10.200000000000001	0
10.201000000000001	0
10.202	0
10.202999999999999	0
10.204000000000001	0
10.205	0
10.206	0
10.207000000000001	0
10.208	0
10.209	0
10.210000000000001	0
10.211	0
10.212	0
10.213000000000001	0
10.214	0
10.215	0
10.216000000000001	0
10.217000000000001	0
10.218	0
10.218999999999999	0
10.220000000000001	0
10.221	0
10.222	0
10.223000000000001	0
10.224	0
10.225	0
10.226000000000001	0
10.227	0
10.228	0
10.229000000000001	0
10.23	0
10.231	0
10.232000000000001	0
10.233000000000001	0
10.234	0
10.234999999999999	0
10.236000000000001	0
10.237	0
10.238	0
10.239000000000001	0
10.24	0
10.241	0
10.242000000000001	0
10.243	0
10.244	0
10.245000000000001	0
10.246	0
10.247	0
10.247999999999999	0
10.249000000000001	0
10.25	0
10.250999999999999	0
10.252000000000001	0
10.253	0
10.254	0
10.255000000000001	0
10.256	0
10.257	0
10.258000000000001	0
10.259	0
10.26	0
10.261000000000001	0
10.262	0
10.263	0
10.263999999999999	0
10.265000000000001	0
10.266	0
10.266999999999999	0
10.268000000000001	0
10.269	0
10.27	0
10.271000000000001	0
10.272	0
10.273	0
10.274000000000001	0
10.275	0
10.276	0
10.277000000000001	0
10.278	0
10.279	0
10.279999999999999	0
10.281000000000001	0
10.282	0
10.282999999999999	0
10.284000000000001	0
10.285	0
10.286	0
10.287000000000001	0
10.288	0
10.289	0
10.290000000000001	0
10.291	0
10.292	0
10.293000000000001	0
10.294	0
10.295	0
10.295999999999999	0
10.297000000000001	0
10.298	0
10.298999999999999	0
10.300000000000001	0
10.301	0
10.302	0
10.303000000000001	0
10.304	0
10.305	0
10.306000000000001	0
10.307	0
10.308	0
10.309000000000001	0
10.31	0
10.311	0
10.311999999999999	0
10.313000000000001	0
10.314	0
10.315	0
10.316000000000001	0
10.317	0
10.318	0
10.319000000000001	0
10.32	0
10.321	0
10.322000000000001	0
10.323	0
10.324	0
10.325000000000001	0
10.326000000000001	0
10.327	0
10.327999999999999	0
10.329000000000001	0
10.33	0
10.331	0
10.332000000000001	0
10.333	0
10.334	0
10.335000000000001	0
10.336	0
10.337	0
10.338000000000001	0
10.339	0
10.34	0
10.341000000000001	0
10.342000000000001	0
10.343	0
10.343999999999999	0
10.345000000000001	0
10.346	0
10.347	0
10.348000000000001	0
10.349	0
10.35	0
10.351000000000001	0
10.352	0
10.353	0
10.354000000000001	0
10.355	0
10.356	0
10.357000000000001	0
10.358000000000001	0
10.359	0
10.359999999999999	0
10.361000000000001	0
10.362	0
10.363	0
10.364000000000001	0
10.365	0
10.366	0
10.367000000000001	0
10.368	0
10.369	0
10.370000000000001	0
10.371	0
10.372	0
10.372999999999999	0
10.374000000000001	0
10.375	0
10.375999999999999	0
10.377000000000001	0
10.378	0
10.379	0
10.380000000000001	0
10.381	0
10.382	0
10.383000000000001	0
10.384	0
10.385	0
10.386000000000001	0
10.387	0
10.388	0
10.388999999999999	0
10.390000000000001	0
10.391	0
10.391999999999999	0
10.393000000000001	0
10.394	0
10.395	0
10.396000000000001	0
10.397	0
10.398	0
10.399000000000001	0
10.4	0
10.401	0
10.402000000000001	0
10.403	0
10.404	0
10.404999999999999	0
10.406000000000001	0
10.407	0
10.407999999999999	0
10.409000000000001	0
10.41	0
10.411	0
10.412000000000001	0
10.413	0
10.414	0
10.415000000000001	0
10.416	0
10.417	0
10.418000000000001	0
10.419	0
10.42	0
10.420999999999999	0
10.422000000000001	0
10.423	0
10.423999999999999	0
10.425000000000001	0
10.426	0
10.427	0
10.428000000000001	0
10.429	0
10.43	0
10.431000000000001	0
10.432	0
10.433	0
10.434000000000001	0
10.435	0
10.436	0
10.436999999999999	0
10.438000000000001	0
10.439	0
10.44	0
10.441000000000001	0
10.442	0
10.443	0
10.444000000000001	0
10.445	0
10.446	0
10.447000000000001	0
10.448	0
10.449	0
10.450000000000001	0
10.451000000000001	0
10.452	0
10.452999999999999	0
10.454000000000001	0
10.455	0
10.456	0
10.457000000000001	0
10.458	0
10.459	0
10.460000000000001	0
10.461	0
10.462	0
10.463000000000001	0
10.464	0
10.465	0
10.466000000000001	0
10.467000000000001	0
10.468	0
10.468999999999999	0
10.470000000000001	0
10.471	0
10.472	0
10.473000000000001	0
10.474	0
10.475	0
10.476000000000001	0
10.477	0
10.478	0
10.479000000000001	0
10.48	0
10.481	0
10.482000000000001	0
10.483000000000001	0
10.484	0
10.484999999999999	0
10.486000000000001	0
10.487	0
10.488	0
10.489000000000001	0
10.49	0
10.491	0
10.492000000000001	0
10.493	0
10.494	0
10.495000000000001	0
10.496	0
10.497	0
10.497999999999999	0
10.499000000000001	0
10.5	0
10.500999999999999	0
10.502000000000001	0
10.503	0
10.504	0
10.505000000000001	0
10.506	0
10.507	0
10.508000000000001	0
10.509	0
10.51	0
10.511000000000001	0
10.512	0
10.513	0
10.513999999999999	0
10.515000000000001	0
10.516	0
10.516999999999999	0
10.518000000000001	0
10.519	0
10.52	0
10.521000000000001	0
10.522	0
10.523	0
10.524000000000001	0
10.525	0
10.526	0
10.527000000000001	0
10.528	0
10.529	0
10.529999999999999	0
10.531000000000001	0
10.532	0
10.532999999999999	0
10.534000000000001	0
10.535	0
10.536	0
10.537000000000001	0
10.538	0
10.539	0
10.540000000000001	0
10.541	0
10.542	0
10.543000000000001	0
10.544	0
10.545	0
10.545999999999999	0
10.547000000000001	0
10.548	0
10.548999999999999	0
10.550000000000001	0
10.551	0
10.552	0
10.553000000000001	0
10.554	0
10.555	0
10.556000000000001	0
10.557	0
10.558	0
10.559000000000001	0
10.56	0
10.561	0
10.561999999999999	0
10.563000000000001	0
10.564	0
10.565	0
10.566000000000001	0
10.567	0
10.568	0
10.569000000000001	0
10.57	0
10.571	0
10.572000000000001	0
10.573	0
10.574	0
10.575000000000001	0
10.576000000000001	0
10.577	0
10.577999999999999	0
10.579000000000001	0
10.58	0
10.581	0
10.582000000000001	0
10.583	0
10.584	0
10.585000000000001	0
10.586	0
10.587	0
10.588000000000001	0
10.589	0
10.59	0
10.591000000000001	0
10.592000000000001	0
10.593	0
10.593999999999999	0
10.595000000000001	0
10.596	0
10.597	0
10.598000000000001	0
10.599	0
10.6	0
10.601000000000001	0
10.602	0
10.603	0
10.604000000000001	0
10.605	0
10.606	0
10.607000000000001	0
10.608000000000001	0
10.609	0
10.609999999999999	0
10.611000000000001	0
10.612	0
10.613	0
10.614000000000001	0
10.615	0
10.616	0
10.617000000000001	0
10.618	0
10.619	0
10.620000000000001	0
10.621	0
10.622	0
10.623000000000001	0
10.624000000000001	0
10.625	0
10.625999999999999	0
10.627000000000001	0
10.628	0
10.629	0
10.630000000000001	0
10.631	0
10.632	0
10.633000000000001	0
10.634	0
10.635	0
10.636000000000001	0
10.637	0
10.638	0
10.638999999999999	0
10.640000000000001	0
10.641	0
10.641999999999999	0
10.643000000000001	0
10.644	0
10.645	0
10.646000000000001	0
10.647	0
10.648	0
10.649000000000001	0
10.65	0
10.651	0
10.652000000000001	0
10.653	0
10.654	0
10.654999999999999	0
10.656000000000001	0
10.657	0
10.657999999999999	0
10.659000000000001	0
10.66	0
10.661	0
10.662000000000001	0
10.663	0
10.664	0
10.665000000000001	0
10.666	0
10.667	0
10.668000000000001	0
10.669	0
10.67	0
10.670999999999999	0
10.672000000000001	0
10.673	0
10.673999999999999	0
10.675000000000001	0
10.676	0
10.677	0
10.678000000000001	0
10.679	0
10.68	0
10.681000000000001	0
10.682	0
10.683	0
10.684000000000001	0
10.685	0
10.686	0
10.686999999999999	0
10.688000000000001	0
10.689	0
10.69	0
10.691000000000001	0
10.692	0
10.693	0
10.694000000000001	0
10.695	0
10.696	0
10.697000000000001	0
10.698	0
10.699	0
10.700000000000001	0
10.701000000000001	0
10.702	0
10.702999999999999	0
10.704000000000001	0
10.705	0
10.706	0
10.707000000000001	0
10.708	0
10.709	0
10.710000000000001	0
10.711	0
10.712	0
10.713000000000001	0
10.714	0
10.715	0
10.716000000000001	0
10.717000000000001	0
10.718	0
10.718999999999999	0
10.720000000000001	0
10.721	0
10.722	0
10.723000000000001	0
10.724	0
10.725	0
10.726000000000001	0
10.727	0
10.728	0
10.729000000000001	0
10.73	0
10.731	0
10.732000000000001	0
10.733000000000001	0
10.734	0
10.734999999999999	0
10.736000000000001	0
10.737	0
10.738	0
10.739000000000001	0
10.74	0
10.741	0
10.742000000000001	0
10.743	0
10.744	0
10.745000000000001	0
10.746	0
10.747	0
10.748000000000001	0
10.749000000000001	0
10.75	0
10.750999999999999	0
10.752000000000001	0
10.753	0
10.754	0
10.755000000000001	0
10.756	0
10.757	0
10.758000000000001	0
10.759	0
10.76	0
10.761000000000001	0
10.762	0
10.763	0
10.763999999999999	0
10.765000000000001	0
10.766	0
10.766999999999999	0
10.768000000000001	0
10.769	0
10.77	0
10.771000000000001	0
10.772	0
10.773	0
10.774000000000001	0
10.775	0
10.776	0
10.777000000000001	0
10.778	0
10.779	0
10.779999999999999	0
10.781000000000001	0
10.782	0
10.782999999999999	0
10.784000000000001	0
10.785	0
10.786	0
10.787000000000001	0
10.788	0
10.789	0
10.790000000000001	0
10.791	0
10.792	0
10.793000000000001	0
10.794	0
10.795	0
10.795999999999999	0
10.797000000000001	0
10.798	0
10.798999999999999	0
10.800000000000001	0
10.801	0
10.802	0
10.803000000000001	0
10.804	0
10.805	0
10.806000000000001	0
10.807	0
10.808	0
10.809000000000001	0
10.81	0
10.811	0
10.811999999999999	0
10.813000000000001	0
10.814	0
10.815	0
10.816000000000001	0
10.817	0
10.818	0
10.819000000000001	0
10.82	0
10.821	0
10.822000000000001	0
10.823	0
10.824	0
10.825000000000001	0
10.826000000000001	0
10.827	0
10.827999999999999	0
10.829000000000001	0
10.83	0
10.831	0
10.832000000000001	0
10.833	0
10.834	0
10.835000000000001	0
10.836	0
10.837	0
10.838000000000001	0
10.839	0
10.84	0
10.841000000000001	0
10.842000000000001	0
10.843	0
10.843999999999999	0
10.845000000000001	0
10.846	0
10.847	0
10.848000000000001	0
10.849	0
10.85	0
10.851000000000001	0
10.852	0
10.853	0
10.854000000000001	0
10.855	0
10.856	0
10.857000000000001	0
10.858000000000001	0
10.859	0
10.859999999999999	0
10.861000000000001	0
10.862	0
10.863	0
10.864000000000001	0
10.865	0
10.866	0
10.867000000000001	0
10.868	0
10.869	0
10.870000000000001	0
10.871	0
10.872	0
10.873000000000001	0
10.874000000000001	0
10.875	0
10.875999999999999	0
10.877000000000001	0
10.878	0
10.879	0
10.880000000000001	0
10.881	0
10.882	0
10.883000000000001	0
10.884	0
10.885	0
10.886000000000001	0
10.887	0
10.888	0
10.888999999999999	0
10.890000000000001	0
10.891	0
10.891999999999999	0
10.893000000000001	0
10.894	0
10.895	0
10.896000000000001	0
10.897	0
10.898	0
10.899000000000001	0
10.9	0
10.901	0
10.902000000000001	0
10.903	0
10.904	0
10.904999999999999	0
10.906000000000001	0
10.907	0
10.907999999999999	0
10.909000000000001	0
10.91	0
10.911	0
10.912000000000001	0
10.913	0
10.914	0
10.915000000000001	0
10.916	0
10.917	0
10.918000000000001	0
10.919	0
10.92	0
10.920999999999999	0
10.922000000000001	0
10.923	0
10.923999999999999	0
10.925000000000001	0
10.926	0
10.927	0
10.928000000000001	0
10.929	0
10.93	0
10.931000000000001	0
10.932	0
10.933	0
10.934000000000001	0
10.935	0
10.936	0
10.936999999999999	0
10.938000000000001	0
10.939	0
10.94	0
10.941000000000001	0
10.942	0
10.943	0
10.944000000000001	0
10.945	0
10.946	0
10.947000000000001	0
10.948	0
10.949	0
10.950000000000001	0
10.951000000000001	0
10.952	0
10.952999999999999	0
10.954000000000001	0
10.955	0
10.956	0
10.957000000000001	0
10.958	0
10.959	0
10.960000000000001	0
10.961	0
10.962	0
10.963000000000001	0
10.964	0
10.965	0
10.966000000000001	0
10.967000000000001	0
10.968	0
10.968999999999999	0
10.970000000000001	0
10.971	0
10.972	0
10.973000000000001	0
10.974	0
10.975	0
10.976000000000001	0
10.977	0
10.978	0
10.979000000000001	0
10.98	0
10.981	0
10.982000000000001	0
10.983000000000001	0
10.984	0
10.984999999999999	0
10.986000000000001	0
10.987	0
10.988	0
10.989000000000001	0
10.99	0
10.991	0
10.992000000000001	0
10.993	0
10.994	0
10.995000000000001	0
10.996	0
10.997	0
10.998000000000001	0
10.999000000000001	0
11	0
11.000999999999999	0
11.002000000000001	0
11.003	0
11.004	0
11.005000000000001	0
11.006	0
11.007	0
11.008000000000001	0
11.009	0
11.01	0
11.011000000000001	0
11.012	0
11.013	0
11.013999999999999	0
11.015000000000001	0
11.016	0
11.016999999999999	0
11.018000000000001	0
11.019	0
11.02	0
11.021000000000001	0
11.022	0
11.023	0
11.024000000000001	0
11.025	0
11.026	0
11.027000000000001	0
11.028	0
11.029	0
11.029999999999999	0
11.031000000000001	0
11.032	0
11.032999999999999	0
11.034000000000001	0
11.035	0
11.036	0
11.037000000000001	0
11.038	0
11.039	0
11.040000000000001	0
11.041	0
11.042	0
11.043000000000001	0
11.044	0
11.045	0
11.045999999999999	0
11.047000000000001	0
11.048	0
11.048999999999999	0
11.050000000000001	0
11.051	0
11.052	0
11.053000000000001	0
11.054	0
11.055	0
11.056000000000001	0
11.057	0
11.058	0
11.059000000000001	0
11.06	0
11.061	0
11.061999999999999	0
11.063000000000001	0
11.064	0
11.065	0
11.066000000000001	0
11.067	0
11.068	0
11.069000000000001	0
11.07	0
11.071	0
11.072000000000001	0
11.073	0
11.074	0
11.075000000000001	0
11.076000000000001	0
11.077	0
11.077999999999999	0
11.079000000000001	0
11.08	0
11.081	0
11.082000000000001	0
11.083	0
11.084	0
11.085000000000001	0
11.086	0
11.087	0
11.088000000000001	0
11.089	0
11.09	0
11.091000000000001	0
11.092000000000001	0
11.093	0
11.093999999999999	0
11.095000000000001	0
11.096	0
11.097	0
11.098000000000001	0
11.099	0
11.1	0
11.101000000000001	0
11.102	0
11.103	0
11.104000000000001	0
11.105	0
11.106	0
11.107000000000001	0
11.108000000000001	0
11.109	0
11.109999999999999	0
11.111000000000001	0
11.112	0
11.113	0
11.114000000000001	0
11.115	0
11.116	0
11.117000000000001	0
11.118	0
11.119	0
11.120000000000001	0
11.121	0
11.122	0
11.123000000000001	0
11.124000000000001	0
11.125	0
11.125999999999999	0
11.127000000000001	0
11.128	0
11.129	0
11.130000000000001	0
11.131	0
11.132	0
11.133000000000001	0
11.134	0
11.135	0
11.136000000000001	0
11.137	0
11.138	0
11.138999999999999	0
11.140000000000001	0
11.141	0
11.141999999999999	0
11.143000000000001	0
11.144	0
11.145	0
11.146000000000001	0
11.147	0
11.148	0
11.149000000000001	0
11.15	0
11.151	0
11.152000000000001	0
11.153	0
11.154	0
11.154999999999999	0
11.156000000000001	0
11.157	0
11.157999999999999	0
11.159000000000001	0
11.16	0
11.161	0
11.162000000000001	0
11.163	0
11.164	0
11.165000000000001	0
11.166	0
11.167	0
11.168000000000001	0
11.169	0
11.17	0
11.170999999999999	0
11.172000000000001	0
11.173	0
11.173999999999999	0
11.175000000000001	0
11.176	0
11.177	0
11.178000000000001	0
11.179	0
11.18	0
11.181000000000001	0
11.182	0
11.183	0
11.184000000000001	0
11.185	0
11.186	0
11.186999999999999	0
11.188000000000001	0
11.189	0
11.19	0
11.191000000000001	0
11.192	0
11.193	0
11.194000000000001	0
11.195	0
11.196	0
11.197000000000001	0
11.198	0
11.199	0
11.200000000000001	0
11.201000000000001	0
11.202	0
11.202999999999999	0
11.204000000000001	0
11.205	0
11.206	0
11.207000000000001	0
11.208	0
11.209	0
11.210000000000001	0
11.211	0
11.212	0
11.213000000000001	0
11.214	0
11.215	0
11.216000000000001	0
11.217000000000001	0
11.218	0
11.218999999999999	0
11.220000000000001	0
11.221	0
11.222	0
11.223000000000001	0
11.224	0
11.225	0
11.226000000000001	0
11.227	0
11.228	0
11.229000000000001	0
11.23	0
11.231	0
11.232000000000001	0
11.233000000000001	0
11.234	0
11.234999999999999	0
11.236000000000001	0
11.237	0
11.238	0
11.239000000000001	0
11.24	0
11.241	0
11.242000000000001	0
11.243	0
11.244	0
11.245000000000001	0
11.246	0
11.247	0
11.248000000000001	0
11.249000000000001	0
11.25	0
11.250999999999999	0
11.252000000000001	0
11.253	0
11.254	0
11.255000000000001	0
11.256	0
11.257	0
11.258000000000001	0
11.259	0
11.26	0
11.261000000000001	0
11.262	0
11.263	0
11.263999999999999	0
11.265000000000001	0
11.266	0
11.266999999999999	0
11.268000000000001	0
11.269	0
11.27	0
11.271000000000001	0
11.272	0
11.273	0
11.274000000000001	0
11.275	0
11.276	0
11.277000000000001	0
11.278	0
11.279	0
11.279999999999999	0
11.281000000000001	0
11.282	0
11.282999999999999	0
11.284000000000001	0
11.285	0
11.286	0
11.287000000000001	0
11.288	0
11.289	0
11.290000000000001	0
11.291	0
11.292	0
11.293000000000001	0
11.294	0
11.295	0
11.295999999999999	0
11.297000000000001	0
11.298	0
11.298999999999999	0
11.300000000000001	0
11.301	0
11.302	0
11.303000000000001	0
11.304	0
11.305	0
11.306000000000001	0
11.307	0
11.308	0
11.309000000000001	0
11.31	0
11.311	0
11.311999999999999	0
11.313000000000001	0
11.314	0
11.315	0
11.316000000000001	0
11.317	0
11.318	0
11.319000000000001	0
11.32	0
11.321	0
11.322000000000001	0
11.323	0
11.324	0
11.325000000000001	0
11.326000000000001	0
11.327	0
11.327999999999999	0
11.329000000000001	0
11.33	0
11.331	0
11.332000000000001	0
11.333	0
11.334	0
11.335000000000001	0
11.336	0
11.337	0
11.338000000000001	0
11.339	0
11.34	0
11.341000000000001	0
11.342000000000001	0
11.343	0
11.343999999999999	0
11.345000000000001	0
11.346	0
11.347	0
11.348000000000001	0
11.349	0
11.35	0
11.351000000000001	0
11.352	0
11.353	0
11.354000000000001	0
11.355	0
11.356	0
11.357000000000001	0
11.358000000000001	0
11.359	0
11.359999999999999	0
11.361000000000001	0
11.362	0
11.363	0
11.364000000000001	0
11.365	0
11.366	0
11.367000000000001	0
11.368	0
11.369	0
11.370000000000001	0
11.371	0
11.372	0
11.373000000000001	0
11.374000000000001	0
11.375	0
11.375999999999999	0
11.377000000000001	0
11.378	0
11.379	0
11.380000000000001	0
11.381	0
11.382	0
11.383000000000001	0
11.384	0
11.385	0
11.386000000000001	0
11.387	0
11.388	0
11.389000000000001	0
11.390000000000001	0
11.391	0
11.391999999999999	0
11.393000000000001	0
11.394	0
11.395	0
11.396000000000001	0
11.397	0
11.398	0
11.399000000000001	0
11.4	0
11.401	0
11.402000000000001	0
11.403	0
11.404	0
11.404999999999999	0
11.406000000000001	0
11.407	0
11.407999999999999	0
11.409000000000001	0
11.41	0
11.411	0
11.412000000000001	0
11.413	0
11.414	0
11.415000000000001	0
11.416	0
11.417	0
11.418000000000001	0
11.419	0
11.42	0
11.420999999999999	0
11.422000000000001	0
11.423	0
11.423999999999999	0
11.425000000000001	0
11.426	0
11.427	0
11.428000000000001	0
11.429	0
11.43	0
11.431000000000001	0
11.432	0
11.433	0
11.434000000000001	0
11.435	0
11.436	0
11.436999999999999	0
11.438000000000001	0
11.439	0
11.44	0
11.441000000000001	0
11.442	0
11.443	0
11.444000000000001	0
11.445	0
11.446	0
11.447000000000001	0
11.448	0
11.449	0
11.450000000000001	0
11.451000000000001	0
11.452	0
11.452999999999999	0
11.454000000000001	0
11.455	0
11.456	0
11.457000000000001	0
11.458	0
11.459	0
11.460000000000001	0
11.461	0
11.462	0
11.463000000000001	0
11.464	0
11.465	0
11.466000000000001	0
11.467000000000001	0
11.468	0
11.468999999999999	0
11.470000000000001	0
11.471	0
11.472	0
11.473000000000001	0
11.474	0
11.475	0
11.476000000000001	0
11.477	0
11.478	0
11.479000000000001	0
11.48	0
11.481	0
11.482000000000001	0
11.483000000000001	0
11.484	0
11.484999999999999	0
11.486000000000001	0
11.487	0
11.488	0
11.489000000000001	0
11.49	0
11.491	0
11.492000000000001	0
11.493	0
11.494	0
11.495000000000001	0
11.496	0
11.497	0
11.498000000000001	0
11.499000000000001	0
11.5	0
11.500999999999999	0
11.502000000000001	0
11.503	0
11.504	0
11.505000000000001	0
11.506	0
11.507	0
11.508000000000001	0
11.509	0
11.51	0
11.511000000000001	0
11.512	0
11.513	0
11.514000000000001	0
11.515000000000001	0
11.516	0
11.516999999999999	0
11.518000000000001	0
11.519	0
11.52	0
11.521000000000001	0
11.522	0
11.523	0
11.524000000000001	0
11.525	0
11.526	0
11.527000000000001	0
11.528	0
11.529	0
11.529999999999999	0
11.531000000000001	0
11.532	0
11.532999999999999	0
11.534000000000001	0
11.535	0
11.536	0
11.537000000000001	0
11.538	0
11.539	0
11.540000000000001	0
11.541	0
11.542	0
11.543000000000001	0
11.544	0
11.545	0
11.545999999999999	0
11.547000000000001	0
11.548	0
11.548999999999999	0
11.550000000000001	0
11.551	0
11.552	0
11.553000000000001	0
11.554	0
11.555	0
11.556000000000001	0
11.557	0
11.558	0
11.559000000000001	0
11.56	0
11.561	0
11.561999999999999	0
11.563000000000001	0
11.564	0
11.565	0
11.566000000000001	0
11.567	0
11.568	0
11.569000000000001	0
11.57	0
11.571	0
11.572000000000001	0
11.573	0
11.574	0
11.575000000000001	0
11.576000000000001	0
11.577	0
11.577999999999999	0
11.579000000000001	0
11.58	0
11.581	0
11.582000000000001	0
11.583	0
11.584	0
11.585000000000001	0
11.586	0
11.587	0
11.588000000000001	0
11.589	0
11.59	0
11.591000000000001	0
11.592000000000001	0
11.593	0
11.593999999999999	0
11.595000000000001	0
11.596	0
11.597	0
11.598000000000001	0
11.599	0
11.6	0
11.601000000000001	0
11.602	0
11.603	0
11.604000000000001	0
11.605	0
11.606	0
11.607000000000001	0
11.608000000000001	0
11.609	0
11.609999999999999	0
11.611000000000001	0
11.612	0
11.613	0
11.614000000000001	0
11.615	0
11.616	0
11.617000000000001	0
11.618	0
11.619	0
11.620000000000001	0
11.621	0
11.622	0
11.623000000000001	0
11.624000000000001	0
11.625	0
11.625999999999999	0
11.627000000000001	0
11.628	0
11.629	0
11.630000000000001	0
11.631	0
11.632	0
11.633000000000001	0
11.634	0
11.635	0
11.636000000000001	0
11.637	0
11.638	0
11.639000000000001	0
11.640000000000001	0
11.641	0
11.641999999999999	0
11.643000000000001	0
11.644	0
11.645	0
11.646000000000001	0
11.647	0
11.648	0
11.649000000000001	0
11.65	0
11.651	0
11.652000000000001	0
11.653	0
11.654	0
11.654999999999999	0
11.656000000000001	0
11.657	0
11.657999999999999	0
11.659000000000001	0
11.66	0
11.661	0
11.662000000000001	0
11.663	0
11.664	0
11.665000000000001	0
11.666	0
11.667	0
11.668000000000001	0
11.669	0
11.67	0
11.670999999999999	0
11.672000000000001	0
11.673	0
11.673999999999999	0
11.675000000000001	0
11.676	0
11.677	0
11.678000000000001	0
11.679	0
11.68	0
11.681000000000001	0
11.682	0
11.683	0
11.684000000000001	0
11.685	0
11.686	0
11.686999999999999	0
11.688000000000001	0
11.689	0
11.69	0
11.691000000000001	0
11.692	0
11.693	0
11.694000000000001	0
11.695	0
11.696	0
11.697000000000001	0
11.698	0
11.699	0
11.700000000000001	0
11.701000000000001	0
11.702	0
11.702999999999999	0
11.704000000000001	0
11.705	0
11.706	0
11.707000000000001	0
11.708	0
11.709	0
11.710000000000001	0
11.711	0
11.712	0
11.713000000000001	0
11.714	0
11.715	0
11.716000000000001	0
11.717000000000001	0
11.718	0
11.718999999999999	0
11.720000000000001	0
11.721	0
11.722	0
11.723000000000001	0
11.724	0
11.725	0
11.726000000000001	0
11.727	0
11.728	0
11.729000000000001	0
11.73	0
11.731	0
11.732000000000001	0
11.733000000000001	0
11.734	0
11.734999999999999	0
11.736000000000001	0
11.737	0
11.738	0
11.739000000000001	0
11.74	0
11.741	0
11.742000000000001	0
11.743	0
11.744	0
11.745000000000001	0
11.746	0
11.747	0
11.748000000000001	0
11.749000000000001	0
11.75	0
11.750999999999999	0
11.752000000000001	0
11.753	0
11.754	0
11.755000000000001	0
11.756	0
11.757	0
11.758000000000001	0
11.759	0
11.76	0
11.761000000000001	0
11.762	0
11.763	0
11.764000000000001	0
11.765000000000001	0
11.766	0
11.766999999999999	0
11.768000000000001	0
11.769	0
11.77	0
11.771000000000001	0
11.772	0
11.773	0
11.774000000000001	0
11.775	0
11.776	0
11.777000000000001	0
11.778	0
11.779	0
11.779999999999999	0
11.781000000000001	0
11.782	0
11.782999999999999	0
11.784000000000001	0
11.785	0
11.786	0
11.787000000000001	0
11.788	0
11.789	0
11.790000000000001	0
11.791	0
11.792	0
11.793000000000001	0
11.794	0
11.795	0
11.795999999999999	0
11.797000000000001	0
11.798	0
11.798999999999999	0
11.800000000000001	0
11.801	0
11.802	0
11.803000000000001	0
11.804	0
11.805	0
11.806000000000001	0
11.807	0
11.808	0
11.809000000000001	0
11.81	0
11.811	0
11.811999999999999	0
11.813000000000001	0
11.814	0
11.815	0
11.816000000000001	0
11.817	0
11.818	0
11.819000000000001	0
11.82	0
11.821	0
11.822000000000001	0
11.823	0
11.824	0
11.825000000000001	0
11.826000000000001	0
11.827	0
11.827999999999999	0
11.829000000000001	0
11.83	0
11.831	0
11.832000000000001	0
11.833	0
11.834	0
11.835000000000001	0
11.836	0
11.837	0
11.838000000000001	0
11.839	0
11.84	0
11.841000000000001	0
11.842000000000001	0
11.843	0
11.843999999999999	0
11.845000000000001	0
11.846	0
11.847	0
11.848000000000001	0
11.849	0
11.85	0
11.851000000000001	0
11.852	0
11.853	0
11.854000000000001	0
11.855	0
11.856	0
11.857000000000001	0
11.858000000000001	0
11.859	0
11.859999999999999	0
11.861000000000001	0
11.862	0
11.863	0
11.864000000000001	0
11.865	0
11.866	0
11.867000000000001	0
11.868	0
11.869	0
11.870000000000001	0
11.871	0
11.872	0
11.873000000000001	0
11.874000000000001	0
11.875	0
11.875999999999999	0
11.877000000000001	0
11.878	0
11.879	0
11.880000000000001	0
11.881	0
11.882	0
11.883000000000001	0
11.884	0
11.885	0
11.886000000000001	0
11.887	0
11.888	0
11.889000000000001	0
11.890000000000001	0
11.891	0
11.891999999999999	0
11.893000000000001	0
11.894	0
11.895	0
11.896000000000001	0
11.897	0
11.898	0
11.899000000000001	0
11.9	0
11.901	0
11.902000000000001	0
11.903	0
11.904	0
11.904999999999999	0
11.906000000000001	0
11.907	0
11.907999999999999	0
11.909000000000001	0
11.91	0
11.911	0
11.912000000000001	0
11.913	0
11.914	0
11.915000000000001	0
11.916	0
11.917	0
11.918000000000001	0
11.919	0
11.92	0
11.920999999999999	0
11.922000000000001	0
11.923	0
11.923999999999999	0
11.925000000000001	0
11.926	0
11.927	0
11.928000000000001	0
11.929	0
11.93	0
11.931000000000001	0
11.932	0
11.933	0
11.934000000000001	0
11.935	0
11.936	0
11.936999999999999	0
11.938000000000001	0
11.939	0
11.94	0
11.941000000000001	0
11.942	0
11.943	0
11.944000000000001	0
11.945	0
11.946	0
11.947000000000001	0
11.948	0
11.949	0
11.950000000000001	0
11.951000000000001	0
11.952	0
11.952999999999999	0
11.954000000000001	0
11.955	0
11.956	0
11.957000000000001	0
11.958	0
11.959	0
11.960000000000001	0
11.961	0
11.962	0
11.963000000000001	0
11.964	0
11.965	0
11.966000000000001	0
11.967000000000001	0
11.968	0
11.968999999999999	0
11.970000000000001	0
11.971	0
11.972	0
11.973000000000001	0
11.974	0
11.975	0
11.976000000000001	0
11.977	0
11.978	0
11.979000000000001	0
11.98	0
11.981	0
11.982000000000001	0
11.983000000000001	0
11.984	0
11.984999999999999	0
11.986000000000001	0
11.987	0
11.988	0
11.989000000000001	0
11.99	0
11.991	0
11.992000000000001	0
11.993	0
11.994	0
11.995000000000001	0
11.996	0
11.997	0
11.998000000000001	0
11.999000000000001	0
12	0
