

 <DUALSPHYSICS5> Copyright (c) 2025 by
 Dr Jose M. Dominguez Alonso, Prof. Alejandro Crespo,
 Dr Georgios Fourtakas, Prof. Benedict Rogers,
 Dr Renato Vacondio, Dr Corrado Altomare,
 Dr Angelo Tafuni, Dr Orlando Garcia Feal,
 Dr Ivan Martinez Estevez, Dr Joseph O'Connor,
 Dr Aaron English, Dr Francesco Ricci,
 Prof. Moncho Gomez Gesteira, Prof. Peter Stansby

 EPHYSLAB Environmental Physics Laboratory, Universidade de Vigo
 School of Mechanical, Aerospace and Civil Engineering, University of Manchester

 DualSPHysics is free software: you can redistribute it and/or
 modify it under the terms of the GNU Lesser General Public License
 as published by the Free Software Foundation, either version 2.1 of
 the License, or (at your option) any later version.

 DualSPHysics is distributed in the hope that it will be useful,
 but WITHOUT ANY WARRANTY; without even the implied warranty of
 MERCHANTABILITY or FITNESS FOR A PARTICULAR PURPOSE.  See the
 GNU Lesser General Public License for more details.

 You should have received a copy of the GNU Lesser General Public License
 along with DualSPHysics. If not, see <http://www.gnu.org/licenses/>.

 Free download source files and documentation from DualSPHysics website (http://dual.sphysics.org).
 Full list of developers and contributors is available at https://dual.sphysics.org/developers
 Properly cite the use of DualSPHysics (Dominguez et al., 2022) (https://dual.sphysics.org/references).


DualSPHysics5 v5.4.355 (08-04-2025)
====================================
[CUDA Capable device(s)]
  Detected 8 CUDA Capable device(s)
  CUDA Driver Version / Runtime Version: 13.2 / 12.8
 
Device 0: "NVIDIA RTX 6000 Ada Generation"
  CUDA Capability Major....: 8.9
  Global memory............: 48511 MiB
  CUDA Cores...............: 18176 (142 Multiprocessors, 128 CUDA Cores/MP)
  GPU Max Clock rate.......: 2505 MHz (2.50 GHz)
  Memory Clock rate........: 10001 Mhz
  Memory Bus Width.........: 384-bit
  L2 Cache Size............: 98304 KiB
  Constant memory..........: 64 KiB
  Shared memory per block..: 48 KiB
  Registers per block......: 65536
  Maximum threads per MP...: 1536
  Maximum threads per block: 1024
  Concurrent copy and kernel execution....: Yes with 2 copy engine(s)
  Run time limit on kernels...............: Yes
  Integrated GPU sharing Host Memory......: No
  Support host page-locked memory mapping.: Yes
  Device has ECC support..................: Disabled
  Device supports Unified Addressing (UVA): Yes
  Device PCI (Domain / Bus / location)....: 0 / 33 / 0
  Device supports P2P and RDMA............: Yes
  Device supports P2P from/to GPUs........: 1,2,3,4,5,6,7
 
Device 1: "NVIDIA RTX 6000 Ada Generation"
  CUDA Capability Major....: 8.9
  Global memory............: 48511 MiB
  CUDA Cores...............: 18176 (142 Multiprocessors, 128 CUDA Cores/MP)
  GPU Max Clock rate.......: 2505 MHz (2.50 GHz)
  Memory Clock rate........: 10001 Mhz
  Memory Bus Width.........: 384-bit
  L2 Cache Size............: 98304 KiB
  Constant memory..........: 64 KiB
  Shared memory per block..: 48 KiB
  Registers per block......: 65536
  Maximum threads per MP...: 1536
  Maximum threads per block: 1024
  Concurrent copy and kernel execution....: Yes with 2 copy engine(s)
  Run time limit on kernels...............: Yes
  Integrated GPU sharing Host Memory......: No
  Support host page-locked memory mapping.: Yes
  Device has ECC support..................: Disabled
  Device supports Unified Addressing (UVA): Yes
  Device PCI (Domain / Bus / location)....: 0 / 64 / 0
  Device supports P2P and RDMA............: Yes
  Device supports P2P from/to GPUs........: 0,2,3,4,5,6,7
 
Device 2: "NVIDIA RTX 6000 Ada Generation"
  CUDA Capability Major....: 8.9
  Global memory............: 48511 MiB
  CUDA Cores...............: 18176 (142 Multiprocessors, 128 CUDA Cores/MP)
  GPU Max Clock rate.......: 2505 MHz (2.50 GHz)
  Memory Clock rate........: 10001 Mhz
  Memory Bus Width.........: 384-bit
  L2 Cache Size............: 98304 KiB
  Constant memory..........: 64 KiB
  Shared memory per block..: 48 KiB
  Registers per block......: 65536
  Maximum threads per MP...: 1536
  Maximum threads per block: 1024
  Concurrent copy and kernel execution....: Yes with 2 copy engine(s)
  Run time limit on kernels...............: Yes
  Integrated GPU sharing Host Memory......: No
  Support host page-locked memory mapping.: Yes
  Device has ECC support..................: Disabled
  Device supports Unified Addressing (UVA): Yes
  Device PCI (Domain / Bus / location)....: 0 / 65 / 0
  Device supports P2P and RDMA............: Yes
  Device supports P2P from/to GPUs........: 0,1,3,4,5,6,7
 
Device 3: "NVIDIA RTX 6000 Ada Generation"
  CUDA Capability Major....: 8.9
  Global memory............: 48511 MiB
  CUDA Cores...............: 18176 (142 Multiprocessors, 128 CUDA Cores/MP)
  GPU Max Clock rate.......: 2505 MHz (2.50 GHz)
  Memory Clock rate........: 10001 Mhz
  Memory Bus Width.........: 384-bit
  L2 Cache Size............: 98304 KiB
  Constant memory..........: 64 KiB
  Shared memory per block..: 48 KiB
  Registers per block......: 65536
  Maximum threads per MP...: 1536
  Maximum threads per block: 1024
  Concurrent copy and kernel execution....: Yes with 2 copy engine(s)
  Run time limit on kernels...............: Yes
  Integrated GPU sharing Host Memory......: No
  Support host page-locked memory mapping.: Yes
  Device has ECC support..................: Disabled
  Device supports Unified Addressing (UVA): Yes
  Device PCI (Domain / Bus / location)....: 0 / 66 / 0
  Device supports P2P and RDMA............: Yes
  Device supports P2P from/to GPUs........: 0,1,2,4,5,6,7
 
Device 4: "NVIDIA RTX 6000 Ada Generation"
  CUDA Capability Major....: 8.9
  Global memory............: 48511 MiB
  CUDA Cores...............: 18176 (142 Multiprocessors, 128 CUDA Cores/MP)
  GPU Max Clock rate.......: 2505 MHz (2.50 GHz)
  Memory Clock rate........: 10001 Mhz
  Memory Bus Width.........: 384-bit
  L2 Cache Size............: 98304 KiB
  Constant memory..........: 64 KiB
  Shared memory per block..: 48 KiB
  Registers per block......: 65536
  Maximum threads per MP...: 1536
  Maximum threads per block: 1024
  Concurrent copy and kernel execution....: Yes with 2 copy engine(s)
  Run time limit on kernels...............: Yes
  Integrated GPU sharing Host Memory......: No
  Support host page-locked memory mapping.: Yes
  Device has ECC support..................: Disabled
  Device supports Unified Addressing (UVA): Yes
  Device PCI (Domain / Bus / location)....: 0 / 157 / 0
  Device supports P2P and RDMA............: Yes
  Device supports P2P from/to GPUs........: 0,1,2,3,5,6,7
 
Device 5: "NVIDIA RTX 6000 Ada Generation"
  CUDA Capability Major....: 8.9
  Global memory............: 48511 MiB
  CUDA Cores...............: 18176 (142 Multiprocessors, 128 CUDA Cores/MP)
  GPU Max Clock rate.......: 2505 MHz (2.50 GHz)
  Memory Clock rate........: 10001 Mhz
  Memory Bus Width.........: 384-bit
  L2 Cache Size............: 98304 KiB
  Constant memory..........: 64 KiB
  Shared memory per block..: 48 KiB
  Registers per block......: 65536
  Maximum threads per MP...: 1536
  Maximum threads per block: 1024
  Concurrent copy and kernel execution....: Yes with 2 copy engine(s)
  Run time limit on kernels...............: Yes
  Integrated GPU sharing Host Memory......: No
  Support host page-locked memory mapping.: Yes
  Device has ECC support..................: Disabled
  Device supports Unified Addressing (UVA): Yes
  Device PCI (Domain / Bus / location)....: 0 / 158 / 0
  Device supports P2P and RDMA............: Yes
  Device supports P2P from/to GPUs........: 0,1,2,3,4,6,7
 
Device 6: "NVIDIA RTX 6000 Ada Generation"
  CUDA Capability Major....: 8.9
  Global memory............: 48511 MiB
  CUDA Cores...............: 18176 (142 Multiprocessors, 128 CUDA Cores/MP)
  GPU Max Clock rate.......: 2505 MHz (2.50 GHz)
  Memory Clock rate........: 10001 Mhz
  Memory Bus Width.........: 384-bit
  L2 Cache Size............: 98304 KiB
  Constant memory..........: 64 KiB
  Shared memory per block..: 48 KiB
  Registers per block......: 65536
  Maximum threads per MP...: 1536
  Maximum threads per block: 1024
  Concurrent copy and kernel execution....: Yes with 2 copy engine(s)
  Run time limit on kernels...............: Yes
  Integrated GPU sharing Host Memory......: No
  Support host page-locked memory mapping.: Yes
  Device has ECC support..................: Disabled
  Device supports Unified Addressing (UVA): Yes
  Device PCI (Domain / Bus / location)....: 0 / 173 / 0
  Device supports P2P and RDMA............: Yes
  Device supports P2P from/to GPUs........: 0,1,2,3,4,5,7
 
Device 7: "NVIDIA RTX 6000 Ada Generation"
  CUDA Capability Major....: 8.9
  Global memory............: 48511 MiB
  CUDA Cores...............: 18176 (142 Multiprocessors, 128 CUDA Cores/MP)
  GPU Max Clock rate.......: 2505 MHz (2.50 GHz)
  Memory Clock rate........: 10001 Mhz
  Memory Bus Width.........: 384-bit
  L2 Cache Size............: 98304 KiB
  Constant memory..........: 64 KiB
  Shared memory per block..: 48 KiB
  Registers per block......: 65536
  Maximum threads per MP...: 1536
  Maximum threads per block: 1024
  Concurrent copy and kernel execution....: Yes with 2 copy engine(s)
  Run time limit on kernels...............: Yes
  Integrated GPU sharing Host Memory......: No
  Support host page-locked memory mapping.: Yes
  Device has ECC support..................: Disabled
  Device supports Unified Addressing (UVA): Yes
  Device PCI (Domain / Bus / location)....: 0 / 174 / 0
  Device supports P2P and RDMA............: Yes
  Device supports P2P from/to GPUs........: 0,1,2,3,4,5,6
 
[GPU Hardware]
Device selected: 4 "NVIDIA RTX 6000 Ada Generation"
Compute capability: 8.9
Memory global: 48510 MiB
Memory shared: 49152 Bytes
 
[Initialising JSphGpuSingle  09-09-2026 16:49:37]
ProgramFile=".../bin/linux/DualSPHysics5.4_linux64"
Available features: Project Chrono coupling, MoorDynPlus coupling, Wave generation, FlexStruc, mDBC no-slip, GPU execution, OpenMP execution.
ExecutionDir=".../W2-A-boundary-mdbc/L1_W2_A_BOUNDARY_MDBC_h11_fine_dp0p01_cfl005/generated"
XmlFile=".../L1_W2_A_BOUNDARY_MDBC_h11_fine_dp0p01_cfl005/generated/L1_W2_A_BOUNDARY_MDBC_h11_fine_dp0p01_cfl005.xml"
OutputDir=".../L1_W2_A_BOUNDARY_MDBC_h11_fine_dp0p01_cfl005/attempts/20260909T084935.853746Z-e7b60fa5.partial"
OutputDataDir=".../attempts/20260909T084935.853746Z-e7b60fa5.partial/data"
XML-App: GenCase v5.4.354.01 (07-04-2025)
**Basic case configuration is loaded
**Special case configuration is loaded
Loading initial state of particles...
Loaded particles: 84,221
MapRealPos(border)=(-0.000866025,-0.000866025,-0.000866025)-(1.20087,0.400866,0.600866)
MapRealPos(final)=(-0.301299,-0.101299,-0.151299)-(1.5013,0.501299,1.05217)
**Initial state of particles is loaded
PosCellCode="13_10_9 (8192,1024,512)"
PosCellSize=0.034641  (1 x KernelSize)
**3D-Simulation parameters:
CaseName="L1_W2_A_BOUNDARY_MDBC_h11_fine_dp0p01_cfl005"
RunName="L1_W2_A_BOUNDARY_MDBC_h11_fine_dp0p01_cfl005"
SavePosDouble=True
SvExtraParts=""
SaveFtAce=False
SvTimers=True
Boundary="mDBC"
  SlipMode="DBC vel=0"
  mDBC-Corrector=False
  No Penetration=False
StepAlgorithm="Verlet"
  VerletSteps=40
Kernel="Wendland"
  Wendland.awen=80401.8
  Wendland.bwenh=-1.340036e+09
Viscosity="Artificial"
  Visco=0.08
  ViscoBoundFactor=1
DensityDiffusion="Fourtakas et al 2019 (inner)"
  DensityDiffusionValue=0.1
Shifting="None"
RigidAlgorithm="None"
FloatingCount=0
CaseNp=84,221
CaseNbound=24,161
CaseNfixed=24,161
CaseNmoving=0
CaseNfloat=0
CaseNfluid=60,060
PeriodicActive="None"
Dp=0.01
KernelH=0.017321  (CoefficientH=1; H/Dp=1.73205)
KernelSize=0.03464102
CteB=285891.4
Gamma=7
RhopZero=1000
Cs0=44.73522172181558
CFLnumber=0.05
DtIni=0.000387178323269577
DtMin=1.935891645194918e-05
DtAllParticles=False
MassFluid=0.001
MassBound=0.001
TimeMax=1.5
TimePart=0.001
Gravity=(0,0,-9.81)
RhopOut=True
RhopOutMin=700
RhopOutMax=1300
WrnPartsOut=True
MinFluidStop=0
NpfMinimum=0
CellMode="Full"
ScellDiv=1
MapCells=(53,18,35)  (33,390 cells)
CellDomFixed=False
DomCells=(53,18,35)  (33,390 cells)
DomCellCode="1+11_10_10"
 
BlockSize calculation mode: Fixed.
  BsForcesBound=128 (39 regs)
  BsForcesFluid=128 (56 regs)
 
**CellDiv: Requested gpu memory for 88,560 particles (over-allocation: 1.05X): 1.4 MiB (1 times).
**CellDiv: Requested GPU memory for 33,390 cells (over-allocation: 11.89X): 0.5 MiB (1 times).
 
RunMode="Pos-Cell - Single-GPU"
 
Particle summary:
  Fixed....: 24,161  id:(0-24160)   MKs:1 (17)
  Moving...: 0
  Floating.: 0
  Fluid....: 60,060  id:(24161-84220)   MKs:1 (1)

Total particles: 84,221 (bound=24161 (fx=24161 mv=0 ft=0) fluid=60060)
Total MK blocks: 2 (bound=1 (fx=1 mv=0 ft=0) fluid=1)
 

Initial allocated memory in CPU: 8,649,678 (8.25 MiB)  (10 particle arrays)
Initial allocated memory in GPU: 15,119,060 (14.42 MiB)  (16 particle arrays)
Part_0000        84,221 (100.0%) particles successfully stored

[Initialising simulation (fa0bm2am)  09-09-2026 16:49:37]
PART   PartTime   TotalSteps   Steps    Particles    Cells        Time/Sec   Finish time        
=====  =========  ===========  =======  ===========  ===========  =========  ===================

*** WARNING: 1 DTs adjusted to DtMin (t:0, nstep:0)

**Updated allocated memory in CPU: 7,637,490 (7.28 MiB)  (9 particle arrays)
**Updated allocated memory in GPU: 15,119,060 (14.42 MiB)  (16 particle arrays)

*** WARNING: 10 DTs adjusted to DtMin (t:0.00017423, nstep:9)

00001   0.001007           52       53       84,221        2,808    1299.83  09-09-2026 17:22:07

*** WARNING: 100 DTs adjusted to DtMin (t:0.00191653, nstep:99)

00002   0.002013          104       52       84,221        2,808     944.63  09-09-2026 17:17:41
00003   0.003001          155       51       84,221        2,808     752.71  09-09-2026 17:14:37
00004   0.004007          207       52       84,221        2,808     427.43  09-09-2026 17:11:02
00005   0.005014          259       52       84,221        2,808     380.70  09-09-2026 17:08:38
00006   0.006001          310       51       84,221        2,808     440.69  09-09-2026 17:07:20
00007   0.007008          362       52       84,221        2,808     380.65  09-09-2026 17:06:09
00008   0.008015          414       52       84,221        2,808     330.14  09-09-2026 17:05:06
00009   0.009002          465       51       84,221        2,808     439.50  09-09-2026 17:04:37
00010   0.010009          517       52       84,221        2,808     364.27  09-09-2026 17:04:01
00011   0.011015          569       52       84,221        2,808     437.31  09-09-2026 17:03:43
00012   0.012003          620       51       84,221        2,808     404.03  09-09-2026 17:03:23
00013   0.013009          672       52       84,221        2,808     438.88  09-09-2026 17:03:09
00014   0.014016          724       52       84,221        2,808     284.38  09-09-2026 17:02:42
00015   0.015003          775       51       84,221        2,808     406.11  09-09-2026 17:02:30
00016   0.016010          827       52       84,221        2,808     289.87  09-09-2026 17:02:09
00017   0.017016          879       52       84,221        2,808     378.19  09-09-2026 17:01:58
00018   0.018004          930       51       84,221        2,808     366.47  09-09-2026 17:01:47
00019   0.019010          982       52       84,221        2,808     383.76  09-09-2026 17:01:39

*** WARNING: 1000 DTs adjusted to DtMin (t:0.0193396, nstep:999)

00020   0.020017        1,034       52       84,221        2,808     455.74  09-09-2026 17:01:37
00021   0.021004        1,085       51       84,221        2,808     386.56  09-09-2026 17:01:30
00022   0.022011        1,137       52       84,221        2,808     298.46  09-09-2026 17:01:19
00023   0.023018        1,189       52       84,221        2,808     296.44  09-09-2026 17:01:07
00024   0.024005        1,240       51       84,221        2,808     447.40  09-09-2026 17:01:06
00025   0.025012        1,292       52       84,221        2,808     229.69  09-09-2026 17:00:53
00026   0.026018        1,344       52       84,221        2,808     399.21  09-09-2026 17:00:50
00027   0.027006        1,395       51       84,221        2,808     256.55  09-09-2026 17:00:39
00028   0.028012        1,447       52       84,221        2,808     435.50  09-09-2026 17:00:39
00029   0.029019        1,499       52       84,221        2,808     300.24  09-09-2026 17:00:32
00030   0.030006        1,550       51       84,221        2,808     284.96  09-09-2026 17:00:24
00031   0.031013        1,602       52       84,221        2,808     437.68  09-09-2026 17:00:25
00032   0.032000        1,653       51       84,221        2,808     400.02  09-09-2026 17:00:23
00033   0.033007        1,705       52       84,221        2,808     291.31  09-09-2026 17:00:16
00034   0.034014        1,757       52       84,221        2,808     475.28  09-09-2026 17:00:19
00035   0.035001        1,808       51       84,221        2,808     290.88  09-09-2026 17:00:13
00036   0.036008        1,860       52       84,221        2,808     385.27  09-09-2026 17:00:12
00037   0.037014        1,912       52       84,221        2,808     957.93  09-09-2026 17:00:34
00038   0.038002        1,963       51       84,221        2,808     352.51  09-09-2026 17:00:30
00039   0.039008        2,015       52       84,221        2,808     346.87  09-09-2026 17:00:26
00040   0.040015        2,067       52       84,221        2,808     514.37  09-09-2026 17:00:30
00041   0.041002        2,118       51       84,221        2,808     303.69  09-09-2026 17:00:25
00042   0.042009        2,170       52       84,221        2,652     408.18  09-09-2026 17:00:23
00043   0.043016        2,222       52       84,221        2,652     468.44  09-09-2026 17:00:25
00044   0.044003        2,273       51       84,221        2,652     358.46  09-09-2026 17:00:22
00045   0.045009        2,325       52       84,221        2,652     454.96  09-09-2026 17:00:24
00046   0.046016        2,377       52       84,221        2,652     439.28  09-09-2026 17:00:24
00047   0.047003        2,428       51       84,221        2,652     480.84  09-09-2026 17:00:26
00048   0.048010        2,480       52       84,221        2,652     360.85  09-09-2026 17:00:23
00049   0.049017        2,532       52       84,221        2,652     512.95  09-09-2026 17:00:26
00050   0.050004        2,583       51       84,221        2,652     449.93  09-09-2026 17:00:26
00051   0.051011        2,635       52       84,221        2,652     465.74  09-09-2026 17:00:27
00052   0.052017        2,687       52       84,221        2,652     685.75  09-09-2026 17:00:34
00053   0.053005        2,738       51       84,221        2,652     255.74  09-09-2026 17:00:29
00054   0.054011        2,790       52       84,221        2,652     380.48  09-09-2026 17:00:28
00055   0.055018        2,842       52       84,221        2,652     441.57  09-09-2026 17:00:28
00056   0.056005        2,893       51       84,221        2,652     516.66  09-09-2026 17:00:30
00057   0.057012        2,945       52       84,221        2,652     301.90  09-09-2026 17:00:27
00058   0.058019        2,997       52       84,221        2,652     363.07  09-09-2026 17:00:24
00059   0.059006        3,048       51       84,221        2,652     697.55  09-09-2026 17:00:31
00060   0.060013        3,100       52       84,221        2,652     286.27  09-09-2026 17:00:27
00061   0.061019        3,152       52       84,221        2,652     434.39  09-09-2026 17:00:28
00062   0.062007        3,203       51       84,221        2,652     342.85  09-09-2026 17:00:25
00063   0.063013        3,255       52       84,221        2,652     246.47  09-09-2026 17:00:21
00064   0.064001        3,306       51       84,221        2,652     799.42  09-09-2026 17:00:29
00065   0.065007        3,358       52       84,221        2,652     293.84  09-09-2026 17:00:26
00066   0.066014        3,410       52       84,221        2,652     428.65  09-09-2026 17:00:26
00067   0.067001        3,461       51       84,221        2,873      89.20  09-09-2026 17:00:19
00068   0.068008        3,513       52       84,221        2,873     315.97  09-09-2026 17:00:16
00069   0.069015        3,565       52       84,221        2,873     335.19  09-09-2026 17:00:15
00070   0.070002        3,616       51       84,221        2,873     295.97  09-09-2026 17:00:12
00071   0.071009        3,668       52       84,221        2,873     318.88  09-09-2026 17:00:09
00072   0.072015        3,720       52       84,221        2,873     480.63  09-09-2026 17:00:11
00073   0.073002        3,771       51       84,221        2,873     536.52  09-09-2026 17:00:13
00074   0.074009        3,823       52       84,221        2,873     309.40  09-09-2026 17:00:11
00075   0.075016        3,875       52       84,221        3,094     449.25  09-09-2026 17:00:11
00076   0.076003        3,926       51       84,221        3,094     431.47  09-09-2026 17:00:11
00077   0.077010        3,978       52       84,221        3,094     355.59  09-09-2026 17:00:10
00078   0.078016        4,030       52       84,221        3,094     997.86  09-09-2026 17:00:21
00079   0.079004        4,081       51       84,221        3,094     355.30  09-09-2026 17:00:19
00080   0.080010        4,133       52       84,221        3,094     501.49  09-09-2026 17:00:21
00081   0.081017        4,185       52       84,221        3,094     390.57  09-09-2026 17:00:20
00082   0.082004        4,236       51       84,221        3,094     385.68  09-09-2026 17:00:19
00083   0.083011        4,288       52       84,221        3,094     306.88  09-09-2026 17:00:17
00084   0.084018        4,340       52       84,221        3,094     533.66  09-09-2026 17:00:19
00085   0.085005        4,391       51       84,221        3,094     707.66  09-09-2026 17:00:24
00086   0.086012        4,443       52       84,221        3,094     385.78  09-09-2026 17:00:23
00087   0.087018        4,495       52       84,221        3,094     457.38  09-09-2026 17:00:24
00088   0.088006        4,546       51       84,221        3,094     392.38  09-09-2026 17:00:23
00089   0.089012        4,598       52       84,221        3,094     467.78  09-09-2026 17:00:24
00090   0.090019        4,650       52       84,221        3,094     713.73  09-09-2026 17:00:28
00091   0.091006        4,701       51       84,221        3,094     378.57  09-09-2026 17:00:28
00092   0.092013        4,753       52       84,221        3,094     495.54  09-09-2026 17:00:28
00093   0.093000        4,804       51       84,221        3,094     316.89  09-09-2026 17:00:27
00094   0.094007        4,856       52       84,221        3,094     468.87  09-09-2026 17:00:27
00095   0.095014        4,908       52       84,221        2,912     415.13  09-09-2026 17:00:27
00096   0.096001        4,959       51       84,221        3,120     722.43  09-09-2026 17:00:31
00097   0.097008        5,011       52       84,221        3,120     420.55  09-09-2026 17:00:32
00098   0.098014        5,063       52       84,221        3,120     283.82  09-09-2026 17:00:29
00099   0.099001        5,114       51       84,221        3,120     426.85  09-09-2026 17:00:28
00100   0.100008        5,166       52       84,221        3,120     351.61  09-09-2026 17:00:28
00101   0.101015        5,218       52       84,221        3,120     523.04  09-09-2026 17:00:29
00102   0.102002        5,269       51       84,221        3,120     635.25  09-09-2026 17:00:32
00103   0.103009        5,321       52       84,221        3,120     296.29  09-09-2026 17:00:29
00104   0.104015        5,373       52       84,221        3,120     236.98  09-09-2026 17:00:26
00105   0.105003        5,424       51       84,221        3,120     409.61  09-09-2026 17:00:27
00106   0.106009        5,476       52       84,221        3,120     359.76  09-09-2026 17:00:25
00107   0.107016        5,528       52       84,221        3,120     473.51  09-09-2026 17:00:26
00108   0.108003        5,579       51       84,221        3,120     642.60  09-09-2026 17:00:29
00109   0.109010        5,631       52       84,221        3,120     440.08  09-09-2026 17:00:29
00110   0.110017        5,683       52       84,221        3,120     258.86  09-09-2026 17:00:27
00111   0.111004        5,734       51       84,221        3,120     170.18  09-09-2026 17:00:23
00112   0.112011        5,786       52       84,221        3,120     296.41  09-09-2026 17:00:21
00113   0.113017        5,838       52       84,221        3,120     436.16  09-09-2026 17:00:21
00114   0.114005        5,889       51       84,221        3,120     342.84  09-09-2026 17:00:20
00115   0.115011        5,941       52       84,221        3,328     807.09  09-09-2026 17:00:25
00116   0.116018        5,993       52       84,221        3,328     319.51  09-09-2026 17:00:23
00117   0.117005        6,044       51       84,221        3,328     333.05  09-09-2026 17:00:23
00118   0.118012        6,096       52       84,221        3,328     360.83  09-09-2026 17:00:21
00119   0.119019        6,148       52       84,221        3,328     496.87  09-09-2026 17:00:23
00120   0.120006        6,199       51       84,221        3,328     350.66  09-09-2026 17:00:21
00121   0.121013        6,251       52       84,221        3,328     666.80  09-09-2026 17:00:25
00122   0.122019        6,303       52       84,221        3,328     844.17  09-09-2026 17:00:29
00123   0.123007        6,354       51       84,221        3,328     302.30  09-09-2026 17:00:28
00124   0.124013        6,406       52       84,221        3,328     456.09  09-09-2026 17:00:28
00125   0.125001        6,457       51       84,221        3,328     499.44  09-09-2026 17:00:29
00126   0.126007        6,509       52       84,221        3,328     295.72  09-09-2026 17:00:27
00127   0.127014        6,561       52       84,221        3,120     466.04  09-09-2026 17:00:27
00128   0.128001        6,612       51       84,221        3,120     342.78  09-09-2026 17:00:27
00129   0.129008        6,664       52       84,221        3,120     392.36  09-09-2026 17:00:26
00130   0.130014        6,716       52       84,221        3,120     490.43  09-09-2026 17:00:27
00131   0.131002        6,767       51       84,221        3,120     370.08  09-09-2026 17:00:26
00132   0.132008        6,819       52       84,221        3,120     457.36  09-09-2026 17:00:26
00133   0.133015        6,871       52       84,221        3,120     750.55  09-09-2026 17:00:30
00134   0.134002        6,922       51       84,221        3,315     701.96  09-09-2026 17:00:33
00135   0.135009        6,974       52       84,221        3,315     453.51  09-09-2026 17:00:33
00136   0.136016        7,026       52       84,221        3,315     401.97  09-09-2026 17:00:33
00137   0.137003        7,077       51       84,221        3,315     521.07  09-09-2026 17:00:33
00138   0.138010        7,129       52       84,221        3,315     429.14  09-09-2026 17:00:34
00139   0.139016        7,181       52       84,221        3,315     667.78  09-09-2026 17:00:36
00140   0.140004        7,232       51       84,221        3,315     705.32  09-09-2026 17:00:39
00141   0.141010        7,284       52       84,221        3,315     344.90  09-09-2026 17:00:37
00142   0.142017        7,336       52       84,221        3,315     525.43  09-09-2026 17:00:39
00143   0.143004        7,387       51       84,221        3,315     390.59  09-09-2026 17:00:38
00144   0.144011        7,439       52       84,221        3,570     395.61  09-09-2026 17:00:38
00145   0.145018        7,491       52       84,221        3,570     584.49  09-09-2026 17:00:39
00146   0.146005        7,542       51       84,221        3,570     414.13  09-09-2026 17:00:39
00147   0.147012        7,594       52       84,221        3,570     479.56  09-09-2026 17:00:39
00148   0.148018        7,646       52       84,221        3,570     407.89  09-09-2026 17:00:39
00149   0.149006        7,697       51       84,221        3,570     464.65  09-09-2026 17:00:39
00150   0.150012        7,749       52       84,221        3,780     472.49  09-09-2026 17:00:40
00151   0.151019        7,801       52       84,221        3,780     413.37  09-09-2026 17:00:39
00152   0.152006        7,852       51       84,221        3,780     394.31  09-09-2026 17:00:38
00153   0.153013        7,904       52       84,221        3,990     374.65  09-09-2026 17:00:38
00154   0.154000        7,955       51       84,221        3,724     418.46  09-09-2026 17:00:38
00155   0.155007        8,007       52       84,221        3,724     440.48  09-09-2026 17:00:38
00156   0.156014        8,059       52       84,221        3,724     781.31  09-09-2026 17:00:41
00157   0.157001        8,110       51       84,221        3,724     369.95  09-09-2026 17:00:41
00158   0.158007        8,162       52       84,221        3,990     390.34  09-09-2026 17:00:40
00159   0.159014        8,214       52       84,221        3,990     259.95  09-09-2026 17:00:38
00160   0.160001        8,265       51       84,221        3,990     472.40  09-09-2026 17:00:39
00161   0.161008        8,317       52       84,221        3,990     379.16  09-09-2026 17:00:38
00162   0.162015        8,369       52       84,221        3,990     363.42  09-09-2026 17:00:38
00163   0.163002        8,420       51       84,221        3,990     678.48  09-09-2026 17:00:39
00164   0.164009        8,472       52       84,221        4,275     484.35  09-09-2026 17:00:40
00165   0.165015        8,524       52       84,221        4,275     303.23  09-09-2026 17:00:38
00166   0.166003        8,575       51       84,221        4,275     395.00  09-09-2026 17:00:39
00167   0.167009        8,627       52       84,221        4,275     312.90  09-09-2026 17:00:37
00168   0.168016        8,679       52       84,221        4,275     479.66  09-09-2026 17:00:37
00169   0.169003        8,730       51       84,221        4,275     303.93  09-09-2026 17:00:36
00170   0.170010        8,782       52       84,221        4,500     354.48  09-09-2026 17:00:35
00171   0.171017        8,834       52       84,221        4,500     687.44  09-09-2026 17:00:38
00172   0.172004        8,885       51       84,221        4,500     394.39  09-09-2026 17:00:37
00173   0.173011        8,937       52       84,221        4,500     446.09  09-09-2026 17:00:38
00174   0.174017        8,989       52       84,221        4,500     403.85  09-09-2026 17:00:37
00175   0.175005        9,040       51       84,221        4,500     319.17  09-09-2026 17:00:36
00176   0.176011        9,092       52       84,221        4,500     474.94  09-09-2026 17:00:36
00177   0.177018        9,144       52       84,221        4,500     542.98  09-09-2026 17:00:37
00178   0.178005        9,195       51       84,221        4,800     604.07  09-09-2026 17:00:39
00179   0.179012        9,247       52       84,221        4,500     328.61  09-09-2026 17:00:37
00180   0.180019        9,299       52       84,221        4,500     405.87  09-09-2026 17:00:38
00181   0.181006        9,350       51       84,221        4,500     396.54  09-09-2026 17:00:37
00182   0.182013        9,402       52       84,221        4,500     431.22  09-09-2026 17:00:36
00183   0.183019        9,454       52       84,221        4,725     430.41  09-09-2026 17:00:37
00184   0.184007        9,505       51       84,221        4,725     885.73  09-09-2026 17:00:41
00185   0.185013        9,557       52       84,221        4,725     463.56  09-09-2026 17:00:40
00186   0.186000        9,608       51       84,221        4,950     401.81  09-09-2026 17:00:41
00187   0.187007        9,660       52       84,221        4,950     487.12  09-09-2026 17:00:40
00188   0.188014        9,712       52       84,221        4,950     482.10  09-09-2026 17:00:41
00189   0.189001        9,763       51       84,221        5,610     464.67  09-09-2026 17:00:41
00190   0.190008        9,815       52       84,221        5,610     516.22  09-09-2026 17:00:42
00191   0.191014        9,867       52       84,221        5,610     388.85  09-09-2026 17:00:41
00192   0.192002        9,918       51       84,221        5,610     340.56  09-09-2026 17:00:40
00193   0.193008        9,970       52       84,221        5,984     309.05  09-09-2026 17:00:40

*** WARNING: 10000 DTs adjusted to DtMin (t:0.19357, nstep:9999)

00194   0.194015       10,022       52       84,221        5,984     456.06  09-09-2026 17:00:39
00195   0.195002       10,073       51       84,221        5,984     426.05  09-09-2026 17:00:39
00196   0.196009       10,125       52       84,221        5,984     941.52  09-09-2026 17:00:43
00197   0.197016       10,177       52       84,221        5,984     385.83  09-09-2026 17:00:43
00198   0.198003       10,228       51       84,221        5,984     445.59  09-09-2026 17:00:42
00199   0.199010       10,280       52       84,221        5,984     393.65  09-09-2026 17:00:43
00200   0.200016       10,332       52       84,221        6,336     386.42  09-09-2026 17:00:42
00201   0.201004       10,383       51       84,221        6,732     496.52  09-09-2026 17:00:43
00202   0.202010       10,435       52       84,221        7,038    1049.20  09-09-2026 17:00:47
00203   0.203017       10,487       52       84,221        7,429     407.78  09-09-2026 17:00:47
00204   0.204004       10,538       51       84,221        7,429     488.95  09-09-2026 17:00:46
00205   0.205011       10,590       52       84,221        7,429     283.36  09-09-2026 17:00:46
00206   0.206018       10,642       52       84,221        7,429     357.71  09-09-2026 17:00:45
00207   0.207005       10,693       51       84,221        7,429     490.87  09-09-2026 17:00:46
00208   0.208012       10,745       52       84,221        7,429     417.76  09-09-2026 17:00:45
00209   0.209018       10,797       52       84,221        7,429     253.73  09-09-2026 17:00:43
00210   0.210006       10,848       51       84,221        7,752     446.53  09-09-2026 17:00:44
00211   0.211012       10,900       52       84,217        7,752     392.74  09-09-2026 17:00:43
  Particles out: 4  (total out: 4)  -  Current np: 84,217
00212   0.212019       10,952       52       84,214        7,752     430.81  09-09-2026 17:00:44
  Particles out: 3  (total out: 7)  -  Current np: 84,214
00213   0.213006       11,003       51       84,212        7,752     520.45  09-09-2026 17:00:44
  Particles out: 2  (total out: 9)  -  Current np: 84,212
00214   0.214013       11,055       52       84,208        6,936     329.69  09-09-2026 17:00:43
  Particles out: 4  (total out: 13)  -  Current np: 84,208
00215   0.215000       11,106       51       84,208        7,344     486.96  09-09-2026 17:00:43
00216   0.216007       11,158       52       84,208        7,344     401.25  09-09-2026 17:00:43
00217   0.217013       11,210       52       84,208        7,650     498.95  09-09-2026 17:00:44
00218   0.218001       11,261       51       84,208        7,650     447.48  09-09-2026 17:00:43
00219   0.219007       11,313       52       84,208        7,650     676.00  09-09-2026 17:00:45
00220   0.220014       11,365       52       84,206        7,650     376.07  09-09-2026 17:00:44
  Particles out: 2  (total out: 15)  -  Current np: 84,206
00221   0.221001       11,416       51       84,203        7,650     361.72  09-09-2026 17:00:44
  Particles out: 3  (total out: 18)  -  Current np: 84,203
00222   0.222008       11,468       52       84,200        7,650     374.60  09-09-2026 17:00:43
  Particles out: 3  (total out: 21)  -  Current np: 84,200
00223   0.223015       11,520       52       84,197        7,650     442.46  09-09-2026 17:00:43
  Particles out: 3  (total out: 24)  -  Current np: 84,197
00224   0.224002       11,571       51       84,194        7,650     311.82  09-09-2026 17:00:43
  Particles out: 3  (total out: 27)  -  Current np: 84,194
00225   0.225009       11,623       52       84,193        8,075     822.97  09-09-2026 17:00:46
  Particles out: 1  (total out: 28)  -  Current np: 84,193
00226   0.226015       11,675       52       84,189        8,075     448.01  09-09-2026 17:00:45
  Particles out: 4  (total out: 32)  -  Current np: 84,189
00227   0.227003       11,726       51       84,188        7,600     391.62  09-09-2026 17:00:44
  Particles out: 1  (total out: 33)  -  Current np: 84,188
00228   0.228009       11,778       52       84,188        7,600     297.64  09-09-2026 17:00:44
00229   0.229016       11,830       52       84,188        8,075     306.89  09-09-2026 17:00:43
00230   0.230003       11,881       51       84,188        8,075     314.18  09-09-2026 17:00:42
00231   0.231010       11,933       52       84,188        8,075     438.48  09-09-2026 17:00:42
00232   0.232017       11,985       52       84,188        8,398     569.45  09-09-2026 17:00:43
00233   0.233004       12,036       51       84,188        8,398     441.05  09-09-2026 17:00:43
00234   0.234011       12,088       52       84,188        8,721     456.67  09-09-2026 17:00:43
00235   0.235017       12,140       52       84,188        8,721     447.39  09-09-2026 17:00:43
00236   0.236005       12,191       51       84,188        8,721     120.24  09-09-2026 17:00:41
00237   0.237011       12,243       52       84,188        8,721     336.49  09-09-2026 17:00:40
00238   0.238018       12,295       52       84,188        8,721     700.15  09-09-2026 17:00:42
00239   0.239005       12,346       51       84,188        8,721     471.79  09-09-2026 17:00:42
00240   0.240012       12,398       52       84,188        8,721     406.06  09-09-2026 17:00:42
00241   0.241019       12,450       52       84,188        9,180     322.99  09-09-2026 17:00:41
00242   0.242006       12,501       51       84,188        9,639     266.86  09-09-2026 17:00:40
00243   0.243012       12,553       52       84,188        9,639     300.59  09-09-2026 17:00:39
00244   0.244019       12,605       52       84,188        9,639     442.98  09-09-2026 17:00:39
00245   0.245006       12,656       51       84,188        9,639     507.27  09-09-2026 17:00:40
00246   0.246013       12,708       52       84,188        9,996     414.57  09-09-2026 17:00:39
00247   0.247000       12,759       51       84,188        9,996     409.02  09-09-2026 17:00:39
00248   0.248007       12,811       52       84,188       10,584     490.03  09-09-2026 17:00:40
00249   0.249014       12,863       52       84,188       10,584     526.66  09-09-2026 17:00:40
00250   0.250001       12,914       51       84,188       10,584     500.43  09-09-2026 17:00:40
00251   0.251008       12,966       52       84,188       10,584     404.25  09-09-2026 17:00:40
00252   0.252014       13,018       52       84,188       10,584     444.23  09-09-2026 17:00:40
00253   0.253002       13,069       51       84,188       10,584     413.96  09-09-2026 17:00:40
00254   0.254008       13,121       52       84,188       10,584     570.85  09-09-2026 17:00:41
00255   0.255015       13,173       52       84,188       10,584     489.74  09-09-2026 17:00:41
00256   0.256002       13,224       51       84,185       10,584     583.63  09-09-2026 17:00:42
  Particles out: 3  (total out: 36)  -  Current np: 84,185
00257   0.257009       13,276       52       84,183       10,584     472.36  09-09-2026 17:00:42
  Particles out: 2  (total out: 38)  -  Current np: 84,183
00258   0.258016       13,328       52       84,182       10,584     442.12  09-09-2026 17:00:42
  Particles out: 1  (total out: 39)  -  Current np: 84,182
00259   0.259003       13,379       51       84,179       10,584     361.92  09-09-2026 17:00:41
  Particles out: 3  (total out: 42)  -  Current np: 84,179
00260   0.260010       13,431       52       84,176       10,962     283.54  09-09-2026 17:00:40
  Particles out: 3  (total out: 45)  -  Current np: 84,176
00261   0.261016       13,483       52       84,174       10,962     545.37  09-09-2026 17:00:41
  Particles out: 2  (total out: 47)  -  Current np: 84,174
00262   0.262004       13,534       51       84,170       11,340     436.72  09-09-2026 17:00:41
  Particles out: 4  (total out: 51)  -  Current np: 84,170
00263   0.263010       13,586       52       84,167       11,880     576.43  09-09-2026 17:00:42
  Particles out: 3  (total out: 54)  -  Current np: 84,167
00264   0.264017       13,638       52       84,164       11,880     423.93  09-09-2026 17:00:41
  Particles out: 3  (total out: 57)  -  Current np: 84,164
00265   0.265004       13,689       51       84,151       11,880     471.41  09-09-2026 17:00:42
  Particles out: 13  (total out: 70)  -  Current np: 84,151
00266   0.266011       13,741       52       84,145       11,880     287.41  09-09-2026 17:00:41
  Particles out: 6  (total out: 76)  -  Current np: 84,145
00267   0.267018       13,793       52       84,142       11,880     482.06  09-09-2026 17:00:42
  Particles out: 3  (total out: 79)  -  Current np: 84,142
00268   0.268005       13,844       51       84,142       11,880     357.74  09-09-2026 17:00:41
00269   0.269012       13,896       52       84,139       11,880     846.53  09-09-2026 17:00:43
  Particles out: 3  (total out: 82)  -  Current np: 84,139
00270   0.270018       13,948       52       84,138       11,880     412.07  09-09-2026 17:00:43
  Particles out: 1  (total out: 83)  -  Current np: 84,138
00271   0.271005       13,999       51       84,136       12,276     476.19  09-09-2026 17:00:43
  Particles out: 2  (total out: 85)  -  Current np: 84,136
00272   0.272012       14,051       52       84,132       12,276     707.27  09-09-2026 17:00:44
  Particles out: 4  (total out: 89)  -  Current np: 84,132
00273   0.273019       14,103       52       84,129       12,276     401.54  09-09-2026 17:00:44
  Particles out: 3  (total out: 92)  -  Current np: 84,129
00274   0.274006       14,154       51       84,125       12,276     390.51  09-09-2026 17:00:44
  Particles out: 4  (total out: 96)  -  Current np: 84,125
00275   0.275013       14,206       52       84,120       12,276     404.75  09-09-2026 17:00:44
  Particles out: 5  (total out: 101)  -  Current np: 84,120
00276   0.276000       14,257       51       84,119       12,276     370.97  09-09-2026 17:00:43
  Particles out: 1  (total out: 102)  -  Current np: 84,119
00277   0.277007       14,309       52       84,119       12,276     432.41  09-09-2026 17:00:43
00278   0.278013       14,361       52       84,117       12,276     622.58  09-09-2026 17:00:44
  Particles out: 2  (total out: 104)  -  Current np: 84,117
00279   0.279001       14,412       51       84,115       12,276     362.38  09-09-2026 17:00:43
  Particles out: 2  (total out: 106)  -  Current np: 84,115
00280   0.280007       14,464       52       84,112       12,276     370.97  09-09-2026 17:00:44
  Particles out: 3  (total out: 109)  -  Current np: 84,112
00281   0.281014       14,516       52       84,109       12,276     285.25  09-09-2026 17:00:43
  Particles out: 3  (total out: 112)  -  Current np: 84,109
00282   0.282001       14,567       51       84,105       12,276     360.23  09-09-2026 17:00:42
  Particles out: 4  (total out: 116)  -  Current np: 84,105
00283   0.283008       14,619       52       84,104       12,672     444.26  09-09-2026 17:00:42
  Particles out: 1  (total out: 117)  -  Current np: 84,104
00284   0.284015       14,671       52       84,104       12,672     420.31  09-09-2026 17:00:42
00285   0.285002       14,722       51       84,103       12,672     436.25  09-09-2026 17:00:42
  Particles out: 1  (total out: 118)  -  Current np: 84,103
00286   0.286009       14,774       52       84,102       13,068     411.65  09-09-2026 17:00:42
  Particles out: 1  (total out: 119)  -  Current np: 84,102
00287   0.287015       14,826       52       84,101       13,068     670.49  09-09-2026 17:00:43
  Particles out: 1  (total out: 120)  -  Current np: 84,101
00288   0.288003       14,877       51       84,101       13,068     642.45  09-09-2026 17:00:44
00289   0.289009       14,929       52       84,100       13,068     356.01  09-09-2026 17:00:44
  Particles out: 1  (total out: 121)  -  Current np: 84,100
00290   0.290016       14,981       52       84,096       13,068     440.35  09-09-2026 17:00:43
  Particles out: 4  (total out: 125)  -  Current np: 84,096
00291   0.291003       15,032       51       84,096       13,068     419.57  09-09-2026 17:00:44
00292   0.292010       15,084       52       84,089       13,068     443.92  09-09-2026 17:00:43
  Particles out: 7  (total out: 132)  -  Current np: 84,089
00293   0.293017       15,136       52       84,087       13,068     558.37  09-09-2026 17:00:44
  Particles out: 2  (total out: 134)  -  Current np: 84,087
00294   0.294004       15,187       51       84,081       13,464    1056.09  09-09-2026 17:00:47
  Particles out: 6  (total out: 140)  -  Current np: 84,081
00295   0.295011       15,239       52       84,072       13,464     469.14  09-09-2026 17:00:47
  Particles out: 9  (total out: 149)  -  Current np: 84,072
00296   0.296017       15,291       52       84,068       13,464     309.31  09-09-2026 17:00:46
  Particles out: 4  (total out: 153)  -  Current np: 84,068
00297   0.297004       15,342       51       84,062       13,464     361.73  09-09-2026 17:00:46
  Particles out: 6  (total out: 159)  -  Current np: 84,062
00298   0.298011       15,394       52       84,056       13,464     455.95  09-09-2026 17:00:46
  Particles out: 6  (total out: 165)  -  Current np: 84,056
00299   0.299018       15,446       52       84,054       13,464     335.42  09-09-2026 17:00:46
  Particles out: 2  (total out: 167)  -  Current np: 84,054
00300   0.300005       15,497       51       84,051       13,464     294.14  09-09-2026 17:00:45
  Particles out: 3  (total out: 170)  -  Current np: 84,051
00301   0.301012       15,549       52       84,044       13,464     366.47  09-09-2026 17:00:44
  Particles out: 7  (total out: 177)  -  Current np: 84,044
00302   0.302018       15,601       52       84,041       13,464     382.37  09-09-2026 17:00:44
  Particles out: 3  (total out: 180)  -  Current np: 84,041
00303   0.303006       15,652       51       84,026       13,464     409.10  09-09-2026 17:00:44
  Particles out: 15  (total out: 195)  -  Current np: 84,026
00304   0.304012       15,704       52       84,020       13,464     436.60  09-09-2026 17:00:44
  Particles out: 6  (total out: 201)  -  Current np: 84,020
00305   0.305019       15,756       52       84,011       13,860     457.40  09-09-2026 17:00:44
  Particles out: 9  (total out: 210)  -  Current np: 84,011
00306   0.306006       15,807       51       84,004       13,860     556.08  09-09-2026 17:00:45
  Particles out: 7  (total out: 217)  -  Current np: 84,004
00307   0.307013       15,859       52       84,002       13,860     636.87  09-09-2026 17:00:45
  Particles out: 2  (total out: 219)  -  Current np: 84,002
00308   0.308000       15,910       51       83,999       13,860     502.92  09-09-2026 17:00:46
  Particles out: 3  (total out: 222)  -  Current np: 83,999
00309   0.309007       15,962       52       83,996       13,860     310.33  09-09-2026 17:00:45
  Particles out: 3  (total out: 225)  -  Current np: 83,996
00310   0.310014       16,014       52       83,993       14,256     380.75  09-09-2026 17:00:44
  Particles out: 3  (total out: 228)  -  Current np: 83,993
00311   0.311001       16,065       51       83,987       14,256     478.01  09-09-2026 17:00:45
  Particles out: 6  (total out: 234)  -  Current np: 83,987
00312   0.312008       16,117       52       83,985       14,256     615.62  09-09-2026 17:00:45
  Particles out: 2  (total out: 236)  -  Current np: 83,985
00313   0.313014       16,169       52       83,982       14,256     697.13  09-09-2026 17:00:47
  Particles out: 3  (total out: 239)  -  Current np: 83,982
00314   0.314002       16,220       51       83,976       14,256     454.78  09-09-2026 17:00:47
  Particles out: 6  (total out: 245)  -  Current np: 83,976
00315   0.315008       16,272       52       83,972       14,256     426.66  09-09-2026 17:00:47
  Particles out: 4  (total out: 249)  -  Current np: 83,972
00316   0.316015       16,324       52       83,965       14,652     224.03  09-09-2026 17:00:46
  Particles out: 7  (total out: 256)  -  Current np: 83,965
00317   0.317002       16,375       51       83,961       14,652     383.41  09-09-2026 17:00:46
  Particles out: 4  (total out: 260)  -  Current np: 83,961
00318   0.318009       16,427       52       83,959       14,652     475.54  09-09-2026 17:00:46
  Particles out: 2  (total out: 262)  -  Current np: 83,959
00319   0.319016       16,479       52       83,952       15,318     458.36  09-09-2026 17:00:46
  Particles out: 7  (total out: 269)  -  Current np: 83,952
00320   0.320003       16,530       51       83,952       15,318     323.73  09-09-2026 17:00:45
00321   0.321010       16,582       52       83,950       15,318     308.05  09-09-2026 17:00:44
  Particles out: 2  (total out: 271)  -  Current np: 83,950
00322   0.322016       16,634       52       83,947       15,318     395.25  09-09-2026 17:00:45
  Particles out: 3  (total out: 274)  -  Current np: 83,947
00323   0.323004       16,685       51       83,940       15,318     449.71  09-09-2026 17:00:44
  Particles out: 7  (total out: 281)  -  Current np: 83,940
00324   0.324010       16,737       52       83,936       15,318     374.72  09-09-2026 17:00:44
  Particles out: 4  (total out: 285)  -  Current np: 83,936
00325   0.325017       16,789       52       83,929       15,318     446.21  09-09-2026 17:00:44
  Particles out: 7  (total out: 292)  -  Current np: 83,929
00326   0.326004       16,840       51       83,923       15,318     457.15  09-09-2026 17:00:44
  Particles out: 6  (total out: 298)  -  Current np: 83,923
00327   0.327011       16,892       52       83,920       15,732     478.64  09-09-2026 17:00:44
  Particles out: 3  (total out: 301)  -  Current np: 83,920
00328   0.328017       16,944       52       83,916       15,732     271.45  09-09-2026 17:00:43
  Particles out: 4  (total out: 305)  -  Current np: 83,916
00329   0.329005       16,995       51       83,914       15,732     467.17  09-09-2026 17:00:44
  Particles out: 2  (total out: 307)  -  Current np: 83,914
00330   0.330011       17,047       52       83,911       15,732     557.61  09-09-2026 17:00:44
  Particles out: 3  (total out: 310)  -  Current np: 83,911
00331   0.331018       17,099       52       83,905       15,732     349.90  09-09-2026 17:00:43
  Particles out: 6  (total out: 316)  -  Current np: 83,905
00332   0.332005       17,150       51       83,902       15,732     313.28  09-09-2026 17:00:43
  Particles out: 3  (total out: 319)  -  Current np: 83,902
00333   0.333012       17,202       52       83,897       15,732     473.97  09-09-2026 17:00:43
  Particles out: 5  (total out: 324)  -  Current np: 83,897
00334   0.334019       17,254       52       83,892       15,732     325.27  09-09-2026 17:00:43
  Particles out: 5  (total out: 329)  -  Current np: 83,892
00335   0.335006       17,305       51       83,889       15,732     360.19  09-09-2026 17:00:42
  Particles out: 3  (total out: 332)  -  Current np: 83,889
00336   0.336013       17,357       52       83,887       15,732     494.07  09-09-2026 17:00:42
  Particles out: 2  (total out: 334)  -  Current np: 83,887
00337   0.337000       17,408       51       83,881       15,732     422.04  09-09-2026 17:00:43
  Particles out: 6  (total out: 340)  -  Current np: 83,881
00338   0.338007       17,460       52       83,876       16,146     486.90  09-09-2026 17:00:42
  Particles out: 5  (total out: 345)  -  Current np: 83,876
00339   0.339013       17,512       52       83,872       16,146     387.96  09-09-2026 17:00:43
  Particles out: 4  (total out: 349)  -  Current np: 83,872
00340   0.340001       17,563       51       83,870       16,146     532.51  09-09-2026 17:00:42
  Particles out: 2  (total out: 351)  -  Current np: 83,870
00341   0.341007       17,615       52       83,864       16,560     472.11  09-09-2026 17:00:43
  Particles out: 6  (total out: 357)  -  Current np: 83,864
00342   0.342014       17,667       52       83,859       16,560     282.25  09-09-2026 17:00:42
  Particles out: 5  (total out: 362)  -  Current np: 83,859
00343   0.343001       17,718       51       83,855       16,560     653.21  09-09-2026 17:00:43
  Particles out: 4  (total out: 366)  -  Current np: 83,855
00344   0.344008       17,770       52       83,850       16,560     431.36  09-09-2026 17:00:43
  Particles out: 5  (total out: 371)  -  Current np: 83,850
00345   0.345015       17,822       52       83,845       16,560     412.80  09-09-2026 17:00:43
  Particles out: 5  (total out: 376)  -  Current np: 83,845
00346   0.346002       17,873       51       83,839       16,560     335.78  09-09-2026 17:00:43
  Particles out: 6  (total out: 382)  -  Current np: 83,839
00347   0.347009       17,925       52       83,837       16,560     402.15  09-09-2026 17:00:42
  Particles out: 2  (total out: 384)  -  Current np: 83,837
00348   0.348015       17,977       52       83,834       16,560     820.67  09-09-2026 17:00:44
  Particles out: 3  (total out: 387)  -  Current np: 83,834
00349   0.349003       18,028       51       83,832       16,974     313.10  09-09-2026 17:00:43
  Particles out: 2  (total out: 389)  -  Current np: 83,832
00350   0.350009       18,080       52       83,829       16,974     436.61  09-09-2026 17:00:43
  Particles out: 3  (total out: 392)  -  Current np: 83,829
00351   0.351016       18,132       52       83,822       16,974     486.63  09-09-2026 17:00:43
  Particles out: 7  (total out: 399)  -  Current np: 83,822
00352   0.352003       18,183       51       83,819       16,974     506.96  09-09-2026 17:00:44
  Particles out: 3  (total out: 402)  -  Current np: 83,819
00353   0.353010       18,235       52       83,816       16,974     468.64  09-09-2026 17:00:43
  Particles out: 3  (total out: 405)  -  Current np: 83,816
00354   0.354017       18,287       52       83,814       16,974     699.69  09-09-2026 17:00:45
  Particles out: 2  (total out: 407)  -  Current np: 83,814
00355   0.355004       18,338       51       83,812       16,974     160.08  09-09-2026 17:00:44
  Particles out: 2  (total out: 409)  -  Current np: 83,812
00356   0.356010       18,390       52       83,807       16,974     493.32  09-09-2026 17:00:44
  Particles out: 5  (total out: 414)  -  Current np: 83,807
00357   0.357017       18,442       52       83,804       16,974     605.38  09-09-2026 17:00:44
  Particles out: 3  (total out: 417)  -  Current np: 83,804
00358   0.358004       18,493       51       83,800       16,974     511.99  09-09-2026 17:00:45
  Particles out: 4  (total out: 421)  -  Current np: 83,800
00359   0.359011       18,545       52       83,794       16,974     505.82  09-09-2026 17:00:45
  Particles out: 6  (total out: 427)  -  Current np: 83,794
00360   0.360018       18,597       52       83,792       17,388     392.02  09-09-2026 17:00:45
  Particles out: 2  (total out: 429)  -  Current np: 83,792
00361   0.361005       18,648       51       83,790       17,388     463.13  09-09-2026 17:00:45
  Particles out: 2  (total out: 431)  -  Current np: 83,790
00362   0.362012       18,700       52       83,787       17,388     528.51  09-09-2026 17:00:46
  Particles out: 3  (total out: 434)  -  Current np: 83,787
00363   0.363018       18,752       52       83,782       17,388     581.96  09-09-2026 17:00:46
  Particles out: 5  (total out: 439)  -  Current np: 83,782
00364   0.364006       18,803       51       83,780       17,388     471.05  09-09-2026 17:00:46
  Particles out: 2  (total out: 441)  -  Current np: 83,780
00365   0.365012       18,855       52       83,773       17,388     365.16  09-09-2026 17:00:46
  Particles out: 7  (total out: 448)  -  Current np: 83,773
00366   0.366019       18,907       52       83,754       17,388     462.03  09-09-2026 17:00:46
  Particles out: 19  (total out: 467)  -  Current np: 83,754
00367   0.367006       18,958       51       83,743       17,388     501.01  09-09-2026 17:00:46
  Particles out: 11  (total out: 478)  -  Current np: 83,743
00368   0.368013       19,010       52       83,740       17,388     297.29  09-09-2026 17:00:45
  Particles out: 3  (total out: 481)  -  Current np: 83,740
00369   0.369000       19,061       51       83,732       17,388     708.23  09-09-2026 17:00:46
  Particles out: 8  (total out: 489)  -  Current np: 83,732
00370   0.370007       19,113       52       83,724       17,802     531.39  09-09-2026 17:00:47
  Particles out: 8  (total out: 497)  -  Current np: 83,724
00371   0.371014       19,165       52       83,722       17,802     297.44  09-09-2026 17:00:46
  Particles out: 2  (total out: 499)  -  Current np: 83,722
00372   0.372001       19,216       51       83,720       17,802     495.20  09-09-2026 17:00:46
  Particles out: 2  (total out: 501)  -  Current np: 83,720
00373   0.373008       19,268       52       83,712       17,802     300.19  09-09-2026 17:00:46
  Particles out: 8  (total out: 509)  -  Current np: 83,712
00374   0.374014       19,320       52       83,705       17,802     340.26  09-09-2026 17:00:45
  Particles out: 7  (total out: 516)  -  Current np: 83,705
00375   0.375002       19,371       51       83,702       17,802     875.92  09-09-2026 17:00:47
  Particles out: 3  (total out: 519)  -  Current np: 83,702
00376   0.376008       19,423       52       83,697       17,802     394.36  09-09-2026 17:00:46
  Particles out: 5  (total out: 524)  -  Current np: 83,697
00377   0.377015       19,475       52       83,691       17,802     449.13  09-09-2026 17:00:47
  Particles out: 6  (total out: 530)  -  Current np: 83,691
00378   0.378002       19,526       51       83,688       17,802     368.62  09-09-2026 17:00:46
  Particles out: 3  (total out: 533)  -  Current np: 83,688
00379   0.379009       19,578       52       83,681       17,802     262.76  09-09-2026 17:00:45
  Particles out: 7  (total out: 540)  -  Current np: 83,681
00380   0.380016       19,630       52       83,667       18,576     310.65  09-09-2026 17:00:46
  Particles out: 14  (total out: 554)  -  Current np: 83,667
00381   0.381003       19,681       51       83,654       19,008     271.94  09-09-2026 17:00:45
  Particles out: 13  (total out: 567)  -  Current np: 83,654
00382   0.382009       19,733       52       83,646       19,008     584.39  09-09-2026 17:00:46
  Particles out: 8  (total out: 575)  -  Current np: 83,646
00383   0.383016       19,785       52       83,640       19,008     400.01  09-09-2026 17:00:45
  Particles out: 6  (total out: 581)  -  Current np: 83,640
00384   0.384003       19,836       51       83,636       19,008     425.28  09-09-2026 17:00:44
  Particles out: 4  (total out: 585)  -  Current np: 83,636
00385   0.385010       19,888       52       83,634       19,008     358.57  09-09-2026 17:00:45
  Particles out: 2  (total out: 587)  -  Current np: 83,634
00386   0.386017       19,940       52       83,634       19,008     534.03  09-09-2026 17:00:45
00387   0.387004       19,991       51       83,633       19,008     477.66  09-09-2026 17:00:45
  Particles out: 1  (total out: 588)  -  Current np: 83,633
00388   0.388011       20,043       52       83,631       19,008     468.99  09-09-2026 17:00:45
  Particles out: 2  (total out: 590)  -  Current np: 83,631
00389   0.389017       20,095       52       83,628       19,008     671.25  09-09-2026 17:00:46
  Particles out: 3  (total out: 593)  -  Current np: 83,628
00390   0.390005       20,146       51       83,626       19,008     416.18  09-09-2026 17:00:46
  Particles out: 2  (total out: 595)  -  Current np: 83,626
00391   0.391011       20,198       52       83,623       19,008     467.23  09-09-2026 17:00:46
  Particles out: 3  (total out: 598)  -  Current np: 83,623
00392   0.392018       20,250       52       83,618       19,008     334.79  09-09-2026 17:00:45
  Particles out: 5  (total out: 603)  -  Current np: 83,618
00393   0.393005       20,301       51       83,612       19,008     837.28  09-09-2026 17:00:47
  Particles out: 6  (total out: 609)  -  Current np: 83,612
00394   0.394012       20,353       52       83,608       19,008     455.12  09-09-2026 17:00:47
  Particles out: 4  (total out: 613)  -  Current np: 83,608
00395   0.395019       20,405       52       83,599       19,008     260.79  09-09-2026 17:00:47
  Particles out: 9  (total out: 622)  -  Current np: 83,599
00396   0.396006       20,456       51       83,595       19,008     461.53  09-09-2026 17:00:46
  Particles out: 4  (total out: 626)  -  Current np: 83,595
00397   0.397013       20,508       52       83,590       19,008     352.66  09-09-2026 17:00:46
  Particles out: 5  (total out: 631)  -  Current np: 83,590
00398   0.398019       20,560       52       83,585       19,008     300.93  09-09-2026 17:00:46
  Particles out: 5  (total out: 636)  -  Current np: 83,585
00399   0.399007       20,611       51       83,576       19,008     484.80  09-09-2026 17:00:45
  Particles out: 9  (total out: 645)  -  Current np: 83,576
00400   0.400013       20,663       52       83,567       19,008     129.88  09-09-2026 17:00:44
  Particles out: 9  (total out: 654)  -  Current np: 83,567
00401   0.401001       20,714       51       83,559       19,008     442.97  09-09-2026 17:00:45
  Particles out: 8  (total out: 662)  -  Current np: 83,559
00402   0.402007       20,766       52       83,548       19,008     286.93  09-09-2026 17:00:44
  Particles out: 11  (total out: 673)  -  Current np: 83,548
00403   0.403014       20,818       52       83,542       19,008     341.11  09-09-2026 17:00:43
  Particles out: 6  (total out: 679)  -  Current np: 83,542
00404   0.404001       20,869       51       83,537       19,008     373.38  09-09-2026 17:00:43
  Particles out: 5  (total out: 684)  -  Current np: 83,537
00405   0.405008       20,921       52       83,528       19,008     479.12  09-09-2026 17:00:43
  Particles out: 9  (total out: 693)  -  Current np: 83,528
00406   0.406015       20,973       52       83,524       19,008     346.64  09-09-2026 17:00:43
  Particles out: 4  (total out: 697)  -  Current np: 83,524
00407   0.407002       21,024       51       83,515       19,008     782.53  09-09-2026 17:00:44
  Particles out: 9  (total out: 706)  -  Current np: 83,515
00408   0.408009       21,076       52       83,497       18,576     294.48  09-09-2026 17:00:44
  Particles out: 18  (total out: 724)  -  Current np: 83,497
00409   0.409015       21,128       52       83,487       18,576     585.49  09-09-2026 17:00:44
  Particles out: 10  (total out: 734)  -  Current np: 83,487
00410   0.410002       21,179       51       83,480       18,576     302.19  09-09-2026 17:00:44
  Particles out: 7  (total out: 741)  -  Current np: 83,480
00411   0.411009       21,231       52       83,467       18,576     316.84  09-09-2026 17:00:43
  Particles out: 13  (total out: 754)  -  Current np: 83,467
00412   0.412016       21,283       52       83,456       18,576     406.62  09-09-2026 17:00:43
  Particles out: 11  (total out: 765)  -  Current np: 83,456
00413   0.413003       21,334       51       83,449       18,576     401.07  09-09-2026 17:00:43
  Particles out: 7  (total out: 772)  -  Current np: 83,449
00414   0.414010       21,386       52       83,443       18,576     442.87  09-09-2026 17:00:43
  Particles out: 6  (total out: 778)  -  Current np: 83,443
00415   0.415016       21,438       52       83,437       18,576     357.47  09-09-2026 17:00:43
  Particles out: 6  (total out: 784)  -  Current np: 83,437
00416   0.416004       21,489       51       83,429       18,576     953.44  09-09-2026 17:00:44
  Particles out: 8  (total out: 792)  -  Current np: 83,429
00417   0.417010       21,541       52       83,413       18,576     263.64  09-09-2026 17:00:44
  Particles out: 16  (total out: 808)  -  Current np: 83,413
00418   0.418017       21,593       52       83,407       18,576     498.43  09-09-2026 17:00:44
  Particles out: 6  (total out: 814)  -  Current np: 83,407
00419   0.419004       21,644       51       83,401       18,576     516.37  09-09-2026 17:00:44
  Particles out: 6  (total out: 820)  -  Current np: 83,401
00420   0.420011       21,696       52       83,390       18,576     348.33  09-09-2026 17:00:44
  Particles out: 11  (total out: 831)  -  Current np: 83,390
00421   0.421018       21,748       52       83,377       18,576     492.41  09-09-2026 17:00:44
  Particles out: 13  (total out: 844)  -  Current np: 83,377
00422   0.422005       21,799       51       83,369       18,576     580.60  09-09-2026 17:00:44
  Particles out: 8  (total out: 852)  -  Current np: 83,369
00423   0.423012       21,851       52       83,355       18,576     497.42  09-09-2026 17:00:45
  Particles out: 14  (total out: 866)  -  Current np: 83,355
00424   0.424018       21,903       52       83,343       18,576     299.08  09-09-2026 17:00:44
  Particles out: 12  (total out: 878)  -  Current np: 83,343
00425   0.425006       21,954       51       83,336       18,576     414.94  09-09-2026 17:00:44
  Particles out: 7  (total out: 885)  -  Current np: 83,336
00426   0.426012       22,006       52       83,323       18,576     510.25  09-09-2026 17:00:44
  Particles out: 13  (total out: 898)  -  Current np: 83,323
00427   0.427019       22,058       52       83,314       18,576     425.12  09-09-2026 17:00:44
  Particles out: 9  (total out: 907)  -  Current np: 83,314
00428   0.428006       22,109       51       83,312       18,576     844.51  09-09-2026 17:00:45
  Particles out: 2  (total out: 909)  -  Current np: 83,312
00429   0.429013       22,161       52       83,306       18,576     340.13  09-09-2026 17:00:45
  Particles out: 6  (total out: 915)  -  Current np: 83,306
00430   0.430000       22,212       51       83,301       18,576     313.94  09-09-2026 17:00:45
  Particles out: 5  (total out: 920)  -  Current np: 83,301
00431   0.431007       22,264       52       83,297       18,576     514.14  09-09-2026 17:00:45
  Particles out: 4  (total out: 924)  -  Current np: 83,297
00432   0.432014       22,316       52       83,291       18,576     299.81  09-09-2026 17:00:45
  Particles out: 6  (total out: 930)  -  Current np: 83,291
00433   0.433001       22,367       51       83,289       19,008     461.28  09-09-2026 17:00:44
  Particles out: 2  (total out: 932)  -  Current np: 83,289
00434   0.434008       22,419       52       83,279       19,008     773.73  09-09-2026 17:00:46
  Particles out: 10  (total out: 942)  -  Current np: 83,279
00435   0.435014       22,471       52       83,272       19,008     456.06  09-09-2026 17:00:45
  Particles out: 7  (total out: 949)  -  Current np: 83,272
00436   0.436002       22,522       51       83,266       19,008     491.48  09-09-2026 17:00:46
  Particles out: 6  (total out: 955)  -  Current np: 83,266
00437   0.437008       22,574       52       83,253       18,216     470.52  09-09-2026 17:00:46
  Particles out: 13  (total out: 968)  -  Current np: 83,253
00438   0.438015       22,626       52       83,248       18,216     332.34  09-09-2026 17:00:46
  Particles out: 5  (total out: 973)  -  Current np: 83,248
00439   0.439002       22,677       51       83,239       18,216     346.09  09-09-2026 17:00:45
  Particles out: 9  (total out: 982)  -  Current np: 83,239
00440   0.440009       22,729       52       83,230       18,216     482.48  09-09-2026 17:00:45
  Particles out: 9  (total out: 991)  -  Current np: 83,230
00441   0.441015       22,781       52       83,222       18,216     329.30  09-09-2026 17:00:45
  Particles out: 8  (total out: 999)  -  Current np: 83,222
00442   0.442003       22,832       51       83,216       18,216     319.90  09-09-2026 17:00:44
  Particles out: 6  (total out: 1,005)  -  Current np: 83,216
00443   0.443009       22,884       52       83,204       18,630     479.77  09-09-2026 17:00:45
  Particles out: 12  (total out: 1,017)  -  Current np: 83,204
00444   0.444016       22,936       52       83,197       18,630     466.81  09-09-2026 17:00:45
  Particles out: 7  (total out: 1,024)  -  Current np: 83,197
00445   0.445003       22,987       51       83,187       18,630     448.74  09-09-2026 17:00:44
  Particles out: 10  (total out: 1,034)  -  Current np: 83,187
00446   0.446010       23,039       52       83,180       18,630     618.92  09-09-2026 17:00:45
  Particles out: 7  (total out: 1,041)  -  Current np: 83,180
00447   0.447017       23,091       52       83,171       18,630     499.44  09-09-2026 17:00:46
  Particles out: 9  (total out: 1,050)  -  Current np: 83,171
00448   0.448004       23,142       51       83,163       18,630     363.21  09-09-2026 17:00:45
  Particles out: 8  (total out: 1,058)  -  Current np: 83,163
00449   0.449011       23,194       52       83,159       18,630     611.00  09-09-2026 17:00:46
  Particles out: 4  (total out: 1,062)  -  Current np: 83,159
00450   0.450017       23,246       52       83,147       18,630     471.49  09-09-2026 17:00:46
  Particles out: 12  (total out: 1,074)  -  Current np: 83,147
00451   0.451005       23,297       51       83,142       18,630     350.93  09-09-2026 17:00:45
  Particles out: 5  (total out: 1,079)  -  Current np: 83,142
00452   0.452011       23,349       52       83,133       18,630     423.07  09-09-2026 17:00:46
  Particles out: 9  (total out: 1,088)  -  Current np: 83,133
00453   0.453018       23,401       52       83,114       18,630     451.76  09-09-2026 17:00:45
  Particles out: 19  (total out: 1,107)  -  Current np: 83,114
00454   0.454005       23,452       51       83,104       18,630      40.87  09-09-2026 17:00:44
  Particles out: 10  (total out: 1,117)  -  Current np: 83,104
00455   0.455012       23,504       52       83,091       18,630      40.82  09-09-2026 17:00:42
  Particles out: 13  (total out: 1,130)  -  Current np: 83,091
00456   0.456019       23,556       52       83,079       18,630      40.36  09-09-2026 17:00:41
  Particles out: 12  (total out: 1,142)  -  Current np: 83,079
00457   0.457006       23,607       51       83,074       18,630      40.45  09-09-2026 17:00:40
  Particles out: 5  (total out: 1,147)  -  Current np: 83,074
00458   0.458013       23,659       52       83,057       18,630      40.52  09-09-2026 17:00:38
  Particles out: 17  (total out: 1,164)  -  Current np: 83,057
00459   0.459019       23,711       52       83,045       18,630      40.60  09-09-2026 17:00:38
  Particles out: 12  (total out: 1,176)  -  Current np: 83,045
00460   0.460007       23,762       51       83,040       18,630      40.41  09-09-2026 17:00:37
  Particles out: 5  (total out: 1,181)  -  Current np: 83,040
00461   0.461013       23,814       52       83,033       18,630      40.21  09-09-2026 17:00:35
  Particles out: 7  (total out: 1,188)  -  Current np: 83,033
00462   0.462001       23,865       51       83,020       18,630      40.81  09-09-2026 17:00:34
  Particles out: 13  (total out: 1,201)  -  Current np: 83,020
00463   0.463007       23,917       52       83,011       18,216      40.39  09-09-2026 17:00:33
  Particles out: 9  (total out: 1,210)  -  Current np: 83,011
00464   0.464014       23,969       52       82,998       18,216      41.42  09-09-2026 17:00:31
  Particles out: 13  (total out: 1,223)  -  Current np: 82,998
00465   0.465001       24,020       51       82,986       18,216      40.87  09-09-2026 17:00:30
  Particles out: 12  (total out: 1,235)  -  Current np: 82,986
00466   0.466008       24,072       52       82,979       18,216      40.53  09-09-2026 17:00:29
  Particles out: 7  (total out: 1,242)  -  Current np: 82,979
00467   0.467015       24,124       52       82,973       18,216      40.56  09-09-2026 17:00:27
  Particles out: 6  (total out: 1,248)  -  Current np: 82,973
00468   0.468002       24,175       51       82,965       18,216      40.49  09-09-2026 17:00:26
  Particles out: 8  (total out: 1,256)  -  Current np: 82,965
00469   0.469008       24,227       52       82,953       18,216      40.59  09-09-2026 17:00:25
  Particles out: 12  (total out: 1,268)  -  Current np: 82,953
00470   0.470015       24,279       52       82,944       18,630      40.28  09-09-2026 17:00:24
  Particles out: 9  (total out: 1,277)  -  Current np: 82,944
00471   0.471002       24,330       51       82,936       18,630      40.40  09-09-2026 17:00:22
  Particles out: 8  (total out: 1,285)  -  Current np: 82,936
00472   0.472009       24,382       52       82,926       18,630      40.27  09-09-2026 17:00:21
  Particles out: 10  (total out: 1,295)  -  Current np: 82,926
00473   0.473016       24,434       52       82,909       18,630      40.62  09-09-2026 17:00:20
  Particles out: 17  (total out: 1,312)  -  Current np: 82,909
00474   0.474003       24,485       51       82,901       18,630      40.89  09-09-2026 17:00:18
  Particles out: 8  (total out: 1,320)  -  Current np: 82,901
00475   0.475010       24,537       52       82,890       18,630      76.29  09-09-2026 17:00:17
  Particles out: 11  (total out: 1,331)  -  Current np: 82,890
00476   0.476016       24,589       52       82,877       18,216     308.86  09-09-2026 17:00:18
  Particles out: 13  (total out: 1,344)  -  Current np: 82,877
00477   0.477004       24,640       51       82,862       18,216     351.68  09-09-2026 17:00:17
  Particles out: 15  (total out: 1,359)  -  Current np: 82,862
00478   0.478010       24,692       52       82,851       18,216     453.75  09-09-2026 17:00:17
  Particles out: 11  (total out: 1,370)  -  Current np: 82,851
00479   0.479017       24,744       52       82,842       18,216     417.72  09-09-2026 17:00:17
  Particles out: 9  (total out: 1,379)  -  Current np: 82,842
00480   0.480004       24,795       51       82,837       18,216     456.53  09-09-2026 17:00:17
  Particles out: 5  (total out: 1,384)  -  Current np: 82,837
00481   0.481011       24,847       52       82,825       18,216     306.83  09-09-2026 17:00:16
  Particles out: 12  (total out: 1,396)  -  Current np: 82,825
00482   0.482018       24,899       52       82,818       18,216      39.59  09-09-2026 17:00:16
  Particles out: 7  (total out: 1,403)  -  Current np: 82,818
00483   0.483005       24,950       51       82,810       18,216      40.25  09-09-2026 17:00:15
  Particles out: 8  (total out: 1,411)  -  Current np: 82,810
00484   0.484012       25,002       52       82,802       18,216      39.63  09-09-2026 17:00:13
  Particles out: 8  (total out: 1,419)  -  Current np: 82,802
00485   0.485018       25,054       52       82,794       18,630      39.84  09-09-2026 17:00:12
  Particles out: 8  (total out: 1,427)  -  Current np: 82,794
00486   0.486006       25,105       51       82,781       18,630      39.82  09-09-2026 17:00:11
  Particles out: 13  (total out: 1,440)  -  Current np: 82,781
00487   0.487012       25,157       52       82,776       18,630      39.41  09-09-2026 17:00:10
  Particles out: 5  (total out: 1,445)  -  Current np: 82,776
00488   0.488019       25,209       52       82,766       19,044      39.05  09-09-2026 17:00:08
  Particles out: 10  (total out: 1,455)  -  Current np: 82,766
00489   0.489006       25,260       51       82,756       19,044      39.29  09-09-2026 17:00:07
  Particles out: 10  (total out: 1,465)  -  Current np: 82,756
00490   0.490013       25,312       52       82,748       19,044      39.02  09-09-2026 17:00:06
  Particles out: 8  (total out: 1,473)  -  Current np: 82,748
00491   0.491000       25,363       51       82,740       19,044      39.34  09-09-2026 17:00:05
  Particles out: 8  (total out: 1,481)  -  Current np: 82,740
00492   0.492007       25,415       52       82,727       19,044      39.88  09-09-2026 17:00:04
  Particles out: 13  (total out: 1,494)  -  Current np: 82,727
00493   0.493014       25,467       52       82,715       19,044      40.06  09-09-2026 17:00:02
  Particles out: 12  (total out: 1,506)  -  Current np: 82,715
00494   0.494001       25,518       51       82,707       19,044      39.96  09-09-2026 17:00:01
  Particles out: 8  (total out: 1,514)  -  Current np: 82,707
00495   0.495007       25,570       52       82,699       19,044      39.33  09-09-2026 17:00:00
  Particles out: 8  (total out: 1,522)  -  Current np: 82,699
00496   0.496014       25,622       52       82,685       19,044      39.98  09-09-2026 16:59:59
  Particles out: 14  (total out: 1,536)  -  Current np: 82,685
00497   0.497001       25,673       51       82,674       19,044      39.48  09-09-2026 16:59:58
  Particles out: 11  (total out: 1,547)  -  Current np: 82,674
00498   0.498008       25,725       52       82,667       19,044     292.78  09-09-2026 16:59:57
  Particles out: 7  (total out: 1,554)  -  Current np: 82,667
00499   0.499015       25,777       52       82,657       19,044     441.58  09-09-2026 16:59:58
  Particles out: 10  (total out: 1,564)  -  Current np: 82,657
00500   0.500002       25,828       51       82,648       18,216     518.18  09-09-2026 16:59:58
  Particles out: 9  (total out: 1,573)  -  Current np: 82,648
00501   0.501009       25,880       52       82,641       18,216     504.63  09-09-2026 16:59:58
  Particles out: 7  (total out: 1,580)  -  Current np: 82,641
00502   0.502015       25,932       52       82,630       18,216     334.12  09-09-2026 16:59:58
  Particles out: 11  (total out: 1,591)  -  Current np: 82,630
00503   0.503003       25,983       51       82,618       18,216     215.25  09-09-2026 16:59:57
  Particles out: 12  (total out: 1,603)  -  Current np: 82,618
00504   0.504009       26,035       52       82,605       18,216      41.83  09-09-2026 16:59:56
  Particles out: 13  (total out: 1,616)  -  Current np: 82,605
00505   0.505016       26,087       52       82,595       18,216      41.44  09-09-2026 16:59:56
  Particles out: 10  (total out: 1,626)  -  Current np: 82,595
00506   0.506003       26,138       51       82,578       18,216      41.90  09-09-2026 16:59:55
  Particles out: 17  (total out: 1,643)  -  Current np: 82,578
00507   0.507010       26,190       52       82,570       18,216     110.20  09-09-2026 16:59:54
  Particles out: 8  (total out: 1,651)  -  Current np: 82,570
00508   0.508017       26,242       52       82,565       18,216     389.76  09-09-2026 16:59:53
  Particles out: 5  (total out: 1,656)  -  Current np: 82,565
00509   0.509004       26,293       51       82,555       18,216     242.00  09-09-2026 16:59:52
  Particles out: 10  (total out: 1,666)  -  Current np: 82,555
00510   0.510011       26,345       52       82,542       18,216     514.54  09-09-2026 16:59:53
  Particles out: 13  (total out: 1,679)  -  Current np: 82,542
00511   0.511017       26,397       52       82,531       18,216     335.70  09-09-2026 16:59:53
  Particles out: 11  (total out: 1,690)  -  Current np: 82,531
00512   0.512005       26,448       51       82,524       18,216     552.75  09-09-2026 16:59:53
  Particles out: 7  (total out: 1,697)  -  Current np: 82,524
00513   0.513011       26,500       52       82,513       18,216     193.30  09-09-2026 16:59:53
  Particles out: 11  (total out: 1,708)  -  Current np: 82,513
00514   0.514018       26,552       52       82,502       18,216      42.29  09-09-2026 16:59:51
  Particles out: 11  (total out: 1,719)  -  Current np: 82,502
00515   0.515005       26,603       51       82,494       18,216      43.53  09-09-2026 16:59:50
  Particles out: 8  (total out: 1,727)  -  Current np: 82,494
00516   0.516012       26,655       52       82,481       18,216      42.03  09-09-2026 16:59:49
  Particles out: 13  (total out: 1,740)  -  Current np: 82,481
00517   0.517019       26,707       52       82,473       18,216      41.47  09-09-2026 16:59:48
  Particles out: 8  (total out: 1,748)  -  Current np: 82,473
00518   0.518006       26,758       51       82,467       18,216      42.04  09-09-2026 16:59:47
  Particles out: 6  (total out: 1,754)  -  Current np: 82,467
00519   0.519013       26,810       52       82,458       18,216      42.22  09-09-2026 16:59:46
  Particles out: 9  (total out: 1,763)  -  Current np: 82,458
00520   0.520019       26,862       52       82,446       18,216      44.48  09-09-2026 16:59:45
  Particles out: 12  (total out: 1,775)  -  Current np: 82,446
00521   0.521007       26,913       51       82,433       16,632      43.44  09-09-2026 16:59:44
  Particles out: 13  (total out: 1,788)  -  Current np: 82,433
00522   0.522013       26,965       52       82,424       16,632      43.11  09-09-2026 16:59:43
  Particles out: 9  (total out: 1,797)  -  Current np: 82,424
00523   0.523000       27,016       51       82,420       16,632     113.23  09-09-2026 16:59:42
  Particles out: 4  (total out: 1,801)  -  Current np: 82,420
00524   0.524007       27,068       52       82,409       16,632     421.79  09-09-2026 16:59:42
  Particles out: 11  (total out: 1,812)  -  Current np: 82,409
00525   0.525014       27,120       52       82,398       16,632     401.68  09-09-2026 16:59:42
  Particles out: 11  (total out: 1,823)  -  Current np: 82,398
00526   0.526001       27,171       51       82,387       16,632     333.90  09-09-2026 16:59:42
  Particles out: 11  (total out: 1,834)  -  Current np: 82,387
00527   0.527008       27,223       52       82,382       17,028     314.34  09-09-2026 16:59:42
  Particles out: 5  (total out: 1,839)  -  Current np: 82,382
00528   0.528014       27,275       52       82,373       17,028     260.30  09-09-2026 16:59:41
  Particles out: 9  (total out: 1,848)  -  Current np: 82,373
00529   0.529002       27,326       51       82,359       17,028     361.36  09-09-2026 16:59:41
  Particles out: 14  (total out: 1,862)  -  Current np: 82,359
00530   0.530008       27,378       52       82,345       17,028     226.59  09-09-2026 16:59:41
  Particles out: 14  (total out: 1,876)  -  Current np: 82,345
00531   0.531015       27,430       52       82,334       17,028     363.98  09-09-2026 16:59:41
  Particles out: 11  (total out: 1,887)  -  Current np: 82,334
00532   0.532002       27,481       51       82,325       16,632     363.94  09-09-2026 16:59:40
  Particles out: 9  (total out: 1,896)  -  Current np: 82,325
00533   0.533009       27,533       52       82,314       17,028     446.57  09-09-2026 16:59:41
  Particles out: 11  (total out: 1,907)  -  Current np: 82,314
00534   0.534016       27,585       52       82,293       17,028     377.24  09-09-2026 16:59:40
  Particles out: 21  (total out: 1,928)  -  Current np: 82,293
00535   0.535003       27,636       51       82,284       17,028     319.33  09-09-2026 16:59:41
  Particles out: 9  (total out: 1,937)  -  Current np: 82,284
00536   0.536010       27,688       52       82,272       17,028     444.58  09-09-2026 16:59:40
  Particles out: 12  (total out: 1,949)  -  Current np: 82,272
00537   0.537016       27,740       52       82,261       17,028      40.63  09-09-2026 16:59:39
  Particles out: 11  (total out: 1,960)  -  Current np: 82,261
00538   0.538004       27,791       51       82,248       17,028      40.77  09-09-2026 16:59:38
  Particles out: 13  (total out: 1,973)  -  Current np: 82,248
00539   0.539010       27,843       52       82,237       17,028      40.28  09-09-2026 16:59:37
  Particles out: 11  (total out: 1,984)  -  Current np: 82,237
00540   0.540017       27,895       52       82,227       17,028      40.37  09-09-2026 16:59:36
  Particles out: 10  (total out: 1,994)  -  Current np: 82,227
00541   0.541004       27,946       51       82,211       17,028      40.97  09-09-2026 16:59:35
  Particles out: 16  (total out: 2,010)  -  Current np: 82,211
00542   0.542011       27,998       52       82,192       17,028      40.98  09-09-2026 16:59:34
  Particles out: 19  (total out: 2,029)  -  Current np: 82,192
00543   0.543018       28,050       52       82,180       16,082      40.31  09-09-2026 16:59:33
  Particles out: 12  (total out: 2,041)  -  Current np: 82,180
00544   0.544005       28,101       51       82,165       16,082      40.39  09-09-2026 16:59:32
  Particles out: 15  (total out: 2,056)  -  Current np: 82,165
00545   0.545012       28,153       52       82,151       16,082      40.61  09-09-2026 16:59:31
  Particles out: 14  (total out: 2,070)  -  Current np: 82,151
00546   0.546018       28,205       52       82,137       15,708      40.35  09-09-2026 16:59:30
  Particles out: 14  (total out: 2,084)  -  Current np: 82,137
00547   0.547006       28,256       51       82,115       15,708      40.54  09-09-2026 16:59:29
  Particles out: 22  (total out: 2,106)  -  Current np: 82,115
00548   0.548012       28,308       52       82,104       15,708      40.03  09-09-2026 16:59:29
  Particles out: 11  (total out: 2,117)  -  Current np: 82,104
00549   0.549019       28,360       52       82,084       15,708      40.15  09-09-2026 16:59:28
  Particles out: 20  (total out: 2,137)  -  Current np: 82,084
00550   0.550006       28,411       51       82,071       15,708      40.22  09-09-2026 16:59:27
  Particles out: 13  (total out: 2,150)  -  Current np: 82,071
00551   0.551013       28,463       52       82,057       15,708      43.32  09-09-2026 16:59:26
  Particles out: 14  (total out: 2,164)  -  Current np: 82,057
00552   0.552000       28,514       51       82,031       15,708     340.85  09-09-2026 16:59:26
  Particles out: 26  (total out: 2,190)  -  Current np: 82,031
00553   0.553007       28,566       52       82,014       15,708     347.88  09-09-2026 16:59:25
  Particles out: 17  (total out: 2,207)  -  Current np: 82,014
00554   0.554013       28,618       52       82,005       15,708     461.25  09-09-2026 16:59:26
  Particles out: 9  (total out: 2,216)  -  Current np: 82,005
00555   0.555001       28,669       51       81,992       15,708     327.79  09-09-2026 16:59:25
  Particles out: 13  (total out: 2,229)  -  Current np: 81,992
00556   0.556007       28,721       52       81,975       15,708     161.47  09-09-2026 16:59:25
  Particles out: 17  (total out: 2,246)  -  Current np: 81,975
00557   0.557014       28,773       52       81,955       15,708     453.30  09-09-2026 16:59:25
  Particles out: 20  (total out: 2,266)  -  Current np: 81,955
00558   0.558001       28,824       51       81,946       15,708     314.48  09-09-2026 16:59:25
  Particles out: 9  (total out: 2,275)  -  Current np: 81,946
00559   0.559008       28,876       52       81,929       15,708      40.34  09-09-2026 16:59:24
  Particles out: 17  (total out: 2,292)  -  Current np: 81,929
00560   0.560015       28,928       52       81,915       15,708      40.17  09-09-2026 16:59:23
  Particles out: 14  (total out: 2,306)  -  Current np: 81,915
00561   0.561002       28,979       51       81,897       15,708      40.81  09-09-2026 16:59:22
  Particles out: 18  (total out: 2,324)  -  Current np: 81,897
00562   0.562009       29,031       52       81,876       15,708      40.38  09-09-2026 16:59:21
  Particles out: 21  (total out: 2,345)  -  Current np: 81,876
00563   0.563015       29,083       52       81,855       15,708      40.22  09-09-2026 16:59:20
  Particles out: 21  (total out: 2,366)  -  Current np: 81,855
00564   0.564003       29,134       51       81,834       15,708      40.12  09-09-2026 16:59:19
  Particles out: 21  (total out: 2,387)  -  Current np: 81,834
00565   0.565009       29,186       52       81,809       15,708      40.47  09-09-2026 16:59:18
  Particles out: 25  (total out: 2,412)  -  Current np: 81,809
00566   0.566016       29,238       52       81,780       15,708      40.59  09-09-2026 16:59:17
  Particles out: 29  (total out: 2,441)  -  Current np: 81,780
00567   0.567003       29,289       51       81,769       15,708      84.92  09-09-2026 16:59:16
  Particles out: 11  (total out: 2,452)  -  Current np: 81,769
00568   0.568010       29,341       52       81,748       14,960     352.15  09-09-2026 16:59:17
  Particles out: 21  (total out: 2,473)  -  Current np: 81,748
00569   0.569017       29,393       52       81,724       14,432     479.22  09-09-2026 16:59:16
  Particles out: 24  (total out: 2,497)  -  Current np: 81,724
00570   0.570004       29,444       51       81,704       14,432     365.11  09-09-2026 16:59:17
  Particles out: 20  (total out: 2,517)  -  Current np: 81,704
00571   0.571011       29,496       52       81,684       14,432     317.48  09-09-2026 16:59:16
  Particles out: 20  (total out: 2,537)  -  Current np: 81,684
00572   0.572017       29,548       52       81,661       14,432     444.56  09-09-2026 16:59:16
  Particles out: 23  (total out: 2,560)  -  Current np: 81,661
00573   0.573005       29,599       51       81,643       14,432     302.53  09-09-2026 16:59:17
  Particles out: 18  (total out: 2,578)  -  Current np: 81,643
00574   0.574011       29,651       52       81,621       14,432     346.60  09-09-2026 16:59:16
  Particles out: 22  (total out: 2,600)  -  Current np: 81,621
00575   0.575018       29,703       52       81,600       14,432     368.66  09-09-2026 16:59:16
  Particles out: 21  (total out: 2,621)  -  Current np: 81,600
00576   0.576005       29,754       51       81,578       14,432     315.65  09-09-2026 16:59:16
  Particles out: 22  (total out: 2,643)  -  Current np: 81,578
00577   0.577012       29,806       52       81,559       14,432     632.85  09-09-2026 16:59:16
  Particles out: 19  (total out: 2,662)  -  Current np: 81,559
00578   0.578019       29,858       52       81,532       14,432     247.66  09-09-2026 16:59:17
  Particles out: 27  (total out: 2,689)  -  Current np: 81,532
00579   0.579006       29,909       51       81,513       14,432     315.07  09-09-2026 16:59:16
  Particles out: 19  (total out: 2,708)  -  Current np: 81,513
00580   0.580012       29,961       52       81,488       14,432     407.21  09-09-2026 16:59:16
  Particles out: 25  (total out: 2,733)  -  Current np: 81,488
00581   0.581019       30,013       52       81,459       14,080     102.18  09-09-2026 16:59:15
  Particles out: 29  (total out: 2,762)  -  Current np: 81,459
00582   0.582006       30,064       51       81,431       14,080      42.42  09-09-2026 16:59:15
  Particles out: 28  (total out: 2,790)  -  Current np: 81,431
00583   0.583013       30,116       52       81,416       14,080      41.64  09-09-2026 16:59:14
  Particles out: 15  (total out: 2,805)  -  Current np: 81,416
00584   0.584000       30,167       51       81,394       14,080      41.76  09-09-2026 16:59:13
  Particles out: 22  (total out: 2,827)  -  Current np: 81,394
00585   0.585007       30,219       52       81,369       14,720      41.49  09-09-2026 16:59:12
  Particles out: 25  (total out: 2,852)  -  Current np: 81,369
00586   0.586014       30,271       52       81,334       14,720      42.10  09-09-2026 16:59:11
  Particles out: 35  (total out: 2,887)  -  Current np: 81,334
00587   0.587001       30,322       51       81,317       14,720      41.57  09-09-2026 16:59:10
  Particles out: 17  (total out: 2,904)  -  Current np: 81,317
00588   0.588008       30,374       52       81,297       14,720      41.52  09-09-2026 16:59:10
  Particles out: 20  (total out: 2,924)  -  Current np: 81,297
00589   0.589014       30,426       52       81,275       14,720      42.02  09-09-2026 16:59:09
  Particles out: 22  (total out: 2,946)  -  Current np: 81,275
00590   0.590002       30,477       51       81,249       14,720      41.97  09-09-2026 16:59:08
  Particles out: 26  (total out: 2,972)  -  Current np: 81,249
00591   0.591008       30,529       52       81,234       14,720      87.85  09-09-2026 16:59:07
  Particles out: 15  (total out: 2,987)  -  Current np: 81,234
00592   0.592015       30,581       52       81,206       14,720     360.29  09-09-2026 16:59:07
  Particles out: 28  (total out: 3,015)  -  Current np: 81,206
00593   0.593002       30,632       51       81,188       14,720     296.93  09-09-2026 16:59:07
  Particles out: 18  (total out: 3,033)  -  Current np: 81,188
00594   0.594009       30,684       52       81,164       14,720     479.57  09-09-2026 16:59:07
  Particles out: 24  (total out: 3,057)  -  Current np: 81,164
00595   0.595016       30,736       52       81,143       14,720     331.05  09-09-2026 16:59:06
  Particles out: 21  (total out: 3,078)  -  Current np: 81,143
00596   0.596003       30,787       51       81,130       14,720     373.55  09-09-2026 16:59:07
  Particles out: 13  (total out: 3,091)  -  Current np: 81,130
00597   0.597010       30,839       52       81,104       14,720     300.94  09-09-2026 16:59:06
  Particles out: 26  (total out: 3,117)  -  Current np: 81,104
00598   0.598016       30,891       52       81,080       14,720     490.11  09-09-2026 16:59:07
  Particles out: 24  (total out: 3,141)  -  Current np: 81,080
00599   0.599004       30,942       51       81,060       14,720     377.80  09-09-2026 16:59:07
  Particles out: 20  (total out: 3,161)  -  Current np: 81,060
00600   0.600010       30,994       52       81,031       14,720     333.21  09-09-2026 16:59:06
  Particles out: 29  (total out: 3,190)  -  Current np: 81,031
00601   0.601017       31,046       52       81,014       14,720     274.87  09-09-2026 16:59:07
  Particles out: 17  (total out: 3,207)  -  Current np: 81,014
00602   0.602004       31,097       51       80,990       14,720     467.84  09-09-2026 16:59:07
  Particles out: 24  (total out: 3,231)  -  Current np: 80,990
00603   0.603011       31,149       52       80,966       15,360     341.83  09-09-2026 16:59:06
  Particles out: 24  (total out: 3,255)  -  Current np: 80,966
00604   0.604018       31,201       52       80,942       15,360     241.50  09-09-2026 16:59:07
  Particles out: 24  (total out: 3,279)  -  Current np: 80,942
00605   0.605005       31,252       51       80,913       15,360      41.20  09-09-2026 16:59:06
  Particles out: 29  (total out: 3,308)  -  Current np: 80,913
00606   0.606012       31,304       52       80,896       15,360      40.46  09-09-2026 16:59:05
  Particles out: 17  (total out: 3,325)  -  Current np: 80,896
00607   0.607018       31,356       52       80,875       15,360      41.05  09-09-2026 16:59:04
  Particles out: 21  (total out: 3,346)  -  Current np: 80,875
00608   0.608005       31,407       51       80,858       15,360      40.60  09-09-2026 16:59:03
  Particles out: 17  (total out: 3,363)  -  Current np: 80,858
00609   0.609012       31,459       52       80,825       15,360      41.16  09-09-2026 16:59:02
  Particles out: 33  (total out: 3,396)  -  Current np: 80,825
00610   0.610019       31,511       52       80,806       15,360      40.40  09-09-2026 16:59:01
  Particles out: 19  (total out: 3,415)  -  Current np: 80,806
00611   0.611006       31,562       51       80,784       15,360      40.64  09-09-2026 16:59:00
  Particles out: 22  (total out: 3,437)  -  Current np: 80,784
00612   0.612013       31,614       52       80,756       15,360      40.37  09-09-2026 16:59:00
  Particles out: 28  (total out: 3,465)  -  Current np: 80,756
00613   0.613000       31,665       51       80,725       15,360      40.73  09-09-2026 16:58:59
  Particles out: 31  (total out: 3,496)  -  Current np: 80,725
00614   0.614007       31,717       52       80,692       15,360      40.30  09-09-2026 16:58:58
  Particles out: 33  (total out: 3,529)  -  Current np: 80,692
00615   0.615013       31,769       52       80,668       14,976     140.75  09-09-2026 16:58:57
  Particles out: 24  (total out: 3,553)  -  Current np: 80,668
00616   0.616001       31,820       51       80,649       14,976     423.23  09-09-2026 16:58:58
  Particles out: 19  (total out: 3,572)  -  Current np: 80,649
00617   0.617007       31,872       52       80,624       14,976     342.38  09-09-2026 16:58:57
  Particles out: 25  (total out: 3,597)  -  Current np: 80,624
00618   0.618014       31,924       52       80,601       14,976     391.54  09-09-2026 16:58:57
  Particles out: 23  (total out: 3,620)  -  Current np: 80,601
00619   0.619001       31,975       51       80,581       14,976     304.38  09-09-2026 16:58:58
  Particles out: 20  (total out: 3,640)  -  Current np: 80,581
00620   0.620008       32,027       52       80,556       14,040     446.13  09-09-2026 16:58:57
  Particles out: 25  (total out: 3,665)  -  Current np: 80,556
00621   0.621015       32,079       52       80,536       14,400     350.26  09-09-2026 16:58:57
  Particles out: 20  (total out: 3,685)  -  Current np: 80,536
00622   0.622002       32,130       51       80,509       14,400      42.15  09-09-2026 16:58:56
  Particles out: 27  (total out: 3,712)  -  Current np: 80,509
00623   0.623009       32,182       52       80,483       15,000      46.40  09-09-2026 16:58:55
  Particles out: 26  (total out: 3,738)  -  Current np: 80,483
00624   0.624015       32,234       52       80,458       15,000      44.95  09-09-2026 16:58:55
  Particles out: 25  (total out: 3,763)  -  Current np: 80,458
00625   0.625003       32,285       51       80,428       15,000      42.90  09-09-2026 16:58:55
  Particles out: 30  (total out: 3,793)  -  Current np: 80,428
00626   0.626009       32,337       52       80,402       15,000      42.59  09-09-2026 16:58:54
  Particles out: 26  (total out: 3,819)  -  Current np: 80,402
00627   0.627016       32,389       52       80,375       15,000      42.53  09-09-2026 16:58:53
  Particles out: 27  (total out: 3,846)  -  Current np: 80,375
00628   0.628003       32,440       51       80,346       15,000      42.61  09-09-2026 16:58:52
  Particles out: 29  (total out: 3,875)  -  Current np: 80,346
00629   0.629010       32,492       52       80,328       15,000      42.11  09-09-2026 16:58:51
  Particles out: 18  (total out: 3,893)  -  Current np: 80,328
00630   0.630017       32,544       52       80,305       15,000      41.93  09-09-2026 16:58:50
  Particles out: 23  (total out: 3,916)  -  Current np: 80,305
00631   0.631004       32,595       51       80,278       15,000      41.98  09-09-2026 16:58:50
  Particles out: 27  (total out: 3,943)  -  Current np: 80,278
00632   0.632011       32,647       52       80,246       15,000      41.92  09-09-2026 16:58:49
  Particles out: 32  (total out: 3,975)  -  Current np: 80,246
00633   0.633017       32,699       52       80,212       15,000      42.44  09-09-2026 16:58:48
  Particles out: 34  (total out: 4,009)  -  Current np: 80,212
00634   0.634005       32,750       51       80,183       15,000     177.72  09-09-2026 16:58:47
  Particles out: 29  (total out: 4,038)  -  Current np: 80,183
00635   0.635011       32,802       52       80,158       15,000     469.68  09-09-2026 16:58:48
  Particles out: 25  (total out: 4,063)  -  Current np: 80,158
00636   0.636018       32,854       52       80,130       15,000     359.88  09-09-2026 16:58:48
  Particles out: 28  (total out: 4,091)  -  Current np: 80,130
00637   0.637005       32,905       51       80,107       15,000     489.75  09-09-2026 16:58:48
  Particles out: 23  (total out: 4,114)  -  Current np: 80,107
00638   0.638012       32,957       52       80,078       15,000     367.87  09-09-2026 16:58:48
  Particles out: 29  (total out: 4,143)  -  Current np: 80,078
00639   0.639018       33,009       52       80,049       15,000     453.83  09-09-2026 16:58:48
  Particles out: 29  (total out: 4,172)  -  Current np: 80,049
00640   0.640006       33,060       51       80,026       15,000      42.48  09-09-2026 16:58:47
  Particles out: 23  (total out: 4,195)  -  Current np: 80,026
00641   0.641012       33,112       52       79,997       15,000      42.17  09-09-2026 16:58:46
  Particles out: 29  (total out: 4,224)  -  Current np: 79,997
00642   0.642019       33,164       52       79,969       15,000      42.30  09-09-2026 16:58:46
  Particles out: 28  (total out: 4,252)  -  Current np: 79,969
00643   0.643006       33,215       51       79,930       15,000      42.25  09-09-2026 16:58:45
  Particles out: 39  (total out: 4,291)  -  Current np: 79,930
00644   0.644013       33,267       52       79,905       15,000      42.15  09-09-2026 16:58:44
  Particles out: 25  (total out: 4,316)  -  Current np: 79,905
00645   0.645000       33,318       51       79,879       15,000      42.11  09-09-2026 16:58:43
  Particles out: 26  (total out: 4,342)  -  Current np: 79,879
00646   0.646007       33,370       52       79,850       15,000      42.04  09-09-2026 16:58:43
  Particles out: 29  (total out: 4,371)  -  Current np: 79,850
00647   0.647014       33,422       52       79,798       15,600      42.19  09-09-2026 16:58:43
  Particles out: 52  (total out: 4,423)  -  Current np: 79,798
00648   0.648001       33,473       51       79,766       15,600      42.37  09-09-2026 16:58:42
  Particles out: 32  (total out: 4,455)  -  Current np: 79,766
00649   0.649008       33,525       52       79,747       15,600      41.83  09-09-2026 16:58:41
  Particles out: 19  (total out: 4,474)  -  Current np: 79,747
00650   0.650014       33,577       52       79,716       15,600      42.27  09-09-2026 16:58:40
  Particles out: 31  (total out: 4,505)  -  Current np: 79,716
00651   0.651002       33,628       51       79,685       15,600      42.47  09-09-2026 16:58:40
  Particles out: 31  (total out: 4,536)  -  Current np: 79,685
00652   0.652008       33,680       52       79,648       15,600      42.44  09-09-2026 16:58:39
  Particles out: 37  (total out: 4,573)  -  Current np: 79,648
00653   0.653015       33,732       52       79,619       15,600      43.60  09-09-2026 16:58:38
  Particles out: 29  (total out: 4,602)  -  Current np: 79,619
00654   0.654002       33,783       51       79,583       15,600     350.12  09-09-2026 16:58:38
  Particles out: 36  (total out: 4,638)  -  Current np: 79,583
00655   0.655009       33,835       52       79,553       15,600     388.56  09-09-2026 16:58:38
  Particles out: 30  (total out: 4,668)  -  Current np: 79,553
00656   0.656016       33,887       52       79,490       15,600     296.49  09-09-2026 16:58:38
  Particles out: 63  (total out: 4,731)  -  Current np: 79,490
00657   0.657003       33,938       51       79,459       15,600     368.57  09-09-2026 16:58:37
  Particles out: 31  (total out: 4,762)  -  Current np: 79,459
00658   0.658010       33,990       52       79,428       15,600     442.36  09-09-2026 16:58:38
  Particles out: 31  (total out: 4,793)  -  Current np: 79,428
00659   0.659016       34,042       52       79,388       17,680     385.03  09-09-2026 16:58:38
  Particles out: 40  (total out: 4,833)  -  Current np: 79,388
00660   0.660004       34,093       51       79,343       17,680     200.44  09-09-2026 16:58:37
  Particles out: 45  (total out: 4,878)  -  Current np: 79,343
00661   0.661010       34,145       52       79,300       17,680      42.94  09-09-2026 16:58:37
  Particles out: 43  (total out: 4,921)  -  Current np: 79,300
00662   0.662017       34,197       52       79,264       17,680      42.60  09-09-2026 16:58:36
  Particles out: 36  (total out: 4,957)  -  Current np: 79,264
00663   0.663004       34,248       51       79,224       17,680      42.91  09-09-2026 16:58:35
  Particles out: 40  (total out: 4,997)  -  Current np: 79,224
00664   0.664011       34,300       52       79,197       17,680      45.64  09-09-2026 16:58:34
  Particles out: 27  (total out: 5,024)  -  Current np: 79,197
00665   0.665017       34,352       52       79,159       16,640      42.58  09-09-2026 16:58:34
  Particles out: 38  (total out: 5,062)  -  Current np: 79,159
00666   0.666005       34,403       51       79,136       16,640      41.73  09-09-2026 16:58:34
  Particles out: 23  (total out: 5,085)  -  Current np: 79,136
00667   0.667011       34,455       52       79,097       16,640      42.51  09-09-2026 16:58:33
  Particles out: 39  (total out: 5,124)  -  Current np: 79,097
00668   0.668018       34,507       52       79,071       16,640      42.25  09-09-2026 16:58:32
  Particles out: 26  (total out: 5,150)  -  Current np: 79,071
00669   0.669005       34,558       51       79,030       16,640      42.57  09-09-2026 16:58:32
  Particles out: 41  (total out: 5,191)  -  Current np: 79,030
00670   0.670012       34,610       52       78,992       16,640      42.17  09-09-2026 16:58:31
  Particles out: 38  (total out: 5,229)  -  Current np: 78,992
00671   0.671019       34,662       52       78,959       16,640      42.31  09-09-2026 16:58:30
  Particles out: 33  (total out: 5,262)  -  Current np: 78,959
00672   0.672006       34,713       51       78,927       16,640      42.44  09-09-2026 16:58:29
  Particles out: 32  (total out: 5,294)  -  Current np: 78,927
00673   0.673013       34,765       52       78,909       16,640      41.88  09-09-2026 16:58:29
  Particles out: 18  (total out: 5,312)  -  Current np: 78,909
00674   0.674000       34,816       51       78,877       16,640     227.31  09-09-2026 16:58:28
  Particles out: 32  (total out: 5,344)  -  Current np: 78,877
00675   0.675007       34,868       52       78,841       16,640     387.46  09-09-2026 16:58:28
  Particles out: 36  (total out: 5,380)  -  Current np: 78,841
00676   0.676013       34,920       52       78,797       16,640     395.09  09-09-2026 16:58:28
  Particles out: 44  (total out: 5,424)  -  Current np: 78,797
00677   0.677001       34,971       51       78,766       16,640     315.94  09-09-2026 16:58:28
  Particles out: 31  (total out: 5,455)  -  Current np: 78,766
00678   0.678007       35,023       52       78,732       17,280     418.24  09-09-2026 16:58:29
  Particles out: 34  (total out: 5,489)  -  Current np: 78,732
00679   0.679014       35,075       52       78,692       17,280     344.03  09-09-2026 16:58:28
  Particles out: 40  (total out: 5,529)  -  Current np: 78,692
00680   0.680001       35,126       51       78,668       17,280     312.31  09-09-2026 16:58:28
  Particles out: 24  (total out: 5,553)  -  Current np: 78,668
00681   0.681008       35,178       52       78,645       17,280      41.26  09-09-2026 16:58:27
  Particles out: 23  (total out: 5,576)  -  Current np: 78,645
00682   0.682015       35,230       52       78,614       17,280      41.56  09-09-2026 16:58:27
  Particles out: 31  (total out: 5,607)  -  Current np: 78,614
00683   0.683002       35,281       51       78,579       17,280      41.01  09-09-2026 16:58:26
  Particles out: 35  (total out: 5,642)  -  Current np: 78,579
00684   0.684009       35,333       52       78,555       17,280      40.97  09-09-2026 16:58:25
  Particles out: 24  (total out: 5,666)  -  Current np: 78,555
00685   0.685015       35,385       52       78,521       17,280      40.82  09-09-2026 16:58:24
  Particles out: 34  (total out: 5,700)  -  Current np: 78,521
00686   0.686003       35,436       51       78,479       17,280      41.63  09-09-2026 16:58:24
  Particles out: 42  (total out: 5,742)  -  Current np: 78,479
00687   0.687009       35,488       52       78,449       17,280     277.48  09-09-2026 16:58:24
  Particles out: 30  (total out: 5,772)  -  Current np: 78,449
00688   0.688016       35,540       52       78,416       17,280     314.46  09-09-2026 16:58:24
  Particles out: 33  (total out: 5,805)  -  Current np: 78,416
00689   0.689003       35,591       51       78,389       17,280     393.55  09-09-2026 16:58:23
  Particles out: 27  (total out: 5,832)  -  Current np: 78,389
00690   0.690010       35,643       52       78,355       17,280     443.85  09-09-2026 16:58:24
  Particles out: 34  (total out: 5,866)  -  Current np: 78,355
00691   0.691017       35,695       52       78,328       17,280     304.69  09-09-2026 16:58:24
  Particles out: 27  (total out: 5,893)  -  Current np: 78,328
00692   0.692004       35,746       51       78,290       17,280     371.86  09-09-2026 16:58:25
  Particles out: 38  (total out: 5,931)  -  Current np: 78,290
00693   0.693010       35,798       52       78,243       17,280     257.30  09-09-2026 16:58:24
  Particles out: 47  (total out: 5,978)  -  Current np: 78,243
00694   0.694017       35,850       52       78,204       17,280      41.39  09-09-2026 16:58:23
  Particles out: 39  (total out: 6,017)  -  Current np: 78,204
00695   0.695004       35,901       51       78,167       17,280      41.34  09-09-2026 16:58:23
  Particles out: 37  (total out: 6,054)  -  Current np: 78,167
00696   0.696011       35,953       52       78,132       17,280      40.91  09-09-2026 16:58:22
  Particles out: 35  (total out: 6,089)  -  Current np: 78,132
00697   0.697018       36,005       52       78,091       17,280      41.15  09-09-2026 16:58:21
  Particles out: 41  (total out: 6,130)  -  Current np: 78,091
00698   0.698005       36,056       51       78,051       17,280      41.37  09-09-2026 16:58:21
  Particles out: 40  (total out: 6,170)  -  Current np: 78,051
00699   0.699012       36,108       52       78,010       17,280      41.45  09-09-2026 16:58:20
  Particles out: 41  (total out: 6,211)  -  Current np: 78,010
00700   0.700018       36,160       52       77,965       17,280      40.81  09-09-2026 16:58:19
  Particles out: 45  (total out: 6,256)  -  Current np: 77,965
00701   0.701006       36,211       51       77,906       17,280      41.78  09-09-2026 16:58:18
  Particles out: 59  (total out: 6,315)  -  Current np: 77,906
00702   0.702012       36,263       52       77,875       17,280      41.26  09-09-2026 16:58:18
  Particles out: 31  (total out: 6,346)  -  Current np: 77,875
00703   0.703019       36,315       52       77,829       17,280      41.62  09-09-2026 16:58:17
  Particles out: 46  (total out: 6,392)  -  Current np: 77,829
00704   0.704006       36,366       51       77,791       17,280      41.42  09-09-2026 16:58:16
  Particles out: 38  (total out: 6,430)  -  Current np: 77,791
00705   0.705013       36,418       52       77,757       17,280      41.24  09-09-2026 16:58:16
  Particles out: 34  (total out: 6,464)  -  Current np: 77,757
00706   0.706000       36,469       51       77,708       17,280      41.53  09-09-2026 16:58:15
  Particles out: 49  (total out: 6,513)  -  Current np: 77,708
00707   0.707007       36,521       52       77,672       17,280      40.95  09-09-2026 16:58:14
  Particles out: 36  (total out: 6,549)  -  Current np: 77,672
00708   0.708014       36,573       52       77,626       17,280      41.05  09-09-2026 16:58:14
  Particles out: 46  (total out: 6,595)  -  Current np: 77,626
00709   0.709001       36,624       51       77,591       17,280      40.58  09-09-2026 16:58:13
  Particles out: 35  (total out: 6,630)  -  Current np: 77,591
00710   0.710008       36,676       52       77,553       17,280     163.01  09-09-2026 16:58:13
  Particles out: 38  (total out: 6,668)  -  Current np: 77,553
00711   0.711014       36,728       52       77,507       17,280     439.74  09-09-2026 16:58:13
  Particles out: 46  (total out: 6,714)  -  Current np: 77,507
00712   0.712002       36,779       51       77,468       17,280     408.88  09-09-2026 16:58:14
  Particles out: 39  (total out: 6,753)  -  Current np: 77,468
00713   0.713008       36,831       52       77,430       17,280     295.26  09-09-2026 16:58:13
  Particles out: 38  (total out: 6,791)  -  Current np: 77,430
00714   0.714015       36,883       52       77,394       17,280     490.71  09-09-2026 16:58:13
  Particles out: 36  (total out: 6,827)  -  Current np: 77,394
00715   0.715002       36,934       51       77,356       17,280     370.17  09-09-2026 16:58:14
  Particles out: 38  (total out: 6,865)  -  Current np: 77,356
00716   0.716009       36,986       52       77,309       17,280     487.85  09-09-2026 16:58:14
  Particles out: 47  (total out: 6,912)  -  Current np: 77,309
00717   0.717016       37,038       52       77,261       17,280     375.05  09-09-2026 16:58:14
  Particles out: 48  (total out: 6,960)  -  Current np: 77,261
00718   0.718003       37,089       51       77,217       17,280     460.28  09-09-2026 16:58:14
  Particles out: 44  (total out: 7,004)  -  Current np: 77,217
00719   0.719010       37,141       52       77,194       17,280     302.00  09-09-2026 16:58:14
  Particles out: 23  (total out: 7,027)  -  Current np: 77,194
00720   0.720016       37,193       52       77,133       17,280     405.63  09-09-2026 16:58:15
  Particles out: 61  (total out: 7,088)  -  Current np: 77,133
00721   0.721003       37,244       51       77,092       17,280     293.61  09-09-2026 16:58:14
  Particles out: 41  (total out: 7,129)  -  Current np: 77,092
00722   0.722010       37,296       52       77,050       17,280     198.06  09-09-2026 16:58:14
  Particles out: 42  (total out: 7,171)  -  Current np: 77,050
00723   0.723017       37,348       52       77,007       17,280      41.07  09-09-2026 16:58:13
  Particles out: 43  (total out: 7,214)  -  Current np: 77,007
00724   0.724004       37,399       51       76,956       17,280      41.65  09-09-2026 16:58:12
  Particles out: 51  (total out: 7,265)  -  Current np: 76,956
00725   0.725011       37,451       52       76,922       16,200      40.62  09-09-2026 16:58:12
  Particles out: 34  (total out: 7,299)  -  Current np: 76,922
00726   0.726017       37,503       52       76,880       16,200      40.97  09-09-2026 16:58:11
  Particles out: 42  (total out: 7,341)  -  Current np: 76,880
00727   0.727005       37,554       51       76,838       15,795      41.31  09-09-2026 16:58:10
  Particles out: 42  (total out: 7,383)  -  Current np: 76,838
00728   0.728011       37,606       52       76,795       15,795      40.83  09-09-2026 16:58:10
  Particles out: 43  (total out: 7,426)  -  Current np: 76,795
00729   0.729018       37,658       52       76,764       15,795      40.96  09-09-2026 16:58:09
  Particles out: 31  (total out: 7,457)  -  Current np: 76,764
00730   0.730005       37,709       51       76,706       15,795      41.31  09-09-2026 16:58:09
  Particles out: 58  (total out: 7,515)  -  Current np: 76,706
00731   0.731012       37,761       52       76,655       15,795      41.38  09-09-2026 16:58:09
  Particles out: 51  (total out: 7,566)  -  Current np: 76,655
00732   0.732019       37,813       52       76,618       15,795      41.81  09-09-2026 16:58:08
  Particles out: 37  (total out: 7,603)  -  Current np: 76,618
00733   0.733006       37,864       51       76,577       15,795      41.58  09-09-2026 16:58:07
  Particles out: 41  (total out: 7,644)  -  Current np: 76,577
00734   0.734013       37,916       52       76,546       15,795      40.92  09-09-2026 16:58:07
  Particles out: 31  (total out: 7,675)  -  Current np: 76,546
00735   0.735019       37,968       52       76,501       16,200      41.20  09-09-2026 16:58:06
  Particles out: 45  (total out: 7,720)  -  Current np: 76,501
00736   0.736007       38,019       51       76,467       16,200      41.12  09-09-2026 16:58:05
  Particles out: 34  (total out: 7,754)  -  Current np: 76,467
00737   0.737013       38,071       52       76,413       16,200     147.41  09-09-2026 16:58:05
  Particles out: 54  (total out: 7,808)  -  Current np: 76,413
00738   0.738001       38,122       51       76,373       16,200     448.43  09-09-2026 16:58:05
  Particles out: 40  (total out: 7,848)  -  Current np: 76,373
00739   0.739007       38,174       52       76,325       16,200     362.18  09-09-2026 16:58:05
  Particles out: 48  (total out: 7,896)  -  Current np: 76,325
00740   0.740014       38,226       52       76,291       16,200     347.31  09-09-2026 16:58:05
  Particles out: 34  (total out: 7,930)  -  Current np: 76,291
00741   0.741001       38,277       51       76,232       16,200     449.54  09-09-2026 16:58:06
  Particles out: 59  (total out: 7,989)  -  Current np: 76,232
00742   0.742008       38,329       52       76,187       16,200     303.43  09-09-2026 16:58:05
  Particles out: 45  (total out: 8,034)  -  Current np: 76,187
00743   0.743015       38,381       52       76,140       16,200     292.10  09-09-2026 16:58:05
  Particles out: 47  (total out: 8,081)  -  Current np: 76,140
00744   0.744002       38,432       51       76,103       16,200      41.06  09-09-2026 16:58:04
  Particles out: 37  (total out: 8,118)  -  Current np: 76,103
00745   0.745009       38,484       52       76,060       16,200      40.72  09-09-2026 16:58:04
  Particles out: 43  (total out: 8,161)  -  Current np: 76,060
00746   0.746015       38,536       52       76,011       16,200      41.20  09-09-2026 16:58:03
  Particles out: 49  (total out: 8,210)  -  Current np: 76,011
00747   0.747003       38,587       51       75,964       16,200      41.73  09-09-2026 16:58:02
  Particles out: 47  (total out: 8,257)  -  Current np: 75,964
00748   0.748009       38,639       52       75,914       16,200     258.94  09-09-2026 16:58:03
  Particles out: 50  (total out: 8,307)  -  Current np: 75,914
00749   0.749016       38,691       52       75,861       16,200     503.51  09-09-2026 16:58:03
  Particles out: 53  (total out: 8,360)  -  Current np: 75,861
00750   0.750003       38,742       51       75,814       16,200     387.81  09-09-2026 16:58:03
  Particles out: 47  (total out: 8,407)  -  Current np: 75,814
00751   0.751010       38,794       52       75,767       16,200     327.77  09-09-2026 16:58:03
  Particles out: 47  (total out: 8,454)  -  Current np: 75,767

*** WARNING: More than 10% of particles were excluded (t:0.75101, nstep:38794)

00752   0.752016       38,846       52       75,720       16,200     325.54  09-09-2026 16:58:03
  Particles out: 47  (total out: 8,501)  -  Current np: 75,720
00753   0.753004       38,897       51       75,675       16,200     447.31  09-09-2026 16:58:04
  Particles out: 45  (total out: 8,546)  -  Current np: 75,675
00754   0.754010       38,949       52       75,630       15,795     436.90  09-09-2026 16:58:03
  Particles out: 45  (total out: 8,591)  -  Current np: 75,630
00755   0.755017       39,001       52       75,590       15,795     502.36  09-09-2026 16:58:03
  Particles out: 40  (total out: 8,631)  -  Current np: 75,590
00756   0.756004       39,052       51       75,553       15,795     875.91  09-09-2026 16:58:04
  Particles out: 37  (total out: 8,668)  -  Current np: 75,553
00757   0.757011       39,104       52       75,508       15,795     314.07  09-09-2026 16:58:05
  Particles out: 45  (total out: 8,713)  -  Current np: 75,508
00758   0.758018       39,156       52       75,468       15,795     370.00  09-09-2026 16:58:05
  Particles out: 40  (total out: 8,753)  -  Current np: 75,468
00759   0.759005       39,207       51       75,420       14,742     459.13  09-09-2026 16:58:05
  Particles out: 48  (total out: 8,801)  -  Current np: 75,420
00760   0.760012       39,259       52       75,385       14,742     158.96  09-09-2026 16:58:05
  Particles out: 35  (total out: 8,836)  -  Current np: 75,385
00761   0.761018       39,311       52       75,342       14,742     524.73  09-09-2026 16:58:05
  Particles out: 43  (total out: 8,879)  -  Current np: 75,342
00762   0.762006       39,362       51       75,301       14,742     360.25  09-09-2026 16:58:06
  Particles out: 41  (total out: 8,920)  -  Current np: 75,301
00763   0.763012       39,414       52       75,253       14,742     565.43  09-09-2026 16:58:05
  Particles out: 48  (total out: 8,968)  -  Current np: 75,253
00764   0.764019       39,466       52       75,201       14,742     377.45  09-09-2026 16:58:05
  Particles out: 52  (total out: 9,020)  -  Current np: 75,201
00765   0.765006       39,517       51       75,164       14,742     293.23  09-09-2026 16:58:06
  Particles out: 37  (total out: 9,057)  -  Current np: 75,164
00766   0.766013       39,569       52       75,126       14,742     350.52  09-09-2026 16:58:05
  Particles out: 38  (total out: 9,095)  -  Current np: 75,126
00767   0.767000       39,620       51       75,084       14,742     209.31  09-09-2026 16:58:05
  Particles out: 42  (total out: 9,137)  -  Current np: 75,084
00768   0.768007       39,672       52       75,041       14,742     457.53  09-09-2026 16:58:06
  Particles out: 43  (total out: 9,180)  -  Current np: 75,041
00769   0.769014       39,724       52       74,994       14,742     573.05  09-09-2026 16:58:06
  Particles out: 47  (total out: 9,227)  -  Current np: 74,994
00770   0.770001       39,775       51       74,953       14,742     630.94  09-09-2026 16:58:07
  Particles out: 41  (total out: 9,268)  -  Current np: 74,953
00771   0.771008       39,827       52       74,915       14,742     388.54  09-09-2026 16:58:06
  Particles out: 38  (total out: 9,306)  -  Current np: 74,915
00772   0.772014       39,879       52       74,864       14,742     404.88  09-09-2026 16:58:07
  Particles out: 51  (total out: 9,357)  -  Current np: 74,864
00773   0.773002       39,930       51       74,808       14,742     292.96  09-09-2026 16:58:07
  Particles out: 56  (total out: 9,413)  -  Current np: 74,808
00774   0.774008       39,982       52       74,767       14,742     314.44  09-09-2026 16:58:06
  Particles out: 41  (total out: 9,454)  -  Current np: 74,767
00775   0.775015       40,034       52       74,711       14,742     462.02  09-09-2026 16:58:07
  Particles out: 56  (total out: 9,510)  -  Current np: 74,711
00776   0.776002       40,085       51       74,660       14,742     493.66  09-09-2026 16:58:07
  Particles out: 51  (total out: 9,561)  -  Current np: 74,660
00777   0.777009       40,137       52       74,610       14,742     684.79  09-09-2026 16:58:08
  Particles out: 50  (total out: 9,611)  -  Current np: 74,610
00778   0.778015       40,189       52       74,563       14,742     259.67  09-09-2026 16:58:07
  Particles out: 47  (total out: 9,658)  -  Current np: 74,563
00779   0.779003       40,240       51       74,512       14,742     397.02  09-09-2026 16:58:08
  Particles out: 51  (total out: 9,709)  -  Current np: 74,512
00780   0.780009       40,292       52       74,474       14,742     296.58  09-09-2026 16:58:08
  Particles out: 38  (total out: 9,747)  -  Current np: 74,474
00781   0.781016       40,344       52       74,431       14,742     444.94  09-09-2026 16:58:07
  Particles out: 43  (total out: 9,790)  -  Current np: 74,431
00782   0.782003       40,395       51       74,377       14,742     330.71  09-09-2026 16:58:08
  Particles out: 54  (total out: 9,844)  -  Current np: 74,377
00783   0.783010       40,447       52       74,330       14,742     611.23  09-09-2026 16:58:08
  Particles out: 47  (total out: 9,891)  -  Current np: 74,330
00784   0.784017       40,499       52       74,271       14,742     376.00  09-09-2026 16:58:09
  Particles out: 59  (total out: 9,950)  -  Current np: 74,271
00785   0.785004       40,550       51       74,223       15,120     480.11  09-09-2026 16:58:08
  Particles out: 48  (total out: 9,998)  -  Current np: 74,223
00786   0.786011       40,602       52       74,182       15,120     420.39  09-09-2026 16:58:09
  Particles out: 41  (total out: 10,039)  -  Current np: 74,182
00787   0.787017       40,654       52       74,125       15,120     374.87  09-09-2026 16:58:09
  Particles out: 57  (total out: 10,096)  -  Current np: 74,125
00788   0.788005       40,705       51       74,078       15,120      41.69  09-09-2026 16:58:08
  Particles out: 47  (total out: 10,143)  -  Current np: 74,078
00789   0.789011       40,757       52       74,022       15,120      41.29  09-09-2026 16:58:08
  Particles out: 56  (total out: 10,199)  -  Current np: 74,022
00790   0.790018       40,809       52       73,962       15,120      41.04  09-09-2026 16:58:07
  Particles out: 60  (total out: 10,259)  -  Current np: 73,962
00791   0.791005       40,860       51       73,912       15,120      41.22  09-09-2026 16:58:06
  Particles out: 50  (total out: 10,309)  -  Current np: 73,912
00792   0.792012       40,912       52       73,861       15,120      41.50  09-09-2026 16:58:06
  Particles out: 51  (total out: 10,360)  -  Current np: 73,861
00793   0.793019       40,964       52       73,806       15,120      42.69  09-09-2026 16:58:05
  Particles out: 55  (total out: 10,415)  -  Current np: 73,806
00794   0.794006       41,015       51       73,753       15,120     417.76  09-09-2026 16:58:06
  Particles out: 53  (total out: 10,468)  -  Current np: 73,753
00795   0.795013       41,067       52       73,710       15,120     602.72  09-09-2026 16:58:06
  Particles out: 43  (total out: 10,511)  -  Current np: 73,710
00796   0.796019       41,119       52       73,666       15,120     436.02  09-09-2026 16:58:07
  Particles out: 44  (total out: 10,555)  -  Current np: 73,666
00797   0.797007       41,170       51       73,620       15,120     470.02  09-09-2026 16:58:06
  Particles out: 46  (total out: 10,601)  -  Current np: 73,620
00798   0.798013       41,222       52       73,550       15,120     325.44  09-09-2026 16:58:07
  Particles out: 70  (total out: 10,671)  -  Current np: 73,550
00799   0.799001       41,273       51       73,486       15,120     307.56  09-09-2026 16:58:07
  Particles out: 64  (total out: 10,735)  -  Current np: 73,486
00800   0.800007       41,325       52       73,446       15,120      41.49  09-09-2026 16:58:06
  Particles out: 40  (total out: 10,775)  -  Current np: 73,446
00801   0.801014       41,377       52       73,392       15,120      41.53  09-09-2026 16:58:05
  Particles out: 54  (total out: 10,829)  -  Current np: 73,392
00802   0.802001       41,428       51       73,327       15,120      41.26  09-09-2026 16:58:05
  Particles out: 65  (total out: 10,894)  -  Current np: 73,327
00803   0.803008       41,480       52       73,283       15,120      40.55  09-09-2026 16:58:04
  Particles out: 44  (total out: 10,938)  -  Current np: 73,283
00804   0.804015       41,532       52       73,215       15,120      41.24  09-09-2026 16:58:04
  Particles out: 68  (total out: 11,006)  -  Current np: 73,215
00805   0.805002       41,583       51       73,161       15,120      41.34  09-09-2026 16:58:03
  Particles out: 54  (total out: 11,060)  -  Current np: 73,161
00806   0.806008       41,635       52       73,106       15,120      40.83  09-09-2026 16:58:03
  Particles out: 55  (total out: 11,115)  -  Current np: 73,106
00807   0.807015       41,687       52       73,051       15,120      40.70  09-09-2026 16:58:02
  Particles out: 55  (total out: 11,170)  -  Current np: 73,051
00808   0.808002       41,738       51       72,985       15,120      40.67  09-09-2026 16:58:01
  Particles out: 66  (total out: 11,236)  -  Current np: 72,985
00809   0.809009       41,790       52       72,906       15,120      40.82  09-09-2026 16:58:01
  Particles out: 79  (total out: 11,315)  -  Current np: 72,906
00810   0.810016       41,842       52       72,847       15,120      40.54  09-09-2026 16:58:00
  Particles out: 59  (total out: 11,374)  -  Current np: 72,847
00811   0.811003       41,893       51       72,782       15,120      41.11  09-09-2026 16:58:00
  Particles out: 65  (total out: 11,439)  -  Current np: 72,782
00812   0.812010       41,945       52       72,726       15,120      40.39  09-09-2026 16:57:59
  Particles out: 56  (total out: 11,495)  -  Current np: 72,726
00813   0.813016       41,997       52       72,662       15,120      40.16  09-09-2026 16:57:58
  Particles out: 64  (total out: 11,559)  -  Current np: 72,662
00814   0.814004       42,048       51       72,590       15,120      40.91  09-09-2026 16:57:58
  Particles out: 72  (total out: 11,631)  -  Current np: 72,590
00815   0.815010       42,100       52       72,518       15,120      40.78  09-09-2026 16:57:57
  Particles out: 72  (total out: 11,703)  -  Current np: 72,518
00816   0.816017       42,152       52       72,471       15,120     337.78  09-09-2026 16:57:58
  Particles out: 47  (total out: 11,750)  -  Current np: 72,471
00817   0.817004       42,203       51       72,399       15,120     287.54  09-09-2026 16:57:58
  Particles out: 72  (total out: 11,822)  -  Current np: 72,399
00818   0.818011       42,255       52       72,338       14,560     421.61  09-09-2026 16:57:58
  Particles out: 61  (total out: 11,883)  -  Current np: 72,338
00819   0.819018       42,307       52       72,282       14,560     289.63  09-09-2026 16:57:58
  Particles out: 56  (total out: 11,939)  -  Current np: 72,282
00820   0.820005       42,358       51       72,224       14,560     505.32  09-09-2026 16:57:58
  Particles out: 58  (total out: 11,997)  -  Current np: 72,224
00821   0.821012       42,410       52       72,164       14,560     422.22  09-09-2026 16:57:58
  Particles out: 60  (total out: 12,057)  -  Current np: 72,164
00822   0.822018       42,462       52       72,094       14,560     131.66  09-09-2026 16:57:58
  Particles out: 70  (total out: 12,127)  -  Current np: 72,094
00823   0.823006       42,513       51       72,024       14,560      40.83  09-09-2026 16:57:57
  Particles out: 70  (total out: 12,197)  -  Current np: 72,024
00824   0.824012       42,565       52       71,960       14,196      40.07  09-09-2026 16:57:57
  Particles out: 64  (total out: 12,261)  -  Current np: 71,960
00825   0.825019       42,617       52       71,888       14,196      40.50  09-09-2026 16:57:56
  Particles out: 72  (total out: 12,333)  -  Current np: 71,888
00826   0.826006       42,668       51       71,837       14,196      40.66  09-09-2026 16:57:56
  Particles out: 51  (total out: 12,384)  -  Current np: 71,837
00827   0.827013       42,720       52       71,786       14,196      40.25  09-09-2026 16:57:55
  Particles out: 51  (total out: 12,435)  -  Current np: 71,786
00828   0.828000       42,771       51       71,716       14,196      40.87  09-09-2026 16:57:55
  Particles out: 70  (total out: 12,505)  -  Current np: 71,716
00829   0.829007       42,823       52       71,636       14,196      40.55  09-09-2026 16:57:54
  Particles out: 80  (total out: 12,585)  -  Current np: 71,636
00830   0.830014       42,875       52       71,557       14,196      40.25  09-09-2026 16:57:53
  Particles out: 79  (total out: 12,664)  -  Current np: 71,557
00831   0.831001       42,926       51       71,486       14,196      40.79  09-09-2026 16:57:53
  Particles out: 71  (total out: 12,735)  -  Current np: 71,486
00832   0.832008       42,978       52       71,421       14,196      40.56  09-09-2026 16:57:52
  Particles out: 65  (total out: 12,800)  -  Current np: 71,421
00833   0.833014       43,030       52       71,345       14,196      40.50  09-09-2026 16:57:52
  Particles out: 76  (total out: 12,876)  -  Current np: 71,345
00834   0.834001       43,081       51       71,289       14,196     421.95  09-09-2026 16:57:52
  Particles out: 56  (total out: 12,932)  -  Current np: 71,289
00835   0.835008       43,133       52       71,236       14,196     544.62  09-09-2026 16:57:52
  Particles out: 53  (total out: 12,985)  -  Current np: 71,236
00836   0.836015       43,185       52       71,171       14,196     300.92  09-09-2026 16:57:53
  Particles out: 65  (total out: 13,050)  -  Current np: 71,171
00837   0.837002       43,236       51       71,099       14,196     248.53  09-09-2026 16:57:53
  Particles out: 72  (total out: 13,122)  -  Current np: 71,099
00838   0.838009       43,288       52       71,044       14,196     388.56  09-09-2026 16:57:52
  Particles out: 55  (total out: 13,177)  -  Current np: 71,044
00839   0.839015       43,340       52       70,983       14,196     408.92  09-09-2026 16:57:53
  Particles out: 61  (total out: 13,238)  -  Current np: 70,983
00840   0.840003       43,391       51       70,903       14,196     115.41  09-09-2026 16:57:52
  Particles out: 80  (total out: 13,318)  -  Current np: 70,903
00841   0.841009       43,443       52       70,836       14,196     497.84  09-09-2026 16:57:52
  Particles out: 67  (total out: 13,385)  -  Current np: 70,836
00842   0.842016       43,495       52       70,780       14,196     331.26  09-09-2026 16:57:53
  Particles out: 56  (total out: 13,441)  -  Current np: 70,780
00843   0.843003       43,546       51       70,704       14,196     413.24  09-09-2026 16:57:53
  Particles out: 76  (total out: 13,517)  -  Current np: 70,704
00844   0.844010       43,598       52       70,649       14,196     470.17  09-09-2026 16:57:52
  Particles out: 55  (total out: 13,572)  -  Current np: 70,649
00845   0.845017       43,650       52       70,574       14,196     371.53  09-09-2026 16:57:53
  Particles out: 75  (total out: 13,647)  -  Current np: 70,574
00846   0.846004       43,701       51       70,511       15,210     193.20  09-09-2026 16:57:53
  Particles out: 63  (total out: 13,710)  -  Current np: 70,511
00847   0.847011       43,753       52       70,442       15,210      41.62  09-09-2026 16:57:52
  Particles out: 69  (total out: 13,779)  -  Current np: 70,442
00848   0.848017       43,805       52       70,386       15,210      40.82  09-09-2026 16:57:52
  Particles out: 56  (total out: 13,835)  -  Current np: 70,386
00849   0.849005       43,856       51       70,327       14,625      40.53  09-09-2026 16:57:51
  Particles out: 59  (total out: 13,894)  -  Current np: 70,327
00850   0.850011       43,908       52       70,258       14,625      40.65  09-09-2026 16:57:51
  Particles out: 69  (total out: 13,963)  -  Current np: 70,258
00851   0.851018       43,960       52       70,203       14,625      40.00  09-09-2026 16:57:50
  Particles out: 55  (total out: 14,018)  -  Current np: 70,203
00852   0.852005       44,011       51       70,139       14,625      40.90  09-09-2026 16:57:49
  Particles out: 64  (total out: 14,082)  -  Current np: 70,139
00853   0.853012       44,063       52       70,076       14,625      55.78  09-09-2026 16:57:49
  Particles out: 63  (total out: 14,145)  -  Current np: 70,076
00854   0.854019       44,115       52       70,027       14,625     399.27  09-09-2026 16:57:50
  Particles out: 49  (total out: 14,194)  -  Current np: 70,027
00855   0.855006       44,166       51       69,962       14,625     292.10  09-09-2026 16:57:49
  Particles out: 65  (total out: 14,259)  -  Current np: 69,962
00856   0.856013       44,218       52       69,917       14,625     313.56  09-09-2026 16:57:49
  Particles out: 45  (total out: 14,304)  -  Current np: 69,917
00857   0.857019       44,270       52       69,856       14,625     448.62  09-09-2026 16:57:50
  Particles out: 61  (total out: 14,365)  -  Current np: 69,856
00858   0.858007       44,321       51       69,795       14,625     413.59  09-09-2026 16:57:49
  Particles out: 61  (total out: 14,426)  -  Current np: 69,795
00859   0.859013       44,373       52       69,723       14,625     301.43  09-09-2026 16:57:50
  Particles out: 72  (total out: 14,498)  -  Current np: 69,723
00860   0.860001       44,424       51       69,663       14,625     314.08  09-09-2026 16:57:50
  Particles out: 60  (total out: 14,558)  -  Current np: 69,663
00861   0.861007       44,476       52       69,598       14,625     447.90  09-09-2026 16:57:49
  Particles out: 65  (total out: 14,623)  -  Current np: 69,598
00862   0.862014       44,528       52       69,534       14,625     295.53  09-09-2026 16:57:50
  Particles out: 64  (total out: 14,687)  -  Current np: 69,534
00863   0.863001       44,579       51       69,454       14,625      41.05  09-09-2026 16:57:50
  Particles out: 80  (total out: 14,767)  -  Current np: 69,454
00864   0.864008       44,631       52       69,381       14,625      39.91  09-09-2026 16:57:49
  Particles out: 73  (total out: 14,840)  -  Current np: 69,381
00865   0.865014       44,683       52       69,309       14,625      39.84  09-09-2026 16:57:48
  Particles out: 72  (total out: 14,912)  -  Current np: 69,309
00866   0.866002       44,734       51       69,228       14,625      39.99  09-09-2026 16:57:48
  Particles out: 81  (total out: 14,993)  -  Current np: 69,228
00867   0.867008       44,786       52       69,180       14,625      39.23  09-09-2026 16:57:47
  Particles out: 48  (total out: 15,041)  -  Current np: 69,180
00868   0.868015       44,838       52       69,116       14,625      40.16  09-09-2026 16:57:47
  Particles out: 64  (total out: 15,105)  -  Current np: 69,116
00869   0.869002       44,889       51       69,060       14,625      39.89  09-09-2026 16:57:46
  Particles out: 56  (total out: 15,161)  -  Current np: 69,060
00870   0.870009       44,941       52       68,998       14,625     140.66  09-09-2026 16:57:46
  Particles out: 62  (total out: 15,223)  -  Current np: 68,998
00871   0.871016       44,993       52       68,934       14,625     298.14  09-09-2026 16:57:46
  Particles out: 64  (total out: 15,287)  -  Current np: 68,934
00872   0.872003       45,044       51       68,877       14,625     457.97  09-09-2026 16:57:46
  Particles out: 57  (total out: 15,344)  -  Current np: 68,877
00873   0.873010       45,096       52       68,798       14,040     409.19  09-09-2026 16:57:46
  Particles out: 79  (total out: 15,423)  -  Current np: 68,798
00874   0.874016       45,148       52       68,734       14,040     198.74  09-09-2026 16:57:46
  Particles out: 64  (total out: 15,487)  -  Current np: 68,734
00875   0.875004       45,199       51       68,680       14,040      39.65  09-09-2026 16:57:45
  Particles out: 54  (total out: 15,541)  -  Current np: 68,680
00876   0.876010       45,251       52       68,612       14,040      39.80  09-09-2026 16:57:45
  Particles out: 68  (total out: 15,609)  -  Current np: 68,612
00877   0.877017       45,303       52       68,552       14,040      40.26  09-09-2026 16:57:44
  Particles out: 60  (total out: 15,669)  -  Current np: 68,552
00878   0.878004       45,354       51       68,488       14,040      40.20  09-09-2026 16:57:45
  Particles out: 64  (total out: 15,733)  -  Current np: 68,488
00879   0.879011       45,406       52       68,412       14,040      40.01  09-09-2026 16:57:44
  Particles out: 76  (total out: 15,809)  -  Current np: 68,412
00880   0.880018       45,458       52       68,347       14,040      39.84  09-09-2026 16:57:43
  Particles out: 65  (total out: 15,874)  -  Current np: 68,347
00881   0.881005       45,509       51       68,285       14,040      39.92  09-09-2026 16:57:43
  Particles out: 62  (total out: 15,936)  -  Current np: 68,285
00882   0.882012       45,561       52       68,225       14,040      39.74  09-09-2026 16:57:42
  Particles out: 60  (total out: 15,996)  -  Current np: 68,225
00883   0.883018       45,613       52       68,174       14,040      39.11  09-09-2026 16:57:42
  Particles out: 51  (total out: 16,047)  -  Current np: 68,174
00884   0.884006       45,664       51       68,108       14,040      39.23  09-09-2026 16:57:41
  Particles out: 66  (total out: 16,113)  -  Current np: 68,108
00885   0.885012       45,716       52       68,041       14,040      39.77  09-09-2026 16:57:41
  Particles out: 67  (total out: 16,180)  -  Current np: 68,041
00886   0.886019       45,768       52       67,993       14,040      39.99  09-09-2026 16:57:40
  Particles out: 48  (total out: 16,228)  -  Current np: 67,993
00887   0.887006       45,819       51       67,928       14,040      40.15  09-09-2026 16:57:40
  Particles out: 65  (total out: 16,293)  -  Current np: 67,928
00888   0.888013       45,871       52       67,859       14,040      40.31  09-09-2026 16:57:39
  Particles out: 69  (total out: 16,362)  -  Current np: 67,859
00889   0.889000       45,922       51       67,799       14,040      39.97  09-09-2026 16:57:39
  Particles out: 60  (total out: 16,422)  -  Current np: 67,799
00890   0.890007       45,974       52       67,739       14,040      40.27  09-09-2026 16:57:38
  Particles out: 60  (total out: 16,482)  -  Current np: 67,739
00891   0.891013       46,026       52       67,679       14,040      74.83  09-09-2026 16:57:38
  Particles out: 60  (total out: 16,542)  -  Current np: 67,679
00892   0.892001       46,077       51       67,618       14,040     306.11  09-09-2026 16:57:37
  Particles out: 61  (total out: 16,603)  -  Current np: 67,618
00893   0.893007       46,129       52       67,538       14,040     373.00  09-09-2026 16:57:38
  Particles out: 80  (total out: 16,683)  -  Current np: 67,538
00894   0.894014       46,181       52       67,474       13,455     188.92  09-09-2026 16:57:38
  Particles out: 64  (total out: 16,747)  -  Current np: 67,474
00895   0.895001       46,232       51       67,405       13,455     396.16  09-09-2026 16:57:37
  Particles out: 69  (total out: 16,816)  -  Current np: 67,405
00896   0.896008       46,284       52       67,352       13,455     457.50  09-09-2026 16:57:38
  Particles out: 53  (total out: 16,869)  -  Current np: 67,352

*** WARNING: More than 20% of particles were excluded (t:0.896008, nstep:46284)

00897   0.897015       46,336       52       67,294       13,455     389.57  09-09-2026 16:57:38
  Particles out: 58  (total out: 16,927)  -  Current np: 67,294
00898   0.898002       46,387       51       67,238       13,455     221.44  09-09-2026 16:57:38
  Particles out: 56  (total out: 16,983)  -  Current np: 67,238
00899   0.899009       46,439       52       67,165       13,455      40.11  09-09-2026 16:57:37
  Particles out: 73  (total out: 17,056)  -  Current np: 67,165
00900   0.900015       46,491       52       67,106       13,455      40.20  09-09-2026 16:57:37
  Particles out: 59  (total out: 17,115)  -  Current np: 67,106
00901   0.901003       46,542       51       67,043       13,455      52.89  09-09-2026 16:57:37
  Particles out: 63  (total out: 17,178)  -  Current np: 67,043
00902   0.902009       46,594       52       66,984       13,455     378.14  09-09-2026 16:57:37
  Particles out: 59  (total out: 17,237)  -  Current np: 66,984
00903   0.903016       46,646       52       66,934       13,455     442.67  09-09-2026 16:57:37
  Particles out: 50  (total out: 17,287)  -  Current np: 66,934
00904   0.904003       46,697       51       66,875       13,455     418.45  09-09-2026 16:57:37
  Particles out: 59  (total out: 17,346)  -  Current np: 66,875
00905   0.905010       46,749       52       66,811       13,455     458.29  09-09-2026 16:57:37
  Particles out: 64  (total out: 17,410)  -  Current np: 66,811
00906   0.906017       46,801       52       66,742       13,455     385.91  09-09-2026 16:57:38
  Particles out: 69  (total out: 17,479)  -  Current np: 66,742
00907   0.907004       46,852       51       66,672       13,455     190.75  09-09-2026 16:57:37
  Particles out: 70  (total out: 17,549)  -  Current np: 66,672
00908   0.908011       46,904       52       66,595       13,455      39.93  09-09-2026 16:57:37
  Particles out: 77  (total out: 17,626)  -  Current np: 66,595
00909   0.909017       46,956       52       66,531       13,455      39.80  09-09-2026 16:57:36
  Particles out: 64  (total out: 17,690)  -  Current np: 66,531
00910   0.910005       47,007       51       66,472       13,455      39.98  09-09-2026 16:57:36
  Particles out: 59  (total out: 17,749)  -  Current np: 66,472
00911   0.911011       47,059       52       66,429       13,455      39.93  09-09-2026 16:57:35
  Particles out: 43  (total out: 17,792)  -  Current np: 66,429
00912   0.912018       47,111       52       66,361       13,455      40.54  09-09-2026 16:57:35
  Particles out: 68  (total out: 17,860)  -  Current np: 66,361
00913   0.913005       47,162       51       66,283       13,455      40.78  09-09-2026 16:57:34
  Particles out: 78  (total out: 17,938)  -  Current np: 66,283
00914   0.914012       47,214       52       66,226       12,870      40.11  09-09-2026 16:57:34
  Particles out: 57  (total out: 17,995)  -  Current np: 66,226
00915   0.915019       47,266       52       66,165       12,870      39.81  09-09-2026 16:57:33
  Particles out: 61  (total out: 18,056)  -  Current np: 66,165
00916   0.916006       47,317       51       66,104       12,870      40.38  09-09-2026 16:57:33
  Particles out: 61  (total out: 18,117)  -  Current np: 66,104
00917   0.917013       47,369       52       66,043       12,870      40.37  09-09-2026 16:57:32
  Particles out: 61  (total out: 18,178)  -  Current np: 66,043
00918   0.918019       47,421       52       65,980       12,870      40.71  09-09-2026 16:57:32
  Particles out: 63  (total out: 18,241)  -  Current np: 65,980
00919   0.919006       47,472       51       65,930       12,870     142.52  09-09-2026 16:57:31
  Particles out: 50  (total out: 18,291)  -  Current np: 65,930
00920   0.920013       47,524       52       65,863       12,870     443.82  09-09-2026 16:57:32
  Particles out: 67  (total out: 18,358)  -  Current np: 65,863
00921   0.921000       47,575       51       65,800       12,870     327.03  09-09-2026 16:57:32
  Particles out: 63  (total out: 18,421)  -  Current np: 65,800
00922   0.922007       47,627       52       65,743       12,870     383.46  09-09-2026 16:57:33
  Particles out: 57  (total out: 18,478)  -  Current np: 65,743
00923   0.923014       47,679       52       65,684       12,870     324.44  09-09-2026 16:57:32
  Particles out: 59  (total out: 18,537)  -  Current np: 65,684
00924   0.924001       47,730       51       65,614       12,870     459.92  09-09-2026 16:57:32
  Particles out: 70  (total out: 18,607)  -  Current np: 65,614
00925   0.925008       47,782       52       65,557       12,870     290.43  09-09-2026 16:57:33
  Particles out: 57  (total out: 18,664)  -  Current np: 65,557
00926   0.926014       47,834       52       65,491       12,870      40.19  09-09-2026 16:57:32
  Particles out: 66  (total out: 18,730)  -  Current np: 65,491
00927   0.927002       47,885       51       65,428       12,870      40.50  09-09-2026 16:57:32
  Particles out: 63  (total out: 18,793)  -  Current np: 65,428
00928   0.928008       47,937       52       65,364       12,870      40.02  09-09-2026 16:57:31
  Particles out: 64  (total out: 18,857)  -  Current np: 65,364
00929   0.929015       47,989       52       65,304       12,870      39.74  09-09-2026 16:57:31
  Particles out: 60  (total out: 18,917)  -  Current np: 65,304
00930   0.930002       48,040       51       65,237       12,870      40.44  09-09-2026 16:57:30
  Particles out: 67  (total out: 18,984)  -  Current np: 65,237
00931   0.931009       48,092       52       65,176       12,870      40.12  09-09-2026 16:57:30
  Particles out: 61  (total out: 19,045)  -  Current np: 65,176
00932   0.932016       48,144       52       65,090       12,870      40.17  09-09-2026 16:57:29
  Particles out: 86  (total out: 19,131)  -  Current np: 65,090
00933   0.933003       48,195       51       65,019       12,870      40.52  09-09-2026 16:57:29
  Particles out: 71  (total out: 19,202)  -  Current np: 65,019
00934   0.934010       48,247       52       64,941       12,870      40.46  09-09-2026 16:57:28
  Particles out: 78  (total out: 19,280)  -  Current np: 64,941
00935   0.935016       48,299       52       64,871       12,870      40.07  09-09-2026 16:57:28
  Particles out: 70  (total out: 19,350)  -  Current np: 64,871
00936   0.936004       48,350       51       64,804       12,870      40.20  09-09-2026 16:57:27
  Particles out: 67  (total out: 19,417)  -  Current np: 64,804
00937   0.937010       48,402       52       64,744       12,870     143.05  09-09-2026 16:57:27
  Particles out: 60  (total out: 19,477)  -  Current np: 64,744
00938   0.938017       48,454       52       64,685       12,870     299.91  09-09-2026 16:57:28
  Particles out: 59  (total out: 19,536)  -  Current np: 64,685
00939   0.939004       48,505       51       64,635       12,870     448.87  09-09-2026 16:57:28
  Particles out: 50  (total out: 19,586)  -  Current np: 64,635
00940   0.940011       48,557       52       64,570       12,870      40.82  09-09-2026 16:57:27
  Particles out: 65  (total out: 19,651)  -  Current np: 64,570
00941   0.941018       48,609       52       64,507       12,870      40.52  09-09-2026 16:57:27
  Particles out: 63  (total out: 19,714)  -  Current np: 64,507
00942   0.942005       48,660       51       64,442       12,870      40.56  09-09-2026 16:57:26
  Particles out: 65  (total out: 19,779)  -  Current np: 64,442
00943   0.943012       48,712       52       64,371       12,870      39.92  09-09-2026 16:57:26
  Particles out: 71  (total out: 19,850)  -  Current np: 64,371
00944   0.944018       48,764       52       64,304       12,870      39.89  09-09-2026 16:57:25
  Particles out: 67  (total out: 19,917)  -  Current np: 64,304
00945   0.945006       48,815       51       64,247       12,870     329.80  09-09-2026 16:57:25
  Particles out: 57  (total out: 19,974)  -  Current np: 64,247
00946   0.946012       48,867       52       64,182       12,870     443.85  09-09-2026 16:57:26
  Particles out: 65  (total out: 20,039)  -  Current np: 64,182
00947   0.947019       48,919       52       64,128       12,870     463.33  09-09-2026 16:57:25
  Particles out: 54  (total out: 20,093)  -  Current np: 64,128
00948   0.948006       48,970       51       64,055       12,870     225.41  09-09-2026 16:57:26
  Particles out: 73  (total out: 20,166)  -  Current np: 64,055
00949   0.949013       49,022       52       63,976       12,870      40.45  09-09-2026 16:57:26
  Particles out: 79  (total out: 20,245)  -  Current np: 63,976
00950   0.950000       49,073       51       63,908       12,870      40.88  09-09-2026 16:57:25
  Particles out: 68  (total out: 20,313)  -  Current np: 63,908
00951   0.951007       49,125       52       63,858       12,870      39.87  09-09-2026 16:57:25
  Particles out: 50  (total out: 20,363)  -  Current np: 63,858
00952   0.952013       49,177       52       63,795       12,870      39.91  09-09-2026 16:57:24
  Particles out: 63  (total out: 20,426)  -  Current np: 63,795
00953   0.953001       49,228       51       63,711       12,870      40.34  09-09-2026 16:57:24
  Particles out: 84  (total out: 20,510)  -  Current np: 63,711
00954   0.954007       49,280       52       63,646       13,728      39.89  09-09-2026 16:57:23
  Particles out: 65  (total out: 20,575)  -  Current np: 63,646
00955   0.955014       49,332       52       63,592       13,728      39.95  09-09-2026 16:57:23
  Particles out: 54  (total out: 20,629)  -  Current np: 63,592
00956   0.956001       49,383       51       63,521       13,728      40.03  09-09-2026 16:57:22
  Particles out: 71  (total out: 20,700)  -  Current np: 63,521
00957   0.957008       49,435       52       63,450       13,728      40.38  09-09-2026 16:57:22
  Particles out: 71  (total out: 20,771)  -  Current np: 63,450
00958   0.958015       49,487       52       63,392       13,728      39.91  09-09-2026 16:57:21
  Particles out: 58  (total out: 20,829)  -  Current np: 63,392
00959   0.959002       49,538       51       63,341       13,728      39.94  09-09-2026 16:57:21
  Particles out: 51  (total out: 20,880)  -  Current np: 63,341
00960   0.960009       49,590       52       63,284       13,728      39.61  09-09-2026 16:57:20
  Particles out: 57  (total out: 20,937)  -  Current np: 63,284
00961   0.961015       49,642       52       63,224       13,728      39.82  09-09-2026 16:57:20
  Particles out: 60  (total out: 20,997)  -  Current np: 63,224
00962   0.962003       49,693       51       63,160       12,870      40.28  09-09-2026 16:57:20
  Particles out: 64  (total out: 21,061)  -  Current np: 63,160
00963   0.963009       49,745       52       63,100       12,870      39.75  09-09-2026 16:57:19
  Particles out: 60  (total out: 21,121)  -  Current np: 63,100
00964   0.964016       49,797       52       63,029       12,870      39.87  09-09-2026 16:57:19
  Particles out: 71  (total out: 21,192)  -  Current np: 63,029
00965   0.965003       49,848       51       62,952       12,870      40.18  09-09-2026 16:57:18
  Particles out: 77  (total out: 21,269)  -  Current np: 62,952
00966   0.966010       49,900       52       62,879       12,870     348.93  09-09-2026 16:57:19
  Particles out: 73  (total out: 21,342)  -  Current np: 62,879
00967   0.967017       49,952       52       62,811       12,870     381.71  09-09-2026 16:57:19
  Particles out: 68  (total out: 21,410)  -  Current np: 62,811
00968   0.968004       50,003       51       62,746       12,870     419.41  09-09-2026 16:57:18
  Particles out: 65  (total out: 21,475)  -  Current np: 62,746
00969   0.969011       50,055       52       62,680       12,870     356.88  09-09-2026 16:57:19
  Particles out: 66  (total out: 21,541)  -  Current np: 62,680
00970   0.970017       50,107       52       62,610       12,870     510.29  09-09-2026 16:57:19
  Particles out: 70  (total out: 21,611)  -  Current np: 62,610
00971   0.971005       50,158       51       62,544       12,870     303.59  09-09-2026 16:57:20
  Particles out: 66  (total out: 21,677)  -  Current np: 62,544
00972   0.972011       50,210       52       62,473       13,200      40.07  09-09-2026 16:57:19
  Particles out: 71  (total out: 21,748)  -  Current np: 62,473
00973   0.973018       50,262       52       62,394       13,200      39.97  09-09-2026 16:57:19
  Particles out: 79  (total out: 21,827)  -  Current np: 62,394
00974   0.974005       50,313       51       62,311       13,200      40.57  09-09-2026 16:57:18
  Particles out: 83  (total out: 21,910)  -  Current np: 62,311
00975   0.975012       50,365       52       62,262       13,200      39.46  09-09-2026 16:57:18
  Particles out: 49  (total out: 21,959)  -  Current np: 62,262
00976   0.976018       50,417       52       62,204       13,200      39.62  09-09-2026 16:57:17
  Particles out: 58  (total out: 22,017)  -  Current np: 62,204
00977   0.977006       50,468       51       62,131       13,200      40.16  09-09-2026 16:57:17
  Particles out: 73  (total out: 22,090)  -  Current np: 62,131
00978   0.978012       50,520       52       62,083       13,200      39.55  09-09-2026 16:57:16
  Particles out: 48  (total out: 22,138)  -  Current np: 62,083
00979   0.979019       50,572       52       62,008       13,200      65.41  09-09-2026 16:57:16
  Particles out: 75  (total out: 22,213)  -  Current np: 62,008
00980   0.980006       50,623       51       61,946       13,200     318.81  09-09-2026 16:57:16
  Particles out: 62  (total out: 22,275)  -  Current np: 61,946
00981   0.981013       50,675       52       61,861       13,200     476.17  09-09-2026 16:57:16
  Particles out: 85  (total out: 22,360)  -  Current np: 61,861
00982   0.982000       50,726       51       61,789       13,200     352.57  09-09-2026 16:57:16
  Particles out: 72  (total out: 22,432)  -  Current np: 61,789
00983   0.983007       50,778       52       61,725       13,200     396.43  09-09-2026 16:57:17
  Particles out: 64  (total out: 22,496)  -  Current np: 61,725
00984   0.984014       50,830       52       61,665       13,200     446.59  09-09-2026 16:57:17
  Particles out: 60  (total out: 22,556)  -  Current np: 61,665
00985   0.985001       50,881       51       61,606       13,200     332.74  09-09-2026 16:57:16
  Particles out: 59  (total out: 22,615)  -  Current np: 61,606
00986   0.986008       50,933       52       61,556       13,200      39.77  09-09-2026 16:57:16
  Particles out: 50  (total out: 22,665)  -  Current np: 61,556
00987   0.987014       50,985       52       61,493       13,200      39.89  09-09-2026 16:57:15
  Particles out: 63  (total out: 22,728)  -  Current np: 61,493
00988   0.988002       51,036       51       61,431       13,200      39.87  09-09-2026 16:57:15
  Particles out: 62  (total out: 22,790)  -  Current np: 61,431
00989   0.989008       51,088       52       61,379       13,200      39.58  09-09-2026 16:57:15
  Particles out: 52  (total out: 22,842)  -  Current np: 61,379
00990   0.990015       51,140       52       61,316       13,200      39.28  09-09-2026 16:57:14
  Particles out: 63  (total out: 22,905)  -  Current np: 61,316
00991   0.991002       51,191       51       61,259       13,200      39.44  09-09-2026 16:57:15
  Particles out: 57  (total out: 22,962)  -  Current np: 61,259
00992   0.992009       51,243       52       61,210       13,200      39.37  09-09-2026 16:57:14
  Particles out: 49  (total out: 23,011)  -  Current np: 61,210
00993   0.993016       51,295       52       61,147       13,200      39.50  09-09-2026 16:57:14
  Particles out: 63  (total out: 23,074)  -  Current np: 61,147
00994   0.994003       51,346       51       61,089       13,200      39.65  09-09-2026 16:57:13
  Particles out: 58  (total out: 23,132)  -  Current np: 61,089
00995   0.995010       51,398       52       61,027       13,200      39.53  09-09-2026 16:57:13
  Particles out: 62  (total out: 23,194)  -  Current np: 61,027
00996   0.996016       51,450       52       60,977       13,200      39.10  09-09-2026 16:57:13
  Particles out: 50  (total out: 23,244)  -  Current np: 60,977
00997   0.997004       51,501       51       60,936       13,200      39.08  09-09-2026 16:57:12
  Particles out: 41  (total out: 23,285)  -  Current np: 60,936
00998   0.998010       51,553       52       60,879       13,200      39.85  09-09-2026 16:57:12
  Particles out: 57  (total out: 23,342)  -  Current np: 60,879
00999   0.999017       51,605       52       60,819       13,200      39.40  09-09-2026 16:57:11
  Particles out: 60  (total out: 23,402)  -  Current np: 60,819
01000   1.000004       51,656       51       60,757       13,200      39.39  09-09-2026 16:57:11
  Particles out: 62  (total out: 23,464)  -  Current np: 60,757
01001   1.001011       51,708       52       60,708       13,200      39.67  09-09-2026 16:57:10
  Particles out: 49  (total out: 23,513)  -  Current np: 60,708
01002   1.002018       51,760       52       60,649       13,200     356.57  09-09-2026 16:57:10
  Particles out: 59  (total out: 23,572)  -  Current np: 60,649
01003   1.003005       51,811       51       60,606       13,200     499.91  09-09-2026 16:57:11
  Particles out: 43  (total out: 23,615)  -  Current np: 60,606
01004   1.004011       51,863       52       60,550       13,200     398.62  09-09-2026 16:57:11
  Particles out: 56  (total out: 23,671)  -  Current np: 60,550
01005   1.005018       51,915       52       60,495       13,200     465.38  09-09-2026 16:57:11
  Particles out: 55  (total out: 23,726)  -  Current np: 60,495
01006   1.006005       51,966       51       60,434       13,200     403.14  09-09-2026 16:57:11
  Particles out: 61  (total out: 23,787)  -  Current np: 60,434
01007   1.007012       52,018       52       60,360       13,200     218.08  09-09-2026 16:57:11
  Particles out: 74  (total out: 23,861)  -  Current np: 60,360
01008   1.008019       52,070       52       60,289       13,200      38.89  09-09-2026 16:57:10
  Particles out: 71  (total out: 23,932)  -  Current np: 60,289
01009   1.009006       52,121       51       60,238       13,200      38.56  09-09-2026 16:57:10
  Particles out: 51  (total out: 23,983)  -  Current np: 60,238
01010   1.010013       52,173       52       60,180       13,200      38.52  09-09-2026 16:57:09
  Particles out: 58  (total out: 24,041)  -  Current np: 60,180
01011   1.011000       52,224       51       60,120       13,200      38.69  09-09-2026 16:57:09
  Particles out: 60  (total out: 24,101)  -  Current np: 60,120
01012   1.012007       52,276       52       60,053       13,200      38.61  09-09-2026 16:57:09
  Particles out: 67  (total out: 24,168)  -  Current np: 60,053
01013   1.013013       52,328       52       59,991       13,200      38.91  09-09-2026 16:57:08
  Particles out: 62  (total out: 24,230)  -  Current np: 59,991
01014   1.014001       52,379       51       59,913       13,200      39.00  09-09-2026 16:57:09
  Particles out: 78  (total out: 24,308)  -  Current np: 59,913
01015   1.015007       52,431       52       59,845       13,200     362.54  09-09-2026 16:57:08
  Particles out: 68  (total out: 24,376)  -  Current np: 59,845
01016   1.016014       52,483       52       59,789       13,200     394.41  09-09-2026 16:57:08
  Particles out: 56  (total out: 24,432)  -  Current np: 59,789
01017   1.017001       52,534       51       59,717       13,200     412.17  09-09-2026 16:57:09
  Particles out: 72  (total out: 24,504)  -  Current np: 59,717
01018   1.018008       52,586       52       59,651       13,200     386.43  09-09-2026 16:57:09
  Particles out: 66  (total out: 24,570)  -  Current np: 59,651
01019   1.019015       52,638       52       59,597       13,200     403.57  09-09-2026 16:57:08
  Particles out: 54  (total out: 24,624)  -  Current np: 59,597
01020   1.020002       52,689       51       59,545       13,200     327.28  09-09-2026 16:57:09
  Particles out: 52  (total out: 24,676)  -  Current np: 59,545
01021   1.021009       52,741       52       59,497       13,200     373.01  09-09-2026 16:57:09
  Particles out: 48  (total out: 24,724)  -  Current np: 59,497
01022   1.022015       52,793       52       59,440       13,200     353.59  09-09-2026 16:57:10
  Particles out: 57  (total out: 24,781)  -  Current np: 59,440
01023   1.023003       52,844       51       59,388       13,200     301.46  09-09-2026 16:57:09
  Particles out: 52  (total out: 24,833)  -  Current np: 59,388
01024   1.024009       52,896       52       59,316       13,200     445.25  09-09-2026 16:57:09
  Particles out: 72  (total out: 24,905)  -  Current np: 59,316
01025   1.025016       52,948       52       59,238       13,200     357.18  09-09-2026 16:57:10
  Particles out: 78  (total out: 24,983)  -  Current np: 59,238
01026   1.026003       52,999       51       59,164       13,200     331.50  09-09-2026 16:57:10
  Particles out: 74  (total out: 25,057)  -  Current np: 59,164
01027   1.027010       53,051       52       59,108       13,200     217.01  09-09-2026 16:57:09
  Particles out: 56  (total out: 25,113)  -  Current np: 59,108
01028   1.028017       53,103       52       59,059       13,200      38.84  09-09-2026 16:57:09
  Particles out: 49  (total out: 25,162)  -  Current np: 59,059
01029   1.029004       53,154       51       58,997       13,200      39.03  09-09-2026 16:57:08
  Particles out: 62  (total out: 25,224)  -  Current np: 58,997
01030   1.030011       53,206       52       58,926       13,200      38.76  09-09-2026 16:57:08
  Particles out: 71  (total out: 25,295)  -  Current np: 58,926

*** WARNING: More than 30% of particles were excluded (t:1.03001, nstep:53206)

01031   1.031017       53,258       52       58,852       13,200      38.93  09-09-2026 16:57:08
  Particles out: 74  (total out: 25,369)  -  Current np: 58,852
01032   1.032004       53,309       51       58,789       13,200      39.79  09-09-2026 16:57:07
  Particles out: 63  (total out: 25,432)  -  Current np: 58,789
01033   1.033011       53,361       52       58,725       13,200      39.24  09-09-2026 16:57:07
  Particles out: 64  (total out: 25,496)  -  Current np: 58,725
01034   1.034018       53,413       52       58,673       13,200      38.85  09-09-2026 16:57:06
  Particles out: 52  (total out: 25,548)  -  Current np: 58,673
01035   1.035005       53,464       51       58,614       13,200      39.83  09-09-2026 16:57:07
  Particles out: 59  (total out: 25,607)  -  Current np: 58,614
01036   1.036012       53,516       52       58,559       13,200      38.68  09-09-2026 16:57:06
  Particles out: 55  (total out: 25,662)  -  Current np: 58,559
01037   1.037018       53,568       52       58,482       13,200      38.23  09-09-2026 16:57:06
  Particles out: 77  (total out: 25,739)  -  Current np: 58,482
01038   1.038006       53,619       51       58,410       13,200     280.43  09-09-2026 16:57:06
  Particles out: 72  (total out: 25,811)  -  Current np: 58,410
01039   1.039012       53,671       52       58,339       13,200     350.70  09-09-2026 16:57:05
  Particles out: 71  (total out: 25,882)  -  Current np: 58,339
01040   1.040019       53,723       52       58,272       13,200     345.72  09-09-2026 16:57:06
  Particles out: 67  (total out: 25,949)  -  Current np: 58,272
01041   1.041006       53,774       51       58,209       13,200     453.88  09-09-2026 16:57:06
  Particles out: 63  (total out: 26,012)  -  Current np: 58,209
01042   1.042013       53,826       52       58,148       13,200     293.73  09-09-2026 16:57:06
  Particles out: 61  (total out: 26,073)  -  Current np: 58,148
01043   1.043000       53,877       51       58,086       13,200     328.84  09-09-2026 16:57:06
  Particles out: 62  (total out: 26,135)  -  Current np: 58,086
01044   1.044007       53,929       52       58,027       13,200     318.06  09-09-2026 16:57:06
  Particles out: 59  (total out: 26,194)  -  Current np: 58,027
01045   1.045014       53,981       52       57,948       13,200      39.07  09-09-2026 16:57:06
  Particles out: 79  (total out: 26,273)  -  Current np: 57,948
01046   1.046001       54,032       51       57,890       13,200      38.54  09-09-2026 16:57:05
  Particles out: 58  (total out: 26,331)  -  Current np: 57,890
01047   1.047008       54,084       52       57,826       13,200      38.35  09-09-2026 16:57:05
  Particles out: 64  (total out: 26,395)  -  Current np: 57,826
01048   1.048014       54,136       52       57,750       13,200      38.48  09-09-2026 16:57:04
  Particles out: 76  (total out: 26,471)  -  Current np: 57,750
01049   1.049002       54,187       51       57,702       13,200      38.93  09-09-2026 16:57:04
  Particles out: 48  (total out: 26,519)  -  Current np: 57,702
01050   1.050008       54,239       52       57,611       13,200      38.31  09-09-2026 16:57:04
  Particles out: 91  (total out: 26,610)  -  Current np: 57,611
01051   1.051015       54,291       52       57,531       13,200      38.64  09-09-2026 16:57:03
  Particles out: 80  (total out: 26,690)  -  Current np: 57,531
01052   1.052002       54,342       51       57,468       13,200      38.56  09-09-2026 16:57:03
  Particles out: 63  (total out: 26,753)  -  Current np: 57,468
01053   1.053009       54,394       52       57,392       13,200      38.66  09-09-2026 16:57:02
  Particles out: 76  (total out: 26,829)  -  Current np: 57,392
01054   1.054016       54,446       52       57,316       13,200      38.24  09-09-2026 16:57:02
  Particles out: 76  (total out: 26,905)  -  Current np: 57,316
01055   1.055003       54,497       51       57,264       13,200      38.54  09-09-2026 16:57:02
  Particles out: 52  (total out: 26,957)  -  Current np: 57,264
01056   1.056010       54,549       52       57,192       13,200      38.03  09-09-2026 16:57:01
  Particles out: 72  (total out: 27,029)  -  Current np: 57,192
01057   1.057016       54,601       52       57,122       13,200      38.38  09-09-2026 16:57:01
  Particles out: 70  (total out: 27,099)  -  Current np: 57,122
01058   1.058004       54,652       51       57,050       13,200     343.61  09-09-2026 16:57:01
  Particles out: 72  (total out: 27,171)  -  Current np: 57,050
01059   1.059010       54,704       52       56,989       13,200     309.55  09-09-2026 16:57:01
  Particles out: 61  (total out: 27,232)  -  Current np: 56,989
01060   1.060017       54,756       52       56,918       13,200     292.90  09-09-2026 16:57:01
  Particles out: 71  (total out: 27,303)  -  Current np: 56,918
01061   1.061004       54,807       51       56,869       13,200     378.42  09-09-2026 16:57:02
  Particles out: 49  (total out: 27,352)  -  Current np: 56,869
01062   1.062011       54,859       52       56,812       13,200     288.16  09-09-2026 16:57:01
  Particles out: 57  (total out: 27,409)  -  Current np: 56,812
01063   1.063017       54,911       52       56,744       13,200     455.34  09-09-2026 16:57:02
  Particles out: 68  (total out: 27,477)  -  Current np: 56,744
01064   1.064005       54,962       51       56,680       13,200     317.00  09-09-2026 16:57:02
  Particles out: 64  (total out: 27,541)  -  Current np: 56,680
01065   1.065011       55,014       52       56,611       13,200      38.27  09-09-2026 16:57:01
  Particles out: 69  (total out: 27,610)  -  Current np: 56,611
01066   1.066018       55,066       52       56,540       13,200      37.36  09-09-2026 16:57:01
  Particles out: 71  (total out: 27,681)  -  Current np: 56,540
01067   1.067005       55,117       51       56,462       13,200      37.29  09-09-2026 16:57:01
  Particles out: 78  (total out: 27,759)  -  Current np: 56,462
01068   1.068012       55,169       52       56,418       13,200      36.94  09-09-2026 16:57:00
  Particles out: 44  (total out: 27,803)  -  Current np: 56,418
01069   1.069019       55,221       52       56,334       13,200      37.10  09-09-2026 16:57:00
  Particles out: 84  (total out: 27,887)  -  Current np: 56,334
01070   1.070006       55,272       51       56,274       13,200      36.78  09-09-2026 16:56:59
  Particles out: 60  (total out: 27,947)  -  Current np: 56,274
01071   1.071013       55,324       52       56,217       13,200      40.53  09-09-2026 16:56:59
  Particles out: 57  (total out: 28,004)  -  Current np: 56,217
01072   1.072019       55,376       52       56,145       13,200     342.04  09-09-2026 16:56:59
  Particles out: 72  (total out: 28,076)  -  Current np: 56,145
01073   1.073007       55,427       51       56,086       13,200     343.77  09-09-2026 16:56:59
  Particles out: 59  (total out: 28,135)  -  Current np: 56,086
01074   1.074013       55,479       52       56,023       13,200     301.21  09-09-2026 16:56:59
  Particles out: 63  (total out: 28,198)  -  Current np: 56,023
01075   1.075001       55,530       51       55,941       13,200     631.44  09-09-2026 16:57:00
  Particles out: 82  (total out: 28,280)  -  Current np: 55,941
01076   1.076007       55,582       52       55,866       13,200     379.65  09-09-2026 16:57:00
  Particles out: 75  (total out: 28,355)  -  Current np: 55,866
01077   1.077014       55,634       52       55,800       13,200     295.18  09-09-2026 16:56:59
  Particles out: 66  (total out: 28,421)  -  Current np: 55,800
01078   1.078001       55,685       51       55,730       13,200     306.30  09-09-2026 16:57:00
  Particles out: 70  (total out: 28,491)  -  Current np: 55,730
01079   1.079008       55,737       52       55,659       13,200     291.31  09-09-2026 16:57:00
  Particles out: 71  (total out: 28,562)  -  Current np: 55,659
01080   1.080015       55,789       52       55,592       13,200     372.61  09-09-2026 16:57:00
  Particles out: 67  (total out: 28,629)  -  Current np: 55,592
01081   1.081002       55,840       51       55,526       13,200     422.87  09-09-2026 16:57:00
  Particles out: 66  (total out: 28,695)  -  Current np: 55,526
01082   1.082009       55,892       52       55,454       13,200     371.68  09-09-2026 16:57:00
  Particles out: 72  (total out: 28,767)  -  Current np: 55,454
01083   1.083015       55,944       52       55,396       13,200     328.84  09-09-2026 16:57:00
  Particles out: 58  (total out: 28,825)  -  Current np: 55,396
01084   1.084003       55,995       51       55,332       13,200     490.30  09-09-2026 16:57:01
  Particles out: 64  (total out: 28,889)  -  Current np: 55,332
01085   1.085009       56,047       52       55,264       13,200     266.20  09-09-2026 16:57:00
  Particles out: 68  (total out: 28,957)  -  Current np: 55,264
01086   1.086016       56,099       52       55,205       13,200     574.89  09-09-2026 16:57:01
  Particles out: 59  (total out: 29,016)  -  Current np: 55,205
01087   1.087003       56,150       51       55,132       13,200     478.63  09-09-2026 16:57:01
  Particles out: 73  (total out: 29,089)  -  Current np: 55,132
01088   1.088010       56,202       52       55,052       13,200     243.99  09-09-2026 16:57:02
  Particles out: 80  (total out: 29,169)  -  Current np: 55,052
01089   1.089016       56,254       52       55,002       13,200      35.81  09-09-2026 16:57:01
  Particles out: 50  (total out: 29,219)  -  Current np: 55,002
01090   1.090004       56,305       51       54,932       13,200      36.28  09-09-2026 16:57:01
  Particles out: 70  (total out: 29,289)  -  Current np: 54,932
01091   1.091010       56,357       52       54,850       13,200      36.18  09-09-2026 16:57:00
  Particles out: 82  (total out: 29,371)  -  Current np: 54,850
01092   1.092017       56,409       52       54,788       13,200      36.36  09-09-2026 16:57:00
  Particles out: 62  (total out: 29,433)  -  Current np: 54,788
01093   1.093004       56,460       51       54,722       13,200     355.86  09-09-2026 16:57:00
  Particles out: 66  (total out: 29,499)  -  Current np: 54,722
01094   1.094011       56,512       52       54,653       13,200     333.72  09-09-2026 16:56:59
  Particles out: 69  (total out: 29,568)  -  Current np: 54,653
01095   1.095018       56,564       52       54,584       13,200     496.96  09-09-2026 16:57:00
  Particles out: 69  (total out: 29,637)  -  Current np: 54,584
01096   1.096005       56,615       51       54,503       13,200     357.27  09-09-2026 16:57:00
  Particles out: 81  (total out: 29,718)  -  Current np: 54,503
01097   1.097012       56,667       52       54,429       13,200     258.45  09-09-2026 16:57:00
  Particles out: 74  (total out: 29,792)  -  Current np: 54,429
01098   1.098018       56,719       52       54,370       13,200     610.75  09-09-2026 16:57:00
  Particles out: 59  (total out: 29,851)  -  Current np: 54,370
01099   1.099006       56,770       51       54,307       13,200     605.24  09-09-2026 16:57:01
  Particles out: 63  (total out: 29,914)  -  Current np: 54,307
01100   1.100012       56,822       52       54,245       13,200     492.97  09-09-2026 16:57:01
  Particles out: 62  (total out: 29,976)  -  Current np: 54,245
01101   1.101019       56,874       52       54,185       13,200     370.67  09-09-2026 16:57:02
  Particles out: 60  (total out: 30,036)  -  Current np: 54,185
01102   1.102006       56,925       51       54,126       13,200     296.71  09-09-2026 16:57:01
  Particles out: 59  (total out: 30,095)  -  Current np: 54,126
01103   1.103013       56,977       52       54,054       13,200     315.42  09-09-2026 16:57:01
  Particles out: 72  (total out: 30,167)  -  Current np: 54,054
01104   1.104000       57,028       51       53,995       13,200     467.90  09-09-2026 16:57:02
  Particles out: 59  (total out: 30,226)  -  Current np: 53,995
01105   1.105007       57,080       52       53,911       13,200     476.48  09-09-2026 16:57:02
  Particles out: 84  (total out: 30,310)  -  Current np: 53,911
01106   1.106014       57,132       52       53,834       13,200     612.42  09-09-2026 16:57:02
  Particles out: 77  (total out: 30,387)  -  Current np: 53,834
01107   1.107001       57,183       51       53,772       13,200     276.79  09-09-2026 16:57:02
  Particles out: 62  (total out: 30,449)  -  Current np: 53,772
01108   1.108008       57,235       52       53,681       13,200     301.04  09-09-2026 16:57:02
  Particles out: 91  (total out: 30,540)  -  Current np: 53,681
01109   1.109014       57,287       52       53,629       13,200     296.23  09-09-2026 16:57:03
  Particles out: 52  (total out: 30,592)  -  Current np: 53,629
01110   1.110002       57,338       51       53,550       13,200     395.52  09-09-2026 16:57:02
  Particles out: 79  (total out: 30,671)  -  Current np: 53,550
01111   1.111008       57,390       52       53,481       13,200     718.68  09-09-2026 16:57:03
  Particles out: 69  (total out: 30,740)  -  Current np: 53,481
01112   1.112015       57,442       52       53,412       13,200     309.08  09-09-2026 16:57:03
  Particles out: 69  (total out: 30,809)  -  Current np: 53,412
01113   1.113002       57,493       51       53,342       13,200     453.01  09-09-2026 16:57:03
  Particles out: 70  (total out: 30,879)  -  Current np: 53,342
01114   1.114009       57,545       52       53,253       13,200     446.31  09-09-2026 16:57:03
  Particles out: 89  (total out: 30,968)  -  Current np: 53,253
01115   1.115016       57,597       52       53,183       13,200     259.20  09-09-2026 16:57:03
  Particles out: 70  (total out: 31,038)  -  Current np: 53,183
01116   1.116003       57,648       51       53,125       13,200     184.11  09-09-2026 16:57:03
  Particles out: 58  (total out: 31,096)  -  Current np: 53,125
01117   1.117009       57,700       52       53,034       13,200     301.40  09-09-2026 16:57:03
  Particles out: 91  (total out: 31,187)  -  Current np: 53,034
01118   1.118016       57,752       52       52,956       13,200     419.60  09-09-2026 16:57:03
  Particles out: 78  (total out: 31,265)  -  Current np: 52,956
01119   1.119003       57,803       51       52,888       13,200     487.30  09-09-2026 16:57:04
  Particles out: 68  (total out: 31,333)  -  Current np: 52,888
01120   1.120010       57,855       52       52,813       13,200     387.32  09-09-2026 16:57:04
  Particles out: 75  (total out: 31,408)  -  Current np: 52,813
01121   1.121017       57,907       52       52,740       13,200     332.35  09-09-2026 16:57:03
  Particles out: 73  (total out: 31,481)  -  Current np: 52,740
01122   1.122004       57,958       51       52,653       13,200     235.16  09-09-2026 16:57:04
  Particles out: 87  (total out: 31,568)  -  Current np: 52,653
01123   1.123011       58,010       52       52,580       13,200     334.37  09-09-2026 16:57:04
  Particles out: 73  (total out: 31,641)  -  Current np: 52,580
01124   1.124017       58,062       52       52,508       13,200     435.55  09-09-2026 16:57:04
  Particles out: 72  (total out: 31,713)  -  Current np: 52,508
01125   1.125005       58,113       51       52,430       13,200     298.96  09-09-2026 16:57:04
  Particles out: 78  (total out: 31,791)  -  Current np: 52,430
01126   1.126011       58,165       52       52,362       13,200     765.40  09-09-2026 16:57:04
  Particles out: 68  (total out: 31,859)  -  Current np: 52,362
01127   1.127018       58,217       52       52,268       13,200     375.58  09-09-2026 16:57:05
  Particles out: 94  (total out: 31,953)  -  Current np: 52,268
01128   1.128005       58,268       51       52,199       13,200     290.38  09-09-2026 16:57:05
  Particles out: 69  (total out: 32,022)  -  Current np: 52,199
01129   1.129012       58,320       52       52,123       13,200     186.91  09-09-2026 16:57:04
  Particles out: 76  (total out: 32,098)  -  Current np: 52,123
01130   1.130019       58,372       52       52,058       13,200     286.62  09-09-2026 16:57:05
  Particles out: 65  (total out: 32,163)  -  Current np: 52,058
01131   1.131006       58,423       51       51,999       13,200     316.18  09-09-2026 16:57:05
  Particles out: 59  (total out: 32,222)  -  Current np: 51,999
01132   1.132013       58,475       52       51,933       13,200     433.99  09-09-2026 16:57:04
  Particles out: 66  (total out: 32,288)  -  Current np: 51,933
01133   1.133019       58,527       52       51,850       13,200     292.15  09-09-2026 16:57:05
  Particles out: 83  (total out: 32,371)  -  Current np: 51,850
01134   1.134007       58,578       51       51,781       13,200     584.30  09-09-2026 16:57:05
  Particles out: 69  (total out: 32,440)  -  Current np: 51,781
01135   1.135013       58,630       52       51,713       13,200     253.40  09-09-2026 16:57:05
  Particles out: 68  (total out: 32,508)  -  Current np: 51,713
01136   1.136001       58,681       51       51,637       13,200     390.90  09-09-2026 16:57:05
  Particles out: 76  (total out: 32,584)  -  Current np: 51,637
01137   1.137007       58,733       52       51,566       13,200     214.30  09-09-2026 16:57:05
  Particles out: 71  (total out: 32,655)  -  Current np: 51,566
01138   1.138014       58,785       52       51,498       13,200     277.45  09-09-2026 16:57:05
  Particles out: 68  (total out: 32,723)  -  Current np: 51,498
01139   1.139001       58,836       51       51,436       13,200     333.11  09-09-2026 16:57:05
  Particles out: 62  (total out: 32,785)  -  Current np: 51,436
01140   1.140008       58,888       52       51,374       12,600     361.73  09-09-2026 16:57:05
  Particles out: 62  (total out: 32,847)  -  Current np: 51,374
01141   1.141015       58,940       52       51,302       12,600     708.18  09-09-2026 16:57:06
  Particles out: 72  (total out: 32,919)  -  Current np: 51,302
01142   1.142002       58,991       51       51,207       12,600     346.99  09-09-2026 16:57:06
  Particles out: 95  (total out: 33,014)  -  Current np: 51,207
01143   1.143009       59,043       52       51,131       12,600     447.03  09-09-2026 16:57:05
  Particles out: 76  (total out: 33,090)  -  Current np: 51,131
01144   1.144015       59,095       52       51,053       12,600     386.12  09-09-2026 16:57:06
  Particles out: 78  (total out: 33,168)  -  Current np: 51,053
01145   1.145002       59,146       51       50,984       12,600     368.25  09-09-2026 16:57:06
  Particles out: 69  (total out: 33,237)  -  Current np: 50,984
01146   1.146009       59,198       52       50,912       12,600     376.07  09-09-2026 16:57:07
  Particles out: 72  (total out: 33,309)  -  Current np: 50,912
01147   1.147016       59,250       52       50,845       12,600     543.25  09-09-2026 16:57:06
  Particles out: 67  (total out: 33,376)  -  Current np: 50,845
01148   1.148003       59,301       51       50,779       12,600     502.84  09-09-2026 16:57:07
  Particles out: 66  (total out: 33,442)  -  Current np: 50,779
01149   1.149010       59,353       52       50,714       12,600     288.09  09-09-2026 16:57:07
  Particles out: 65  (total out: 33,507)  -  Current np: 50,714
01150   1.150016       59,405       52       50,632       12,600     439.25  09-09-2026 16:57:07
  Particles out: 82  (total out: 33,589)  -  Current np: 50,632
01151   1.151004       59,456       51       50,559       12,600     347.58  09-09-2026 16:57:07
  Particles out: 73  (total out: 33,662)  -  Current np: 50,559
01152   1.152010       59,508       52       50,488       12,600     305.50  09-09-2026 16:57:07
  Particles out: 71  (total out: 33,733)  -  Current np: 50,488

*** WARNING: More than 40% of particles were excluded (t:1.15201, nstep:59508)

01153   1.153017       59,560       52       50,400       12,600     347.13  09-09-2026 16:57:07
  Particles out: 88  (total out: 33,821)  -  Current np: 50,400
01154   1.154004       59,611       51       50,326       12,600     449.35  09-09-2026 16:57:07
  Particles out: 74  (total out: 33,895)  -  Current np: 50,326
01155   1.155011       59,663       52       50,264       12,600     693.25  09-09-2026 16:57:08
  Particles out: 62  (total out: 33,957)  -  Current np: 50,264
01156   1.156018       59,715       52       50,172       12,600     836.36  09-09-2026 16:57:08
  Particles out: 92  (total out: 34,049)  -  Current np: 50,172
01157   1.157005       59,766       51       50,104       12,600     333.35  09-09-2026 16:57:09
  Particles out: 68  (total out: 34,117)  -  Current np: 50,104
01158   1.158012       59,818       52       50,030       12,600     291.35  09-09-2026 16:57:08
  Particles out: 74  (total out: 34,191)  -  Current np: 50,030
01159   1.159018       59,870       52       49,951       12,600     451.29  09-09-2026 16:57:08
  Particles out: 79  (total out: 34,270)  -  Current np: 49,951
01160   1.160006       59,921       51       49,881       12,600     291.05  09-09-2026 16:57:09
  Particles out: 70  (total out: 34,340)  -  Current np: 49,881
01161   1.161012       59,973       52       49,802       12,600     354.04  09-09-2026 16:57:09
  Particles out: 79  (total out: 34,419)  -  Current np: 49,802
01162   1.162019       60,025       52       49,726       12,600     337.06  09-09-2026 16:57:08
  Particles out: 76  (total out: 34,495)  -  Current np: 49,726
01163   1.163006       60,076       51       49,667       11,655     349.05  09-09-2026 16:57:09
  Particles out: 59  (total out: 34,554)  -  Current np: 49,667
01164   1.164013       60,128       52       49,606       11,655     429.53  09-09-2026 16:57:09
  Particles out: 61  (total out: 34,615)  -  Current np: 49,606
01165   1.165000       60,179       51       49,537       11,655     389.78  09-09-2026 16:57:10
  Particles out: 69  (total out: 34,684)  -  Current np: 49,537
01166   1.166007       60,231       52       49,460       11,655     306.88  09-09-2026 16:57:09
  Particles out: 77  (total out: 34,761)  -  Current np: 49,460
01167   1.167014       60,283       52       49,395       11,655     277.67  09-09-2026 16:57:09
  Particles out: 65  (total out: 34,826)  -  Current np: 49,395
01168   1.168001       60,334       51       49,332       11,655     308.70  09-09-2026 16:57:09
  Particles out: 63  (total out: 34,889)  -  Current np: 49,332
01169   1.169008       60,386       52       49,286       11,655     285.56  09-09-2026 16:57:09
  Particles out: 46  (total out: 34,935)  -  Current np: 49,286
01170   1.170014       60,438       52       49,221       11,655     301.76  09-09-2026 16:57:09
  Particles out: 65  (total out: 35,000)  -  Current np: 49,221
01171   1.171001       60,489       51       49,171       11,655     293.31  09-09-2026 16:57:09
  Particles out: 50  (total out: 35,050)  -  Current np: 49,171
01172   1.172008       60,541       52       49,105       11,655     359.00  09-09-2026 16:57:09
  Particles out: 66  (total out: 35,116)  -  Current np: 49,105
01173   1.173015       60,593       52       49,033       11,655     394.09  09-09-2026 16:57:09
  Particles out: 72  (total out: 35,188)  -  Current np: 49,033
01174   1.174002       60,644       51       48,969       10,878     405.92  09-09-2026 16:57:10
  Particles out: 64  (total out: 35,252)  -  Current np: 48,969
01175   1.175009       60,696       52       48,888       10,878     244.54  09-09-2026 16:57:10
  Particles out: 81  (total out: 35,333)  -  Current np: 48,888
01176   1.176015       60,748       52       48,829       10,878     239.61  09-09-2026 16:57:09
  Particles out: 59  (total out: 35,392)  -  Current np: 48,829
01177   1.177003       60,799       51       48,766       10,878     377.51  09-09-2026 16:57:09
  Particles out: 63  (total out: 35,455)  -  Current np: 48,766
01178   1.178009       60,851       52       48,698       10,878     307.70  09-09-2026 16:57:10
  Particles out: 68  (total out: 35,523)  -  Current np: 48,698
01179   1.179016       60,903       52       48,632       10,878     283.06  09-09-2026 16:57:09
  Particles out: 66  (total out: 35,589)  -  Current np: 48,632
01180   1.180003       60,954       51       48,564       10,878     310.31  09-09-2026 16:57:09
  Particles out: 68  (total out: 35,657)  -  Current np: 48,564
01181   1.181010       61,006       52       48,488       10,878     475.79  09-09-2026 16:57:10
  Particles out: 76  (total out: 35,733)  -  Current np: 48,488
01182   1.182017       61,058       52       48,420       10,878     387.95  09-09-2026 16:57:09
  Particles out: 68  (total out: 35,801)  -  Current np: 48,420
01183   1.183004       61,109       51       48,361       10,878     297.70  09-09-2026 16:57:09
  Particles out: 59  (total out: 35,860)  -  Current np: 48,361
01184   1.184011       61,161       52       48,297       10,878     289.19  09-09-2026 16:57:10
  Particles out: 64  (total out: 35,924)  -  Current np: 48,297
01185   1.185017       61,213       52       48,235       10,878     252.56  09-09-2026 16:57:10
  Particles out: 62  (total out: 35,986)  -  Current np: 48,235
01186   1.186005       61,264       51       48,170       10,878     360.70  09-09-2026 16:57:09
  Particles out: 65  (total out: 36,051)  -  Current np: 48,170
01187   1.187011       61,316       52       48,107       10,878     466.15  09-09-2026 16:57:10
  Particles out: 63  (total out: 36,114)  -  Current np: 48,107
01188   1.188018       61,368       52       48,051       10,878     400.99  09-09-2026 16:57:10
  Particles out: 56  (total out: 36,170)  -  Current np: 48,051
01189   1.189005       61,419       51       47,977       10,878     514.81  09-09-2026 16:57:11
  Particles out: 74  (total out: 36,244)  -  Current np: 47,977
01190   1.190012       61,471       52       47,917       10,878     532.46  09-09-2026 16:57:10
  Particles out: 60  (total out: 36,304)  -  Current np: 47,917
01191   1.191019       61,523       52       47,865       10,878     250.12  09-09-2026 16:57:11
  Particles out: 52  (total out: 36,356)  -  Current np: 47,865
01192   1.192006       61,574       51       47,810       10,878     398.35  09-09-2026 16:57:11
  Particles out: 55  (total out: 36,411)  -  Current np: 47,810
01193   1.193013       61,626       52       47,741       10,878     471.12  09-09-2026 16:57:10
  Particles out: 69  (total out: 36,480)  -  Current np: 47,741
01194   1.194019       61,678       52       47,680       10,878     441.92  09-09-2026 16:57:11
  Particles out: 61  (total out: 36,541)  -  Current np: 47,680
01195   1.195007       61,729       51       47,605       10,878     343.54  09-09-2026 16:57:11
  Particles out: 75  (total out: 36,616)  -  Current np: 47,605
01196   1.196013       61,781       52       47,552       10,878     463.84  09-09-2026 16:57:12
  Particles out: 53  (total out: 36,669)  -  Current np: 47,552
01197   1.197001       61,832       51       47,478       10,878     288.50  09-09-2026 16:57:11
  Particles out: 74  (total out: 36,743)  -  Current np: 47,478
01198   1.198007       61,884       52       47,404       10,878     284.44  09-09-2026 16:57:11
  Particles out: 74  (total out: 36,817)  -  Current np: 47,404
01199   1.199014       61,936       52       47,342       10,878     476.47  09-09-2026 16:57:12
  Particles out: 62  (total out: 36,879)  -  Current np: 47,342
01200   1.200001       61,987       51       47,282       10,878     765.24  09-09-2026 16:57:12
  Particles out: 60  (total out: 36,939)  -  Current np: 47,282
01201   1.201008       62,039       52       47,218       10,878     355.26  09-09-2026 16:57:12
  Particles out: 64  (total out: 37,003)  -  Current np: 47,218
01202   1.202014       62,091       52       47,159       10,878     288.60  09-09-2026 16:57:12
  Particles out: 59  (total out: 37,062)  -  Current np: 47,159
01203   1.203002       62,142       51       47,106       10,878     622.52  09-09-2026 16:57:13
  Particles out: 53  (total out: 37,115)  -  Current np: 47,106
01204   1.204008       62,194       52       47,031       10,878     604.97  09-09-2026 16:57:12
  Particles out: 75  (total out: 37,190)  -  Current np: 47,031
01205   1.205015       62,246       52       46,964       10,878     174.31  09-09-2026 16:57:12
  Particles out: 67  (total out: 37,257)  -  Current np: 46,964
01206   1.206002       62,297       51       46,891       10,878     281.99  09-09-2026 16:57:13
  Particles out: 73  (total out: 37,330)  -  Current np: 46,891
01207   1.207009       62,349       52       46,820       10,878     290.66  09-09-2026 16:57:13
  Particles out: 71  (total out: 37,401)  -  Current np: 46,820
01208   1.208016       62,401       52       46,752       10,878     477.61  09-09-2026 16:57:13
  Particles out: 68  (total out: 37,469)  -  Current np: 46,752
01209   1.209003       62,452       51       46,696       10,878     341.52  09-09-2026 16:57:13
  Particles out: 56  (total out: 37,525)  -  Current np: 46,696
01210   1.210010       62,504       52       46,625       10,878     359.22  09-09-2026 16:57:13
  Particles out: 71  (total out: 37,596)  -  Current np: 46,625
01211   1.211016       62,556       52       46,553       10,878     558.57  09-09-2026 16:57:13
  Particles out: 72  (total out: 37,668)  -  Current np: 46,553
01212   1.212004       62,607       51       46,501       10,878     298.19  09-09-2026 16:57:13
  Particles out: 52  (total out: 37,720)  -  Current np: 46,501
01213   1.213010       62,659       52       46,447       10,878     378.20  09-09-2026 16:57:13
  Particles out: 54  (total out: 37,774)  -  Current np: 46,447
01214   1.214017       62,711       52       46,379       10,878     217.61  09-09-2026 16:57:14
  Particles out: 68  (total out: 37,842)  -  Current np: 46,379
01215   1.215004       62,762       51       46,299       10,878     439.44  09-09-2026 16:57:13
  Particles out: 80  (total out: 37,922)  -  Current np: 46,299
01216   1.216011       62,814       52       46,220       10,878     707.58  09-09-2026 16:57:14
  Particles out: 79  (total out: 38,001)  -  Current np: 46,220
01217   1.217018       62,866       52       46,144       10,878     222.18  09-09-2026 16:57:14
  Particles out: 76  (total out: 38,077)  -  Current np: 46,144
01218   1.218005       62,917       51       46,082       10,878     289.70  09-09-2026 16:57:13
  Particles out: 62  (total out: 38,139)  -  Current np: 46,082
01219   1.219012       62,969       52       46,007       10,878     298.32  09-09-2026 16:57:14
  Particles out: 75  (total out: 38,214)  -  Current np: 46,007
01220   1.220018       63,021       52       45,942       10,878     294.80  09-09-2026 16:57:14
  Particles out: 65  (total out: 38,279)  -  Current np: 45,942
01221   1.221006       63,072       51       45,885       10,878     459.66  09-09-2026 16:57:14
  Particles out: 57  (total out: 38,336)  -  Current np: 45,885
01222   1.222012       63,124       52       45,828       10,878     351.70  09-09-2026 16:57:14
  Particles out: 57  (total out: 38,393)  -  Current np: 45,828
01223   1.223019       63,176       52       45,760       10,878     543.09  09-09-2026 16:57:14
  Particles out: 68  (total out: 38,461)  -  Current np: 45,760
01224   1.224006       63,227       51       45,701       10,878     288.48  09-09-2026 16:57:15
  Particles out: 59  (total out: 38,520)  -  Current np: 45,701
01225   1.225013       63,279       52       45,626       10,878     347.39  09-09-2026 16:57:14
  Particles out: 75  (total out: 38,595)  -  Current np: 45,626
01226   1.226000       63,330       51       45,555       10,878     375.59  09-09-2026 16:57:14
  Particles out: 71  (total out: 38,666)  -  Current np: 45,555
01227   1.227007       63,382       52       45,479       10,878     729.12  09-09-2026 16:57:15
  Particles out: 76  (total out: 38,742)  -  Current np: 45,479
01228   1.228014       63,434       52       45,419       10,878     357.94  09-09-2026 16:57:15
  Particles out: 60  (total out: 38,802)  -  Current np: 45,419
01229   1.229001       63,485       51       45,362       10,878     152.42  09-09-2026 16:57:15
  Particles out: 57  (total out: 38,859)  -  Current np: 45,362
01230   1.230007       63,537       52       45,300       10,878     277.19  09-09-2026 16:57:15
  Particles out: 62  (total out: 38,921)  -  Current np: 45,300
01231   1.231014       63,589       52       45,241       10,878     361.62  09-09-2026 16:57:15
  Particles out: 59  (total out: 38,980)  -  Current np: 45,241
01232   1.232001       63,640       51       45,169       10,878     359.44  09-09-2026 16:57:15
  Particles out: 72  (total out: 39,052)  -  Current np: 45,169
01233   1.233008       63,692       52       45,097       10,878     280.53  09-09-2026 16:57:15
  Particles out: 72  (total out: 39,124)  -  Current np: 45,097
01234   1.234015       63,744       52       45,034       10,878     520.64  09-09-2026 16:57:15
  Particles out: 63  (total out: 39,187)  -  Current np: 45,034
01235   1.235002       63,795       51       44,967       10,878     446.34  09-09-2026 16:57:15
  Particles out: 67  (total out: 39,254)  -  Current np: 44,967
01236   1.236009       63,847       52       44,912       10,878     303.67  09-09-2026 16:57:15
  Particles out: 55  (total out: 39,309)  -  Current np: 44,912
01237   1.237015       63,899       52       44,858       10,878     457.94  09-09-2026 16:57:16
  Particles out: 54  (total out: 39,363)  -  Current np: 44,858
01238   1.238003       63,950       51       44,797       10,878     396.02  09-09-2026 16:57:16
  Particles out: 61  (total out: 39,424)  -  Current np: 44,797
01239   1.239009       64,002       52       44,748       10,878     291.80  09-09-2026 16:57:15
  Particles out: 49  (total out: 39,473)  -  Current np: 44,748
01240   1.240016       64,054       52       44,673       10,878     447.82  09-09-2026 16:57:16
  Particles out: 75  (total out: 39,548)  -  Current np: 44,673
01241   1.241003       64,105       51       44,620       10,878     456.81  09-09-2026 16:57:16
  Particles out: 53  (total out: 39,601)  -  Current np: 44,620
01242   1.242010       64,157       52       44,549       10,878     342.03  09-09-2026 16:57:15
  Particles out: 71  (total out: 39,672)  -  Current np: 44,549
01243   1.243017       64,209       52       44,481       10,878     302.63  09-09-2026 16:57:16
  Particles out: 68  (total out: 39,740)  -  Current np: 44,481
01244   1.244004       64,260       51       44,420       10,878     291.92  09-09-2026 16:57:16
  Particles out: 61  (total out: 39,801)  -  Current np: 44,420
01245   1.245011       64,312       52       44,355       10,878     231.74  09-09-2026 16:57:16
  Particles out: 65  (total out: 39,866)  -  Current np: 44,355
01246   1.246017       64,364       52       44,289       10,878     310.80  09-09-2026 16:57:16
  Particles out: 66  (total out: 39,932)  -  Current np: 44,289
01247   1.247005       64,415       51       44,224       10,878     345.80  09-09-2026 16:57:16
  Particles out: 65  (total out: 39,997)  -  Current np: 44,224
01248   1.248011       64,467       52       44,159       10,878     741.92  09-09-2026 16:57:17
  Particles out: 65  (total out: 40,062)  -  Current np: 44,159
01249   1.249018       64,519       52       44,104       10,878     339.46  09-09-2026 16:57:16
  Particles out: 55  (total out: 40,117)  -  Current np: 44,104
01250   1.250005       64,570       51       44,044       10,878     290.47  09-09-2026 16:57:16
  Particles out: 60  (total out: 40,177)  -  Current np: 44,044
01251   1.251012       64,622       52       43,985       10,878     280.32  09-09-2026 16:57:17
  Particles out: 59  (total out: 40,236)  -  Current np: 43,985
01252   1.252019       64,674       52       43,901       10,878     530.20  09-09-2026 16:57:17
  Particles out: 84  (total out: 40,320)  -  Current np: 43,901
01253   1.253006       64,725       51       43,838       10,878     390.39  09-09-2026 16:57:17
  Particles out: 63  (total out: 40,383)  -  Current np: 43,838
01254   1.254013       64,777       52       43,787       10,878     298.51  09-09-2026 16:57:17
  Particles out: 51  (total out: 40,434)  -  Current np: 43,787
01255   1.255019       64,829       52       43,728       10,878     452.72  09-09-2026 16:57:17
  Particles out: 59  (total out: 40,493)  -  Current np: 43,728
01256   1.256006       64,880       51       43,668       10,878     481.67  09-09-2026 16:57:17
  Particles out: 60  (total out: 40,553)  -  Current np: 43,668
01257   1.257013       64,932       52       43,607       10,878     379.31  09-09-2026 16:57:17
  Particles out: 61  (total out: 40,614)  -  Current np: 43,607
01258   1.258000       64,983       51       43,550       10,878     293.57  09-09-2026 16:57:17
  Particles out: 57  (total out: 40,671)  -  Current np: 43,550
01259   1.259007       65,035       52       43,492       10,878     459.11  09-09-2026 16:57:17
  Particles out: 58  (total out: 40,729)  -  Current np: 43,492
01260   1.260014       65,087       52       43,429       10,878     389.91  09-09-2026 16:57:17
  Particles out: 63  (total out: 40,792)  -  Current np: 43,429
01261   1.261001       65,138       51       43,353       10,878     664.43  09-09-2026 16:57:18
  Particles out: 76  (total out: 40,868)  -  Current np: 43,353
01262   1.262008       65,190       52       43,291       10,878     488.80  09-09-2026 16:57:18
  Particles out: 62  (total out: 40,930)  -  Current np: 43,291
01263   1.263014       65,242       52       43,236       10,878     312.32  09-09-2026 16:57:18
  Particles out: 55  (total out: 40,985)  -  Current np: 43,236
01264   1.264002       65,293       51       43,184       10,878     437.45  09-09-2026 16:57:18
  Particles out: 52  (total out: 41,037)  -  Current np: 43,184
01265   1.265008       65,345       52       43,128       10,878     180.74  09-09-2026 16:57:18
  Particles out: 56  (total out: 41,093)  -  Current np: 43,128
01266   1.266015       65,397       52       43,072       10,878     436.24  09-09-2026 16:57:18
  Particles out: 56  (total out: 41,149)  -  Current np: 43,072
01267   1.267002       65,448       51       43,011       10,878     327.14  09-09-2026 16:57:18
  Particles out: 61  (total out: 41,210)  -  Current np: 43,011
01268   1.268009       65,500       52       42,952       10,878     315.67  09-09-2026 16:57:18
  Particles out: 59  (total out: 41,269)  -  Current np: 42,952
01269   1.269016       65,552       52       42,898       10,878     483.99  09-09-2026 16:57:19
  Particles out: 54  (total out: 41,323)  -  Current np: 42,898
01270   1.270003       65,603       51       42,837       10,878     301.06  09-09-2026 16:57:18
  Particles out: 61  (total out: 41,384)  -  Current np: 42,837
01271   1.271010       65,655       52       42,785       10,878     238.04  09-09-2026 16:57:18
  Particles out: 52  (total out: 41,436)  -  Current np: 42,785
01272   1.272016       65,707       52       42,729       10,878     269.34  09-09-2026 16:57:19
  Particles out: 56  (total out: 41,492)  -  Current np: 42,729
01273   1.273004       65,758       51       42,680       10,878     350.00  09-09-2026 16:57:18
  Particles out: 49  (total out: 41,541)  -  Current np: 42,680
01274   1.274010       65,810       52       42,627       10,878     619.16  09-09-2026 16:57:19
  Particles out: 53  (total out: 41,594)  -  Current np: 42,627
01275   1.275017       65,862       52       42,576       10,878     318.29  09-09-2026 16:57:19
  Particles out: 51  (total out: 41,645)  -  Current np: 42,576
01276   1.276004       65,913       51       42,534       10,878     181.34  09-09-2026 16:57:18
  Particles out: 42  (total out: 41,687)  -  Current np: 42,534
01277   1.277011       65,965       52       42,486       10,878     240.07  09-09-2026 16:57:18
  Particles out: 48  (total out: 41,735)  -  Current np: 42,486
01278   1.278018       66,017       52       42,426       10,878     405.89  09-09-2026 16:57:19
  Particles out: 60  (total out: 41,795)  -  Current np: 42,426
01279   1.279005       66,068       51       42,352       10,878     233.71  09-09-2026 16:57:19
  Particles out: 74  (total out: 41,869)  -  Current np: 42,352
01280   1.280012       66,120       52       42,291       10,878     246.38  09-09-2026 16:57:18
  Particles out: 61  (total out: 41,930)  -  Current np: 42,291
01281   1.281018       66,172       52       42,242       10,878     355.62  09-09-2026 16:57:19
  Particles out: 49  (total out: 41,979)  -  Current np: 42,242
01282   1.282006       66,223       51       42,183       10,878     332.24  09-09-2026 16:57:19
  Particles out: 59  (total out: 42,038)  -  Current np: 42,183
01283   1.283012       66,275       52       42,140       10,878     684.36  09-09-2026 16:57:19
  Particles out: 43  (total out: 42,081)  -  Current np: 42,140
01284   1.284019       66,327       52       42,066       10,878     294.62  09-09-2026 16:57:19
  Particles out: 74  (total out: 42,155)  -  Current np: 42,066

*** WARNING: More than 50% of particles were excluded (t:1.28402, nstep:66327)

01285   1.285006       66,378       51       42,010       10,878     238.67  09-09-2026 16:57:19
  Particles out: 56  (total out: 42,211)  -  Current np: 42,010
01286   1.286013       66,430       52       41,964       10,878     352.34  09-09-2026 16:57:19
  Particles out: 46  (total out: 42,257)  -  Current np: 41,964
01287   1.287000       66,481       51       41,904       10,878     291.34  09-09-2026 16:57:19
  Particles out: 60  (total out: 42,317)  -  Current np: 41,904
01288   1.288007       66,533       52       41,842       10,878     297.40  09-09-2026 16:57:19
  Particles out: 62  (total out: 42,379)  -  Current np: 41,842
01289   1.289013       66,585       52       41,788       10,878     287.49  09-09-2026 16:57:19
  Particles out: 54  (total out: 42,433)  -  Current np: 41,788
01290   1.290001       66,636       51       41,725       10,878     305.13  09-09-2026 16:57:19
  Particles out: 63  (total out: 42,496)  -  Current np: 41,725
01291   1.291007       66,688       52       41,671       10,101     673.22  09-09-2026 16:57:19
  Particles out: 54  (total out: 42,550)  -  Current np: 41,671
01292   1.292014       66,740       52       41,611       10,101     223.37  09-09-2026 16:57:20
  Particles out: 60  (total out: 42,610)  -  Current np: 41,611
01293   1.293001       66,791       51       41,570       10,101     362.92  09-09-2026 16:57:19
  Particles out: 41  (total out: 42,651)  -  Current np: 41,570
01294   1.294008       66,843       52       41,521       10,101     307.05  09-09-2026 16:57:19
  Particles out: 49  (total out: 42,700)  -  Current np: 41,521
01295   1.295015       66,895       52       41,472       10,101     428.98  09-09-2026 16:57:20
  Particles out: 49  (total out: 42,749)  -  Current np: 41,472
01296   1.296002       66,946       51       41,424       10,101     240.06  09-09-2026 16:57:19
  Particles out: 48  (total out: 42,797)  -  Current np: 41,424
01297   1.297009       66,998       52       41,367       10,101     345.84  09-09-2026 16:57:19
  Particles out: 57  (total out: 42,854)  -  Current np: 41,367
01298   1.298015       67,050       52       41,310       10,101     580.01  09-09-2026 16:57:20
  Particles out: 57  (total out: 42,911)  -  Current np: 41,310
01299   1.299003       67,101       51       41,264       10,101     325.33  09-09-2026 16:57:20
  Particles out: 46  (total out: 42,957)  -  Current np: 41,264
01300   1.300009       67,153       52       41,209       10,101     226.18  09-09-2026 16:57:20
  Particles out: 55  (total out: 43,012)  -  Current np: 41,209
01301   1.301016       67,205       52       41,158       10,101     293.15  09-09-2026 16:57:20
  Particles out: 51  (total out: 43,063)  -  Current np: 41,158
01302   1.302003       67,256       51       41,102       10,101     335.07  09-09-2026 16:57:20
  Particles out: 56  (total out: 43,119)  -  Current np: 41,102
01303   1.303010       67,308       52       41,044       10,101     318.34  09-09-2026 16:57:19
  Particles out: 58  (total out: 43,177)  -  Current np: 41,044
01304   1.304017       67,360       52       40,990       10,101     435.54  09-09-2026 16:57:20
  Particles out: 54  (total out: 43,231)  -  Current np: 40,990
01305   1.305004       67,411       51       40,946       10,101     245.22  09-09-2026 16:57:20
  Particles out: 44  (total out: 43,275)  -  Current np: 40,946
01306   1.306011       67,463       52       40,897       10,101     357.55  09-09-2026 16:57:20
  Particles out: 49  (total out: 43,324)  -  Current np: 40,897
01307   1.307017       67,515       52       40,852       10,101     333.63  09-09-2026 16:57:20
  Particles out: 45  (total out: 43,369)  -  Current np: 40,852
01308   1.308005       67,566       51       40,804       10,101     395.17  09-09-2026 16:57:20
  Particles out: 48  (total out: 43,417)  -  Current np: 40,804
01309   1.309011       67,618       52       40,762       10,101     321.91  09-09-2026 16:57:20
  Particles out: 42  (total out: 43,459)  -  Current np: 40,762
01310   1.310018       67,670       52       40,704       10,101     346.31  09-09-2026 16:57:20
  Particles out: 58  (total out: 43,517)  -  Current np: 40,704
01311   1.311005       67,721       51       40,664       10,101     292.45  09-09-2026 16:57:20
  Particles out: 40  (total out: 43,557)  -  Current np: 40,664
01312   1.312012       67,773       52       40,614       10,101     353.98  09-09-2026 16:57:21
  Particles out: 50  (total out: 43,607)  -  Current np: 40,614
01313   1.313019       67,825       52       40,568       10,101     182.76  09-09-2026 16:57:20
  Particles out: 46  (total out: 43,653)  -  Current np: 40,568
01314   1.314006       67,876       51       40,514       10,101      28.94  09-09-2026 16:57:20
  Particles out: 54  (total out: 43,707)  -  Current np: 40,514
01315   1.315012       67,928       52       40,456       10,101      28.38  09-09-2026 16:57:20
  Particles out: 58  (total out: 43,765)  -  Current np: 40,456
01316   1.316019       67,980       52       40,412       10,101      28.39  09-09-2026 16:57:19
  Particles out: 44  (total out: 43,809)  -  Current np: 40,412
01317   1.317006       68,031       51       40,357       10,101      29.53  09-09-2026 16:57:19
  Particles out: 55  (total out: 43,864)  -  Current np: 40,357
01318   1.318013       68,083       52       40,306       10,101      29.41  09-09-2026 16:57:18
  Particles out: 51  (total out: 43,915)  -  Current np: 40,306
01319   1.319000       68,134       51       40,251       10,101     137.55  09-09-2026 16:57:18
  Particles out: 55  (total out: 43,970)  -  Current np: 40,251
01320   1.320007       68,186       52       40,201       10,101     638.46  09-09-2026 16:57:19
  Particles out: 50  (total out: 44,020)  -  Current np: 40,201
01321   1.321014       68,238       52       40,156       10,101     297.29  09-09-2026 16:57:19
  Particles out: 45  (total out: 44,065)  -  Current np: 40,156
01322   1.322001       68,289       51       40,115       10,101     389.12  09-09-2026 16:57:18
  Particles out: 41  (total out: 44,106)  -  Current np: 40,115
01323   1.323008       68,341       52       40,064       10,101     342.66  09-09-2026 16:57:19
  Particles out: 51  (total out: 44,157)  -  Current np: 40,064
01324   1.324014       68,393       52       40,020       10,101     342.99  09-09-2026 16:57:19
  Particles out: 44  (total out: 44,201)  -  Current np: 40,020
01325   1.325002       68,444       51       39,975       10,101     338.77  09-09-2026 16:57:18
  Particles out: 45  (total out: 44,246)  -  Current np: 39,975
01326   1.326008       68,496       52       39,924       10,101     191.12  09-09-2026 16:57:19
  Particles out: 51  (total out: 44,297)  -  Current np: 39,924
01327   1.327015       68,548       52       39,884       10,101      29.45  09-09-2026 16:57:19
  Particles out: 40  (total out: 44,337)  -  Current np: 39,884
01328   1.328002       68,599       51       39,827       10,101      29.59  09-09-2026 16:57:18
  Particles out: 57  (total out: 44,394)  -  Current np: 39,827
01329   1.329009       68,651       52       39,792       10,101      28.98  09-09-2026 16:57:18
  Particles out: 35  (total out: 44,429)  -  Current np: 39,792
01330   1.330016       68,703       52       39,743       10,101      29.55  09-09-2026 16:57:18
  Particles out: 49  (total out: 44,478)  -  Current np: 39,743
01331   1.331003       68,754       51       39,698       10,101      29.47  09-09-2026 16:57:17
  Particles out: 45  (total out: 44,523)  -  Current np: 39,698
01332   1.332010       68,806       52       39,657       10,101      29.36  09-09-2026 16:57:17
  Particles out: 41  (total out: 44,564)  -  Current np: 39,657
01333   1.333016       68,858       52       39,617       10,101      29.18  09-09-2026 16:57:17
  Particles out: 40  (total out: 44,604)  -  Current np: 39,617
01334   1.334004       68,909       51       39,566       10,101      29.34  09-09-2026 16:57:16
  Particles out: 51  (total out: 44,655)  -  Current np: 39,566
01335   1.335010       68,961       52       39,527       10,101      28.83  09-09-2026 16:57:16
  Particles out: 39  (total out: 44,694)  -  Current np: 39,527
01336   1.336017       69,013       52       39,484       10,101      29.13  09-09-2026 16:57:16
  Particles out: 43  (total out: 44,737)  -  Current np: 39,484
01337   1.337004       69,064       51       39,447       10,101      29.14  09-09-2026 16:57:15
  Particles out: 37  (total out: 44,774)  -  Current np: 39,447
01338   1.338011       69,116       52       39,400       10,101      28.90  09-09-2026 16:57:15
  Particles out: 47  (total out: 44,821)  -  Current np: 39,400
01339   1.339018       69,168       52       39,344       10,101      29.21  09-09-2026 16:57:15
  Particles out: 56  (total out: 44,877)  -  Current np: 39,344
01340   1.340005       69,219       51       39,304       10,101      29.31  09-09-2026 16:57:14
  Particles out: 40  (total out: 44,917)  -  Current np: 39,304
01341   1.341012       69,271       52       39,259       10,101      28.82  09-09-2026 16:57:14
  Particles out: 45  (total out: 44,962)  -  Current np: 39,259
01342   1.342018       69,323       52       39,214       10,101      28.93  09-09-2026 16:57:14
  Particles out: 45  (total out: 45,007)  -  Current np: 39,214
01343   1.343005       69,374       51       39,167       10,101      28.68  09-09-2026 16:57:13
  Particles out: 47  (total out: 45,054)  -  Current np: 39,167
01344   1.344012       69,426       52       39,107       10,101      30.85  09-09-2026 16:57:13
  Particles out: 60  (total out: 45,114)  -  Current np: 39,107
01345   1.345019       69,478       52       39,053       10,101     342.76  09-09-2026 16:57:13
  Particles out: 54  (total out: 45,168)  -  Current np: 39,053
01346   1.346006       69,529       51       39,003       10,101     351.70  09-09-2026 16:57:13
  Particles out: 50  (total out: 45,218)  -  Current np: 39,003
01347   1.347013       69,581       52       38,942       10,101     632.30  09-09-2026 16:57:13
  Particles out: 61  (total out: 45,279)  -  Current np: 38,942
01348   1.348000       69,632       51       38,902        9,620     310.51  09-09-2026 16:57:14
  Particles out: 40  (total out: 45,319)  -  Current np: 38,902
01349   1.349007       69,684       52       38,857        9,620     417.45  09-09-2026 16:57:13
  Particles out: 45  (total out: 45,364)  -  Current np: 38,857
01350   1.350013       69,736       52       38,813        9,620     303.82  09-09-2026 16:57:13
  Particles out: 44  (total out: 45,408)  -  Current np: 38,813
01351   1.351001       69,787       51       38,765        9,620     137.74  09-09-2026 16:57:14
  Particles out: 48  (total out: 45,456)  -  Current np: 38,765
01352   1.352007       69,839       52       38,711        9,620     439.22  09-09-2026 16:57:14
  Particles out: 54  (total out: 45,510)  -  Current np: 38,711
01353   1.353014       69,891       52       38,643        9,620     288.19  09-09-2026 16:57:13
  Particles out: 68  (total out: 45,578)  -  Current np: 38,643
01354   1.354001       69,942       51       38,605        9,620     315.43  09-09-2026 16:57:14
  Particles out: 38  (total out: 45,616)  -  Current np: 38,605
01355   1.355008       69,994       52       38,555        9,620     105.51  09-09-2026 16:57:14
  Particles out: 50  (total out: 45,666)  -  Current np: 38,555
01356   1.356015       70,046       52       38,510        9,620     298.00  09-09-2026 16:57:13
  Particles out: 45  (total out: 45,711)  -  Current np: 38,510
01357   1.357002       70,097       51       38,469        9,620     296.09  09-09-2026 16:57:13
  Particles out: 41  (total out: 45,752)  -  Current np: 38,469
01358   1.358009       70,149       52       38,426        9,620     437.87  09-09-2026 16:57:14
  Particles out: 43  (total out: 45,795)  -  Current np: 38,426
01359   1.359015       70,201       52       38,391        9,620     137.11  09-09-2026 16:57:13
  Particles out: 35  (total out: 45,830)  -  Current np: 38,391
01360   1.360003       70,252       51       38,357        9,620     328.83  09-09-2026 16:57:13
  Particles out: 34  (total out: 45,864)  -  Current np: 38,357
01361   1.361009       70,304       52       38,317        9,620     142.01  09-09-2026 16:57:13
  Particles out: 40  (total out: 45,904)  -  Current np: 38,317
01362   1.362016       70,356       52       38,282        9,620      28.25  09-09-2026 16:57:12
  Particles out: 35  (total out: 45,939)  -  Current np: 38,282
01363   1.363003       70,407       51       38,241        9,620      28.47  09-09-2026 16:57:12
  Particles out: 41  (total out: 45,980)  -  Current np: 38,241
01364   1.364010       70,459       52       38,189        9,620      32.12  09-09-2026 16:57:12
  Particles out: 52  (total out: 46,032)  -  Current np: 38,189
01365   1.365017       70,511       52       38,131        9,620     340.58  09-09-2026 16:57:12
  Particles out: 58  (total out: 46,090)  -  Current np: 38,131
01366   1.366004       70,562       51       38,096        9,620     296.55  09-09-2026 16:57:12
  Particles out: 35  (total out: 46,125)  -  Current np: 38,096
01367   1.367011       70,614       52       38,052        9,620     518.32  09-09-2026 16:57:13
  Particles out: 44  (total out: 46,169)  -  Current np: 38,052
01368   1.368017       70,666       52       38,010        9,620     322.62  09-09-2026 16:57:13
  Particles out: 42  (total out: 46,211)  -  Current np: 38,010
01369   1.369004       70,717       51       37,977        9,620     260.86  09-09-2026 16:57:12
  Particles out: 33  (total out: 46,244)  -  Current np: 37,977
01370   1.370011       70,769       52       37,928        9,620     286.92  09-09-2026 16:57:12
  Particles out: 49  (total out: 46,293)  -  Current np: 37,928
01371   1.371018       70,821       52       37,881        9,620     334.45  09-09-2026 16:57:13
  Particles out: 47  (total out: 46,340)  -  Current np: 37,881
01372   1.372005       70,872       51       37,843        9,620     181.66  09-09-2026 16:57:12
  Particles out: 38  (total out: 46,378)  -  Current np: 37,843
01373   1.373012       70,924       52       37,808        9,620      26.89  09-09-2026 16:57:12
  Particles out: 35  (total out: 46,413)  -  Current np: 37,808
01374   1.374018       70,976       52       37,770        9,620      26.98  09-09-2026 16:57:12
  Particles out: 38  (total out: 46,451)  -  Current np: 37,770
01375   1.375006       71,027       51       37,731        9,620      26.82  09-09-2026 16:57:11
  Particles out: 39  (total out: 46,490)  -  Current np: 37,731
01376   1.376012       71,079       52       37,696        9,620      26.81  09-09-2026 16:57:11
  Particles out: 35  (total out: 46,525)  -  Current np: 37,696
01377   1.377019       71,131       52       37,656        9,620      30.23  09-09-2026 16:57:11
  Particles out: 40  (total out: 46,565)  -  Current np: 37,656
01378   1.378006       71,182       51       37,627        9,620      26.57  09-09-2026 16:57:10
  Particles out: 29  (total out: 46,594)  -  Current np: 37,627
01379   1.379013       71,234       52       37,598        9,620      26.20  09-09-2026 16:57:10
  Particles out: 29  (total out: 46,623)  -  Current np: 37,598
01380   1.380000       71,285       51       37,576        9,620      26.08  09-09-2026 16:57:10
  Particles out: 22  (total out: 46,645)  -  Current np: 37,576
01381   1.381007       71,337       52       37,543        9,620      26.22  09-09-2026 16:57:09
  Particles out: 33  (total out: 46,678)  -  Current np: 37,543
01382   1.382014       71,389       52       37,513        9,620      25.94  09-09-2026 16:57:09
  Particles out: 30  (total out: 46,708)  -  Current np: 37,513
01383   1.383001       71,440       51       37,490        9,620     132.97  09-09-2026 16:57:09
  Particles out: 23  (total out: 46,731)  -  Current np: 37,490
01384   1.384008       71,492       52       37,457        9,620     294.00  09-09-2026 16:57:09
  Particles out: 33  (total out: 46,764)  -  Current np: 37,457
01385   1.385014       71,544       52       37,421        9,620     505.65  09-09-2026 16:57:09
  Particles out: 36  (total out: 46,800)  -  Current np: 37,421
01386   1.386002       71,595       51       37,389        9,620     274.12  09-09-2026 16:57:09
  Particles out: 32  (total out: 46,832)  -  Current np: 37,389
01387   1.387008       71,647       52       37,353        9,620     289.29  09-09-2026 16:57:10
  Particles out: 36  (total out: 46,868)  -  Current np: 37,353
01388   1.388015       71,699       52       37,318        9,620     410.93  09-09-2026 16:57:09
  Particles out: 35  (total out: 46,903)  -  Current np: 37,318
01389   1.389002       71,750       51       37,280        9,620     323.47  09-09-2026 16:57:10
  Particles out: 38  (total out: 46,941)  -  Current np: 37,280
01390   1.390009       71,802       52       37,264        9,620     316.32  09-09-2026 16:57:10
  Particles out: 16  (total out: 46,957)  -  Current np: 37,264
01391   1.391016       71,854       52       37,241        9,620     269.65  09-09-2026 16:57:09
  Particles out: 23  (total out: 46,980)  -  Current np: 37,241
01392   1.392003       71,905       51       37,209        9,620     191.51  09-09-2026 16:57:09
  Particles out: 32  (total out: 47,012)  -  Current np: 37,209
01393   1.393010       71,957       52       37,182        9,620     212.24  09-09-2026 16:57:10
  Particles out: 27  (total out: 47,039)  -  Current np: 37,182
01394   1.394016       72,009       52       37,149        9,620     262.00  09-09-2026 16:57:09
  Particles out: 33  (total out: 47,072)  -  Current np: 37,149
01395   1.395004       72,060       51       37,120        9,620     346.04  09-09-2026 16:57:09
  Particles out: 29  (total out: 47,101)  -  Current np: 37,120
01396   1.396010       72,112       52       37,086        9,620     308.98  09-09-2026 16:57:09
  Particles out: 34  (total out: 47,135)  -  Current np: 37,086
01397   1.397017       72,164       52       37,049        9,620     164.27  09-09-2026 16:57:10
  Particles out: 37  (total out: 47,172)  -  Current np: 37,049
01398   1.398004       72,215       51       37,015        9,620     334.59  09-09-2026 16:57:09
  Particles out: 34  (total out: 47,206)  -  Current np: 37,015
01399   1.399011       72,267       52       36,998        9,620     290.95  09-09-2026 16:57:09
  Particles out: 17  (total out: 47,223)  -  Current np: 36,998
01400   1.400017       72,319       52       36,973        9,620      26.69  09-09-2026 16:57:09
  Particles out: 25  (total out: 47,248)  -  Current np: 36,973
01401   1.401005       72,370       51       36,940        9,620      80.95  09-09-2026 16:57:08
  Particles out: 33  (total out: 47,281)  -  Current np: 36,940
01402   1.402011       72,422       52       36,918        9,620     352.50  09-09-2026 16:57:09
  Particles out: 22  (total out: 47,303)  -  Current np: 36,918
01403   1.403018       72,474       52       36,886        9,620     351.25  09-09-2026 16:57:09
  Particles out: 32  (total out: 47,335)  -  Current np: 36,886
01404   1.404005       72,525       51       36,858        9,620     262.38  09-09-2026 16:57:08
  Particles out: 28  (total out: 47,363)  -  Current np: 36,858
01405   1.405012       72,577       52       36,824        9,620     212.02  09-09-2026 16:57:08
  Particles out: 34  (total out: 47,397)  -  Current np: 36,824
01406   1.406019       72,629       52       36,791        9,620     339.69  09-09-2026 16:57:09
  Particles out: 33  (total out: 47,430)  -  Current np: 36,791
01407   1.407006       72,680       51       36,762        9,620     297.70  09-09-2026 16:57:09
  Particles out: 29  (total out: 47,459)  -  Current np: 36,762
01408   1.408013       72,732       52       36,735        9,620     286.62  09-09-2026 16:57:08
  Particles out: 27  (total out: 47,486)  -  Current np: 36,735
01409   1.409000       72,783       51       36,694        9,620     658.39  09-09-2026 16:57:09
  Particles out: 41  (total out: 47,527)  -  Current np: 36,694
01410   1.410007       72,835       52       36,661        9,620     378.79  09-09-2026 16:57:09
  Particles out: 33  (total out: 47,560)  -  Current np: 36,661
01411   1.411013       72,887       52       36,642        9,620     525.66  09-09-2026 16:57:09
  Particles out: 19  (total out: 47,579)  -  Current np: 36,642
01412   1.412001       72,938       51       36,619        9,620     376.57  09-09-2026 16:57:09
  Particles out: 23  (total out: 47,602)  -  Current np: 36,619
01413   1.413007       72,990       52       36,587        9,620     349.82  09-09-2026 16:57:10
  Particles out: 32  (total out: 47,634)  -  Current np: 36,587
01414   1.414014       73,042       52       36,555        9,620     316.58  09-09-2026 16:57:09
  Particles out: 32  (total out: 47,666)  -  Current np: 36,555
01415   1.415001       73,093       51       36,515        9,620     339.90  09-09-2026 16:57:09
  Particles out: 40  (total out: 47,706)  -  Current np: 36,515
01416   1.416008       73,145       52       36,488        9,620     425.39  09-09-2026 16:57:10
  Particles out: 27  (total out: 47,733)  -  Current np: 36,488
01417   1.417015       73,197       52       36,464        9,620     490.50  09-09-2026 16:57:10
  Particles out: 24  (total out: 47,757)  -  Current np: 36,464
01418   1.418002       73,248       51       36,442        9,620     597.68  09-09-2026 16:57:10
  Particles out: 22  (total out: 47,779)  -  Current np: 36,442
01419   1.419009       73,300       52       36,413        9,620     605.58  09-09-2026 16:57:10
  Particles out: 29  (total out: 47,808)  -  Current np: 36,413
01420   1.420015       73,352       52       36,383        9,620     326.69  09-09-2026 16:57:11
  Particles out: 30  (total out: 47,838)  -  Current np: 36,383
01421   1.421003       73,403       51       36,348        9,620     332.28  09-09-2026 16:57:10
  Particles out: 35  (total out: 47,873)  -  Current np: 36,348
01422   1.422009       73,455       52       36,322        9,620     236.84  09-09-2026 16:57:10
  Particles out: 26  (total out: 47,899)  -  Current np: 36,322
01423   1.423016       73,507       52       36,295        9,620     113.41  09-09-2026 16:57:10
  Particles out: 27  (total out: 47,926)  -  Current np: 36,295
01424   1.424003       73,558       51       36,271        9,620     416.23  09-09-2026 16:57:10
  Particles out: 24  (total out: 47,950)  -  Current np: 36,271
01425   1.425010       73,610       52       36,252        9,620     306.76  09-09-2026 16:57:10
  Particles out: 19  (total out: 47,969)  -  Current np: 36,252
01426   1.426017       73,662       52       36,224        9,620     295.82  09-09-2026 16:57:11
  Particles out: 28  (total out: 47,997)  -  Current np: 36,224
01427   1.427004       73,713       51       36,201        9,620     315.90  09-09-2026 16:57:11
  Particles out: 23  (total out: 48,020)  -  Current np: 36,201
01428   1.428010       73,765       52       36,180        9,620     108.54  09-09-2026 16:57:10
  Particles out: 21  (total out: 48,041)  -  Current np: 36,180
01429   1.429017       73,817       52       36,156        9,620     403.20  09-09-2026 16:57:10
  Particles out: 24  (total out: 48,065)  -  Current np: 36,156
01430   1.430004       73,868       51       36,127        9,620     305.06  09-09-2026 16:57:11
  Particles out: 29  (total out: 48,094)  -  Current np: 36,127
01431   1.431011       73,920       52       36,100        9,620     289.09  09-09-2026 16:57:10
  Particles out: 27  (total out: 48,121)  -  Current np: 36,100
01432   1.432018       73,972       52       36,068        9,620     320.93  09-09-2026 16:57:10
  Particles out: 32  (total out: 48,153)  -  Current np: 36,068
01433   1.433005       74,023       51       36,045        9,620     325.44  09-09-2026 16:57:11
  Particles out: 23  (total out: 48,176)  -  Current np: 36,045
01434   1.434012       74,075       52       36,025        9,620     604.13  09-09-2026 16:57:10
  Particles out: 20  (total out: 48,196)  -  Current np: 36,025
01435   1.435018       74,127       52       36,001        9,620     398.79  09-09-2026 16:57:11
  Particles out: 24  (total out: 48,220)  -  Current np: 36,001
01436   1.436006       74,178       51       35,982        9,620     351.27  09-09-2026 16:57:11
  Particles out: 19  (total out: 48,239)  -  Current np: 35,982
01437   1.437012       74,230       52       35,964        9,620     441.54  09-09-2026 16:57:11
  Particles out: 18  (total out: 48,257)  -  Current np: 35,964
01438   1.438019       74,282       52       35,946        9,620     277.05  09-09-2026 16:57:11
  Particles out: 18  (total out: 48,275)  -  Current np: 35,946
01439   1.439006       74,333       51       35,920        9,620     395.19  09-09-2026 16:57:11
  Particles out: 26  (total out: 48,301)  -  Current np: 35,920
01440   1.440013       74,385       52       35,897        9,620     289.13  09-09-2026 16:57:11
  Particles out: 23  (total out: 48,324)  -  Current np: 35,897
01441   1.441000       74,436       51       35,873        9,620     588.35  09-09-2026 16:57:11
  Particles out: 24  (total out: 48,348)  -  Current np: 35,873
01442   1.442007       74,488       52       35,838        9,620     240.93  09-09-2026 16:57:11
  Particles out: 35  (total out: 48,383)  -  Current np: 35,838
01443   1.443014       74,540       52       35,815        9,620     339.32  09-09-2026 16:57:11
  Particles out: 23  (total out: 48,406)  -  Current np: 35,815
01444   1.444001       74,591       51       35,789        9,620     455.41  09-09-2026 16:57:11
  Particles out: 26  (total out: 48,432)  -  Current np: 35,789
01445   1.445008       74,643       52       35,753        9,620     315.32  09-09-2026 16:57:11
  Particles out: 36  (total out: 48,468)  -  Current np: 35,753
01446   1.446014       74,695       52       35,733        9,620     363.56  09-09-2026 16:57:12
  Particles out: 20  (total out: 48,488)  -  Current np: 35,733
01447   1.447002       74,746       51       35,712        9,620     276.41  09-09-2026 16:57:12
  Particles out: 21  (total out: 48,509)  -  Current np: 35,712
01448   1.448008       74,798       52       35,692        9,620     755.29  09-09-2026 16:57:12
  Particles out: 20  (total out: 48,529)  -  Current np: 35,692
01449   1.449015       74,850       52       35,664        9,620     783.27  09-09-2026 16:57:12
  Particles out: 28  (total out: 48,557)  -  Current np: 35,664
01450   1.450002       74,901       51       35,632        9,620     314.95  09-09-2026 16:57:13
  Particles out: 32  (total out: 48,589)  -  Current np: 35,632
01451   1.451009       74,953       52       35,617        9,620     345.08  09-09-2026 16:57:12
  Particles out: 15  (total out: 48,604)  -  Current np: 35,617
01452   1.452016       75,005       52       35,604        9,620     278.37  09-09-2026 16:57:12
  Particles out: 13  (total out: 48,617)  -  Current np: 35,604
01453   1.453003       75,056       51       35,585        9,620     307.42  09-09-2026 16:57:13
  Particles out: 19  (total out: 48,636)  -  Current np: 35,585
01454   1.454009       75,108       52       35,560        9,620     332.53  09-09-2026 16:57:12
  Particles out: 25  (total out: 48,661)  -  Current np: 35,560
01455   1.455016       75,160       52       35,537        9,620     426.34  09-09-2026 16:57:12
  Particles out: 23  (total out: 48,684)  -  Current np: 35,537
01456   1.456003       75,211       51       35,506        9,620     659.65  09-09-2026 16:57:13
  Particles out: 31  (total out: 48,715)  -  Current np: 35,506
01457   1.457010       75,263       52       35,483        9,360     369.97  09-09-2026 16:57:13
  Particles out: 23  (total out: 48,738)  -  Current np: 35,483
01458   1.458017       75,315       52       35,459        9,360     312.92  09-09-2026 16:57:13
  Particles out: 24  (total out: 48,762)  -  Current np: 35,459
01459   1.459004       75,366       51       35,444        9,360     277.99  09-09-2026 16:57:13
  Particles out: 15  (total out: 48,777)  -  Current np: 35,444
01460   1.460011       75,418       52       35,420        9,360     248.82  09-09-2026 16:57:13
  Particles out: 24  (total out: 48,801)  -  Current np: 35,420
01461   1.461017       75,470       52       35,401        9,360     348.03  09-09-2026 16:57:13
  Particles out: 19  (total out: 48,820)  -  Current np: 35,401
01462   1.462005       75,521       51       35,382        9,360     307.26  09-09-2026 16:57:13
  Particles out: 19  (total out: 48,839)  -  Current np: 35,382
01463   1.463011       75,573       52       35,356        9,360     465.32  09-09-2026 16:57:13
  Particles out: 26  (total out: 48,865)  -  Current np: 35,356
01464   1.464018       75,625       52       35,332        9,360     337.43  09-09-2026 16:57:13
  Particles out: 24  (total out: 48,889)  -  Current np: 35,332
01465   1.465005       75,676       51       35,314        9,360     443.91  09-09-2026 16:57:13
  Particles out: 18  (total out: 48,907)  -  Current np: 35,314
01466   1.466012       75,728       52       35,294        9,360     389.62  09-09-2026 16:57:14
  Particles out: 20  (total out: 48,927)  -  Current np: 35,294
01467   1.467019       75,780       52       35,270        9,360     315.73  09-09-2026 16:57:14
  Particles out: 24  (total out: 48,951)  -  Current np: 35,270
01468   1.468006       75,831       51       35,237        9,360     268.96  09-09-2026 16:57:13
  Particles out: 33  (total out: 48,984)  -  Current np: 35,237
01469   1.469013       75,883       52       35,213        9,360     435.93  09-09-2026 16:57:14
  Particles out: 24  (total out: 49,008)  -  Current np: 35,213
01470   1.470019       75,935       52       35,178        9,360     407.31  09-09-2026 16:57:14
  Particles out: 35  (total out: 49,043)  -  Current np: 35,178
01471   1.471007       75,986       51       35,150        9,360     422.66  09-09-2026 16:57:13
  Particles out: 28  (total out: 49,071)  -  Current np: 35,150
01472   1.472013       76,038       52       35,117        9,360     340.59  09-09-2026 16:57:14
  Particles out: 33  (total out: 49,104)  -  Current np: 35,117
01473   1.473001       76,089       51       35,098        9,360     346.18  09-09-2026 16:57:14
  Particles out: 19  (total out: 49,123)  -  Current np: 35,098
01474   1.474007       76,141       52       35,074        9,360     328.79  09-09-2026 16:57:13
  Particles out: 24  (total out: 49,147)  -  Current np: 35,074
01475   1.475014       76,193       52       35,036        9,360     225.77  09-09-2026 16:57:14
  Particles out: 38  (total out: 49,185)  -  Current np: 35,036
01476   1.476001       76,244       51       35,017        9,360     307.84  09-09-2026 16:57:14
  Particles out: 19  (total out: 49,204)  -  Current np: 35,017
01477   1.477008       76,296       52       34,994        9,360     532.21  09-09-2026 16:57:15
  Particles out: 23  (total out: 49,227)  -  Current np: 34,994
01478   1.478015       76,348       52       34,967        9,360     364.67  09-09-2026 16:57:14
  Particles out: 27  (total out: 49,254)  -  Current np: 34,967
01479   1.479002       76,399       51       34,934        9,360     372.51  09-09-2026 16:57:14
  Particles out: 33  (total out: 49,287)  -  Current np: 34,934
01480   1.480009       76,451       52       34,909        9,360     294.15  09-09-2026 16:57:15
  Particles out: 25  (total out: 49,312)  -  Current np: 34,909
01481   1.481015       76,503       52       34,884        9,360      65.40  09-09-2026 16:57:14
  Particles out: 25  (total out: 49,337)  -  Current np: 34,884
01482   1.482002       76,554       51       34,854        9,360     341.83  09-09-2026 16:57:14
  Particles out: 30  (total out: 49,367)  -  Current np: 34,854
01483   1.483009       76,606       52       34,826        9,360     324.63  09-09-2026 16:57:14
  Particles out: 28  (total out: 49,395)  -  Current np: 34,826
01484   1.484016       76,658       52       34,798        9,360     550.17  09-09-2026 16:57:14
  Particles out: 28  (total out: 49,423)  -  Current np: 34,798
01485   1.485003       76,709       51       34,777        9,360     593.82  09-09-2026 16:57:14
  Particles out: 21  (total out: 49,444)  -  Current np: 34,777
01486   1.486010       76,761       52       34,758        9,360     333.81  09-09-2026 16:57:15
  Particles out: 19  (total out: 49,463)  -  Current np: 34,758
01487   1.487016       76,813       52       34,746        9,360     443.06  09-09-2026 16:57:14
  Particles out: 12  (total out: 49,475)  -  Current np: 34,746
01488   1.488004       76,864       51       34,719        9,360     329.75  09-09-2026 16:57:15
  Particles out: 27  (total out: 49,502)  -  Current np: 34,719
01489   1.489010       76,916       52       34,699        9,360     280.93  09-09-2026 16:57:15
  Particles out: 20  (total out: 49,522)  -  Current np: 34,699
01490   1.490017       76,968       52       34,679        9,360     271.56  09-09-2026 16:57:15
  Particles out: 20  (total out: 49,542)  -  Current np: 34,679
01491   1.491004       77,019       51       34,655        9,360     236.25  09-09-2026 16:57:14
  Particles out: 24  (total out: 49,566)  -  Current np: 34,655
01492   1.492011       77,071       52       34,630        9,360     136.64  09-09-2026 16:57:14
  Particles out: 25  (total out: 49,591)  -  Current np: 34,630
01493   1.493018       77,123       52       34,604        9,360     369.21  09-09-2026 16:57:15
  Particles out: 26  (total out: 49,617)  -  Current np: 34,604
01494   1.494005       77,174       51       34,580        9,360     285.12  09-09-2026 16:57:14
  Particles out: 24  (total out: 49,641)  -  Current np: 34,580
01495   1.495012       77,226       52       34,557        9,360     281.23  09-09-2026 16:57:14
  Particles out: 23  (total out: 49,664)  -  Current np: 34,557
01496   1.496018       77,278       52       34,537        9,360     279.81  09-09-2026 16:57:15
  Particles out: 20  (total out: 49,684)  -  Current np: 34,537
01497   1.497006       77,329       51       34,522        9,360     301.91  09-09-2026 16:57:14
  Particles out: 15  (total out: 49,699)  -  Current np: 34,522
01498   1.498012       77,381       52       34,495        9,360     430.99  09-09-2026 16:57:14
  Particles out: 27  (total out: 49,726)  -  Current np: 34,495
01499   1.499019       77,433       52       34,475        9,360     561.96  09-09-2026 16:57:15
  Particles out: 20  (total out: 49,746)  -  Current np: 34,475
01500   1.500006       77,484       51       34,452        9,360     502.10  09-09-2026 16:57:15
  Particles out: 23  (total out: 49,769)  -  Current np: 34,452

[Simulation finished  09-09-2026 16:57:15]
Particles of simulation (initial): 84,221
DTs adjusted to DtMin............: 77,484
Excluded particles...............: 49,769
Total Runtime....................: 458.379364 sec.
Simulation Runtime...............: 458.155365 sec.
Runtime per physical second......: 305.435638 sec.
Steps per second.................: 169.121674
Steps of simulation..............: 77,484
PART files.......................: 1501
Maximum number of particles......: 84,221
Maximum number of cells..........: 19,044
CPU Memory.......................: 8,649,678 (8.25 MiB)
GPU Memory.......................: 15,119,060 (14.42 MiB)
GPU Memory (for cells)...........: 534,280 (0.51 MiB)
 
[GPU Timers]
VA-Init..........................: 0.224023 sec.
NL-Limits........................: 36.073900 sec.
NL-PreSort.......................: 0.229397 sec.
NL-RadixSort.....................: 39.601861 sec.
NL-CellBegin.....................: 38.074795 sec.
NL-SortData......................: 36.826126 sec.
NL-OutCheck......................: 1.128921 sec.
CF-PreForces.....................: 77.897273 sec.
CF-PreMDBC.......................: 45.283761 sec.
CF-Forces........................: 141.937951 sec.
SU-Shifting......................: 0 sec.
SU-ComputeStep...................: 36.726289 sec.
SU-Floating......................: 0 sec.
SU-Motion........................: 0 sec.
SU-Periodic......................: 0 sec.
SU-ResizeNp......................: 0 sec.
SU-DownData......................: 1.258164 sec.
SU-SavePart......................: 2.991044 sec.
SU-Chrono........................: 0 sec.
SU-Moorings......................: 0 sec.
SU-InOut.........................: 0 sec.
SU-Gauges........................: 0 sec.
SU-FlexStruc.....................: 0 sec.
 
[Output files]
- CfgInit_Domain.vtk......: Saves the limits of the case and the simulation domain limits.
- CfgInit_MapCells.vtk....: Saves the cell division of the simulation domain.
- CfgInit_Normals.vtk.....: Saves VTK file with initial normals (from boundary particles to boundary limit).
- CfgInit_NormalsGhost.vtk: Saves VTK file with initial normals (from boundary particles to ghost node).
- Run.csv.................: One line CSV file with execution parameters and other simulation data.
- Run.out.................: Log file of the simulation.
- RunPARTs.csv............: Saves extra information of simulated PARTs.
- data/PartInfo.ibi4......: Binary file with execution information for each instant (input for PartInfo program).
- data/PartOut_???.obi4...: Binary file with particles excluded during simulation (input for PartVtkOut program).
- data/Part_????.bi4......: Binary file with particle data in different instants.
- data/Part_Head.ibi4.....: Binary file with basic information of simulation data.
 
[WARNINGS]
01. 1 DTs adjusted to DtMin (t:0, nstep:0)
02. 10 DTs adjusted to DtMin (t:0.00017423, nstep:9)
03. 100 DTs adjusted to DtMin (t:0.00191653, nstep:99)
04. 1000 DTs adjusted to DtMin (t:0.0193396, nstep:999)
05. 10000 DTs adjusted to DtMin (t:0.19357, nstep:9999)
06. More than 10% of particles were excluded (t:0.75101, nstep:38794)
07. More than 20% of particles were excluded (t:0.896008, nstep:46284)
08. More than 30% of particles were excluded (t:1.03001, nstep:53206)
09. More than 40% of particles were excluded (t:1.15201, nstep:59508)
10. More than 50% of particles were excluded (t:1.28402, nstep:66327)
 
[References]
- Official solver reference DualSPHysics v5.0: J.M. Dominguez, G. Fourtakas,
    C. Altomare, R.B. Canelas, A. Tafuni, O. Garcia-Feal, I. Martinez-Estevez,
    A. Mokos, R. Vacondio, A.J.C. Crespo, B.D. Rogers, P.K. Stansby, M. Gomez-Gesteira.
    2022. DualSPHysics: from fluid dynamics to multiphysics problems.
    Computational Particle Mechanics, 9:867-895. doi: https://doi.org/10.1007/s40571-021-00404-2

- Optimised CPU multi-core and GPU implementation (Dominguez et al., 2013  https://doi.org/10.1016/j.cpc.2012.10.015)
- Modified Dynamic boundary conditions (English et al., 2021  https://doi.org/10.1007/s40571-021-00403-3)
- Density diffusion Term: Fourtakas (Fourtakas et al., 2019  https://doi.org/10.1016/j.compfluid.2019.06.009)
- Viscosity: Artificial (Monaghan, 1992  https://doi.org/10.1146/annurev.aa.30.090192.002551)
- Kernel: Quintic Wendland (Wendland, 1995  https://doi.org/10.1007/BF02123482)
- Time integration scheme: Verlet (Verlet, 1967  https://doi.org/10.1103/PhysRev.159.98)

Finished execution (code=0).

