Part;TimeStep [s];Steps;DTsMin;PartRuntime [s];NpSave;NpSim;NpNew;NpOut;NctSim;NpAlloc [X];NctAlloc [X];SimRuntime [s];NpbSim;NpfSim;NpNormal;NpOutPos;NpOutRho;NpOutMov;DtMin [s];DtMax [s];MemCPU [MiB];MemGPU [MiB];MemGPU_Cells [MiB];NpAlloc;NctAlloc
0;0;0;0;0.000000;84,221;84,221;0;0;2,808;1.001520;11.891026;0.000000;24,161;60,060;84,221;0;0;0;0;0;8.248976;14.418659;0.509529;84,349;33,390
1;0.001006663655501357;53;52;1.305921;84,221;84,221;0;0;2,808;1.001520;11.891026;1.305921;24,161;60,060;84,221;0;0;0;1.935891645194918e-05;1.935891645194918e-05;7.283678;14.418659;0.509529;84,349;33,390
2;0.002013327311002715;52;52;0.948683;84,221;84,221;0;0;2,808;1.001520;11.891026;2.257208;24,161;60,060;84,221;0;0;0;1.935891645194918e-05;1.935891645194918e-05;7.283678;14.418659;0.509529;84,349;33,390
3;0.003000632050052124;51;51;0.740983;84,221;84,221;0;0;2,808;1.001520;11.891026;3.000457;24,161;60,060;84,221;0;0;0;1.935891645194918e-05;1.935891645194918e-05;7.283678;14.418659;0.509529;84,349;33,390
4;0.004007295705553479;52;52;0.428095;84,221;84,221;0;0;2,808;1.001520;11.891026;3.430761;24,161;60,060;84,221;0;0;0;1.935891645194918e-05;1.935891645194918e-05;7.283678;14.418659;0.509529;84,349;33,390
5;0.005013959361054814;52;52;0.381107;84,221;84,221;0;0;2,808;1.001520;11.891026;3.814092;24,161;60,060;84,221;0;0;0;1.935891645194918e-05;1.935891645194918e-05;7.283678;14.418659;0.509529;84,349;33,390
6;0.0060012641001042;51;51;0.432423;84,221;84,221;0;0;2,808;1.001520;11.891026;4.248681;24,161;60,060;84,221;0;0;0;1.935891645194918e-05;1.935891645194918e-05;7.283678;14.418659;0.509529;84,349;33,390
7;0.007007927755605535;52;52;0.380694;84,221;84,221;0;0;2,808;1.001520;11.891026;4.632090;24,161;60,060;84,221;0;0;0;1.935891645194918e-05;1.935891645194918e-05;7.283678;14.418659;0.509529;84,349;33,390
8;0.008014591411106879;52;52;0.330049;84,221;84,221;0;0;2,808;1.001520;11.891026;4.964694;24,161;60,060;84,221;0;0;0;1.935891645194918e-05;1.935891645194918e-05;7.283678;14.418659;0.509529;84,349;33,390
9;0.00900189615015631;51;51;0.431769;84,221;84,221;0;0;2,808;1.001520;11.891026;5.398794;24,161;60,060;84,221;0;0;0;1.935891645194918e-05;1.935891645194918e-05;7.283678;14.418659;0.509529;84,349;33,390
10;0.01000855980565769;52;52;0.364475;84,221;84,221;0;0;2,808;1.001520;11.891026;5.765467;24,161;60,060;84,221;0;0;0;1.935891645194918e-05;1.935891645194918e-05;7.283678;14.418659;0.509529;84,349;33,390
11;0.01101522346115907;52;52;0.437966;84,221;84,221;0;0;2,808;1.001520;11.891026;6.205690;24,161;60,060;84,221;0;0;0;1.935891645194918e-05;1.935891645194918e-05;7.283678;14.418659;0.509529;84,349;33,390
12;0.0120025282002085;51;51;0.396622;84,221;84,221;0;0;2,808;1.001520;11.891026;6.604618;24,161;60,060;84,221;0;0;0;1.935891645194918e-05;1.935891645194918e-05;7.283678;14.418659;0.509529;84,349;33,390
13;0.01300919185570988;52;52;0.439510;84,221;84,221;0;0;2,808;1.001520;11.891026;7.046444;24,161;60,060;84,221;0;0;0;1.935891645194918e-05;1.935891645194918e-05;7.283678;14.418659;0.509529;84,349;33,390
14;0.01401585551121126;52;52;0.284179;84,221;84,221;0;0;2,808;1.001520;11.891026;7.332958;24,161;60,060;84,221;0;0;0;1.935891645194918e-05;1.935891645194918e-05;7.283678;14.418659;0.509529;84,349;33,390
15;0.01500316025026069;51;51;0.398419;84,221;84,221;0;0;2,808;1.001520;11.891026;7.733512;24,161;60,060;84,221;0;0;0;1.935891645194918e-05;1.935891645194918e-05;7.283678;14.418659;0.509529;84,349;33,390
16;0.01600982390576207;52;52;0.289624;84,221;84,221;0;0;2,808;1.001520;11.891026;8.025717;24,161;60,060;84,221;0;0;0;1.935891645194918e-05;1.935891645194918e-05;7.283678;14.418659;0.509529;84,349;33,390
17;0.01701648756126345;52;52;0.378658;84,221;84,221;0;0;2,808;1.001520;11.891026;8.406584;24,161;60,060;84,221;0;0;0;1.935891645194918e-05;1.935891645194918e-05;7.283678;14.418659;0.509529;84,349;33,390
18;0.01800379230031288;51;51;0.359575;84,221;84,221;0;0;2,808;1.001520;11.891026;8.768256;24,161;60,060;84,221;0;0;0;1.935891645194918e-05;1.935891645194918e-05;7.283678;14.418659;0.509529;84,349;33,390
19;0.01901045595581426;52;52;0.384163;84,221;84,221;0;0;2,808;1.001520;11.891026;9.154703;24,161;60,060;84,221;0;0;0;1.935891645194918e-05;1.935891645194918e-05;7.283678;14.418659;0.509529;84,349;33,390
20;0.02001711961131564;52;52;0.456222;84,221;84,221;0;0;2,808;1.001520;11.891026;9.613110;24,161;60,060;84,221;0;0;0;1.935891645194918e-05;1.935891645194918e-05;7.283678;14.418659;0.509529;84,349;33,390
21;0.02100442435036507;51;51;0.379518;84,221;84,221;0;0;2,808;1.001520;11.891026;9.995226;24,161;60,060;84,221;0;0;0;1.935891645194918e-05;1.935891645194918e-05;7.283678;14.418659;0.509529;84,349;33,390
22;0.02201108800586645;52;52;0.297599;84,221;84,221;0;0;2,808;1.001520;11.891026;10.295004;24,161;60,060;84,221;0;0;0;1.935891645194918e-05;1.935891645194918e-05;7.283678;14.418659;0.509529;84,349;33,390
23;0.02301775166136783;52;52;0.296290;84,221;84,221;0;0;2,808;1.001520;11.891026;10.594187;24,161;60,060;84,221;0;0;0;1.935891645194918e-05;1.935891645194918e-05;7.283678;14.418659;0.509529;84,349;33,390
24;0.02400505640041727;51;51;0.439244;84,221;84,221;0;0;2,808;1.001520;11.891026;11.035607;24,161;60,060;84,221;0;0;0;1.935891645194918e-05;1.935891645194918e-05;7.283678;14.418659;0.509529;84,349;33,390
25;0.02501172005591865;52;52;0.229182;84,221;84,221;0;0;2,808;1.001520;11.891026;11.267308;24,161;60,060;84,221;0;0;0;1.935891645194918e-05;1.935891645194918e-05;7.283678;14.418659;0.509529;84,349;33,390
26;0.02601838371142003;52;52;0.399490;84,221;84,221;0;0;2,808;1.001520;11.891026;11.668874;24,161;60,060;84,221;0;0;0;1.935891645194918e-05;1.935891645194918e-05;7.283678;14.418659;0.509529;84,349;33,390
27;0.02700568845046946;51;51;0.251220;84,221;84,221;0;0;2,808;1.001520;11.891026;11.922508;24,161;60,060;84,221;0;0;0;1.935891645194918e-05;1.935891645194918e-05;7.283678;14.418659;0.509529;84,349;33,390
28;0.02801235210597084;52;52;0.436024;84,221;84,221;0;0;2,808;1.001520;11.891026;12.360643;24,161;60,060;84,221;0;0;0;1.935891645194918e-05;1.935891645194918e-05;7.283678;14.418659;0.509529;84,349;33,390
29;0.02901901576147222;52;52;0.300206;84,221;84,221;0;0;2,808;1.001520;11.891026;12.663260;24,161;60,060;84,221;0;0;0;1.935891645194918e-05;1.935891645194918e-05;7.283678;14.418659;0.509529;84,349;33,390
30;0.03000632050052165;51;51;0.279202;84,221;84,221;0;0;2,808;1.001520;11.891026;12.944535;24,161;60,060;84,221;0;0;0;1.935891645194918e-05;1.935891645194918e-05;7.283678;14.418659;0.509529;84,349;33,390
31;0.03101298415602303;52;52;0.438550;84,221;84,221;0;0;2,808;1.001520;11.891026;13.385252;24,161;60,060;84,221;0;0;0;1.935891645194918e-05;1.935891645194918e-05;7.283678;14.418659;0.509529;84,349;33,390
32;0.03200028889507232;51;51;0.392787;84,221;84,221;0;0;2,808;1.001520;11.891026;13.780114;24,161;60,060;84,221;0;0;0;1.935891645194918e-05;1.935891645194918e-05;7.283678;14.418659;0.509529;84,349;33,390
33;0.03300695255057352;52;52;0.290828;84,221;84,221;0;0;2,808;1.001520;11.891026;14.073122;24,161;60,060;84,221;0;0;0;1.935891645194918e-05;1.935891645194918e-05;7.283678;14.418659;0.509529;84,349;33,390
34;0.03401361620607472;52;52;0.476456;84,221;84,221;0;0;2,808;1.001520;11.891026;14.552036;24,161;60,060;84,221;0;0;0;1.935891645194918e-05;1.935891645194918e-05;7.283678;14.418659;0.509529;84,349;33,390
35;0.03500092094512398;51;51;0.284707;84,221;84,221;0;0;2,808;1.001520;11.891026;14.838765;24,161;60,060;84,221;0;0;0;1.935891645194918e-05;1.935891645194918e-05;7.283678;14.418659;0.509529;84,349;33,390
36;0.03600758460062518;52;52;0.385702;84,221;84,221;0;0;2,808;1.001520;11.891026;15.226976;24,161;60,060;84,221;0;0;0;1.935891645194918e-05;1.935891645194918e-05;7.283678;14.418659;0.509529;84,349;33,390
37;0.03701424825612638;52;52;0.961729;84,221;84,221;0;0;2,808;1.001520;11.891026;16.190868;24,161;60,060;84,221;0;0;0;1.935891645194918e-05;1.935891645194918e-05;7.283678;14.418659;0.509529;84,349;33,390
38;0.03800155299517563;51;51;0.345812;84,221;84,221;0;0;2,808;1.001520;11.891026;16.539297;24,161;60,060;84,221;0;0;0;1.935891645194918e-05;1.935891645194918e-05;7.283678;14.418659;0.509529;84,349;33,390
39;0.03900821665067683;52;52;0.346534;84,221;84,221;0;0;2,808;1.001520;11.891026;16.888083;24,161;60,060;84,221;0;0;0;1.935891645194918e-05;1.935891645194918e-05;7.283678;14.418659;0.509529;84,349;33,390
40;0.04001488030617803;52;52;0.512819;84,221;84,221;0;0;2,808;1.001520;11.891026;17.403595;24,161;60,060;84,221;0;0;0;1.935891645194918e-05;1.935891645194918e-05;7.283678;14.418659;0.509529;84,349;33,390
41;0.04100218504522728;51;51;0.296972;84,221;84,221;0;0;2,808;1.001520;11.891026;17.705592;24,161;60,060;84,221;0;0;0;1.935891645194918e-05;1.935891645194918e-05;7.283678;14.418659;0.509529;84,349;33,390
42;0.04200884870072848;52;52;0.408768;84,221;84,221;0;0;2,652;1.001520;12.590498;18.117253;24,161;60,060;84,221;0;0;0;1.935891645194918e-05;1.935891645194918e-05;7.283678;14.418659;0.509529;84,349;33,390
43;0.04301551235622968;52;52;0.469499;84,221;84,221;0;0;2,652;1.001520;12.590498;18.588918;24,161;60,060;84,221;0;0;0;1.935891645194918e-05;1.935891645194918e-05;7.283678;14.418659;0.509529;84,349;33,390
44;0.04400281709527894;51;51;0.351305;84,221;84,221;0;0;2,652;1.001520;12.590498;18.942317;24,161;60,060;84,221;0;0;0;1.935891645194918e-05;1.935891645194918e-05;7.283678;14.418659;0.509529;84,349;33,390
45;0.04500948075078014;52;52;0.455775;84,221;84,221;0;0;2,652;1.001520;12.590498;19.400733;24,161;60,060;84,221;0;0;0;1.935891645194918e-05;1.935891645194918e-05;7.283678;14.418659;0.509529;84,349;33,390
46;0.04601614440628134;52;52;0.439820;84,221;84,221;0;0;2,652;1.001520;12.590498;19.842797;24,161;60,060;84,221;0;0;0;1.935891645194918e-05;1.935891645194918e-05;7.283678;14.418659;0.509529;84,349;33,390
47;0.04700344914533059;51;51;0.472666;84,221;84,221;0;0;2,652;1.001520;12.590498;20.317886;24,161;60,060;84,221;0;0;0;1.935891645194918e-05;1.935891645194918e-05;7.283678;14.418659;0.509529;84,349;33,390
48;0.04801011280083179;52;52;0.360908;84,221;84,221;0;0;2,652;1.001520;12.590498;20.680895;24,161;60,060;84,221;0;0;0;1.935891645194918e-05;1.935891645194918e-05;7.283678;14.418659;0.509529;84,349;33,390
49;0.04901677645633299;52;52;0.514382;84,221;84,221;0;0;2,652;1.001520;12.590498;21.197666;24,161;60,060;84,221;0;0;0;1.935891645194918e-05;1.935891645194918e-05;7.283678;14.418659;0.509529;84,349;33,390
50;0.05000408119538224;51;51;0.442236;84,221;84,221;0;0;2,652;1.001520;12.590498;21.641916;24,161;60,060;84,221;0;0;0;1.935891645194918e-05;1.935891645194918e-05;7.283678;14.418659;0.509529;84,349;33,390
51;0.05101074485088344;52;52;0.466865;84,221;84,221;0;0;2,652;1.001520;12.590498;22.110793;24,161;60,060;84,221;0;0;0;1.935891645194918e-05;1.935891645194918e-05;7.283678;14.418659;0.509529;84,349;33,390
52;0.05201740850638464;52;52;0.688134;84,221;84,221;0;0;2,652;1.001520;12.590498;22.800938;24,161;60,060;84,221;0;0;0;1.935891645194918e-05;1.935891645194918e-05;7.283678;14.418659;0.509529;84,349;33,390
53;0.0530047132454339;51;51;0.250128;84,221;84,221;0;0;2,652;1.001520;12.590498;23.053290;24,161;60,060;84,221;0;0;0;1.935891645194918e-05;1.935891645194918e-05;7.283678;14.418659;0.509529;84,349;33,390
54;0.0540113769009351;52;52;0.380947;84,221;84,221;0;0;2,652;1.001520;12.590498;23.436639;24,161;60,060;84,221;0;0;0;1.935891645194918e-05;1.935891645194918e-05;7.283678;14.418659;0.509529;84,349;33,390
55;0.0550180405564363;52;52;0.442158;84,221;84,221;0;0;2,652;1.001520;12.590498;23.880902;24,161;60,060;84,221;0;0;0;1.935891645194918e-05;1.935891645194918e-05;7.283678;14.418659;0.509529;84,349;33,390
56;0.05600534529548555;51;51;0.507893;84,221;84,221;0;0;2,652;1.001520;12.590498;24.391185;24,161;60,060;84,221;0;0;0;1.935891645194918e-05;1.935891645194918e-05;7.283678;14.418659;0.509529;84,349;33,390
57;0.05701200895098675;52;52;0.301472;84,221;84,221;0;0;2,652;1.001520;12.590498;24.694904;24,161;60,060;84,221;0;0;0;1.935891645194918e-05;1.935891645194918e-05;7.283678;14.418659;0.509529;84,349;33,390
58;0.05801867260648795;52;52;0.362921;84,221;84,221;0;0;2,652;1.001520;12.590498;25.060300;24,161;60,060;84,221;0;0;0;1.935891645194918e-05;1.935891645194918e-05;7.283678;14.418659;0.509529;84,349;33,390
59;0.0590059773455372;51;51;0.686642;84,221;84,221;0;0;2,652;1.001520;12.590498;25.749550;24,161;60,060;84,221;0;0;0;1.935891645194918e-05;1.935891645194918e-05;7.283678;14.418659;0.509529;84,349;33,390
60;0.0600126410010384;52;52;0.286003;84,221;84,221;0;0;2,652;1.001520;12.590498;26.037642;24,161;60,060;84,221;0;0;0;1.935891645194918e-05;1.935891645194918e-05;7.283678;14.418659;0.509529;84,349;33,390
61;0.0610193046565396;52;52;0.435023;84,221;84,221;0;0;2,652;1.001520;12.590498;26.474867;24,161;60,060;84,221;0;0;0;1.935891645194918e-05;1.935891645194918e-05;7.283678;14.418659;0.509529;84,349;33,390
62;0.06200660939558886;51;51;0.336427;84,221;84,221;0;0;2,652;1.001520;12.590498;26.813586;24,161;60,060;84,221;0;0;0;1.935891645194918e-05;1.935891645194918e-05;7.283678;14.418659;0.509529;84,349;33,390
63;0.06301327305109024;52;52;0.245913;84,221;84,221;0;0;2,652;1.001520;12.590498;27.061596;24,161;60,060;84,221;0;0;0;1.935891645194918e-05;1.935891645194918e-05;7.283678;14.418659;0.509529;84,349;33,390
64;0.06400057779013985;51;51;0.787142;84,221;84,221;0;0;2,652;1.001520;12.590498;27.850969;24,161;60,060;84,221;0;0;0;1.935891645194918e-05;1.935891645194918e-05;7.283678;14.418659;0.509529;84,349;33,390
65;0.06500724144564141;52;52;0.293802;84,221;84,221;0;0;2,652;1.001520;12.590498;28.146934;24,161;60,060;84,221;0;0;0;1.935891645194918e-05;1.935891645194918e-05;7.283678;14.418659;0.509529;84,349;33,390
66;0.06601390510114297;52;52;0.429108;84,221;84,221;0;0;2,652;1.001520;12.590498;28.578063;24,161;60,060;84,221;0;0;0;1.935891645194918e-05;1.935891645194918e-05;7.283678;14.418659;0.509529;84,349;33,390
67;0.06700120984019257;51;51;0.086001;84,221;84,221;0;0;2,873;1.001520;11.621998;28.666505;24,161;60,060;84,221;0;0;0;1.935891645194918e-05;1.935891645194918e-05;7.283678;14.418659;0.509529;84,349;33,390
68;0.06800787349569413;52;52;0.315986;84,221;84,221;0;0;2,873;1.001520;11.621998;28.984589;24,161;60,060;84,221;0;0;0;1.935891645194918e-05;1.935891645194918e-05;7.283678;14.418659;0.509529;84,349;33,390
69;0.0690145371511957;52;52;0.335487;84,221;84,221;0;0;2,873;1.001520;11.621998;29.322201;24,161;60,060;84,221;0;0;0;1.935891645194918e-05;1.935891645194918e-05;7.283678;14.418659;0.509529;84,349;33,390
70;0.0700018418902453;51;51;0.290227;84,221;84,221;0;0;2,873;1.001520;11.621998;29.614395;24,161;60,060;84,221;0;0;0;1.935891645194918e-05;1.935891645194918e-05;7.283678;14.418659;0.509529;84,349;33,390
71;0.07100850554574686;52;52;0.318686;84,221;84,221;0;0;2,873;1.001520;11.621998;29.935099;24,161;60,060;84,221;0;0;0;1.935891645194918e-05;1.935891645194918e-05;7.283678;14.418659;0.509529;84,349;33,390
72;0.07201516920124842;52;52;0.481890;84,221;84,221;0;0;2,873;1.001520;11.621998;30.419341;24,161;60,060;84,221;0;0;0;1.935891645194918e-05;1.935891645194918e-05;7.283678;14.418659;0.509529;84,349;33,390
73;0.07300247394029803;51;51;0.527468;84,221;84,221;0;0;2,873;1.001520;11.621998;30.948775;24,161;60,060;84,221;0;0;0;1.935891645194918e-05;1.935891645194918e-05;7.283678;14.418659;0.509529;84,349;33,390
74;0.07400913759579959;52;52;0.309423;84,221;84,221;0;0;2,873;1.001520;11.621998;31.260472;24,161;60,060;84,221;0;0;0;1.935891645194918e-05;1.935891645194918e-05;7.283678;14.418659;0.509529;84,349;33,390
75;0.07501580125130115;52;52;0.449806;84,221;84,221;0;0;3,094;1.001520;10.791855;31.712355;24,161;60,060;84,221;0;0;0;1.935891645194918e-05;1.935891645194918e-05;7.283678;14.418659;0.509529;84,349;33,390
76;0.07600310599035076;51;51;0.423353;84,221;84,221;0;0;3,094;1.001520;10.791855;32.138190;24,161;60,060;84,221;0;0;0;1.935891645194918e-05;1.935891645194918e-05;7.283678;14.418659;0.509529;84,349;33,390
77;0.07700976964585232;52;52;0.355041;84,221;84,221;0;0;3,094;1.001520;10.791855;32.495918;24,161;60,060;84,221;0;0;0;1.935891645194918e-05;1.935891645194918e-05;7.283678;14.418659;0.509529;84,349;33,390
78;0.07801643330135388;52;52;1.001933;84,221;84,221;0;0;3,094;1.001520;10.791855;33.500822;24,161;60,060;84,221;0;0;0;1.935891645194918e-05;1.935891645194918e-05;7.283678;14.418659;0.509529;84,349;33,390
79;0.07900373804040349;51;51;0.347931;84,221;84,221;0;0;3,094;1.001520;10.791855;33.851370;24,161;60,060;84,221;0;0;0;1.935891645194918e-05;1.935891645194918e-05;7.283678;14.418659;0.509529;84,349;33,390
80;0.08001040169590505;52;52;0.502151;84,221;84,221;0;0;3,094;1.001520;10.791855;34.356433;24,161;60,060;84,221;0;0;0;1.935891645194918e-05;1.935891645194918e-05;7.283678;14.418659;0.509529;84,349;33,390
81;0.08101706535140661;52;52;0.391006;84,221;84,221;0;0;3,094;1.001520;10.791855;34.750168;24,161;60,060;84,221;0;0;0;1.935891645194918e-05;1.935891645194918e-05;7.283678;14.418659;0.509529;84,349;33,390
82;0.08200437009045622;51;51;0.378695;84,221;84,221;0;0;3,094;1.001520;10.791855;35.131089;24,161;60,060;84,221;0;0;0;1.935891645194918e-05;1.935891645194918e-05;7.283678;14.418659;0.509529;84,349;33,390
83;0.08301103374595778;52;52;0.305672;84,221;84,221;0;0;3,094;1.001520;10.791855;35.438886;24,161;60,060;84,221;0;0;0;1.935891645194918e-05;1.935891645194918e-05;7.283678;14.418659;0.509529;84,349;33,390
84;0.08401769740145934;52;52;0.535029;84,221;84,221;0;0;3,094;1.001520;10.791855;35.977216;24,161;60,060;84,221;0;0;0;1.935891645194918e-05;1.935891645194918e-05;7.283678;14.418659;0.509529;84,349;33,390
85;0.08500500214050895;51;51;0.696374;84,221;84,221;0;0;3,094;1.001520;10.791855;36.675824;24,161;60,060;84,221;0;0;0;1.935891645194918e-05;1.935891645194918e-05;7.283678;14.418659;0.509529;84,349;33,390
86;0.08601166579601051;52;52;0.386132;84,221;84,221;0;0;3,094;1.001520;10.791855;37.064304;24,161;60,060;84,221;0;0;0;1.935891645194918e-05;1.935891645194918e-05;7.283678;14.418659;0.509529;84,349;33,390
87;0.08701832945151207;52;52;0.458368;84,221;84,221;0;0;3,094;1.001520;10.791855;37.524927;24,161;60,060;84,221;0;0;0;1.935891645194918e-05;1.935891645194918e-05;7.283678;14.418659;0.509529;84,349;33,390
88;0.08800563419056168;51;51;0.384671;84,221;84,221;0;0;3,094;1.001520;10.791855;37.911699;24,161;60,060;84,221;0;0;0;1.935891645194918e-05;1.935891645194918e-05;7.283678;14.418659;0.509529;84,349;33,390
89;0.08901229784606324;52;52;0.468586;84,221;84,221;0;0;3,094;1.001520;10.791855;38.383063;24,161;60,060;84,221;0;0;0;1.935891645194918e-05;1.935891645194918e-05;7.283678;14.418659;0.509529;84,349;33,390
90;0.0900189615015648;52;52;0.716120;84,221;84,221;0;0;3,094;1.001520;10.791855;39.101535;24,161;60,060;84,221;0;0;0;1.935891645194918e-05;1.935891645194918e-05;7.283678;14.418659;0.509529;84,349;33,390
91;0.09100626624061441;51;51;0.371385;84,221;84,221;0;0;3,094;1.001520;10.791855;39.475328;24,161;60,060;84,221;0;0;0;1.935891645194918e-05;1.935891645194918e-05;7.283678;14.418659;0.509529;84,349;33,390
92;0.09201292989611597;52;52;0.496070;84,221;84,221;0;0;3,094;1.001520;10.791855;39.973826;24,161;60,060;84,221;0;0;0;1.935891645194918e-05;1.935891645194918e-05;7.283678;14.418659;0.509529;84,349;33,390
93;0.09300023463516557;51;51;0.310340;84,221;84,221;0;0;3,094;1.001520;10.791855;40.286998;24,161;60,060;84,221;0;0;0;1.935891645194918e-05;1.935891645194918e-05;7.283678;14.418659;0.509529;84,349;33,390
94;0.09400689829066713;52;52;0.469557;84,221;84,221;0;0;3,094;1.001520;10.791855;40.759128;24,161;60,060;84,221;0;0;0;1.935891645194918e-05;1.935891645194918e-05;7.283678;14.418659;0.509529;84,349;33,390
95;0.0950135619461687;52;52;0.415681;84,221;84,221;0;0;2,912;1.001520;11.466346;41.177291;24,161;60,060;84,221;0;0;0;1.935891645194918e-05;1.935891645194918e-05;7.283678;14.418659;0.509529;84,349;33,390
96;0.0960008666852183;51;51;0.711207;84,221;84,221;0;0;3,120;1.001520;10.701923;41.890753;24,161;60,060;84,221;0;0;0;1.935891645194918e-05;1.935891645194918e-05;7.283678;14.418659;0.509529;84,349;33,390
97;0.09700753034071986;52;52;0.421313;84,221;84,221;0;0;3,120;1.001520;10.701923;42.314158;24,161;60,060;84,221;0;0;0;1.935891645194918e-05;1.935891645194918e-05;7.283678;14.418659;0.509529;84,349;33,390
98;0.09801419399622142;52;52;0.283322;84,221;84,221;0;0;3,120;1.001520;10.701923;42.599556;24,161;60,060;84,221;0;0;0;1.935891645194918e-05;1.935891645194918e-05;7.283678;14.418659;0.509529;84,349;33,390
99;0.09900149873527103;51;51;0.419392;84,221;84,221;0;0;3,120;1.001520;10.701923;43.021374;24,161;60,060;84,221;0;0;0;1.935891645194918e-05;1.935891645194918e-05;7.283678;14.418659;0.509529;84,349;33,390
100;0.1000081623907726;52;52;0.351439;84,221;84,221;0;0;3,120;1.001520;10.701923;43.374885;24,161;60,060;84,221;0;0;0;1.935891645194918e-05;1.935891645194918e-05;7.283678;14.418659;0.509529;84,349;33,390
101;0.1010148260462742;52;52;0.524118;84,221;84,221;0;0;3,120;1.001520;10.701923;43.901555;24,161;60,060;84,221;0;0;0;1.935891645194918e-05;1.935891645194918e-05;7.283678;14.418659;0.509529;84,349;33,390
102;0.1020021307853238;51;51;0.624444;84,221;84,221;0;0;3,120;1.001520;10.701923;44.528451;24,161;60,060;84,221;0;0;0;1.935891645194918e-05;1.935891645194918e-05;7.283678;14.418659;0.509529;84,349;33,390
103;0.1030087944408253;52;52;0.292456;84,221;84,221;0;0;3,120;1.001520;10.701923;44.823701;24,161;60,060;84,221;0;0;0;1.935891645194918e-05;1.935891645194918e-05;7.283678;14.418659;0.509529;84,349;33,390
104;0.1040154580963269;52;52;0.235910;84,221;84,221;0;0;3,120;1.001520;10.701923;45.065489;24,161;60,060;84,221;0;0;0;1.935891645194918e-05;1.935891645194918e-05;7.283678;14.418659;0.509529;84,349;33,390
105;0.1050027628353765;51;51;0.401637;84,221;84,221;0;0;3,120;1.001520;10.701923;45.469823;24,161;60,060;84,221;0;0;0;1.935891645194918e-05;1.935891645194918e-05;7.283678;14.418659;0.509529;84,349;33,390
106;0.1060094264908781;52;52;0.359530;84,221;84,221;0;0;3,120;1.001520;10.701923;45.832184;24,161;60,060;84,221;0;0;0;1.935891645194918e-05;1.935891645194918e-05;7.283678;14.418659;0.509529;84,349;33,390
107;0.1070160901463796;52;52;0.473834;84,221;84,221;0;0;3,120;1.001520;10.701923;46.308694;24,161;60,060;84,221;0;0;0;1.935891645194918e-05;1.935891645194918e-05;7.283678;14.418659;0.509529;84,349;33,390
108;0.1080033948854292;51;51;0.631988;84,221;84,221;0;0;3,120;1.001520;10.701923;46.943583;24,161;60,060;84,221;0;0;0;1.935891645194918e-05;1.935891645194918e-05;7.283678;14.418659;0.509529;84,349;33,390
109;0.1090100585409308;52;52;0.440702;84,221;84,221;0;0;3,120;1.001520;10.701923;47.386787;24,161;60,060;84,221;0;0;0;1.935891645194918e-05;1.935891645194918e-05;7.283678;14.418659;0.509529;84,349;33,390
110;0.1100167221964323;52;52;0.258245;84,221;84,221;0;0;3,120;1.001520;10.701923;47.647389;24,161;60,060;84,221;0;0;0;1.935891645194918e-05;1.935891645194918e-05;7.283678;14.418659;0.509529;84,349;33,390
111;0.1110040269354819;51;51;0.165996;84,221;84,221;0;0;3,120;1.001520;10.701923;47.815778;24,161;60,060;84,221;0;0;0;1.935891645194918e-05;1.935891645194918e-05;7.283678;14.418659;0.509529;84,349;33,390
112;0.1120106905909835;52;52;0.295786;84,221;84,221;0;0;3,120;1.001520;10.701923;48.113631;24,161;60,060;84,221;0;0;0;1.935891645194918e-05;1.935891645194918e-05;7.283678;14.418659;0.509529;84,349;33,390
113;0.1130173542464851;52;52;0.436842;84,221;84,221;0;0;3,120;1.001520;10.701923;48.553113;24,161;60,060;84,221;0;0;0;1.935891645194918e-05;1.935891645194918e-05;7.283678;14.418659;0.509529;84,349;33,390
114;0.1140046589855347;51;51;0.335962;84,221;84,221;0;0;3,120;1.001520;10.701923;48.891345;24,161;60,060;84,221;0;0;0;1.935891645194918e-05;1.935891645194918e-05;7.283678;14.418659;0.509529;84,349;33,390
115;0.1150113226410362;52;52;0.810166;84,221;84,221;0;0;3,328;1.001520;10.033053;49.704077;24,161;60,060;84,221;0;0;0;1.935891645194918e-05;1.935891645194918e-05;7.283678;14.418659;0.509529;84,349;33,390
116;0.1160179862965378;52;52;0.319434;84,221;84,221;0;0;3,328;1.001520;10.033053;50.025857;24,161;60,060;84,221;0;0;0;1.935891645194918e-05;1.935891645194918e-05;7.283678;14.418659;0.509529;84,349;33,390
117;0.1170052910355874;51;51;0.326126;84,221;84,221;0;0;3,328;1.001520;10.033053;50.354233;24,161;60,060;84,221;0;0;0;1.935891645194918e-05;1.935891645194918e-05;7.283678;14.418659;0.509529;84,349;33,390
118;0.118011954691089;52;52;0.360930;84,221;84,221;0;0;3,328;1.001520;10.033053;50.717904;24,161;60,060;84,221;0;0;0;1.935891645194918e-05;1.935891645194918e-05;7.283678;14.418659;0.509529;84,349;33,390
119;0.1190186183465905;52;52;0.497790;84,221;84,221;0;0;3,328;1.001520;10.033053;51.218039;24,161;60,060;84,221;0;0;0;1.935891645194918e-05;1.935891645194918e-05;7.283678;14.418659;0.509529;84,349;33,390
120;0.1200059230856401;51;51;0.343958;84,221;84,221;0;0;3,328;1.001520;10.033053;51.564424;24,161;60,060;84,221;0;0;0;1.935891645194918e-05;1.935891645194918e-05;7.283678;14.418659;0.509529;84,349;33,390
121;0.1210125867411417;52;52;0.668656;84,221;84,221;0;0;3,328;1.001520;10.033053;52.235383;24,161;60,060;84,221;0;0;0;1.935891645194918e-05;1.935891645194918e-05;7.283678;14.418659;0.509529;84,349;33,390
122;0.1220192503966433;52;52;0.847662;84,221;84,221;0;0;3,328;1.001520;10.033053;53.085682;24,161;60,060;84,221;0;0;0;1.935891645194918e-05;1.935891645194918e-05;7.283678;14.418659;0.509529;84,349;33,390
123;0.1230065551356929;51;51;0.295734;84,221;84,221;0;0;3,328;1.001520;10.033053;53.383595;24,161;60,060;84,221;0;0;0;1.935891645194918e-05;1.935891645194918e-05;7.283678;14.418659;0.509529;84,349;33,390
124;0.1240132187911944;52;52;0.456805;84,221;84,221;0;0;3,328;1.001520;10.033053;53.843172;24,161;60,060;84,221;0;0;0;1.935891645194918e-05;1.935891645194918e-05;7.283678;14.418659;0.509529;84,349;33,390
125;0.125000523530244;51;51;0.490984;84,221;84,221;0;0;3,328;1.001520;10.033053;54.336523;24,161;60,060;84,221;0;0;0;1.935891645194918e-05;1.935891645194918e-05;7.283678;14.418659;0.509529;84,349;33,390
126;0.1260071871857449;52;52;0.295547;84,221;84,221;0;0;3,328;1.001520;10.033053;54.634232;24,161;60,060;84,221;0;0;0;1.935891645194918e-05;1.935891645194918e-05;7.283678;14.418659;0.509529;84,349;33,390
127;0.1270138508412457;52;52;0.466410;84,221;84,221;0;0;3,120;1.001520;10.701923;55.102830;24,161;60,060;84,221;0;0;0;1.935891645194918e-05;1.935891645194918e-05;7.283678;14.418659;0.509529;84,349;33,390
128;0.1280011555802946;51;51;0.335830;84,221;84,221;0;0;3,120;1.001520;10.701923;55.441436;24,161;60,060;84,221;0;0;0;1.935891645194918e-05;1.935891645194918e-05;7.283678;14.418659;0.509529;84,349;33,390
129;0.1290078192357954;52;52;0.392250;84,221;84,221;0;0;3,120;1.001520;10.701923;55.836329;24,161;60,060;84,221;0;0;0;1.935891645194918e-05;1.935891645194918e-05;7.283678;14.418659;0.509529;84,349;33,390
130;0.1300144828912963;52;52;0.491096;84,221;84,221;0;0;3,120;1.001520;10.701923;56.330197;24,161;60,060;84,221;0;0;0;1.935891645194918e-05;1.935891645194918e-05;7.283678;14.418659;0.509529;84,349;33,390
131;0.1310017876303452;51;51;0.362871;84,221;84,221;0;0;3,120;1.001520;10.701923;56.695725;24,161;60,060;84,221;0;0;0;1.935891645194918e-05;1.935891645194918e-05;7.283678;14.418659;0.509529;84,349;33,390
132;0.132008451285846;52;52;0.457865;84,221;84,221;0;0;3,120;1.001520;10.701923;57.156149;24,161;60,060;84,221;0;0;0;1.935891645194918e-05;1.935891645194918e-05;7.283678;14.418659;0.509529;84,349;33,390
133;0.1330151149413469;52;52;0.752598;84,221;84,221;0;0;3,120;1.001520;10.701923;57.911336;24,161;60,060;84,221;0;0;0;1.935891645194918e-05;1.935891645194918e-05;7.283678;14.418659;0.509529;84,349;33,390
134;0.1340024196803958;51;51;0.690594;84,221;84,221;0;0;3,315;1.001520;10.072398;58.604939;24,161;60,060;84,221;0;0;0;1.935891645194918e-05;1.935891645194918e-05;7.283678;14.418659;0.509529;84,349;33,390
135;0.1350090833358966;52;52;0.453535;84,221;84,221;0;0;3,315;1.001520;10.072398;59.060968;24,161;60,060;84,221;0;0;0;1.935891645194918e-05;1.935891645194918e-05;7.283678;14.418659;0.509529;84,349;33,390
136;0.1360157469913974;52;52;0.402190;84,221;84,221;0;0;3,315;1.001520;10.072398;59.466205;24,161;60,060;84,221;0;0;0;1.935891645194918e-05;1.935891645194918e-05;7.283678;14.418659;0.509529;84,349;33,390
137;0.1370030517304463;51;51;0.512155;84,221;84,221;0;0;3,315;1.001520;10.072398;59.980868;24,161;60,060;84,221;0;0;0;1.935891645194918e-05;1.935891645194918e-05;7.283678;14.418659;0.509529;84,349;33,390
138;0.1380097153859472;52;52;0.430005;84,221;84,221;0;0;3,315;1.001520;10.072398;60.413213;24,161;60,060;84,221;0;0;0;1.935891645194918e-05;1.935891645194918e-05;7.283678;14.418659;0.509529;84,349;33,390
139;0.139016379041448;52;52;0.669934;84,221;84,221;0;0;3,315;1.001520;10.072398;61.085178;24,161;60,060;84,221;0;0;0;1.935891645194918e-05;1.935891645194918e-05;7.283678;14.418659;0.509529;84,349;33,390
140;0.1400036837804969;51;51;0.693754;84,221;84,221;0;0;3,315;1.001520;10.072398;61.781278;24,161;60,060;84,221;0;0;0;1.935891645194918e-05;1.935891645194918e-05;7.283678;14.418659;0.509529;84,349;33,390
141;0.1410103474359977;52;52;0.344809;84,221;84,221;0;0;3,315;1.001520;10.072398;62.128750;24,161;60,060;84,221;0;0;0;1.935891645194918e-05;1.935891645194918e-05;7.283678;14.418659;0.509529;84,349;33,390
142;0.1420170110914986;52;52;0.526231;84,221;84,221;0;0;3,315;1.001520;10.072398;62.657413;24,161;60,060;84,221;0;0;0;1.935891645194918e-05;1.935891645194918e-05;7.283678;14.418659;0.509529;84,349;33,390
143;0.1430043158305475;51;51;0.383332;84,221;84,221;0;0;3,315;1.001520;10.072398;63.043493;24,161;60,060;84,221;0;0;0;1.935891645194918e-05;1.935891645194918e-05;7.283678;14.418659;0.509529;84,349;33,390
144;0.1440109794860483;52;52;0.395927;84,221;84,221;0;0;3,570;1.001520;9.352941;63.441756;24,161;60,060;84,221;0;0;0;1.935891645194918e-05;1.935891645194918e-05;7.283678;14.418659;0.509529;84,349;33,390
145;0.1450176431415492;52;52;0.585696;84,221;84,221;0;0;3,570;1.001520;9.352941;64.029807;24,161;60,060;84,221;0;0;0;1.935891645194918e-05;1.935891645194918e-05;7.283678;14.418659;0.509529;84,349;33,390
146;0.1460049478805981;51;51;0.406256;84,221;84,221;0;0;3,570;1.001520;9.352941;64.438793;24,161;60,060;84,221;0;0;0;1.935891645194918e-05;1.935891645194918e-05;7.283678;14.418659;0.509529;84,349;33,390
147;0.1470116115360989;52;52;0.480323;84,221;84,221;0;0;3,570;1.001520;9.352941;64.921773;24,161;60,060;84,221;0;0;0;1.935891645194918e-05;1.935891645194918e-05;7.283678;14.418659;0.509529;84,349;33,390
148;0.1480182751915997;52;52;0.408374;84,221;84,221;0;0;3,570;1.001520;9.352941;65.332619;24,161;60,060;84,221;0;0;0;1.935891645194918e-05;1.935891645194918e-05;7.283678;14.418659;0.509529;84,349;33,390
149;0.1490055799306486;51;51;0.456632;84,221;84,221;0;0;3,570;1.001520;9.352941;65.791514;24,161;60,060;84,221;0;0;0;1.935891645194918e-05;1.935891645194918e-05;7.283678;14.418659;0.509529;84,349;33,390
150;0.1500122435861495;52;52;0.473621;84,221;84,221;0;0;3,780;1.001520;8.833333;66.267294;24,161;60,060;84,221;0;0;0;1.935891645194918e-05;1.935891645194918e-05;7.283678;14.418659;0.509529;84,349;33,390
151;0.1510189072416503;52;52;0.414094;84,221;84,221;0;0;3,780;1.001520;8.833333;66.683435;24,161;60,060;84,221;0;0;0;1.935891645194918e-05;1.935891645194918e-05;7.283678;14.418659;0.509529;84,349;33,390
152;0.1520062119806992;51;51;0.387263;84,221;84,221;0;0;3,780;1.001520;8.833333;67.072775;24,161;60,060;84,221;0;0;0;1.935891645194918e-05;1.935891645194918e-05;7.283678;14.418659;0.509529;84,349;33,390
153;0.1530128756362001;52;52;0.375017;84,221;84,221;0;0;3,990;1.001520;8.368421;67.449867;24,161;60,060;84,221;0;0;0;1.935891645194918e-05;1.935891645194918e-05;7.283678;14.418659;0.509529;84,349;33,390
154;0.154000180375249;51;51;0.411054;84,221;84,221;0;0;3,724;1.001520;8.966165;67.863086;24,161;60,060;84,221;0;0;0;1.935891645194918e-05;1.935891645194918e-05;7.283678;14.418659;0.509529;84,349;33,390
155;0.1550068440307498;52;52;0.439564;84,221;84,221;0;0;3,724;1.001520;8.966165;68.304782;24,161;60,060;84,221;0;0;0;1.935891645194918e-05;1.935891645194918e-05;7.283678;14.418659;0.509529;84,349;33,390
156;0.1560135076862506;52;52;0.784477;84,221;84,221;0;0;3,724;1.001520;8.966165;69.093169;24,161;60,060;84,221;0;0;0;1.935891645194918e-05;1.935891645194918e-05;7.283678;14.418659;0.509529;84,349;33,390
157;0.1570008124252995;51;51;0.363248;84,221;84,221;0;0;3,724;1.001520;8.966165;69.458497;24,161;60,060;84,221;0;0;0;1.935891645194918e-05;1.935891645194918e-05;7.283678;14.418659;0.509529;84,349;33,390
158;0.1580074760808004;52;52;0.390637;84,221;84,221;0;0;3,990;1.001520;8.368421;69.851180;24,161;60,060;84,221;0;0;0;1.935891645194918e-05;1.935891645194918e-05;7.283678;14.418659;0.509529;84,349;33,390
159;0.1590141397363012;52;52;0.259604;84,221;84,221;0;0;3,990;1.001520;8.368421;70.113122;24,161;60,060;84,221;0;0;0;1.935891645194918e-05;1.935891645194918e-05;7.283678;14.418659;0.509529;84,349;33,390
160;0.1600014444753501;51;51;0.464114;84,221;84,221;0;0;3,990;1.001520;8.368421;70.579351;24,161;60,060;84,221;0;0;0;1.935891645194918e-05;1.935891645194918e-05;7.283678;14.418659;0.509529;84,349;33,390
161;0.161008108130851;52;52;0.379700;84,221;84,221;0;0;3,990;1.001520;8.368421;70.961383;24,161;60,060;84,221;0;0;0;1.935891645194918e-05;1.935891645194918e-05;7.283678;14.418659;0.509529;84,349;33,390
162;0.1620147717863518;52;52;0.363693;84,221;84,221;0;0;3,990;1.001520;8.368421;71.327096;24,161;60,060;84,221;0;0;0;1.935891645194918e-05;1.935891645194918e-05;7.283678;14.418659;0.509529;84,349;33,390
163;0.1630020765254007;51;51;0.667838;84,221;84,221;0;0;3,990;1.001520;8.368421;71.997114;24,161;60,060;84,221;0;0;0;1.935891645194918e-05;1.935891645194918e-05;7.283678;14.418659;0.509529;84,349;33,390
164;0.1640087401809015;52;52;0.485452;84,221;84,221;0;0;4,275;1.001520;7.810526;72.484629;24,161;60,060;84,221;0;0;0;1.935891645194918e-05;1.935891645194918e-05;7.283678;14.418659;0.509529;84,349;33,390
165;0.1650154038364024;52;52;0.302864;84,221;84,221;0;0;4,275;1.001520;7.810526;72.789649;24,161;60,060;84,221;0;0;0;1.935891645194918e-05;1.935891645194918e-05;7.283678;14.418659;0.509529;84,349;33,390
166;0.1660027085754513;51;51;0.387725;84,221;84,221;0;0;4,275;1.001520;7.810526;73.179803;24,161;60,060;84,221;0;0;0;1.935891645194918e-05;1.935891645194918e-05;7.283678;14.418659;0.509529;84,349;33,390
167;0.1670093722309521;52;52;0.312531;84,221;84,221;0;0;4,275;1.001520;7.810526;73.494633;24,161;60,060;84,221;0;0;0;1.935891645194918e-05;1.935891645194918e-05;7.283678;14.418659;0.509529;84,349;33,390
168;0.1680160358864529;52;52;0.480518;84,221;84,221;0;0;4,275;1.001520;7.810526;73.977647;24,161;60,060;84,221;0;0;0;1.935891645194918e-05;1.935891645194918e-05;7.283678;14.418659;0.509529;84,349;33,390
169;0.1690033406255018;51;51;0.297769;84,221;84,221;0;0;4,275;1.001520;7.810526;74.277798;24,161;60,060;84,221;0;0;0;1.935891645194918e-05;1.935891645194918e-05;7.283678;14.418659;0.509529;84,349;33,390
170;0.1700100042810027;52;52;0.354895;84,221;84,221;0;0;4,500;1.001520;7.420000;74.635033;24,161;60,060;84,221;0;0;0;1.935891645194918e-05;1.935891645194918e-05;7.283678;14.418659;0.509529;84,349;33,390
171;0.1710166679365035;52;52;0.689738;84,221;84,221;0;0;4,500;1.001520;7.420000;75.326755;24,161;60,060;84,221;0;0;0;1.935891645194918e-05;1.935891645194918e-05;7.283678;14.418659;0.509529;84,349;33,390
172;0.1720039726755524;51;51;0.387185;84,221;84,221;0;0;4,500;1.001520;7.420000;75.716255;24,161;60,060;84,221;0;0;0;1.935891645194918e-05;1.935891645194918e-05;7.283678;14.418659;0.509529;84,349;33,390
173;0.1730106363310533;52;52;0.446894;84,221;84,221;0;0;4,500;1.001520;7.420000;76.165379;24,161;60,060;84,221;0;0;0;1.935891645194918e-05;1.935891645194918e-05;7.283678;14.418659;0.509529;84,349;33,390
174;0.1740172999865541;52;52;0.404588;84,221;84,221;0;0;4,500;1.001520;7.420000;76.572173;24,161;60,060;84,221;0;0;0;1.935891645194918e-05;1.935891645194918e-05;7.283678;14.418659;0.509529;84,349;33,390
175;0.175004604725603;51;51;0.313131;84,221;84,221;0;0;4,500;1.001520;7.420000;76.887298;24,161;60,060;84,221;0;0;0;1.935891645194918e-05;1.935891645194918e-05;7.283678;14.418659;0.509529;84,349;33,390
176;0.1760112683811038;52;52;0.475585;84,221;84,221;0;0;4,500;1.001520;7.420000;77.364900;24,161;60,060;84,221;0;0;0;1.935891645194918e-05;1.935891645194918e-05;7.283678;14.418659;0.509529;84,349;33,390
177;0.1770179320366047;52;52;0.544444;84,221;84,221;0;0;4,500;1.001520;7.420000;77.911900;24,161;60,060;84,221;0;0;0;1.935891645194918e-05;1.935891645194918e-05;7.283678;14.418659;0.509529;84,349;33,390
178;0.1780052367756536;51;51;0.594115;84,221;84,221;0;0;4,800;1.001520;6.956250;78.508200;24,161;60,060;84,221;0;0;0;1.935891645194918e-05;1.935891645194918e-05;7.283678;14.418659;0.509529;84,349;33,390
179;0.1790119004311544;52;52;0.328763;84,221;84,221;0;0;4,500;1.001520;7.420000;78.839287;24,161;60,060;84,221;0;0;0;1.935891645194918e-05;1.935891645194918e-05;7.283678;14.418659;0.509529;84,349;33,390
180;0.1800185640866553;52;52;0.405999;84,221;84,221;0;0;4,500;1.001520;7.420000;79.247356;24,161;60,060;84,221;0;0;0;1.935891645194918e-05;1.935891645194918e-05;7.283678;14.418659;0.509529;84,349;33,390
181;0.1810058688257042;51;51;0.389379;84,221;84,221;0;0;4,500;1.001520;7.420000;79.639344;24,161;60,060;84,221;0;0;0;1.935891645194918e-05;1.935891645194918e-05;7.283678;14.418659;0.509529;84,349;33,390
182;0.182012532481205;52;52;0.430791;84,221;84,221;0;0;4,500;1.001520;7.420000;80.072289;24,161;60,060;84,221;0;0;0;1.935891645194918e-05;1.935891645194918e-05;7.283678;14.418659;0.509529;84,349;33,390
183;0.1830191961367058;52;52;0.431197;84,221;84,221;0;0;4,725;1.001520;7.066667;80.506844;24,161;60,060;84,221;0;0;0;1.935891645194918e-05;1.935891645194918e-05;7.283678;14.418659;0.509529;84,349;33,390
184;0.1840065008757547;51;51;0.872322;84,221;84,221;0;0;4,725;1.001520;7.066667;81.381285;24,161;60,060;84,221;0;0;0;1.935891645194918e-05;1.935891645194918e-05;7.283678;14.418659;0.509529;84,349;33,390
185;0.1850131645312556;52;52;0.464091;84,221;84,221;0;0;4,725;1.001520;7.066667;81.847572;24,161;60,060;84,221;0;0;0;1.935891645194918e-05;1.935891645194918e-05;7.283678;14.418659;0.509529;84,349;33,390
186;0.1860004692703045;51;51;0.394622;84,221;84,221;0;0;4,950;1.001520;6.745455;82.244789;24,161;60,060;84,221;0;0;0;1.935891645194918e-05;1.935891645194918e-05;7.283678;14.418659;0.509529;84,349;33,390
187;0.1870071329258053;52;52;0.487970;84,221;84,221;0;0;4,950;1.001520;6.745455;82.734889;24,161;60,060;84,221;0;0;0;1.935891645194918e-05;1.935891645194918e-05;7.283678;14.418659;0.509529;84,349;33,390
188;0.1880137965813062;52;52;0.483212;84,221;84,221;0;0;4,950;1.001520;6.745455;83.220530;24,161;60,060;84,221;0;0;0;1.935891645194918e-05;1.935891645194918e-05;7.283678;14.418659;0.509529;84,349;33,390
189;0.1890011013203551;51;51;0.456221;84,221;84,221;0;0;5,610;1.001520;5.951872;83.678885;24,161;60,060;84,221;0;0;0;1.935891645194918e-05;1.935891645194918e-05;7.283678;14.418659;0.509529;84,349;33,390
190;0.1900077649758559;52;52;0.517564;84,221;84,221;0;0;5,610;1.001520;5.951872;84.199033;24,161;60,060;84,221;0;0;0;1.935891645194918e-05;1.935891645194918e-05;7.283678;14.418659;0.509529;84,349;33,390
191;0.1910144286313567;52;52;0.389135;84,221;84,221;0;0;5,610;1.001520;5.951872;84.590297;24,161;60,060;84,221;0;0;0;1.935891645194918e-05;1.935891645194918e-05;7.283678;14.418659;0.509529;84,349;33,390
192;0.1920017333704056;51;51;0.334050;84,221;84,221;0;0;5,610;1.001520;5.951872;84.926691;24,161;60,060;84,221;0;0;0;1.935891645194918e-05;1.935891645194918e-05;7.283678;14.418659;0.509529;84,349;33,390
193;0.1930083970259065;52;52;0.309042;84,221;84,221;0;0;5,984;1.001520;5.579880;85.237949;24,161;60,060;84,221;0;0;0;1.935891645194918e-05;1.935891645194918e-05;7.283678;14.418659;0.509529;84,349;33,390
194;0.1940150606814073;52;52;0.456866;84,221;84,221;0;0;5,984;1.001520;5.579880;85.696911;24,161;60,060;84,221;0;0;0;1.935891645194918e-05;1.935891645194918e-05;7.283678;14.418659;0.509529;84,349;33,390
195;0.1950023654204562;51;51;0.418658;84,221;84,221;0;0;5,984;1.001520;5.579880;86.117830;24,161;60,060;84,221;0;0;0;1.935891645194918e-05;1.935891645194918e-05;7.283678;14.418659;0.509529;84,349;33,390
196;0.196009029075957;52;52;0.945183;84,221;84,221;0;0;5,984;1.001520;5.579880;87.065028;24,161;60,060;84,221;0;0;0;1.935891645194918e-05;1.935891645194918e-05;7.283678;14.418659;0.509529;84,349;33,390
197;0.1970156927314579;52;52;0.386406;84,221;84,221;0;0;5,984;1.001520;5.579880;87.454092;24,161;60,060;84,221;0;0;0;1.935891645194918e-05;1.935891645194918e-05;7.283678;14.418659;0.509529;84,349;33,390
198;0.1980029974705068;51;51;0.437423;84,221;84,221;0;0;5,984;1.001520;5.579880;87.893554;24,161;60,060;84,221;0;0;0;1.935891645194918e-05;1.935891645194918e-05;7.283678;14.418659;0.509529;84,349;33,390
199;0.1990096611260076;52;52;0.394180;84,221;84,221;0;0;5,984;1.001520;5.579880;88.290288;24,161;60,060;84,221;0;0;0;1.935891645194918e-05;1.935891645194918e-05;7.283678;14.418659;0.509529;84,349;33,390
200;0.2000163247815085;52;52;0.386795;84,221;84,221;0;0;6,336;1.001520;5.269886;88.679210;24,161;60,060;84,221;0;0;0;1.935891645194918e-05;1.935891645194918e-05;7.283678;14.418659;0.509529;84,349;33,390
201;0.2010036295205574;51;51;0.488284;84,221;84,221;0;0;6,732;1.001520;4.959893;89.169730;24,161;60,060;84,221;0;0;0;1.935891645194918e-05;1.935891645194918e-05;7.283678;14.418659;0.509529;84,349;33,390
202;0.2020102931760582;52;52;1.053634;84,221;84,221;0;0;7,038;1.001520;4.744246;90.225328;24,161;60,060;84,221;0;0;0;1.935891645194918e-05;1.935891645194918e-05;7.283678;14.418659;0.509529;84,349;33,390
203;0.203016956831559;52;52;0.408416;84,221;84,221;0;0;7,429;1.001520;4.494548;90.636344;24,161;60,060;84,221;0;0;0;1.935891645194918e-05;1.935891645194918e-05;7.283678;14.418659;0.509529;84,349;33,390
204;0.2040042615706079;51;51;0.480527;84,221;84,221;0;0;7,429;1.001520;4.494548;91.118993;24,161;60,060;84,221;0;0;0;1.935891645194918e-05;1.935891645194918e-05;7.283678;14.418659;0.509529;84,349;33,390
205;0.2050109252261088;52;52;0.282044;84,221;84,221;0;0;7,429;1.001520;4.494548;91.403292;24,161;60,060;84,221;0;0;0;1.935891645194918e-05;1.935891645194918e-05;7.283678;14.418659;0.509529;84,349;33,390
206;0.2060175888816096;52;52;0.357624;84,221;84,221;0;0;7,429;1.001520;4.494548;91.764169;24,161;60,060;84,221;0;0;0;1.935891645194918e-05;1.935891645194918e-05;7.283678;14.418659;0.509529;84,349;33,390
207;0.2070048936206585;51;51;0.482171;84,221;84,221;0;0;7,429;1.001520;4.494548;92.248848;24,161;60,060;84,221;0;0;0;1.935891645194918e-05;1.935891645194918e-05;7.283678;14.418659;0.509529;84,349;33,390
208;0.2080115572761594;52;52;0.418090;84,221;84,221;0;0;7,429;1.001520;4.494548;92.669450;24,161;60,060;84,221;0;0;0;1.935891645194918e-05;1.935891645194918e-05;7.283678;14.418659;0.509529;84,349;33,390
209;0.2090182209316602;52;52;0.252775;84,221;84,221;0;0;7,429;1.001520;4.494548;92.924728;24,161;60,060;84,221;0;0;0;1.935891645194918e-05;1.935891645194918e-05;7.283678;14.418659;0.509529;84,349;33,390
210;0.2100055256707091;51;51;0.438373;84,221;84,221;0;0;7,752;1.001520;4.307276;93.365792;24,161;60,060;84,221;0;0;0;1.935891645194918e-05;1.935891645194918e-05;7.283678;14.418659;0.509529;84,349;33,390
211;0.2110121893262099;52;52;0.392587;84,217;84,217;0;4;7,752;1.001567;4.307276;93.760913;24,161;60,056;84,217;4;0;0;1.935891645194918e-05;1.935891645194918e-05;7.283678;14.418659;0.509529;84,349;33,390
212;0.2120188529817108;52;52;0.431232;84,214;84,214;0;3;7,752;1.001603;4.307276;94.194968;24,161;60,053;84,214;3;0;0;1.935891645194918e-05;1.935891645194918e-05;7.283678;14.418659;0.509529;84,349;33,390
213;0.2130061577207597;51;51;0.511358;84,212;84,212;0;2;7,752;1.001627;4.307276;94.708819;24,161;60,051;84,212;2;0;0;1.935891645194918e-05;1.935891645194918e-05;7.283678;14.418659;0.509529;84,349;33,390
214;0.2140128213762605;52;52;0.329590;84,208;84,208;0;4;6,936;1.001674;4.814014;95.040938;24,161;60,047;84,208;4;0;0;1.935891645194918e-05;1.935891645194918e-05;7.283678;14.418659;0.509529;84,349;33,390
215;0.2150001261153094;51;51;0.478738;84,208;84,208;0;0;7,344;1.001674;4.546569;95.522015;24,161;60,047;84,208;0;0;0;1.935891645194918e-05;1.935891645194918e-05;7.283678;14.418659;0.509529;84,349;33,390
216;0.2160067897708103;52;52;0.401466;84,208;84,208;0;0;7,344;1.001674;4.546569;95.925557;24,161;60,047;84,208;0;0;0;1.935891645194918e-05;1.935891645194918e-05;7.283678;14.418659;0.509529;84,349;33,390
217;0.2170134534263111;52;52;0.500141;84,208;84,208;0;0;7,650;1.001674;4.364706;96.428195;24,161;60,047;84,208;0;0;0;1.935891645194918e-05;1.935891645194918e-05;7.283678;14.418659;0.509529;84,349;33,390
218;0.21800075816536;51;51;0.439307;84,208;84,208;0;0;7,650;1.001674;4.364706;96.869677;24,161;60,047;84,208;0;0;0;1.935891645194918e-05;1.935891645194918e-05;7.283678;14.418659;0.509529;84,349;33,390
219;0.2190074218208608;52;52;0.678406;84,208;84,208;0;0;7,650;1.001674;4.364706;97.550610;24,161;60,047;84,208;0;0;0;1.935891645194918e-05;1.935891645194918e-05;7.283678;14.418659;0.509529;84,349;33,390
220;0.2200140854763617;52;52;0.375919;84,206;84,206;0;2;7,650;1.001698;4.364706;97.928666;24,161;60,045;84,206;2;0;0;1.935891645194918e-05;1.935891645194918e-05;7.283678;14.418659;0.509529;84,349;33,390
221;0.2210013902154106;51;51;0.354949;84,203;84,203;0;3;7,650;1.001734;4.364706;98.286313;24,161;60,042;84,203;3;0;0;1.935891645194918e-05;1.935891645194918e-05;7.283678;14.418659;0.509529;84,349;33,390
222;0.2220080538709114;52;52;0.374762;84,200;84,200;0;3;7,650;1.001770;4.364706;98.663301;24,161;60,039;84,200;3;0;0;1.935891645194918e-05;1.935891645194918e-05;7.283678;14.418659;0.509529;84,349;33,390
223;0.2230147175264122;52;52;0.443133;84,197;84,197;0;3;7,650;1.001805;4.364706;99.108808;24,161;60,036;84,197;3;0;0;1.935891645194918e-05;1.935891645194918e-05;7.283678;14.418659;0.509529;84,349;33,390
224;0.2240020222654611;51;51;0.305793;84,194;84,194;0;3;7,650;1.001841;4.364706;99.416920;24,161;60,033;84,194;3;0;0;1.935891645194918e-05;1.935891645194918e-05;7.283678;14.418659;0.509529;84,349;33,390
225;0.225008685920962;52;52;0.826138;84,193;84,193;0;1;8,075;1.001853;4.134985;100.245169;24,161;60,032;84,193;1;0;0;1.935891645194918e-05;1.935891645194918e-05;7.283678;14.418659;0.509529;84,349;33,390
226;0.2260153495764628;52;52;0.448792;84,189;84,189;0;4;8,075;1.001900;4.134985;100.696321;24,161;60,028;84,189;4;0;0;1.935891645194918e-05;1.935891645194918e-05;7.283678;14.418659;0.509529;84,349;33,390
227;0.2270026543155117;51;51;0.384487;84,188;84,188;0;1;7,600;1.001912;4.393421;101.083055;24,161;60,027;84,188;1;0;0;1.935891645194918e-05;1.935891645194918e-05;7.283678;14.418659;0.509529;84,349;33,390
228;0.2280093179710126;52;52;0.297489;84,188;84,188;0;0;7,600;1.001912;4.393421;101.382747;24,161;60,027;84,188;0;0;0;1.935891645194918e-05;1.935891645194918e-05;7.283678;14.418659;0.509529;84,349;33,390
229;0.2290159816265134;52;52;0.306690;84,188;84,188;0;0;8,075;1.001912;4.134985;101.691613;24,161;60,027;84,188;0;0;0;1.935891645194918e-05;1.935891645194918e-05;7.283678;14.418659;0.509529;84,349;33,390
230;0.2300032863655623;51;51;0.308227;84,188;84,188;0;0;8,075;1.001912;4.134985;102.002119;24,161;60,027;84,188;0;0;0;1.935891645194918e-05;1.935891645194918e-05;7.283678;14.418659;0.509529;84,349;33,390
231;0.2310099500210631;52;52;0.439117;84,188;84,188;0;0;8,075;1.001912;4.134985;102.443233;24,161;60,027;84,188;0;0;0;1.935891645194918e-05;1.935891645194918e-05;7.283678;14.418659;0.509529;84,349;33,390
232;0.232016613676564;52;52;0.571005;84,188;84,188;0;0;8,398;1.001912;3.975947;103.016567;24,161;60,027;84,188;0;0;0;1.935891645194918e-05;1.935891645194918e-05;7.283678;14.418659;0.509529;84,349;33,390
233;0.2330039184156129;51;51;0.433433;84,188;84,188;0;0;8,398;1.001912;3.975947;103.452287;24,161;60,027;84,188;0;0;0;1.935891645194918e-05;1.935891645194918e-05;7.283678;14.418659;0.509529;84,349;33,390
234;0.2340105820711137;52;52;0.457420;84,188;84,188;0;0;8,721;1.001912;3.828689;103.911768;24,161;60,027;84,188;0;0;0;1.935891645194918e-05;1.935891645194918e-05;7.283678;14.418659;0.509529;84,349;33,390
235;0.2350172457266146;52;52;0.447963;84,188;84,188;0;0;8,721;1.001912;3.828689;104.362064;24,161;60,027;84,188;0;0;0;1.935891645194918e-05;1.935891645194918e-05;7.283678;14.418659;0.509529;84,349;33,390
236;0.2360045504656635;51;51;0.116219;84,188;84,188;0;0;8,721;1.001912;3.828689;104.480739;24,161;60,027;84,188;0;0;0;1.935891645194918e-05;1.935891645194918e-05;7.283678;14.418659;0.509529;84,349;33,390
237;0.2370112141211643;52;52;0.336671;84,188;84,188;0;0;8,721;1.001912;3.828689;104.819940;24,161;60,027;84,188;0;0;0;1.935891645194918e-05;1.935891645194918e-05;7.283678;14.418659;0.509529;84,349;33,390
238;0.2380178777766651;52;52;0.702430;84,188;84,188;0;0;8,721;1.001912;3.828689;105.524467;24,161;60,027;84,188;0;0;0;1.935891645194918e-05;1.935891645194918e-05;7.283678;14.418659;0.509529;84,349;33,390
239;0.239005182515714;51;51;0.463391;84,188;84,188;0;0;8,721;1.001912;3.828689;105.990293;24,161;60,027;84,188;0;0;0;1.935891645194918e-05;1.935891645194918e-05;7.283678;14.418659;0.509529;84,349;33,390
240;0.2400118461712149;52;52;0.406405;84,188;84,188;0;0;8,721;1.001912;3.828689;106.399149;24,161;60,027;84,188;0;0;0;1.935891645194918e-05;1.935891645194918e-05;7.283678;14.418659;0.509529;84,349;33,390
241;0.2410185098267157;52;52;0.323084;84,188;84,188;0;0;9,180;1.001912;3.637255;106.724639;24,161;60,027;84,188;0;0;0;1.935891645194918e-05;1.935891645194918e-05;7.283678;14.418659;0.509529;84,349;33,390
242;0.2420058145657646;51;51;0.258352;84,188;84,188;0;0;9,639;1.001912;3.464052;106.985086;24,161;60,027;84,188;0;0;0;1.935891645194918e-05;1.935891645194918e-05;7.283678;14.418659;0.509529;84,349;33,390
243;0.2430124782212655;52;52;0.299977;84,188;84,188;0;0;9,639;1.001912;3.464052;107.290241;24,161;60,027;84,188;0;0;0;1.935891645194918e-05;1.935891645194918e-05;7.283678;14.418659;0.509529;84,349;33,390
244;0.2440191418767663;52;52;0.443720;84,188;84,188;0;0;9,639;1.001912;3.464052;107.736609;24,161;60,027;84,188;0;0;0;1.935891645194918e-05;1.935891645194918e-05;7.283678;14.418659;0.509529;84,349;33,390
245;0.2450064466158152;51;51;0.498562;84,188;84,188;0;0;9,639;1.001912;3.464052;108.237419;24,161;60,027;84,188;0;0;0;1.935891645194918e-05;1.935891645194918e-05;7.283678;14.418659;0.509529;84,349;33,390
246;0.246013110271316;52;52;0.415160;84,188;84,188;0;0;9,996;1.001912;3.340336;108.654882;24,161;60,027;84,188;0;0;0;1.935891645194918e-05;1.935891645194918e-05;7.283678;14.418659;0.509529;84,349;33,390
247;0.2470004150103649;51;51;0.401599;84,188;84,188;0;0;9,996;1.001912;3.340336;109.058697;24,161;60,027;84,188;0;0;0;1.935891645194918e-05;1.935891645194918e-05;7.283678;14.418659;0.509529;84,349;33,390
248;0.2480070786658658;52;52;0.491229;84,188;84,188;0;0;10,584;1.001912;3.154762;109.552194;24,161;60,027;84,188;0;0;0;1.935891645194918e-05;1.935891645194918e-05;7.283678;14.418659;0.509529;84,349;33,390
249;0.2490137423213666;52;52;0.527739;84,188;84,188;0;0;10,584;1.001912;3.154762;110.082038;24,161;60,027;84,188;0;0;0;1.935891645194918e-05;1.935891645194918e-05;7.283678;14.418659;0.509529;84,349;33,390
250;0.2500010470604155;51;51;0.491878;84,188;84,188;0;0;10,584;1.001912;3.154762;110.576388;24,161;60,027;84,188;0;0;0;1.935891645194918e-05;1.935891645194918e-05;7.283678;14.418659;0.509529;84,349;33,390
251;0.2510077107159164;52;52;0.404852;84,188;84,188;0;0;10,584;1.001912;3.154762;110.983487;24,161;60,027;84,188;0;0;0;1.935891645194918e-05;1.935891645194918e-05;7.283678;14.418659;0.509529;84,349;33,390
252;0.2520143743714172;52;52;0.445075;84,188;84,188;0;0;10,584;1.001912;3.154762;111.430695;24,161;60,027;84,188;0;0;0;1.935891645194918e-05;1.935891645194918e-05;7.283678;14.418659;0.509529;84,349;33,390
253;0.2530016791104661;51;51;0.406676;84,188;84,188;0;0;10,584;1.001912;3.154762;111.839522;24,161;60,027;84,188;0;0;0;1.935891645194918e-05;1.935891645194918e-05;7.283678;14.418659;0.509529;84,349;33,390
254;0.254008342765967;52;52;0.572414;84,188;84,188;0;0;10,584;1.001912;3.154762;112.414000;24,161;60,027;84,188;0;0;0;1.935891645194918e-05;1.935891645194918e-05;7.283678;14.418659;0.509529;84,349;33,390
255;0.2550150064214678;52;52;0.490806;84,188;84,188;0;0;10,584;1.001912;3.154762;112.907083;24,161;60,027;84,188;0;0;0;1.935891645194918e-05;1.935891645194918e-05;7.283678;14.418659;0.509529;84,349;33,390
256;0.2560023111605167;51;51;0.574083;84,185;84,185;0;3;10,584;1.001948;3.154762;113.483405;24,161;60,024;84,185;3;0;0;1.935891645194918e-05;1.935891645194918e-05;7.283678;14.418659;0.509529;84,349;33,390
257;0.2570089748160175;52;52;0.473373;84,183;84,183;0;2;10,584;1.001972;3.154762;113.958952;24,161;60,022;84,183;2;0;0;1.935891645194918e-05;1.935891645194918e-05;7.283678;14.418659;0.509529;84,349;33,390
258;0.2580156384715184;52;52;0.442591;84,182;84,182;0;1;10,584;1.001984;3.154762;114.403722;24,161;60,021;84,182;1;0;0;1.935891645194918e-05;1.935891645194918e-05;7.283678;14.418659;0.509529;84,349;33,390
259;0.2590029432105673;51;51;0.355134;84,179;84,179;0;3;10,584;1.002020;3.154762;114.761372;24,161;60,018;84,179;3;0;0;1.935891645194918e-05;1.935891645194918e-05;7.283678;14.418659;0.509529;84,349;33,390
260;0.2600096068660681;52;52;0.283109;84,176;84,176;0;3;10,962;1.002055;3.045977;115.046712;24,161;60,015;84,176;3;0;0;1.935891645194918e-05;1.935891645194918e-05;7.283678;14.418659;0.509529;84,349;33,390
261;0.2610162705215689;52;52;0.546757;84,174;84,174;0;2;10,962;1.002079;3.045977;115.595832;24,161;60,013;84,174;2;0;0;1.935891645194918e-05;1.935891645194918e-05;7.283678;14.418659;0.509529;84,349;33,390
262;0.2620035752606178;51;51;0.429150;84,170;84,170;0;4;11,340;1.002127;2.944444;116.027271;24,161;60,009;84,170;4;0;0;1.935891645194918e-05;1.935891645194918e-05;7.283678;14.418659;0.509529;84,349;33,390
263;0.2630102389161187;52;52;0.577846;84,167;84,167;0;3;11,880;1.002162;2.810606;116.607186;24,161;60,006;84,167;3;0;0;1.935891645194918e-05;1.935891645194918e-05;7.283678;14.418659;0.509529;84,349;33,390
264;0.2640169025716195;52;52;0.424478;84,164;84,164;0;3;11,880;1.002198;2.810606;117.034134;24,161;60,003;84,164;3;0;0;1.935891645194918e-05;1.935891645194918e-05;7.283678;14.418659;0.509529;84,349;33,390
265;0.2650042073106684;51;51;0.463272;84,151;84,151;0;13;11,880;1.002353;2.810606;117.499723;24,161;59,990;84,151;13;0;0;1.935891645194918e-05;1.935891645194918e-05;7.283678;14.418659;0.509529;84,349;33,390
266;0.2660108709661693;52;52;0.287223;84,145;84,145;0;6;11,880;1.002424;2.810606;117.789147;24,161;59,984;84,145;6;0;0;1.935891645194918e-05;1.935891645194918e-05;7.283678;14.418659;0.509529;84,349;33,390
267;0.2670175346216701;52;52;0.482892;84,142;84,142;0;3;11,880;1.002460;2.810606;118.274178;24,161;59,981;84,142;3;0;0;1.935891645194918e-05;1.935891645194918e-05;7.283678;14.418659;0.509529;84,349;33,390
268;0.268004839360719;51;51;0.351113;84,142;84,142;0;0;11,880;1.002460;2.810606;118.627721;24,161;59,981;84,142;0;0;0;1.935891645194918e-05;1.935891645194918e-05;7.283678;14.418659;0.509529;84,349;33,390
269;0.2690115030162198;52;52;0.849581;84,139;84,139;0;3;11,880;1.002496;2.810606;119.479421;24,161;59,978;84,139;3;0;0;1.935891645194918e-05;1.935891645194918e-05;7.283678;14.418659;0.509529;84,349;33,390
270;0.2700181666717207;52;52;0.412549;84,138;84,138;0;1;11,880;1.002508;2.810606;119.894610;24,161;59,977;84,138;1;0;0;1.935891645194918e-05;1.935891645194918e-05;7.283678;14.418659;0.509529;84,349;33,390
271;0.2710054714107696;51;51;0.467851;84,136;84,136;0;2;12,276;1.002532;2.719941;120.364772;24,161;59,975;84,136;2;0;0;1.935891645194918e-05;1.935891645194918e-05;7.283678;14.418659;0.509529;84,349;33,390
272;0.2720121350662704;52;52;0.709471;84,132;84,132;0;4;12,276;1.002579;2.719941;121.076577;24,161;59,971;84,132;4;0;0;1.935891645194918e-05;1.935891645194918e-05;7.283678;14.418659;0.509529;84,349;33,390
273;0.2730187987217713;52;52;0.402208;84,129;84,129;0;3;12,276;1.002615;2.719941;121.481362;24,161;59,968;84,129;3;0;0;1.935891645194918e-05;1.935891645194918e-05;7.283678;14.418659;0.509529;84,349;33,390
274;0.2740061034608202;51;51;0.383138;84,125;84,125;0;4;12,276;1.002663;2.719941;121.866549;24,161;59,964;84,125;4;0;0;1.935891645194918e-05;1.935891645194918e-05;7.283678;14.418659;0.509529;84,349;33,390
275;0.275012767116321;52;52;0.405123;84,120;84,120;0;5;12,276;1.002722;2.719941;122.274131;24,161;59,959;84,120;5;0;0;1.935891645194918e-05;1.935891645194918e-05;7.283678;14.418659;0.509529;84,349;33,390
276;0.2760000718553699;51;51;0.363972;84,119;84,119;0;1;12,276;1.002734;2.719941;122.640468;24,161;59,958;84,119;1;0;0;1.935891645194918e-05;1.935891645194918e-05;7.283678;14.418659;0.509529;84,349;33,390
277;0.2770067355108707;52;52;0.433028;84,119;84,119;0;0;12,276;1.002734;2.719941;123.075827;24,161;59,958;84,119;0;0;0;1.935891645194918e-05;1.935891645194918e-05;7.283678;14.418659;0.509529;84,349;33,390
278;0.2780133991663716;52;52;0.624309;84,117;84,117;0;2;12,276;1.002758;2.719941;123.702437;24,161;59,956;84,117;2;0;0;1.935891645194918e-05;1.935891645194918e-05;7.283678;14.418659;0.509529;84,349;33,390
279;0.2790007039054205;51;51;0.355567;84,115;84,115;0;2;12,276;1.002782;2.719941;124.060464;24,161;59,954;84,115;2;0;0;1.935891645194918e-05;1.935891645194918e-05;7.283678;14.418659;0.509529;84,349;33,390
280;0.2800073675609213;52;52;0.370898;84,112;84,112;0;3;12,276;1.002818;2.719941;124.433617;24,161;59,951;84,112;3;0;0;1.935891645194918e-05;1.935891645194918e-05;7.283678;14.418659;0.509529;84,349;33,390
281;0.2810140312164222;52;52;0.284997;84,109;84,109;0;3;12,276;1.002853;2.719941;124.721207;24,161;59,948;84,109;3;0;0;1.935891645194918e-05;1.935891645194918e-05;7.283678;14.418659;0.509529;84,349;33,390
282;0.2820013359554711;51;51;0.353662;84,105;84,105;0;4;12,276;1.002901;2.719941;125.077063;24,161;59,944;84,105;4;0;0;1.935891645194918e-05;1.935891645194918e-05;7.283678;14.418659;0.509529;84,349;33,390
283;0.2830079996109719;52;52;0.444828;84,104;84,104;0;1;12,672;1.002913;2.634943;125.523921;24,161;59,943;84,104;1;0;0;1.935891645194918e-05;1.935891645194918e-05;7.283678;14.418659;0.509529;84,349;33,390
284;0.2840146632664727;52;52;0.421065;84,104;84,104;0;0;12,672;1.002913;2.634943;125.947425;24,161;59,943;84,104;0;0;0;1.935891645194918e-05;1.935891645194918e-05;7.283678;14.418659;0.509529;84,349;33,390
285;0.2850019680055216;51;51;0.428616;84,103;84,103;0;1;12,672;1.002925;2.634943;126.378125;24,161;59,942;84,103;1;0;0;1.935891645194918e-05;1.935891645194918e-05;7.283678;14.418659;0.509529;84,349;33,390
286;0.2860086316610225;52;52;0.412222;84,102;84,102;0;1;13,068;1.002937;2.555096;126.792480;24,161;59,941;84,102;1;0;0;1.935891645194918e-05;1.935891645194918e-05;7.283678;14.418659;0.509529;84,349;33,390
287;0.2870152953165233;52;52;0.672779;84,101;84,101;0;1;13,068;1.002949;2.555096;127.467471;24,161;59,940;84,101;1;0;0;1.935891645194918e-05;1.935891645194918e-05;7.283678;14.418659;0.509529;84,349;33,390
288;0.2880026000555722;51;51;0.632154;84,101;84,101;0;0;13,068;1.002949;2.555096;128.101848;24,161;59,940;84,101;0;0;0;1.935891645194918e-05;1.935891645194918e-05;7.283678;14.418659;0.509529;84,349;33,390
289;0.2890092637110731;52;52;0.356119;84,100;84,100;0;1;13,068;1.002961;2.555096;128.460148;24,161;59,939;84,100;1;0;0;1.935891645194918e-05;1.935891645194918e-05;7.283678;14.418659;0.509529;84,349;33,390
290;0.2900159273665739;52;52;0.441133;84,096;84,096;0;4;13,068;1.003008;2.555096;128.903592;24,161;59,935;84,096;4;0;0;1.935891645194918e-05;1.935891645194918e-05;7.283678;14.418659;0.509529;84,349;33,390
291;0.2910032321056228;51;51;0.411804;84,096;84,096;0;0;13,068;1.003008;2.555096;129.317591;24,161;59,935;84,096;0;0;0;1.935891645194918e-05;1.935891645194918e-05;7.283678;14.418659;0.509529;84,349;33,390
292;0.2920098957611236;52;52;0.444244;84,089;84,089;0;7;13,068;1.003092;2.555096;129.764316;24,161;59,928;84,089;7;0;0;1.935891645194918e-05;1.935891645194918e-05;7.283678;14.418659;0.509529;84,349;33,390
293;0.2930165594166245;52;52;0.559895;84,087;84,087;0;2;13,068;1.003116;2.555096;130.326886;24,161;59,926;84,087;2;0;0;1.935891645194918e-05;1.935891645194918e-05;7.283678;14.418659;0.509529;84,349;33,390
294;0.2940038641556734;51;51;1.040241;84,081;84,081;0;6;13,464;1.003187;2.479947;131.369362;24,161;59,920;84,081;6;0;0;1.935891645194918e-05;1.935891645194918e-05;7.283678;14.418659;0.509529;84,349;33,390
295;0.2950105278111742;52;52;0.469887;84,072;84,072;0;9;13,464;1.003295;2.479947;131.841731;24,161;59,911;84,072;9;0;0;1.935891645194918e-05;1.935891645194918e-05;7.283678;14.418659;0.509529;84,349;33,390
296;0.296017191466675;52;52;0.309011;84,068;84,068;0;4;13,464;1.003343;2.479947;132.153164;24,161;59,907;84,068;4;0;0;1.935891645194918e-05;1.935891645194918e-05;7.283678;14.418659;0.509529;84,349;33,390
297;0.2970044962057239;51;51;0.355038;84,062;84,062;0;6;13,464;1.003414;2.479947;132.510599;24,161;59,901;84,062;6;0;0;1.935891645194918e-05;1.935891645194918e-05;7.283678;14.418659;0.509529;84,349;33,390
298;0.2980111598612248;52;52;0.456357;84,056;84,056;0;6;13,464;1.003486;2.479947;132.969097;24,161;59,895;84,056;6;0;0;1.935891645194918e-05;1.935891645194918e-05;7.283678;14.418659;0.509529;84,349;33,390
299;0.2990178235167256;52;52;0.334768;84,054;84,054;0;2;13,464;1.003510;2.479947;133.306537;24,161;59,893;84,054;2;0;0;1.935891645194918e-05;1.935891645194918e-05;7.283678;14.418659;0.509529;84,349;33,390
300;0.3000051282557745;51;51;0.288103;84,051;84,051;0;3;13,464;1.003545;2.479947;133.597580;24,161;59,890;84,051;3;0;0;1.935891645194918e-05;1.935891645194918e-05;7.283678;14.418659;0.509529;84,349;33,390
301;0.3010117919112754;52;52;0.366838;84,044;84,044;0;7;13,464;1.003629;2.479947;133.966758;24,161;59,883;84,044;7;0;0;1.935891645194918e-05;1.935891645194918e-05;7.283678;14.418659;0.509529;84,349;33,390
302;0.3020184555667762;52;52;0.382535;84,041;84,041;0;3;13,464;1.003665;2.479947;134.351408;24,161;59,880;84,041;3;0;0;1.935891645194918e-05;1.935891645194918e-05;7.283678;14.418659;0.509529;84,349;33,390
303;0.3030057603058251;51;51;0.401713;84,026;84,026;0;15;13,464;1.003844;2.479947;134.755550;24,161;59,865;84,026;15;0;0;1.935891645194918e-05;1.935891645194918e-05;7.283678;14.418659;0.509529;84,349;33,390
304;0.3040124239613259;52;52;0.437361;84,020;84,020;0;6;13,464;1.003916;2.479947;135.195145;24,161;59,859;84,020;6;0;0;1.935891645194918e-05;1.935891645194918e-05;7.283678;14.418659;0.509529;84,349;33,390
305;0.3050190876168268;52;52;0.458332;84,011;84,011;0;9;13,860;1.004023;2.409091;135.655667;24,161;59,850;84,011;9;0;0;1.935891645194918e-05;1.935891645194918e-05;7.283678;14.418659;0.509529;84,349;33,390
306;0.3060063923558757;51;51;0.547009;84,004;84,004;0;7;13,860;1.004107;2.409091;136.204827;24,161;59,843;84,004;7;0;0;1.935891645194918e-05;1.935891645194918e-05;7.283678;14.418659;0.509529;84,349;33,390
307;0.3070130560113765;52;52;0.638768;84,002;84,002;0;2;13,860;1.004131;2.409091;136.845652;24,161;59,841;84,002;2;0;0;1.935891645194918e-05;1.935891645194918e-05;7.283678;14.418659;0.509529;84,349;33,390
308;0.3080003607504254;51;51;0.494316;83,999;83,999;0;3;13,860;1.004167;2.409091;137.342352;24,161;59,838;83,999;3;0;0;1.935891645194918e-05;1.935891645194918e-05;7.283678;14.418659;0.509529;84,349;33,390
309;0.3090070244059263;52;52;0.309455;83,996;83,996;0;3;13,860;1.004203;2.409091;137.654064;24,161;59,835;83,996;3;0;0;1.935891645194918e-05;1.935891645194918e-05;7.283678;14.418659;0.509529;84,349;33,390
310;0.3100136880614271;52;52;0.381081;83,993;83,993;0;3;14,256;1.004238;2.342172;138.038130;24,161;59,832;83,993;3;0;0;1.935891645194918e-05;1.935891645194918e-05;7.283678;14.418659;0.509529;84,349;33,390
311;0.311000992800476;51;51;0.468920;83,987;83,987;0;6;14,256;1.004310;2.342172;138.509300;24,161;59,826;83,987;6;0;0;1.935891645194918e-05;1.935891645194918e-05;7.283678;14.418659;0.509529;84,349;33,390
312;0.3120076564559768;52;52;0.617217;83,985;83,985;0;2;14,256;1.004334;2.342172;139.129584;24,161;59,824;83,985;2;0;0;1.935891645194918e-05;1.935891645194918e-05;7.283678;14.418659;0.509529;84,349;33,390
313;0.3130143201114777;52;52;0.699687;83,982;83,982;0;3;14,256;1.004370;2.342172;139.831816;24,161;59,821;83,982;3;0;0;1.935891645194918e-05;1.935891645194918e-05;7.283678;14.418659;0.509529;84,349;33,390
314;0.3140016248505266;51;51;0.446230;83,976;83,976;0;6;14,256;1.004442;2.342172;140.280171;24,161;59,815;83,976;6;0;0;1.935891645194918e-05;1.935891645194918e-05;7.283678;14.418659;0.509529;84,349;33,390
315;0.3150082885060274;52;52;0.427191;83,972;83,972;0;4;14,256;1.004490;2.342172;140.710181;24,161;59,811;83,972;4;0;0;1.935891645194918e-05;1.935891645194918e-05;7.283678;14.418659;0.509529;84,349;33,390
316;0.3160149521615283;52;52;0.223386;83,965;83,965;0;7;14,652;1.004573;2.278870;140.935927;24,161;59,804;83,965;7;0;0;1.935891645194918e-05;1.935891645194918e-05;7.283678;14.418659;0.509529;84,349;33,390
317;0.3170022569005772;51;51;0.376470;83,961;83,961;0;4;14,652;1.004621;2.278870;141.314571;24,161;59,800;83,961;4;0;0;1.935891645194918e-05;1.935891645194918e-05;7.283678;14.418659;0.509529;84,349;33,390
318;0.318008920556078;52;52;0.476122;83,959;83,959;0;2;14,652;1.004645;2.278870;141.792805;24,161;59,798;83,959;2;0;0;1.935891645194918e-05;1.935891645194918e-05;7.283678;14.418659;0.509529;84,349;33,390
319;0.3190155842115788;52;52;0.459168;83,952;83,952;0;7;15,318;1.004729;2.179788;142.254605;24,161;59,791;83,952;7;0;0;1.935891645194918e-05;1.935891645194918e-05;7.283678;14.418659;0.509529;84,349;33,390
320;0.3200028889506277;51;51;0.317426;83,952;83,952;0;0;15,318;1.004729;2.179788;142.574325;24,161;59,791;83,952;0;0;0;1.935891645194918e-05;1.935891645194918e-05;7.283678;14.418659;0.509529;84,349;33,390
321;0.3210095526061286;52;52;0.307605;83,950;83,950;0;2;15,318;1.004753;2.179788;142.884165;24,161;59,789;83,950;2;0;0;1.935891645194918e-05;1.935891645194918e-05;7.283678;14.418659;0.509529;84,349;33,390
322;0.3220162162616294;52;52;0.395775;83,947;83,947;0;3;15,318;1.004789;2.179788;143.282478;24,161;59,786;83,947;3;0;0;1.935891645194918e-05;1.935891645194918e-05;7.283678;14.418659;0.509529;84,349;33,390
323;0.3230035210006783;51;51;0.441769;83,940;83,940;0;7;15,318;1.004873;2.179788;143.726410;24,161;59,779;83,940;7;0;0;1.935891645194918e-05;1.935891645194918e-05;7.283678;14.418659;0.509529;84,349;33,390
324;0.3240101846561791;52;52;0.374756;83,936;83,936;0;4;15,318;1.004920;2.179788;144.103437;24,161;59,775;83,936;4;0;0;1.935891645194918e-05;1.935891645194918e-05;7.283678;14.418659;0.509529;84,349;33,390
325;0.32501684831168;52;52;0.446485;83,929;83,929;0;7;15,318;1.005004;2.179788;144.552428;24,161;59,768;83,929;7;0;0;1.935891645194918e-05;1.935891645194918e-05;7.283678;14.418659;0.509529;84,349;33,390
326;0.3260041530507289;51;51;0.448769;83,923;83,923;0;6;15,318;1.005076;2.179788;145.003953;24,161;59,762;83,923;6;0;0;1.935891645194918e-05;1.935891645194918e-05;7.283678;14.418659;0.509529;84,349;33,390
327;0.3270108167062297;52;52;0.479042;83,920;83,920;0;3;15,732;1.005112;2.122426;145.485619;24,161;59,759;83,920;3;0;0;1.935891645194918e-05;1.935891645194918e-05;7.283678;14.418659;0.509529;84,349;33,390
328;0.3280174803617306;52;52;0.270810;83,916;83,916;0;4;15,732;1.005160;2.122426;145.759265;24,161;59,755;83,916;4;0;0;1.935891645194918e-05;1.935891645194918e-05;7.283678;14.418659;0.509529;84,349;33,390
329;0.3290047851007795;51;51;0.457910;83,914;83,914;0;2;15,732;1.005184;2.122426;146.219676;24,161;59,753;83,914;2;0;0;1.935891645194918e-05;1.935891645194918e-05;7.283678;14.418659;0.509529;84,349;33,390
330;0.3300114487562803;52;52;0.558749;83,911;83,911;0;3;15,732;1.005220;2.122426;146.781806;24,161;59,750;83,911;3;0;0;1.935891645194918e-05;1.935891645194918e-05;7.283678;14.418659;0.509529;84,349;33,390
331;0.3310181124117811;52;52;0.349357;83,905;83,905;0;6;15,732;1.005292;2.122426;147.133788;24,161;59,744;83,905;6;0;0;1.935891645194918e-05;1.935891645194918e-05;7.283678;14.418659;0.509529;84,349;33,390
332;0.33200541715083;51;51;0.305830;83,902;83,902;0;3;15,732;1.005328;2.122426;147.442540;24,161;59,741;83,902;3;0;0;1.935891645194918e-05;1.935891645194918e-05;7.283678;14.418659;0.509529;84,349;33,390
333;0.3330120808063309;52;52;0.474597;83,897;83,897;0;5;15,732;1.005388;2.122426;147.920678;24,161;59,736;83,897;5;0;0;1.935891645194918e-05;1.935891645194918e-05;7.283678;14.418659;0.509529;84,349;33,390
334;0.3340187444618317;52;52;0.325005;83,892;83,892;0;5;15,732;1.005447;2.122426;148.248261;24,161;59,731;83,892;5;0;0;1.935891645194918e-05;1.935891645194918e-05;7.283678;14.418659;0.509529;84,349;33,390
335;0.3350060492008806;51;51;0.353016;83,889;83,889;0;3;15,732;1.005483;2.122426;148.603755;24,161;59,728;83,889;3;0;0;1.935891645194918e-05;1.935891645194918e-05;7.283678;14.418659;0.509529;84,349;33,390
336;0.3360127128563815;52;52;0.495115;83,887;83,887;0;2;15,732;1.005507;2.122426;149.101520;24,161;59,726;83,887;2;0;0;1.935891645194918e-05;1.935891645194918e-05;7.283678;14.418659;0.509529;84,349;33,390
337;0.3370000175954304;51;51;0.414535;83,881;83,881;0;6;15,732;1.005579;2.122426;149.518344;24,161;59,720;83,881;6;0;0;1.935891645194918e-05;1.935891645194918e-05;7.283678;14.418659;0.509529;84,349;33,390
338;0.3380066812509312;52;52;0.487666;83,876;83,876;0;5;16,146;1.005639;2.068004;150.008205;24,161;59,715;83,876;5;0;0;1.935891645194918e-05;1.935891645194918e-05;7.283678;14.418659;0.509529;84,349;33,390
339;0.339013344906432;52;52;0.388543;83,872;83,872;0;4;16,146;1.005687;2.068004;150.399269;24,161;59,711;83,872;4;0;0;1.935891645194918e-05;1.935891645194918e-05;7.283678;14.418659;0.509529;84,349;33,390
340;0.3400006496454809;51;51;0.523327;83,870;83,870;0;2;16,146;1.005711;2.068004;150.924642;24,161;59,709;83,870;2;0;0;1.935891645194918e-05;1.935891645194918e-05;7.283678;14.418659;0.509529;84,349;33,390
341;0.3410073133009818;52;52;0.472929;83,864;83,864;0;6;16,560;1.005783;2.016304;151.400034;24,161;59,703;83,864;6;0;0;1.935891645194918e-05;1.935891645194918e-05;7.283678;14.418659;0.509529;84,349;33,390
342;0.3420139769564826;52;52;0.281988;83,859;83,859;0;5;16,560;1.005843;2.016304;151.684391;24,161;59,698;83,859;5;0;0;1.935891645194918e-05;1.935891645194918e-05;7.283678;14.418659;0.509529;84,349;33,390
343;0.3430012816955315;51;51;0.642752;83,855;83,855;0;4;16,560;1.005891;2.016304;152.329330;24,161;59,694;83,855;4;0;0;1.935891645194918e-05;1.935891645194918e-05;7.283678;14.418659;0.509529;84,349;33,390
344;0.3440079453510324;52;52;0.431931;83,850;83,850;0;5;16,560;1.005951;2.016304;152.763469;24,161;59,689;83,850;5;0;0;1.935891645194918e-05;1.935891645194918e-05;7.283678;14.418659;0.509529;84,349;33,390
345;0.3450146090065332;52;52;0.413490;83,845;83,845;0;5;16,560;1.006011;2.016304;153.179302;24,161;59,684;83,845;5;0;0;1.935891645194918e-05;1.935891645194918e-05;7.283678;14.418659;0.509529;84,349;33,390
346;0.3460019137455821;51;51;0.329088;83,839;83,839;0;6;16,560;1.006083;2.016304;153.510489;24,161;59,678;83,839;6;0;0;1.935891645194918e-05;1.935891645194918e-05;7.283678;14.418659;0.509529;84,349;33,390
347;0.3470085774010829;52;52;0.402601;83,837;83,837;0;2;16,560;1.006107;2.016304;153.915565;24,161;59,676;83,837;2;0;0;1.935891645194918e-05;1.935891645194918e-05;7.283678;14.418659;0.509529;84,349;33,390
348;0.3480152410565838;52;52;0.823974;83,834;83,834;0;3;16,560;1.006143;2.016304;154.741819;24,161;59,673;83,834;3;0;0;1.935891645194918e-05;1.935891645194918e-05;7.283678;14.418659;0.509529;84,349;33,390
349;0.3490025457956327;51;51;0.307048;83,832;83,832;0;2;16,974;1.006167;1.967126;155.051079;24,161;59,671;83,832;2;0;0;1.935891645194918e-05;1.935891645194918e-05;7.283678;14.418659;0.509529;84,349;33,390
350;0.3500092094511335;52;52;0.437460;83,829;83,829;0;3;16,974;1.006203;1.967126;155.490657;24,161;59,668;83,829;3;0;0;1.935891645194918e-05;1.935891645194918e-05;7.283678;14.418659;0.509529;84,349;33,390
351;0.3510158731066343;52;52;0.487690;83,822;83,822;0;7;16,974;1.006287;1.967126;155.980453;24,161;59,661;83,822;7;0;0;1.935891645194918e-05;1.935891645194918e-05;7.283678;14.418659;0.509529;84,349;33,390
352;0.3520031778456832;51;51;0.498358;83,819;83,819;0;3;16,974;1.006323;1.967126;156.481038;24,161;59,658;83,819;3;0;0;1.935891645194918e-05;1.935891645194918e-05;7.283678;14.418659;0.509529;84,349;33,390
353;0.3530098415011841;52;52;0.469583;83,816;83,816;0;3;16,974;1.006359;1.967126;156.952826;24,161;59,655;83,816;3;0;0;1.935891645194918e-05;1.935891645194918e-05;7.283678;14.418659;0.509529;84,349;33,390
354;0.3540165051566849;52;52;0.701730;83,814;83,814;0;2;16,974;1.006383;1.967126;157.656776;24,161;59,653;83,814;2;0;0;1.935891645194918e-05;1.935891645194918e-05;7.283678;14.418659;0.509529;84,349;33,390
355;0.3550038098957338;51;51;0.155482;83,812;83,812;0;2;16,974;1.006407;1.967126;157.814940;24,161;59,651;83,812;2;0;0;1.935891645194918e-05;1.935891645194918e-05;7.283678;14.418659;0.509529;84,349;33,390
356;0.3560104735512347;52;52;0.494133;83,807;83,807;0;5;16,974;1.006467;1.967126;158.311682;24,161;59,646;83,807;5;0;0;1.935891645194918e-05;1.935891645194918e-05;7.283678;14.418659;0.509529;84,349;33,390
357;0.3570171372067355;52;52;0.607041;83,804;83,804;0;3;16,974;1.006503;1.967126;158.921242;24,161;59,643;83,804;3;0;0;1.935891645194918e-05;1.935891645194918e-05;7.283678;14.418659;0.509529;84,349;33,390
358;0.3580044419457844;51;51;0.502867;83,800;83,800;0;4;16,974;1.006551;1.967126;159.426535;24,161;59,639;83,800;4;0;0;1.935891645194918e-05;1.935891645194918e-05;7.283678;14.418659;0.509529;84,349;33,390
359;0.3590111056012852;52;52;0.506751;83,794;83,794;0;6;16,974;1.006623;1.967126;159.935962;24,161;59,633;83,794;6;0;0;1.935891645194918e-05;1.935891645194918e-05;7.283678;14.418659;0.509529;84,349;33,390
360;0.3600177692567861;52;52;0.392089;83,792;83,792;0;2;17,388;1.006647;1.920290;160.330542;24,161;59,631;83,792;2;0;0;1.935891645194918e-05;1.935891645194918e-05;7.283678;14.418659;0.509529;84,349;33,390
361;0.361005073995835;51;51;0.454612;83,790;83,790;0;2;17,388;1.006671;1.920290;160.787749;24,161;59,629;83,790;2;0;0;1.935891645194918e-05;1.935891645194918e-05;7.283678;14.418659;0.509529;84,349;33,390
362;0.3620117376513358;52;52;0.529391;83,787;83,787;0;3;17,388;1.006707;1.920290;161.319819;24,161;59,626;83,787;3;0;0;1.935891645194918e-05;1.935891645194918e-05;7.283678;14.418659;0.509529;84,349;33,390
363;0.3630184013068367;52;52;0.583249;83,782;83,782;0;5;17,388;1.006768;1.920290;161.905763;24,161;59,621;83,782;5;0;0;1.935891645194918e-05;1.935891645194918e-05;7.283678;14.418659;0.509529;84,349;33,390
364;0.3640057060458856;51;51;0.462819;83,780;83,780;0;2;17,388;1.006792;1.920290;162.371221;24,161;59,619;83,780;2;0;0;1.935891645194918e-05;1.935891645194918e-05;7.283678;14.418659;0.509529;84,349;33,390
365;0.3650123697013864;52;52;0.365492;83,773;83,773;0;7;17,388;1.006876;1.920290;162.739007;24,161;59,612;83,773;7;0;0;1.935891645194918e-05;1.935891645194918e-05;7.283678;14.418659;0.509529;84,349;33,390
366;0.3660190333568872;52;52;0.463143;83,754;83,754;0;19;17,388;1.007104;1.920290;163.204297;24,161;59,593;83,754;19;0;0;1.935891645194918e-05;1.935891645194918e-05;7.283678;14.418659;0.509529;84,349;33,390
367;0.3670063380959361;51;51;0.492441;83,743;83,743;0;11;17,388;1.007236;1.920290;163.698749;24,161;59,582;83,743;11;0;0;1.935891645194918e-05;1.935891645194918e-05;7.283678;14.418659;0.509529;84,349;33,390
368;0.368013001751437;52;52;0.296390;83,740;83,740;0;3;17,388;1.007273;1.920290;163.997394;24,161;59,579;83,740;3;0;0;1.935891645194918e-05;1.935891645194918e-05;7.283678;14.418659;0.509529;84,349;33,390
369;0.3690003064904859;51;51;0.696773;83,732;83,732;0;8;17,388;1.007369;1.920290;164.697093;24,161;59,571;83,732;8;0;0;1.935891645194918e-05;1.935891645194918e-05;7.283678;14.418659;0.509529;84,349;33,390
370;0.3700069701459867;52;52;0.532284;83,724;83,724;0;8;17,802;1.007465;1.875632;165.231895;24,161;59,563;83,724;8;0;0;1.935891645194918e-05;1.935891645194918e-05;7.283678;14.418659;0.509529;84,349;33,390
371;0.3710136338014876;52;52;0.297034;83,722;83,722;0;2;17,802;1.007489;1.875632;165.531618;24,161;59,561;83,722;2;0;0;1.935891645194918e-05;1.935891645194918e-05;7.283678;14.418659;0.509529;84,349;33,390
372;0.3720009385405365;51;51;0.486655;83,720;83,720;0;2;17,802;1.007513;1.875632;166.020697;24,161;59,559;83,720;2;0;0;1.935891645194918e-05;1.935891645194918e-05;7.283678;14.418659;0.509529;84,349;33,390
373;0.3730076021960373;52;52;0.299027;83,712;83,712;0;8;17,802;1.007609;1.875632;166.322019;24,161;59,551;83,712;8;0;0;1.935891645194918e-05;1.935891645194918e-05;7.283678;14.418659;0.509529;84,349;33,390
374;0.3740142658515381;52;52;0.339877;83,705;83,705;0;7;17,802;1.007694;1.875632;166.665115;24,161;59,544;83,705;7;0;0;1.935891645194918e-05;1.935891645194918e-05;7.283678;14.418659;0.509529;84,349;33,390
375;0.375001570590587;51;51;0.862330;83,702;83,702;0;3;17,802;1.007730;1.875632;167.530224;24,161;59,541;83,702;3;0;0;1.935891645194918e-05;1.935891645194918e-05;7.283678;14.418659;0.509529;84,349;33,390
376;0.3760082342460879;52;52;0.394445;83,697;83,697;0;5;17,802;1.007790;1.875632;167.927186;24,161;59,536;83,697;5;0;0;1.935891645194918e-05;1.935891645194918e-05;7.283678;14.418659;0.509529;84,349;33,390
377;0.3770148979015887;52;52;0.449432;83,691;83,691;0;6;17,802;1.007862;1.875632;168.379197;24,161;59,530;83,691;6;0;0;1.935891645194918e-05;1.935891645194918e-05;7.283678;14.418659;0.509529;84,349;33,390
378;0.3780022026406376;51;51;0.361134;83,688;83,688;0;3;17,802;1.007898;1.875632;168.743070;24,161;59,527;83,688;3;0;0;1.935891645194918e-05;1.935891645194918e-05;7.283678;14.418659;0.509529;84,349;33,390
379;0.3790088662961384;52;52;0.262137;83,681;83,681;0;7;17,802;1.007983;1.875632;169.008059;24,161;59,520;83,681;7;0;0;1.935891645194918e-05;1.935891645194918e-05;7.283678;14.418659;0.509529;84,349;33,390
380;0.3800155299516393;52;52;0.310458;83,667;83,667;0;14;18,576;1.008151;1.797481;169.320936;24,161;59,506;83,667;14;0;0;1.935891645194918e-05;1.935891645194918e-05;7.283678;14.418659;0.509529;84,349;33,390
381;0.3810028346906882;51;51;0.266235;83,654;83,654;0;13;19,008;1.008308;1.756629;169.589489;24,161;59,493;83,654;13;0;0;1.935891645194918e-05;1.935891645194918e-05;7.283678;14.418659;0.509529;84,349;33,390
382;0.382009498346189;52;52;0.586238;83,646;83,646;0;8;19,008;1.008404;1.756629;170.178014;24,161;59,485;83,646;8;0;0;1.935891645194918e-05;1.935891645194918e-05;7.283678;14.418659;0.509529;84,349;33,390
383;0.3830161620016899;52;52;0.400107;83,640;83,640;0;6;19,008;1.008477;1.756629;170.580207;24,161;59,479;83,640;6;0;0;1.935891645194918e-05;1.935891645194918e-05;7.283678;14.418659;0.509529;84,349;33,390
384;0.3840034667407388;51;51;0.417675;83,636;83,636;0;4;19,008;1.008525;1.756629;171.000493;24,161;59,475;83,636;4;0;0;1.935891645194918e-05;1.935891645194918e-05;7.283678;14.418659;0.509529;84,349;33,390
385;0.3850101303962396;52;52;0.358403;83,634;83,634;0;2;19,008;1.008549;1.756629;171.361148;24,161;59,473;83,634;2;0;0;1.935891645194918e-05;1.935891645194918e-05;7.283678;14.418659;0.509529;84,349;33,390
386;0.3860167940517404;52;52;0.535343;83,634;83,634;0;0;19,008;1.008549;1.756629;171.899099;24,161;59,473;83,634;0;0;0;1.935891645194918e-05;1.935891645194918e-05;7.283678;14.418659;0.509529;84,349;33,390
387;0.3870040987907893;51;51;0.469478;83,633;83,633;0;1;19,008;1.008561;1.756629;172.370868;24,161;59,472;83,633;1;0;0;1.935891645194918e-05;1.935891645194918e-05;7.283678;14.418659;0.509529;84,349;33,390
388;0.3880107624462902;52;52;0.469706;83,631;83,631;0;2;19,008;1.008585;1.756629;172.842731;24,161;59,470;83,631;2;0;0;1.935891645194918e-05;1.935891645194918e-05;7.283678;14.418659;0.509529;84,349;33,390
389;0.389017426101791;52;52;0.673411;83,628;83,628;0;3;19,008;1.008622;1.756629;173.518590;24,161;59,467;83,628;3;0;0;1.935891645194918e-05;1.935891645194918e-05;7.283678;14.418659;0.509529;84,349;33,390
390;0.3900047308408399;51;51;0.408464;83,626;83,626;0;2;19,008;1.008646;1.756629;173.929428;24,161;59,465;83,626;2;0;0;1.935891645194918e-05;1.935891645194918e-05;7.283678;14.418659;0.509529;84,349;33,390
391;0.3910113944963408;52;52;0.468109;83,623;83,623;0;3;19,008;1.008682;1.756629;174.400007;24,161;59,462;83,623;3;0;0;1.935891645194918e-05;1.935891645194918e-05;7.283678;14.418659;0.509529;84,349;33,390
392;0.3920180581518416;52;52;0.334633;83,618;83,618;0;5;19,008;1.008742;1.756629;174.736922;24,161;59,457;83,618;5;0;0;1.935891645194918e-05;1.935891645194918e-05;7.283678;14.418659;0.509529;84,349;33,390
393;0.3930053628908905;51;51;0.824458;83,612;83,612;0;6;19,008;1.008815;1.756629;175.563811;24,161;59,451;83,612;6;0;0;1.935891645194918e-05;1.935891645194918e-05;7.283678;14.418659;0.509529;84,349;33,390
394;0.3940120265463913;52;52;0.455899;83,608;83,608;0;4;19,008;1.008863;1.756629;176.021942;24,161;59,447;83,608;4;0;0;1.935891645194918e-05;1.935891645194918e-05;7.283678;14.418659;0.509529;84,349;33,390
395;0.3950186902018922;52;52;0.260410;83,599;83,599;0;9;19,008;1.008971;1.756629;176.284655;24,161;59,438;83,599;9;0;0;1.935891645194918e-05;1.935891645194918e-05;7.283678;14.418659;0.509529;84,349;33,390
396;0.3960059949409411;51;51;0.453506;83,595;83,595;0;4;19,008;1.009020;1.756629;176.740325;24,161;59,434;83,595;4;0;0;1.935891645194918e-05;1.935891645194918e-05;7.283678;14.418659;0.509529;84,349;33,390
397;0.3970126585964419;52;52;0.352703;83,590;83,590;0;5;19,008;1.009080;1.756629;177.095236;24,161;59,429;83,590;5;0;0;1.935891645194918e-05;1.935891645194918e-05;7.283678;14.418659;0.509529;84,349;33,390
398;0.3980193222519428;52;52;0.300739;83,585;83,585;0;5;19,008;1.009140;1.756629;177.398326;24,161;59,424;83,585;5;0;0;1.935891645194918e-05;1.935891645194918e-05;7.283678;14.418659;0.509529;84,349;33,390
399;0.3990066269909917;51;51;0.476375;83,576;83,576;0;9;19,008;1.009249;1.756629;177.876946;24,161;59,415;83,576;9;0;0;1.935891645194918e-05;1.935891645194918e-05;7.283678;14.418659;0.509529;84,349;33,390
400;0.4000132906464925;52;52;0.128644;83,567;83,567;0;9;19,008;1.009358;1.756629;178.007906;24,161;59,406;83,567;9;0;0;1.935891645194918e-05;1.935891645194918e-05;7.283678;14.418659;0.509529;84,349;33,390
401;0.4010005953855414;51;51;0.435084;83,559;83,559;0;8;19,008;1.009454;1.756629;178.445132;24,161;59,398;83,559;8;0;0;1.935891645194918e-05;1.935891645194918e-05;7.283678;14.418659;0.509529;84,349;33,390
402;0.4020072590410422;52;52;0.286717;83,548;83,548;0;11;19,008;1.009587;1.756629;178.734153;24,161;59,387;83,548;11;0;0;1.935891645194918e-05;1.935891645194918e-05;7.283678;14.418659;0.509529;84,349;33,390
403;0.4030139226965431;52;52;0.340968;83,542;83,542;0;6;19,008;1.009660;1.756629;179.077281;24,161;59,381;83,542;6;0;0;1.935891645194918e-05;1.935891645194918e-05;7.283678;14.418659;0.509529;84,349;33,390
404;0.404001227435592;51;51;0.366395;83,537;83,537;0;5;19,008;1.009720;1.756629;179.446123;24,161;59,376;83,537;5;0;0;1.935891645194918e-05;1.935891645194918e-05;7.283678;14.418659;0.509529;84,349;33,390
405;0.4050078910910928;52;52;0.480241;83,528;83,528;0;9;19,008;1.009829;1.756629;179.928650;24,161;59,367;83,528;9;0;0;1.935891645194918e-05;1.935891645194918e-05;7.283678;14.418659;0.509529;84,349;33,390
406;0.4060145547465936;52;52;0.346517;83,524;83,524;0;4;19,008;1.009877;1.756629;180.277280;24,161;59,363;83,524;4;0;0;1.935891645194918e-05;1.935891645194918e-05;7.283678;14.418659;0.509529;84,349;33,390
407;0.4070018594856425;51;51;0.770464;83,515;83,515;0;9;19,008;1.009986;1.756629;181.050223;24,161;59,354;83,515;9;0;0;1.935891645194918e-05;1.935891645194918e-05;7.283678;14.418659;0.509529;84,349;33,390
408;0.4080085231411434;52;52;0.293888;83,497;83,497;0;18;18,576;1.010204;1.797481;181.346286;24,161;59,336;83,497;18;0;0;1.935891645194918e-05;1.935891645194918e-05;7.283678;14.418659;0.509529;84,349;33,390
409;0.4090151867966442;52;52;0.587147;83,487;83,487;0;10;18,576;1.010325;1.797481;181.936033;24,161;59,326;83,487;10;0;0;1.935891645194918e-05;1.935891645194918e-05;7.283678;14.418659;0.509529;84,349;33,390
410;0.4100024915356931;51;51;0.296226;83,480;83,480;0;7;18,576;1.010410;1.797481;182.234543;24,161;59,319;83,480;7;0;0;1.935891645194918e-05;1.935891645194918e-05;7.283678;14.418659;0.509529;84,349;33,390
411;0.411009155191194;52;52;0.316827;83,467;83,467;0;13;18,576;1.010567;1.797481;182.553539;24,161;59,306;83,467;13;0;0;1.935891645194918e-05;1.935891645194918e-05;7.283678;14.418659;0.509529;84,349;33,390
412;0.4120158188466948;52;52;0.406973;83,456;83,456;0;11;18,576;1.010700;1.797481;182.962666;24,161;59,295;83,456;11;0;0;1.935891645194918e-05;1.935891645194918e-05;7.283678;14.418659;0.509529;84,349;33,390
413;0.4130031235857437;51;51;0.393690;83,449;83,449;0;7;18,576;1.010785;1.797481;183.358749;24,161;59,288;83,449;7;0;0;1.935891645194918e-05;1.935891645194918e-05;7.283678;14.418659;0.509529;84,349;33,390
414;0.4140097872412445;52;52;0.443618;83,443;83,443;0;6;18,576;1.010858;1.797481;183.804699;24,161;59,282;83,443;6;0;0;1.935891645194918e-05;1.935891645194918e-05;7.283678;14.418659;0.509529;84,349;33,390
415;0.4150164508967454;52;52;0.357378;83,437;83,437;0;6;18,576;1.010930;1.797481;184.164326;24,161;59,276;83,437;6;0;0;1.935891645194918e-05;1.935891645194918e-05;7.283678;14.418659;0.509529;84,349;33,390
416;0.4160037556357943;51;51;0.939111;83,429;83,429;0;8;18,576;1.011027;1.797481;185.105958;24,161;59,268;83,429;8;0;0;1.935891645194918e-05;1.935891645194918e-05;7.283678;14.418659;0.509529;84,349;33,390
417;0.4170104192912951;52;52;0.262963;83,413;83,413;0;16;18,576;1.011221;1.797481;185.371190;24,161;59,252;83,413;16;0;0;1.935891645194918e-05;1.935891645194918e-05;7.283678;14.418659;0.509529;84,349;33,390
418;0.418017082946796;52;52;0.499566;83,407;83,407;0;6;18,576;1.011294;1.797481;185.873228;24,161;59,246;83,407;6;0;0;1.935891645194918e-05;1.935891645194918e-05;7.283678;14.418659;0.509529;84,349;33,390
419;0.4190043876858449;51;51;0.507245;83,401;83,401;0;6;18,576;1.011367;1.797481;186.382703;24,161;59,240;83,401;6;0;0;1.935891645194918e-05;1.935891645194918e-05;7.283678;14.418659;0.509529;84,349;33,390
420;0.4200110513413457;52;52;0.348377;83,390;83,390;0;11;18,576;1.011500;1.797481;186.733695;24,161;59,229;83,390;11;0;0;1.935891645194918e-05;1.935891645194918e-05;7.283678;14.418659;0.509529;84,349;33,390
421;0.4210177149968465;52;52;0.493402;83,377;83,377;0;13;18,576;1.011658;1.797481;187.229405;24,161;59,216;83,377;13;0;0;1.935891645194918e-05;1.935891645194918e-05;7.283678;14.418659;0.509529;84,349;33,390
422;0.4220050197358954;51;51;0.571010;83,369;83,369;0;8;18,576;1.011755;1.797481;187.802753;24,161;59,208;83,369;8;0;0;1.935891645194918e-05;1.935891645194918e-05;7.283678;14.418659;0.509529;84,349;33,390
423;0.4230116833913963;52;52;0.498438;83,355;83,355;0;14;18,576;1.011925;1.797481;188.303457;24,161;59,194;83,355;14;0;0;1.935891645194918e-05;1.935891645194918e-05;7.283678;14.418659;0.509529;84,349;33,390
424;0.4240183470468971;52;52;0.298692;83,343;83,343;0;12;18,576;1.012071;1.797481;188.604492;24,161;59,182;83,343;12;0;0;1.935891645194918e-05;1.935891645194918e-05;7.283678;14.418659;0.509529;84,349;33,390
425;0.425005651785946;51;51;0.407422;83,336;83,336;0;7;18,576;1.012156;1.797481;189.014337;24,161;59,175;83,336;7;0;0;1.935891645194918e-05;1.935891645194918e-05;7.283678;14.418659;0.509529;84,349;33,390
426;0.4260123154414469;52;52;0.511350;83,323;83,323;0;13;18,576;1.012314;1.797481;189.527994;24,161;59,162;83,323;13;0;0;1.935891645194918e-05;1.935891645194918e-05;7.283678;14.418659;0.509529;84,349;33,390
427;0.4270189790969477;52;52;0.425713;83,314;83,314;0;9;18,576;1.012423;1.797481;189.956052;24,161;59,153;83,314;9;0;0;1.935891645194918e-05;1.935891645194918e-05;7.283678;14.418659;0.509529;84,349;33,390
428;0.4280062838359966;51;51;0.828455;83,312;83,312;0;2;18,576;1.012447;1.797481;190.786788;24,161;59,151;83,312;2;0;0;1.935891645194918e-05;1.935891645194918e-05;7.283678;14.418659;0.509529;84,349;33,390
429;0.4290129474914974;52;52;0.340137;83,306;83,306;0;6;18,576;1.012520;1.797481;191.132315;24,161;59,145;83,306;6;0;0;1.935891645194918e-05;1.935891645194918e-05;7.283678;14.418659;0.509529;84,349;33,390
430;0.4300002522305463;51;51;0.307871;83,301;83,301;0;5;18,576;1.012581;1.797481;191.442490;24,161;59,140;83,301;5;0;0;1.935891645194918e-05;1.935891645194918e-05;7.283678;14.418659;0.509529;84,349;33,390
431;0.4310069158860472;52;52;0.515299;83,297;83,297;0;4;18,576;1.012630;1.797481;191.959925;24,161;59,136;83,297;4;0;0;1.935891645194918e-05;1.935891645194918e-05;7.283678;14.418659;0.509529;84,349;33,390
432;0.432013579541548;52;52;0.299767;83,291;83,291;0;6;18,576;1.012702;1.797481;192.262010;24,161;59,130;83,291;6;0;0;1.935891645194918e-05;1.935891645194918e-05;7.283678;14.418659;0.509529;84,349;33,390
433;0.4330008842805969;51;51;0.452798;83,289;83,289;0;2;19,008;1.012727;1.756629;192.716895;24,161;59,128;83,289;2;0;0;1.935891645194918e-05;1.935891645194918e-05;7.283678;14.418659;0.509529;84,349;33,390
434;0.4340075479360977;52;52;0.775340;83,279;83,279;0;10;19,008;1.012848;1.756629;193.494908;24,161;59,118;83,279;10;0;0;1.935891645194918e-05;1.935891645194918e-05;7.283678;14.418659;0.509529;84,349;33,390
435;0.4350142115915986;52;52;0.456468;83,272;83,272;0;7;19,008;1.012934;1.756629;193.954981;24,161;59,111;83,272;7;0;0;1.935891645194918e-05;1.935891645194918e-05;7.283678;14.418659;0.509529;84,349;33,390
436;0.4360015163306475;51;51;0.482573;83,266;83,266;0;6;19,008;1.013007;1.756629;194.440246;24,161;59,105;83,266;6;0;0;1.935891645194918e-05;1.935891645194918e-05;7.283678;14.418659;0.509529;84,349;33,390
437;0.4370081799861483;52;52;0.471108;83,253;83,253;0;13;18,216;1.013165;1.833004;194.914069;24,161;59,092;83,253;13;0;0;1.935891645194918e-05;1.935891645194918e-05;7.283678;14.418659;0.509529;84,349;33,390
438;0.4380148436416492;52;52;0.331875;83,248;83,248;0;5;18,216;1.013226;1.833004;195.248550;24,161;59,087;83,248;5;0;0;1.935891645194918e-05;1.935891645194918e-05;7.283678;14.418659;0.509529;84,349;33,390
439;0.4390021483806981;51;51;0.339297;83,239;83,239;0;9;18,216;1.013335;1.833004;195.590569;24,161;59,078;83,239;9;0;0;1.935891645194918e-05;1.935891645194918e-05;7.283678;14.418659;0.509529;84,349;33,390
440;0.4400088120361989;52;52;0.482926;83,230;83,230;0;9;18,216;1.013445;1.833004;196.075941;24,161;59,069;83,230;9;0;0;1.935891645194918e-05;1.935891645194918e-05;7.283678;14.418659;0.509529;84,349;33,390
441;0.4410154756916997;52;52;0.328896;83,222;83,222;0;8;18,216;1.013542;1.833004;196.407660;24,161;59,061;83,222;8;0;0;1.935891645194918e-05;1.935891645194918e-05;7.283678;14.418659;0.509529;84,349;33,390
442;0.4420027804307486;51;51;0.313219;83,216;83,216;0;6;18,216;1.013615;1.833004;196.723525;24,161;59,055;83,216;6;0;0;1.935891645194918e-05;1.935891645194918e-05;7.283678;14.418659;0.509529;84,349;33,390
443;0.4430094440862495;52;52;0.479409;83,204;83,204;0;12;18,630;1.013761;1.792271;197.205605;24,161;59,043;83,204;12;0;0;1.935891645194918e-05;1.935891645194918e-05;7.283678;14.418659;0.509529;84,349;33,390
444;0.4440161077417503;52;52;0.467638;83,197;83,197;0;7;18,630;1.013847;1.792271;197.676871;24,161;59,036;83,197;7;0;0;1.935891645194918e-05;1.935891645194918e-05;7.283678;14.418659;0.509529;84,349;33,390
445;0.4450034124807992;51;51;0.440916;83,187;83,187;0;10;18,630;1.013969;1.792271;198.120111;24,161;59,026;83,187;10;0;0;1.935891645194918e-05;1.935891645194918e-05;7.283678;14.418659;0.509529;84,349;33,390
446;0.4460100761363001;52;52;0.620991;83,180;83,180;0;7;18,630;1.014054;1.792271;198.743275;24,161;59,019;83,180;7;0;0;1.935891645194918e-05;1.935891645194918e-05;7.283678;14.418659;0.509529;84,349;33,390
447;0.4470167397918009;52;52;0.500461;83,171;83,171;0;9;18,630;1.014164;1.792271;199.245833;24,161;59,010;83,171;9;0;0;1.935891645194918e-05;1.935891645194918e-05;7.283678;14.418659;0.509529;84,349;33,390
448;0.4480040445308498;51;51;0.356500;83,163;83,163;0;8;18,630;1.014261;1.792271;199.604688;24,161;59,002;83,163;8;0;0;1.935891645194918e-05;1.935891645194918e-05;7.283678;14.418659;0.509529;84,349;33,390
449;0.4490107081863506;52;52;0.612541;83,159;83,159;0;4;18,630;1.014310;1.792271;200.219370;24,161;58,998;83,159;4;0;0;1.935891645194918e-05;1.935891645194918e-05;7.283678;14.418659;0.509529;84,349;33,390
450;0.4500173718418515;52;52;0.472064;83,147;83,147;0;12;18,630;1.014456;1.792271;200.694017;24,161;58,986;83,147;12;0;0;1.935891645194918e-05;1.935891645194918e-05;7.283678;14.418659;0.509529;84,349;33,390
451;0.4510046765809004;51;51;0.343945;83,142;83,142;0;5;18,630;1.014517;1.792271;201.040583;24,161;58,981;83,142;5;0;0;1.935891645194918e-05;1.935891645194918e-05;7.283678;14.418659;0.509529;84,349;33,390
452;0.4520113402364012;52;52;0.422502;83,133;83,133;0;9;18,630;1.014627;1.792271;201.465657;24,161;58,972;83,133;9;0;0;1.935891645194918e-05;1.935891645194918e-05;7.283678;14.418659;0.509529;84,349;33,390
453;0.4530180038919021;52;52;0.452203;83,114;83,114;0;19;18,630;1.014859;1.792271;201.921325;24,161;58,953;83,114;19;0;0;1.935891645194918e-05;1.935891645194918e-05;7.283678;14.418659;0.509529;84,349;33,390
454;0.454005308630951;51;51;0.037874;83,104;83,104;0;10;18,630;1.014981;1.792271;201.961815;24,161;58,943;83,104;10;0;0;1.935891645194918e-05;1.935891645194918e-05;7.283678;14.418659;0.509529;84,349;33,390
455;0.4550119722864518;52;52;0.038570;83,091;83,091;0;13;18,630;1.015140;1.792271;202.002900;24,161;58,930;83,091;13;0;0;1.935891645194918e-05;1.935891645194918e-05;7.283678;14.418659;0.509529;84,349;33,390
456;0.4560186359419526;52;52;0.038321;83,079;83,079;0;12;18,630;1.015287;1.792271;202.043783;24,161;58,918;83,079;12;0;0;1.935891645194918e-05;1.935891645194918e-05;7.283678;14.418659;0.509529;84,349;33,390
457;0.4570059406810015;51;51;0.037545;83,074;83,074;0;5;18,630;1.015348;1.792271;202.083663;24,161;58,913;83,074;5;0;0;1.935891645194918e-05;1.935891645194918e-05;7.283678;14.418659;0.509529;84,349;33,390
458;0.4580126043365024;52;52;0.038448;83,057;83,057;0;17;18,630;1.015556;1.792271;202.124537;24,161;58,896;83,057;17;0;0;1.935891645194918e-05;1.935891645194918e-05;7.283678;14.418659;0.509529;84,349;33,390
459;0.4590192679920032;52;52;0.038437;83,045;83,045;0;12;18,630;1.015702;1.792271;202.165359;24,161;58,884;83,045;12;0;0;1.935891645194918e-05;1.935891645194918e-05;7.283678;14.418659;0.509529;84,349;33,390
460;0.4600065727310521;51;51;0.037504;83,040;83,040;0;5;18,630;1.015763;1.792271;202.205325;24,161;58,879;83,040;5;0;0;1.935891645194918e-05;1.935891645194918e-05;7.283678;14.418659;0.509529;84,349;33,390
461;0.4610132363865529;52;52;0.038236;83,033;83,033;0;7;18,630;1.015849;1.792271;202.245985;24,161;58,872;83,033;7;0;0;1.935891645194918e-05;1.935891645194918e-05;7.283678;14.418659;0.509529;84,349;33,390
462;0.4620005411256018;51;51;0.037604;83,020;83,020;0;13;18,630;1.016008;1.792271;202.285857;24,161;58,859;83,020;13;0;0;1.935891645194918e-05;1.935891645194918e-05;7.283678;14.418659;0.509529;84,349;33,390
463;0.4630072047811027;52;52;0.038353;83,011;83,011;0;9;18,216;1.016118;1.833004;202.326930;24,161;58,850;83,011;9;0;0;1.935891645194918e-05;1.935891645194918e-05;7.283678;14.418659;0.509529;84,349;33,390
464;0.4640138684366035;52;52;0.039124;82,998;82,998;0;13;18,216;1.016278;1.833004;202.368385;24,161;58,837;82,998;13;0;0;1.935891645194918e-05;1.935891645194918e-05;7.283678;14.418659;0.509529;84,349;33,390
465;0.4650011731756524;51;51;0.037799;82,986;82,986;0;12;18,216;1.016424;1.833004;202.408798;24,161;58,825;82,986;12;0;0;1.935891645194918e-05;1.935891645194918e-05;7.283678;14.418659;0.509529;84,349;33,390
466;0.4660078368311533;52;52;0.038401;82,979;82,979;0;7;18,216;1.016510;1.833004;202.449786;24,161;58,818;82,979;7;0;0;1.935891645194918e-05;1.935891645194918e-05;7.283678;14.418659;0.509529;84,349;33,390
467;0.4670145004866541;52;52;0.038402;82,973;82,973;0;6;18,216;1.016584;1.833004;202.490615;24,161;58,812;82,973;6;0;0;1.935891645194918e-05;1.935891645194918e-05;7.283678;14.418659;0.509529;84,349;33,390
468;0.468001805225703;51;51;0.037690;82,965;82,965;0;8;18,216;1.016682;1.833004;202.530763;24,161;58,804;82,965;8;0;0;1.935891645194918e-05;1.935891645194918e-05;7.283678;14.418659;0.509529;84,349;33,390
469;0.4690084688812038;52;52;0.038456;82,953;82,953;0;12;18,216;1.016829;1.833004;202.571532;24,161;58,792;82,953;12;0;0;1.935891645194918e-05;1.935891645194918e-05;7.283678;14.418659;0.509529;84,349;33,390
470;0.4700151325367047;52;52;0.038275;82,944;82,944;0;9;18,630;1.016939;1.792271;202.612240;24,161;58,783;82,944;9;0;0;1.935891645194918e-05;1.935891645194918e-05;7.283678;14.418659;0.509529;84,349;33,390
471;0.4710024372757536;51;51;0.037529;82,936;82,936;0;8;18,630;1.017037;1.792271;202.652071;24,161;58,775;82,936;8;0;0;1.935891645194918e-05;1.935891645194918e-05;7.283678;14.418659;0.509529;84,349;33,390
472;0.4720091009312544;52;52;0.038310;82,926;82,926;0;10;18,630;1.017160;1.792271;202.692765;24,161;58,765;82,926;10;0;0;1.935891645194918e-05;1.935891645194918e-05;7.283678;14.418659;0.509529;84,349;33,390
473;0.4730157645867553;52;52;0.038561;82,909;82,909;0;17;18,630;1.017368;1.792271;202.733576;24,161;58,748;82,909;17;0;0;1.935891645194918e-05;1.935891645194918e-05;7.283678;14.418659;0.509529;84,349;33,390
474;0.4740030693258042;51;51;0.037787;82,901;82,901;0;8;18,630;1.017467;1.792271;202.773721;24,161;58,740;82,901;8;0;0;1.935891645194918e-05;1.935891645194918e-05;7.283678;14.418659;0.509529;84,349;33,390
475;0.475009732981305;52;52;0.074434;82,890;82,890;0;11;18,630;1.017602;1.792271;202.850773;24,161;58,729;82,890;11;0;0;1.935891645194918e-05;1.935891645194918e-05;7.283678;14.418659;0.509529;84,349;33,390
476;0.4760163966368058;52;52;0.308431;82,877;82,877;0;13;18,216;1.017761;1.833004;203.161605;24,161;58,716;82,877;13;0;0;1.935891645194918e-05;1.935891645194918e-05;7.283678;14.418659;0.509529;84,349;33,390
477;0.4770037013758547;51;51;0.344766;82,862;82,862;0;15;18,216;1.017945;1.833004;203.508894;24,161;58,701;82,862;15;0;0;1.935891645194918e-05;1.935891645194918e-05;7.283678;14.418659;0.509529;84,349;33,390
478;0.4780103650313556;52;52;0.453852;82,851;82,851;0;11;18,216;1.018081;1.833004;203.965239;24,161;58,690;82,851;11;0;0;1.935891645194918e-05;1.935891645194918e-05;7.283678;14.418659;0.509529;84,349;33,390
479;0.4790170286868564;52;52;0.417957;82,842;82,842;0;9;18,216;1.018191;1.833004;204.386166;24,161;58,681;82,842;9;0;0;1.935891645194918e-05;1.935891645194918e-05;7.283678;14.418659;0.509529;84,349;33,390
480;0.4800043334259053;51;51;0.448125;82,837;82,837;0;5;18,216;1.018253;1.833004;204.836887;24,161;58,676;82,837;5;0;0;1.935891645194918e-05;1.935891645194918e-05;7.283678;14.418659;0.509529;84,349;33,390
481;0.4810109970814062;52;52;0.306845;82,825;82,825;0;12;18,216;1.018400;1.833004;205.146388;24,161;58,664;82,825;12;0;0;1.935891645194918e-05;1.935891645194918e-05;7.283678;14.418659;0.509529;84,349;33,390
482;0.482017660736907;52;52;0.037754;82,818;82,818;0;7;18,216;1.018486;1.833004;205.186205;24,161;58,657;82,818;7;0;0;1.935891645194918e-05;1.935891645194918e-05;7.283678;14.418659;0.509529;84,349;33,390
483;0.4830049654759559;51;51;0.037493;82,810;82,810;0;8;18,216;1.018585;1.833004;205.225833;24,161;58,649;82,810;8;0;0;1.935891645194918e-05;1.935891645194918e-05;7.283678;14.418659;0.509529;84,349;33,390
484;0.4840116291314567;52;52;0.037740;82,802;82,802;0;8;18,216;1.018683;1.833004;205.265856;24,161;58,641;82,802;8;0;0;1.935891645194918e-05;1.935891645194918e-05;7.283678;14.418659;0.509529;84,349;33,390
485;0.4850182927869576;52;52;0.037862;82,794;82,794;0;8;18,630;1.018782;1.792271;205.305919;24,161;58,633;82,794;8;0;0;1.935891645194918e-05;1.935891645194918e-05;7.283678;14.418659;0.509529;84,349;33,390
486;0.4860055975260065;51;51;0.037302;82,781;82,781;0;13;18,630;1.018942;1.792271;205.345494;24,161;58,620;82,781;13;0;0;1.935891645194918e-05;1.935891645194918e-05;7.283678;14.418659;0.509529;84,349;33,390
487;0.4870122611815073;52;52;0.037473;82,776;82,776;0;5;18,630;1.019003;1.792271;205.385003;24,161;58,615;82,776;5;0;0;1.935891645194918e-05;1.935891645194918e-05;7.283678;14.418659;0.509529;84,349;33,390
488;0.4880189248370082;52;52;0.037463;82,766;82,766;0;10;19,044;1.019126;1.753308;205.424693;24,161;58,605;82,766;10;0;0;1.935891645194918e-05;1.935891645194918e-05;7.283678;14.418659;0.509529;84,349;33,390
489;0.489006229576057;51;51;0.036814;82,756;82,756;0;10;19,044;1.019249;1.753308;205.463379;24,161;58,595;82,756;10;0;0;1.935891645194918e-05;1.935891645194918e-05;7.283678;14.418659;0.509529;84,349;33,390
490;0.4900128932315579;52;52;0.037443;82,748;82,748;0;8;19,044;1.019348;1.753308;205.502817;24,161;58,587;82,748;8;0;0;1.935891645194918e-05;1.935891645194918e-05;7.283678;14.418659;0.509529;84,349;33,390
491;0.4910001979706068;51;51;0.036979;82,740;82,740;0;8;19,044;1.019446;1.753308;205.541656;24,161;58,579;82,740;8;0;0;1.935891645194918e-05;1.935891645194918e-05;7.283678;14.418659;0.509529;84,349;33,390
492;0.4920068616261076;52;52;0.037978;82,727;82,727;0;13;19,044;1.019607;1.753308;205.581519;24,161;58,566;82,727;13;0;0;1.935891645194918e-05;1.935891645194918e-05;7.283678;14.418659;0.509529;84,349;33,390
493;0.4930135252816085;52;52;0.038229;82,715;82,715;0;12;19,044;1.019755;1.753308;205.621939;24,161;58,554;82,715;12;0;0;1.935891645194918e-05;1.935891645194918e-05;7.283678;14.418659;0.509529;84,349;33,390
494;0.4940008300206574;51;51;0.037276;82,707;82,707;0;8;19,044;1.019853;1.753308;205.661337;24,161;58,546;82,707;8;0;0;1.935891645194918e-05;1.935891645194918e-05;7.283678;14.418659;0.509529;84,349;33,390
495;0.4950074936761582;52;52;0.037684;82,699;82,699;0;8;19,044;1.019952;1.753308;205.701219;24,161;58,538;82,699;8;0;0;1.935891645194918e-05;1.935891645194918e-05;7.283678;14.418659;0.509529;84,349;33,390
496;0.496014157331659;52;52;0.037929;82,685;82,685;0;14;19,044;1.020125;1.753308;205.741078;24,161;58,524;82,685;14;0;0;1.935891645194918e-05;1.935891645194918e-05;7.283678;14.418659;0.509529;84,349;33,390
497;0.4970014620707079;51;51;0.037085;82,674;82,674;0;11;19,044;1.020260;1.753308;205.780497;24,161;58,513;82,674;11;0;0;1.935891645194918e-05;1.935891645194918e-05;7.283678;14.418659;0.509529;84,349;33,390
498;0.4980081257262088;52;52;0.292371;82,667;82,667;0;7;19,044;1.020347;1.753308;206.074787;24,161;58,506;82,667;7;0;0;1.935891645194918e-05;1.935891645194918e-05;7.283678;14.418659;0.509529;84,349;33,390
499;0.4990147893817096;52;52;0.442512;82,657;82,657;0;10;19,044;1.020470;1.753308;206.519691;24,161;58,496;82,657;10;0;0;1.935891645194918e-05;1.935891645194918e-05;7.283678;14.418659;0.509529;84,349;33,390
500;0.5000020941207586;51;51;0.507832;82,648;82,648;0;9;18,216;1.020581;1.833004;207.029574;24,161;58,487;82,648;9;0;0;1.935891645194918e-05;1.935891645194918e-05;7.283678;14.418659;0.509529;84,349;33,390
501;0.5010087577762623;52;52;0.504712;82,641;82,641;0;7;18,216;1.020668;1.833004;207.538098;24,161;58,480;82,641;7;0;0;1.935891645194918e-05;1.935891645194918e-05;7.283678;14.418659;0.509529;84,349;33,390
502;0.502015421431766;52;52;0.332983;82,630;82,630;0;11;18,216;1.020804;1.833004;207.874415;24,161;58,469;82,630;11;0;0;1.935891645194918e-05;1.935891645194918e-05;7.283678;14.418659;0.509529;84,349;33,390
503;0.5030027261708178;51;51;0.209532;82,618;82,618;0;12;18,216;1.020952;1.833004;208.087368;24,161;58,457;82,618;12;0;0;1.935891645194918e-05;1.935891645194918e-05;7.283678;14.418659;0.509529;84,349;33,390
504;0.5040093898263215;52;52;0.039682;82,605;82,605;0;13;18,216;1.021113;1.833004;208.130101;24,161;58,444;82,605;13;0;0;1.935891645194918e-05;1.935891645194918e-05;7.283678;14.418659;0.509529;84,349;33,390
505;0.5050160534818252;52;52;0.039304;82,595;82,595;0;10;18,216;1.021236;1.833004;208.171880;24,161;58,434;82,595;10;0;0;1.935891645194918e-05;1.935891645194918e-05;7.283678;14.418659;0.509529;84,349;33,390
506;0.5060033582208769;51;51;0.038921;82,578;82,578;0;17;18,216;1.021446;1.833004;208.213262;24,161;58,417;82,578;17;0;0;1.935891645194918e-05;1.935891645194918e-05;7.283678;14.418659;0.509529;84,349;33,390
507;0.5070100218763807;52;52;0.108552;82,570;82,570;0;8;18,216;1.021545;1.833004;208.324300;24,161;58,409;82,570;8;0;0;1.935891645194918e-05;1.935891645194918e-05;7.283678;14.418659;0.509529;84,349;33,390
508;0.5080166855318844;52;52;0.389469;82,565;82,565;0;5;18,216;1.021607;1.833004;208.716201;24,161;58,404;82,565;5;0;0;1.935891645194918e-05;1.935891645194918e-05;7.283678;14.418659;0.509529;84,349;33,390
509;0.5090039902709361;51;51;0.236397;82,555;82,555;0;10;18,216;1.021731;1.833004;208.955531;24,161;58,394;82,555;10;0;0;1.935891645194918e-05;1.935891645194918e-05;7.283678;14.418659;0.509529;84,349;33,390
510;0.5100106539264398;52;52;0.515282;82,542;82,542;0;13;18,216;1.021892;1.833004;209.473404;24,161;58,381;82,542;13;0;0;1.935891645194918e-05;1.935891645194918e-05;7.283678;14.418659;0.509529;84,349;33,390
511;0.5110173175819436;52;52;0.335185;82,531;82,531;0;11;18,216;1.022028;1.833004;209.811323;24,161;58,370;82,531;11;0;0;1.935891645194918e-05;1.935891645194918e-05;7.283678;14.418659;0.509529;84,349;33,390
512;0.5120046223209953;51;51;0.543109;82,524;82,524;0;7;18,216;1.022115;1.833004;210.357244;24,161;58,363;82,524;7;0;0;1.935891645194918e-05;1.935891645194918e-05;7.283678;14.418659;0.509529;84,349;33,390
513;0.513011285976499;52;52;0.191880;82,513;82,513;0;11;18,216;1.022251;1.833004;210.551799;24,161;58,352;82,513;11;0;0;1.935891645194918e-05;1.935891645194918e-05;7.283678;14.418659;0.509529;84,349;33,390
514;0.5140179496320028;52;52;0.039801;82,502;82,502;0;11;18,216;1.022387;1.833004;210.594362;24,161;58,341;82,502;11;0;0;1.935891645194918e-05;1.935891645194918e-05;7.283678;14.418659;0.509529;84,349;33,390
515;0.5150052543710545;51;51;0.039618;82,494;82,494;0;8;18,216;1.022486;1.833004;210.636804;24,161;58,333;82,494;8;0;0;1.935891645194918e-05;1.935891645194918e-05;7.283678;14.418659;0.509529;84,349;33,390
516;0.5160119180265582;52;52;0.039899;82,481;82,481;0;13;18,216;1.022648;1.833004;210.680123;24,161;58,320;82,481;13;0;0;1.935891645194918e-05;1.935891645194918e-05;7.283678;14.418659;0.509529;84,349;33,390
517;0.5170185816820619;52;52;0.039201;82,473;82,473;0;8;18,216;1.022747;1.833004;210.721777;24,161;58,312;82,473;8;0;0;1.935891645194918e-05;1.935891645194918e-05;7.283678;14.418659;0.509529;84,349;33,390
518;0.5180058864211137;51;51;0.038699;82,467;82,467;0;6;18,216;1.022821;1.833004;210.763065;24,161;58,306;82,467;6;0;0;1.935891645194918e-05;1.935891645194918e-05;7.283678;14.418659;0.509529;84,349;33,390
519;0.5190125500766174;52;52;0.040166;82,458;82,458;0;9;18,216;1.022933;1.833004;210.806096;24,161;58,297;82,458;9;0;0;1.935891645194918e-05;1.935891645194918e-05;7.283678;14.418659;0.509529;84,349;33,390
520;0.5200192137321211;52;52;0.040686;82,446;82,446;0;12;18,216;1.023082;1.833004;210.849164;24,161;58,285;82,446;12;0;0;1.935891645194918e-05;1.935891645194918e-05;7.283678;14.418659;0.509529;84,349;33,390
521;0.5210065184711729;51;51;0.040266;82,433;82,433;0;13;16,632;1.023243;2.007576;210.893585;24,161;58,272;82,433;13;0;0;1.935891645194918e-05;1.935891645194918e-05;7.283678;14.418659;0.509529;84,349;33,390
522;0.5220131821266766;52;52;0.040502;82,424;82,424;0;9;16,632;1.023355;2.007576;210.936765;24,161;58,263;82,424;9;0;0;1.935891645194918e-05;1.935891645194918e-05;7.283678;14.418659;0.509529;84,349;33,390
523;0.5230004868657283;51;51;0.109149;82,420;82,420;0;4;16,632;1.023405;2.007576;211.048857;24,161;58,259;82,420;4;0;0;1.935891645194918e-05;1.935891645194918e-05;7.283678;14.418659;0.509529;84,349;33,390
524;0.524007150521232;52;52;0.421722;82,409;82,409;0;11;16,632;1.023541;2.007576;211.473270;24,161;58,248;82,409;11;0;0;1.935891645194918e-05;1.935891645194918e-05;7.283678;14.418659;0.509529;84,349;33,390
525;0.5250138141767358;52;52;0.401950;82,398;82,398;0;11;16,632;1.023678;2.007576;211.878148;24,161;58,237;82,398;11;0;0;1.935891645194918e-05;1.935891645194918e-05;7.283678;14.418659;0.509529;84,349;33,390
526;0.5260011189157875;51;51;0.327254;82,387;82,387;0;11;16,632;1.023814;2.007576;212.207861;24,161;58,226;82,387;11;0;0;1.935891645194918e-05;1.935891645194918e-05;7.283678;14.418659;0.509529;84,349;33,390
527;0.5270077825712912;52;52;0.313656;82,382;82,382;0;5;17,028;1.023877;1.960888;212.523969;24,161;58,221;82,382;5;0;0;1.935891645194918e-05;1.935891645194918e-05;7.283678;14.418659;0.509529;84,349;33,390
528;0.5280144462267949;52;52;0.259616;82,373;82,373;0;9;17,028;1.023988;1.960888;212.786408;24,161;58,212;82,373;9;0;0;1.935891645194918e-05;1.935891645194918e-05;7.283678;14.418659;0.509529;84,349;33,390
529;0.5290017509658467;51;51;0.353954;82,359;82,359;0;14;17,028;1.024163;1.960888;213.142827;24,161;58,198;82,359;14;0;0;1.935891645194918e-05;1.935891645194918e-05;7.283678;14.418659;0.509529;84,349;33,390
530;0.5300084146213504;52;52;0.225481;82,345;82,345;0;14;17,028;1.024337;1.960888;213.371182;24,161;58,184;82,345;14;0;0;1.935891645194918e-05;1.935891645194918e-05;7.283678;14.418659;0.509529;84,349;33,390
531;0.5310150782768541;52;52;0.364095;82,334;82,334;0;11;17,028;1.024473;1.960888;213.737942;24,161;58,173;82,334;11;0;0;1.935891645194918e-05;1.935891645194918e-05;7.283678;14.418659;0.509529;84,349;33,390
532;0.5320023830159059;51;51;0.357293;82,325;82,325;0;9;16,632;1.024585;2.007576;214.097593;24,161;58,164;82,325;9;0;0;1.935891645194918e-05;1.935891645194918e-05;7.283678;14.418659;0.509529;84,349;33,390
533;0.5330090466714096;52;52;0.447271;82,314;82,314;0;11;17,028;1.024722;1.960888;214.546936;24,161;58,153;82,314;11;0;0;1.935891645194918e-05;1.935891645194918e-05;7.283678;14.418659;0.509529;84,349;33,390
534;0.5340157103269133;52;52;0.377581;82,293;82,293;0;21;17,028;1.024984;1.960888;214.926830;24,161;58,132;82,293;21;0;0;1.935891645194918e-05;1.935891645194918e-05;7.283678;14.418659;0.509529;84,349;33,390
535;0.535003015065965;51;51;0.313182;82,284;82,284;0;9;17,028;1.025096;1.960888;215.242221;24,161;58,123;82,284;9;0;0;1.935891645194918e-05;1.935891645194918e-05;7.283678;14.418659;0.509529;84,349;33,390
536;0.5360096787214688;52;52;0.445279;82,272;82,272;0;12;17,028;1.025246;1.960888;215.689637;24,161;58,111;82,272;12;0;0;1.935891645194918e-05;1.935891645194918e-05;7.283678;14.418659;0.509529;84,349;33,390
537;0.5370163423769725;52;52;0.038858;82,261;82,261;0;11;17,028;1.025383;1.960888;215.730803;24,161;58,100;82,261;11;0;0;1.935891645194918e-05;1.935891645194918e-05;7.283678;14.418659;0.509529;84,349;33,390
538;0.5380036471160242;51;51;0.037903;82,248;82,248;0;13;17,028;1.025545;1.960888;215.770778;24,161;58,087;82,248;13;0;0;1.935891645194918e-05;1.935891645194918e-05;7.283678;14.418659;0.509529;84,349;33,390
539;0.5390103107715279;52;52;0.038560;82,237;82,237;0;11;17,028;1.025682;1.960888;215.811714;24,161;58,076;82,237;11;0;0;1.935891645194918e-05;1.935891645194918e-05;7.283678;14.418659;0.509529;84,349;33,390
540;0.5400169744270317;52;52;0.038543;82,227;82,227;0;10;17,028;1.025807;1.960888;215.852275;24,161;58,066;82,227;10;0;0;1.935891645194918e-05;1.935891645194918e-05;7.283678;14.418659;0.509529;84,349;33,390
541;0.5410042791660834;51;51;0.038151;82,211;82,211;0;16;17,028;1.026006;1.960888;215.892552;24,161;58,050;82,211;16;0;0;1.935891645194918e-05;1.935891645194918e-05;7.283678;14.418659;0.509529;84,349;33,390
542;0.5420109428215871;52;52;0.039190;82,192;82,192;0;19;17,028;1.026243;1.960888;215.934073;24,161;58,031;82,192;19;0;0;1.935891645194918e-05;1.935891645194918e-05;7.283678;14.418659;0.509529;84,349;33,390
543;0.5430176064770909;52;52;0.038584;82,180;82,180;0;12;16,082;1.026393;2.076234;215.974754;24,161;58,019;82,180;12;0;0;1.935891645194918e-05;1.935891645194918e-05;7.283678;14.418659;0.509529;84,349;33,390
544;0.5440049112161426;51;51;0.037911;82,165;82,165;0;15;16,082;1.026581;2.076234;216.014690;24,161;58,004;82,165;15;0;0;1.935891645194918e-05;1.935891645194918e-05;7.283678;14.418659;0.509529;84,349;33,390
545;0.5450115748716463;52;52;0.038552;82,151;82,151;0;14;16,082;1.026756;2.076234;216.055233;24,161;57,990;82,151;14;0;0;1.935891645194918e-05;1.935891645194918e-05;7.283678;14.418659;0.509529;84,349;33,390
546;0.54601823852715;52;52;0.038642;82,137;82,137;0;14;15,708;1.026931;2.125668;216.096233;24,161;57,976;82,137;14;0;0;1.935891645194918e-05;1.935891645194918e-05;7.283678;14.418659;0.509529;84,349;33,390
547;0.5470055432662018;51;51;0.037801;82,115;82,115;0;22;15,708;1.027206;2.125668;216.136035;24,161;57,954;82,115;22;0;0;1.935891645194918e-05;1.935891645194918e-05;7.283678;14.418659;0.509529;84,349;33,390
548;0.5480122069217055;52;52;0.038313;82,104;82,104;0;11;15,708;1.027343;2.125668;216.176590;24,161;57,943;82,104;11;0;0;1.935891645194918e-05;1.935891645194918e-05;7.283678;14.418659;0.509529;84,349;33,390
549;0.5490188705772092;52;52;0.038324;82,084;82,084;0;20;15,708;1.027594;2.125668;216.216922;24,161;57,923;82,084;20;0;0;1.935891645194918e-05;1.935891645194918e-05;7.283678;14.418659;0.509529;84,349;33,390
550;0.5500061753162609;51;51;0.037653;82,071;82,071;0;13;15,708;1.027756;2.125668;216.256688;24,161;57,910;82,071;13;0;0;1.935891645194918e-05;1.935891645194918e-05;7.283678;14.418659;0.509529;84,349;33,390
551;0.5510128389717647;52;52;0.040810;82,057;82,057;0;14;15,708;1.027932;2.125668;216.299577;24,161;57,896;82,057;14;0;0;1.935891645194918e-05;1.935891645194918e-05;7.283678;14.418659;0.509529;84,349;33,390
552;0.5520001437108164;51;51;0.334131;82,031;82,031;0;26;15,708;1.028258;2.125668;216.636558;24,161;57,870;82,031;26;0;0;1.935891645194918e-05;1.935891645194918e-05;7.283678;14.418659;0.509529;84,349;33,390
553;0.5530068073663201;52;52;0.348032;82,014;82,014;0;17;15,708;1.028471;2.125668;216.987026;24,161;57,853;82,014;17;0;0;1.935891645194918e-05;1.935891645194918e-05;7.283678;14.418659;0.509529;84,349;33,390
554;0.5540134710218239;52;52;0.461754;82,005;82,005;0;9;15,708;1.028584;2.125668;217.450989;24,161;57,844;82,005;9;0;0;1.935891645194918e-05;1.935891645194918e-05;7.283678;14.418659;0.509529;84,349;33,390
555;0.5550007757608756;51;51;0.321396;81,992;81,992;0;13;15,708;1.028747;2.125668;217.775001;24,161;57,831;81,992;13;0;0;1.935891645194918e-05;1.935891645194918e-05;7.283678;14.418659;0.509529;84,349;33,390
556;0.5560074394163793;52;52;0.160415;81,975;81,975;0;17;15,708;1.028960;2.125668;217.937703;24,161;57,814;81,975;17;0;0;1.935891645194918e-05;1.935891645194918e-05;7.283678;14.418659;0.509529;84,349;33,390
557;0.557014103071883;52;52;0.454102;81,955;81,955;0;20;15,708;1.029211;2.125668;218.393972;24,161;57,794;81,955;20;0;0;1.935891645194918e-05;1.935891645194918e-05;7.283678;14.418659;0.509529;84,349;33,390
558;0.5580014078109348;51;51;0.308208;81,946;81,946;0;9;15,708;1.029324;2.125668;218.704448;24,161;57,785;81,946;9;0;0;1.935891645194918e-05;1.935891645194918e-05;7.283678;14.418659;0.509529;84,349;33,390
559;0.5590080714664385;52;52;0.038632;81,929;81,929;0;17;15,708;1.029538;2.125668;218.745404;24,161;57,768;81,929;17;0;0;1.935891645194918e-05;1.935891645194918e-05;7.283678;14.418659;0.509529;84,349;33,390
560;0.5600147351219422;52;52;0.038428;81,915;81,915;0;14;15,708;1.029714;2.125668;218.785845;24,161;57,754;81,915;14;0;0;1.935891645194918e-05;1.935891645194918e-05;7.283678;14.418659;0.509529;84,349;33,390
561;0.561002039860994;51;51;0.037937;81,897;81,897;0;18;15,708;1.029940;2.125668;218.825824;24,161;57,736;81,897;18;0;0;1.935891645194918e-05;1.935891645194918e-05;7.283678;14.418659;0.509529;84,349;33,390
562;0.5620087035164977;52;52;0.038706;81,876;81,876;0;21;15,708;1.030204;2.125668;218.866920;24,161;57,715;81,876;21;0;0;1.935891645194918e-05;1.935891645194918e-05;7.283678;14.418659;0.509529;84,349;33,390
563;0.5630153671720014;52;52;0.038593;81,855;81,855;0;21;15,708;1.030469;2.125668;218.907479;24,161;57,694;81,855;21;0;0;1.935891645194918e-05;1.935891645194918e-05;7.283678;14.418659;0.509529;84,349;33,390
564;0.5640026719110531;51;51;0.037825;81,834;81,834;0;21;15,708;1.030733;2.125668;218.947219;24,161;57,673;81,834;21;0;0;1.935891645194918e-05;1.935891645194918e-05;7.283678;14.418659;0.509529;84,349;33,390
565;0.5650093355665569;52;52;0.038808;81,809;81,809;0;25;15,708;1.031048;2.125668;218.987833;24,161;57,648;81,809;25;0;0;1.935891645194918e-05;1.935891645194918e-05;7.283678;14.418659;0.509529;84,349;33,390
566;0.5660159992220606;52;52;0.038927;81,780;81,780;0;29;15,708;1.031414;2.125668;219.028718;24,161;57,619;81,780;29;0;0;1.935891645194918e-05;1.935891645194918e-05;7.283678;14.418659;0.509529;84,349;33,390
567;0.5670033039611123;51;51;0.082005;81,769;81,769;0;11;15,708;1.031552;2.125668;219.112686;24,161;57,608;81,769;11;0;0;1.935891645194918e-05;1.935891645194918e-05;7.283678;14.418659;0.509529;84,349;33,390
568;0.568009967616616;52;52;0.352350;81,748;81,748;0;21;14,960;1.031817;2.231952;219.466902;24,161;57,587;81,748;21;0;0;1.935891645194918e-05;1.935891645194918e-05;7.283678;14.418659;0.509529;84,349;33,390
569;0.5690166312721198;52;52;0.480350;81,724;81,724;0;24;14,432;1.032120;2.313609;219.949436;24,161;57,563;81,724;24;0;0;1.935891645194918e-05;1.935891645194918e-05;7.283678;14.418659;0.509529;84,349;33,390
570;0.5700039360111715;51;51;0.358207;81,704;81,704;0;20;14,432;1.032373;2.313609;220.309750;24,161;57,543;81,704;20;0;0;1.935891645194918e-05;1.935891645194918e-05;7.283678;14.418659;0.509529;84,349;33,390
571;0.5710105996666752;52;52;0.317542;81,684;81,684;0;20;14,432;1.032626;2.313609;220.629600;24,161;57,523;81,684;20;0;0;1.935891645194918e-05;1.935891645194918e-05;7.283678;14.418659;0.509529;84,349;33,390
572;0.5720172633221789;52;52;0.445390;81,661;81,661;0;23;14,432;1.032917;2.313609;221.077080;24,161;57,500;81,661;23;0;0;1.935891645194918e-05;1.935891645194918e-05;7.283678;14.418659;0.509529;84,349;33,390
573;0.5730045680612307;51;51;0.296788;81,643;81,643;0;18;14,432;1.033144;2.313609;221.376044;24,161;57,482;81,643;18;0;0;1.935891645194918e-05;1.935891645194918e-05;7.283678;14.418659;0.509529;84,349;33,390
574;0.5740112317167344;52;52;0.345925;81,621;81,621;0;22;14,432;1.033423;2.313609;221.723911;24,161;57,460;81,621;22;0;0;1.935891645194918e-05;1.935891645194918e-05;7.283678;14.418659;0.509529;84,349;33,390
575;0.5750178953722381;52;52;0.368524;81,600;81,600;0;21;14,432;1.033689;2.313609;222.095453;24,161;57,439;81,600;21;0;0;1.935891645194918e-05;1.935891645194918e-05;7.283678;14.418659;0.509529;84,349;33,390
576;0.5760052001112899;51;51;0.307927;81,578;81,578;0;22;14,432;1.033967;2.313609;222.406018;24,161;57,417;81,578;22;0;0;1.935891645194918e-05;1.935891645194918e-05;7.283678;14.418659;0.509529;84,349;33,390
577;0.5770118637667936;52;52;0.634279;81,559;81,559;0;19;14,432;1.034208;2.313609;223.044076;24,161;57,398;81,559;19;0;0;1.935891645194918e-05;1.935891645194918e-05;7.283678;14.418659;0.509529;84,349;33,390
578;0.5780185274222973;52;52;0.246649;81,532;81,532;0;27;14,432;1.034551;2.313609;223.293564;24,161;57,371;81,532;27;0;0;1.935891645194918e-05;1.935891645194918e-05;7.283678;14.418659;0.509529;84,349;33,390
579;0.579005832161349;51;51;0.308284;81,513;81,513;0;19;14,432;1.034792;2.313609;223.604550;24,161;57,352;81,513;19;0;0;1.935891645194918e-05;1.935891645194918e-05;7.283678;14.418659;0.509529;84,349;33,390
580;0.5800124958168528;52;52;0.407546;81,488;81,488;0;25;14,432;1.035109;2.313609;224.014918;24,161;57,327;81,488;25;0;0;1.935891645194918e-05;1.935891645194918e-05;7.283678;14.418659;0.509529;84,349;33,390
581;0.5810191594723565;52;52;0.100496;81,459;81,459;0;29;14,080;1.035478;2.371449;224.117834;24,161;57,298;81,459;29;0;0;1.935891645194918e-05;1.935891645194918e-05;7.283678;14.418659;0.509529;84,349;33,390
582;0.5820064642114082;51;51;0.039226;81,431;81,431;0;28;14,080;1.035834;2.371449;224.159466;24,161;57,270;81,431;28;0;0;1.935891645194918e-05;1.935891645194918e-05;7.283678;14.418659;0.509529;84,349;33,390
583;0.583013127866912;52;52;0.039652;81,416;81,416;0;15;14,080;1.036025;2.371449;224.201806;24,161;57,255;81,416;15;0;0;1.935891645194918e-05;1.935891645194918e-05;7.283678;14.418659;0.509529;84,349;33,390
584;0.5840004326059637;51;51;0.038925;81,394;81,394;0;22;14,080;1.036305;2.371449;224.243032;24,161;57,233;81,394;22;0;0;1.935891645194918e-05;1.935891645194918e-05;7.283678;14.418659;0.509529;84,349;33,390
585;0.5850070962614674;52;52;0.039531;81,369;81,369;0;25;14,720;1.036623;2.268342;224.284893;24,161;57,208;81,369;25;0;0;1.935891645194918e-05;1.935891645194918e-05;7.283678;14.418659;0.509529;84,349;33,390
586;0.5860137599169711;52;52;0.039827;81,334;81,334;0;35;14,720;1.037069;2.268342;224.326983;24,161;57,173;81,334;35;0;0;1.935891645194918e-05;1.935891645194918e-05;7.283678;14.418659;0.509529;84,349;33,390
587;0.5870010646560229;51;51;0.038773;81,317;81,317;0;17;14,720;1.037286;2.268342;224.368343;24,161;57,156;81,317;17;0;0;1.935891645194918e-05;1.935891645194918e-05;7.283678;14.418659;0.509529;84,349;33,390
588;0.5880077283115266;52;52;0.039587;81,297;81,297;0;20;14,720;1.037541;2.268342;224.410238;24,161;57,136;81,297;20;0;0;1.935891645194918e-05;1.935891645194918e-05;7.283678;14.418659;0.509529;84,349;33,390
589;0.5890143919670303;52;52;0.039683;81,275;81,275;0;22;14,720;1.037822;2.268342;224.452154;24,161;57,114;81,275;22;0;0;1.935891645194918e-05;1.935891645194918e-05;7.283678;14.418659;0.509529;84,349;33,390
590;0.590001696706082;51;51;0.039149;81,249;81,249;0;26;14,720;1.038154;2.268342;224.493945;24,161;57,088;81,249;26;0;0;1.935891645194918e-05;1.935891645194918e-05;7.283678;14.418659;0.509529;84,349;33,390
591;0.5910083603615858;52;52;0.085879;81,234;81,234;0;15;14,720;1.038346;2.268342;224.582135;24,161;57,073;81,234;15;0;0;1.935891645194918e-05;1.935891645194918e-05;7.283678;14.418659;0.509529;84,349;33,390
592;0.5920150240170895;52;52;0.360257;81,206;81,206;0;28;14,720;1.038704;2.268342;224.944978;24,161;57,045;81,206;28;0;0;1.935891645194918e-05;1.935891645194918e-05;7.283678;14.418659;0.509529;84,349;33,390
593;0.5930023287561412;51;51;0.290691;81,188;81,188;0;18;14,720;1.038934;2.268342;225.238160;24,161;57,027;81,188;18;0;0;1.935891645194918e-05;1.935891645194918e-05;7.283678;14.418659;0.509529;84,349;33,390
594;0.594008992411645;52;52;0.480252;81,164;81,164;0;24;14,720;1.039242;2.268342;225.720924;24,161;57,003;81,164;24;0;0;1.935891645194918e-05;1.935891645194918e-05;7.283678;14.418659;0.509529;84,349;33,390
595;0.5950156560671487;52;52;0.330396;81,143;81,143;0;21;14,720;1.039510;2.268342;226.053883;24,161;56,982;81,143;21;0;0;1.935891645194918e-05;1.935891645194918e-05;7.283678;14.418659;0.509529;84,349;33,390
596;0.5960029608062004;51;51;0.366652;81,130;81,130;0;13;14,720;1.039677;2.268342;226.423442;24,161;56,969;81,130;13;0;0;1.935891645194918e-05;1.935891645194918e-05;7.283678;14.418659;0.509529;84,349;33,390
597;0.5970096244617041;52;52;0.300932;81,104;81,104;0;26;14,720;1.040010;2.268342;226.726573;24,161;56,943;81,104;26;0;0;1.935891645194918e-05;1.935891645194918e-05;7.283678;14.418659;0.509529;84,349;33,390
598;0.5980162881172079;52;52;0.491169;81,080;81,080;0;24;14,720;1.040318;2.268342;227.219803;24,161;56,919;81,080;24;0;0;1.935891645194918e-05;1.935891645194918e-05;7.283678;14.418659;0.509529;84,349;33,390
599;0.5990035928562596;51;51;0.370931;81,060;81,060;0;20;14,720;1.040575;2.268342;227.592974;24,161;56,899;81,060;20;0;0;1.935891645194918e-05;1.935891645194918e-05;7.283678;14.418659;0.509529;84,349;33,390
600;0.6000102565117633;52;52;0.333035;81,031;81,031;0;29;14,720;1.040947;2.268342;227.928117;24,161;56,870;81,031;29;0;0;1.935891645194918e-05;1.935891645194918e-05;7.283678;14.418659;0.509529;84,349;33,390
601;0.601016920167267;52;52;0.274543;81,014;81,014;0;17;14,720;1.041166;2.268342;228.205091;24,161;56,853;81,014;17;0;0;1.935891645194918e-05;1.935891645194918e-05;7.283678;14.418659;0.509529;84,349;33,390
602;0.6020042249063188;51;51;0.459594;80,990;80,990;0;24;14,720;1.041474;2.268342;228.666887;24,161;56,829;80,990;24;0;0;1.935891645194918e-05;1.935891645194918e-05;7.283678;14.418659;0.509529;84,349;33,390
603;0.6030108885618225;52;52;0.342026;80,966;80,966;0;24;15,360;1.041783;2.173828;229.011265;24,161;56,805;80,966;24;0;0;1.935891645194918e-05;1.935891645194918e-05;7.283678;14.418659;0.509529;84,349;33,390
604;0.6040175522173262;52;52;0.241105;80,942;80,942;0;24;15,360;1.042092;2.173828;229.254493;24,161;56,781;80,942;24;0;0;1.935891645194918e-05;1.935891645194918e-05;7.283678;14.418659;0.509529;84,349;33,390
605;0.605004856956378;51;51;0.038489;80,913;80,913;0;29;15,360;1.042465;2.173828;229.295026;24,161;56,752;80,913;29;0;0;1.935891645194918e-05;1.935891645194918e-05;7.283678;14.418659;0.509529;84,349;33,390
606;0.6060115206118817;52;52;0.038708;80,896;80,896;0;17;15,360;1.042684;2.173828;229.335956;24,161;56,735;80,896;17;0;0;1.935891645194918e-05;1.935891645194918e-05;7.283678;14.418659;0.509529;84,349;33,390
607;0.6070181842673854;52;52;0.039229;80,875;80,875;0;21;15,360;1.042955;2.173828;229.377240;24,161;56,714;80,875;21;0;0;1.935891645194918e-05;1.935891645194918e-05;7.283678;14.418659;0.509529;84,349;33,390
608;0.6080054890064371;51;51;0.038000;80,858;80,858;0;17;15,360;1.043174;2.173828;229.417367;24,161;56,697;80,858;17;0;0;1.935891645194918e-05;1.935891645194918e-05;7.283678;14.418659;0.509529;84,349;33,390
609;0.6090121526619409;52;52;0.039250;80,825;80,825;0;33;15,360;1.043600;2.173828;229.458733;24,161;56,664;80,825;33;0;0;1.935891645194918e-05;1.935891645194918e-05;7.283678;14.418659;0.509529;84,349;33,390
610;0.6100188163174446;52;52;0.038758;80,806;80,806;0;19;15,360;1.043846;2.173828;229.499705;24,161;56,645;80,806;19;0;0;1.935891645194918e-05;1.935891645194918e-05;7.283678;14.418659;0.509529;84,349;33,390
611;0.6110061210564963;51;51;0.038181;80,784;80,784;0;22;15,360;1.044130;2.173828;229.539826;24,161;56,623;80,784;22;0;0;1.935891645194918e-05;1.935891645194918e-05;7.283678;14.418659;0.509529;84,349;33,390
612;0.612012784712;52;52;0.038708;80,756;80,756;0;28;15,360;1.044492;2.173828;229.580500;24,161;56,595;80,756;28;0;0;1.935891645194918e-05;1.935891645194918e-05;7.283678;14.418659;0.509529;84,349;33,390
613;0.6130000894510518;51;51;0.038332;80,725;80,725;0;31;15,360;1.044893;2.173828;229.620792;24,161;56,564;80,725;31;0;0;1.935891645194918e-05;1.935891645194918e-05;7.283678;14.418659;0.509529;84,349;33,390
614;0.6140067531065555;52;52;0.038701;80,692;80,692;0;33;15,360;1.045320;2.173828;229.661396;24,161;56,531;80,692;33;0;0;1.935891645194918e-05;1.935891645194918e-05;7.283678;14.418659;0.509529;84,349;33,390
615;0.6150134167620592;52;52;0.139711;80,668;80,668;0;24;14,976;1.045631;2.229567;229.802996;24,161;56,507;80,668;24;0;0;1.935891645194918e-05;1.935891645194918e-05;7.283678;14.418659;0.509529;84,349;33,390
616;0.616000721501111;51;51;0.415558;80,649;80,649;0;19;14,976;1.045878;2.229567;230.220574;24,161;56,488;80,649;19;0;0;1.935891645194918e-05;1.935891645194918e-05;7.283678;14.418659;0.509529;84,349;33,390
617;0.6170073851566147;52;52;0.342528;80,624;80,624;0;25;14,976;1.046202;2.229567;230.565443;24,161;56,463;80,624;25;0;0;1.935891645194918e-05;1.935891645194918e-05;7.283678;14.418659;0.509529;84,349;33,390
618;0.6180140488121184;52;52;0.392139;80,601;80,601;0;23;14,976;1.046501;2.229567;230.959759;24,161;56,440;80,601;23;0;0;1.935891645194918e-05;1.935891645194918e-05;7.283678;14.418659;0.509529;84,349;33,390
619;0.6190013535511701;51;51;0.298132;80,581;80,581;0;20;14,976;1.046760;2.229567;231.259945;24,161;56,420;80,581;20;0;0;1.935891645194918e-05;1.935891645194918e-05;7.283678;14.418659;0.509529;84,349;33,390
620;0.6200080172066739;52;52;0.446525;80,556;80,556;0;25;14,040;1.047085;2.378205;231.708897;24,161;56,395;80,556;25;0;0;1.935891645194918e-05;1.935891645194918e-05;7.283678;14.418659;0.509529;84,349;33,390
621;0.6210146808621776;52;52;0.350190;80,536;80,536;0;20;14,400;1.047345;2.318750;232.061712;24,161;56,375;80,536;20;0;0;1.935891645194918e-05;1.935891645194918e-05;7.283678;14.418659;0.509529;84,349;33,390
622;0.6220019856012293;51;51;0.039147;80,509;80,509;0;27;14,400;1.047697;2.318750;232.103316;24,161;56,348;80,509;27;0;0;1.935891645194918e-05;1.935891645194918e-05;7.283678;14.418659;0.509529;84,349;33,390
623;0.623008649256733;52;52;0.043198;80,483;80,483;0;26;15,000;1.048035;2.226000;232.149021;24,161;56,322;80,483;26;0;0;1.935891645194918e-05;1.935891645194918e-05;7.283678;14.418659;0.509529;84,349;33,390
624;0.6240153129122368;52;52;0.042757;80,458;80,458;0;25;15,000;1.048361;2.226000;232.195366;24,161;56,297;80,458;25;0;0;1.935891645194918e-05;1.935891645194918e-05;7.283678;14.418659;0.509529;84,349;33,390
625;0.6250026176512885;51;51;0.039719;80,428;80,428;0;30;15,000;1.048752;2.226000;232.237636;24,161;56,267;80,428;30;0;0;1.935891645194918e-05;1.935891645194918e-05;7.283678;14.418659;0.509529;84,349;33,390
626;0.6260092813067922;52;52;0.040205;80,402;80,402;0;26;15,000;1.049091;2.226000;232.280514;24,161;56,241;80,402;26;0;0;1.935891645194918e-05;1.935891645194918e-05;7.283678;14.418659;0.509529;84,349;33,390
627;0.627015944962296;52;52;0.040365;80,375;80,375;0;27;15,000;1.049443;2.226000;232.323587;24,161;56,214;80,375;27;0;0;1.935891645194918e-05;1.935891645194918e-05;7.283678;14.418659;0.509529;84,349;33,390
628;0.6280032497013477;51;51;0.039381;80,346;80,346;0;29;15,000;1.049822;2.226000;232.365459;24,161;56,185;80,346;29;0;0;1.935891645194918e-05;1.935891645194918e-05;7.283678;14.418659;0.509529;84,349;33,390
629;0.6290099133568514;52;52;0.040012;80,328;80,328;0;18;15,000;1.050057;2.226000;232.408195;24,161;56,167;80,328;18;0;0;1.935891645194918e-05;1.935891645194918e-05;7.283678;14.418659;0.509529;84,349;33,390
630;0.6300165770123551;52;52;0.039911;80,305;80,305;0;23;15,000;1.050358;2.226000;232.450521;24,161;56,144;80,305;23;0;0;1.935891645194918e-05;1.935891645194918e-05;7.283678;14.418659;0.509529;84,349;33,390
631;0.6310038817514069;51;51;0.039311;80,278;80,278;0;27;15,000;1.050711;2.226000;232.492161;24,161;56,117;80,278;27;0;0;1.935891645194918e-05;1.935891645194918e-05;7.283678;14.418659;0.509529;84,349;33,390
632;0.6320105454069106;52;52;0.040021;80,246;80,246;0;32;15,000;1.051130;2.226000;232.534353;24,161;56,085;80,246;32;0;0;1.935891645194918e-05;1.935891645194918e-05;7.283678;14.418659;0.509529;84,349;33,390
633;0.6330172090624143;52;52;0.040530;80,212;80,212;0;34;15,000;1.051576;2.226000;232.577093;24,161;56,051;80,212;34;0;0;1.935891645194918e-05;1.935891645194918e-05;7.283678;14.418659;0.509529;84,349;33,390
634;0.6340045138014661;51;51;0.172050;80,183;80,183;0;29;15,000;1.051956;2.226000;232.751366;24,161;56,022;80,183;29;0;0;1.935891645194918e-05;1.935891645194918e-05;7.283678;14.418659;0.509529;84,349;33,390
635;0.6350111774569698;52;52;0.470410;80,158;80,158;0;25;15,000;1.052284;2.226000;233.225249;24,161;55,997;80,158;25;0;0;1.935891645194918e-05;1.935891645194918e-05;7.283678;14.418659;0.509529;84,349;33,390
636;0.6360178411124735;52;52;0.360051;80,130;80,130;0;28;15,000;1.052652;2.226000;233.587747;24,161;55,969;80,130;28;0;0;1.935891645194918e-05;1.935891645194918e-05;7.283678;14.418659;0.509529;84,349;33,390
637;0.6370051458515252;51;51;0.481231;80,107;80,107;0;23;15,000;1.052954;2.226000;234.071251;24,161;55,946;80,107;23;0;0;1.935891645194918e-05;1.935891645194918e-05;7.283678;14.418659;0.509529;84,349;33,390
638;0.638011809507029;52;52;0.367796;80,078;80,078;0;29;15,000;1.053335;2.226000;234.441389;24,161;55,917;80,078;29;0;0;1.935891645194918e-05;1.935891645194918e-05;7.283678;14.418659;0.509529;84,349;33,390
639;0.6390184731625327;52;52;0.454235;80,049;80,049;0;29;15,000;1.053717;2.226000;234.898211;24,161;55,888;80,049;29;0;0;1.935891645194918e-05;1.935891645194918e-05;7.283678;14.418659;0.509529;84,349;33,390
640;0.6400057779015844;51;51;0.039594;80,026;80,026;0;23;15,000;1.054020;2.226000;234.940479;24,161;55,865;80,026;23;0;0;1.935891645194918e-05;1.935891645194918e-05;7.283678;14.418659;0.509529;84,349;33,390
641;0.6410124415570881;52;52;0.040004;79,997;79,997;0;29;15,000;1.054402;2.226000;234.982865;24,161;55,836;79,997;29;0;0;1.935891645194918e-05;1.935891645194918e-05;7.283678;14.418659;0.509529;84,349;33,390
642;0.6420191052125919;52;52;0.040347;79,969;79,969;0;28;15,000;1.054771;2.226000;235.025694;24,161;55,808;79,969;28;0;0;1.935891645194918e-05;1.935891645194918e-05;7.283678;14.418659;0.509529;84,349;33,390
643;0.6430064099516436;51;51;0.039542;79,930;79,930;0;39;15,000;1.055286;2.226000;235.067503;24,161;55,769;79,930;39;0;0;1.935891645194918e-05;1.935891645194918e-05;7.283678;14.418659;0.509529;84,349;33,390
644;0.6440130736071473;52;52;0.040265;79,905;79,905;0;25;15,000;1.055616;2.226000;235.109972;24,161;55,744;79,905;25;0;0;1.935891645194918e-05;1.935891645194918e-05;7.283678;14.418659;0.509529;84,349;33,390
645;0.6450003783461991;51;51;0.039259;79,879;79,879;0;26;15,000;1.055960;2.226000;235.151427;24,161;55,718;79,879;26;0;0;1.935891645194918e-05;1.935891645194918e-05;7.283678;14.418659;0.509529;84,349;33,390
646;0.6460070420017028;52;52;0.039834;79,850;79,850;0;29;15,000;1.056343;2.226000;235.193617;24,161;55,689;79,850;29;0;0;1.935891645194918e-05;1.935891645194918e-05;7.283678;14.418659;0.509529;84,349;33,390
647;0.6470137056572065;52;52;0.040280;79,798;79,798;0;52;15,600;1.057032;2.140385;235.236409;24,161;55,637;79,798;52;0;0;1.935891645194918e-05;1.935891645194918e-05;7.283678;14.418659;0.509529;84,349;33,390
648;0.6480010103962582;51;51;0.039323;79,766;79,766;0;32;15,600;1.057456;2.140385;235.277957;24,161;55,605;79,766;32;0;0;1.935891645194918e-05;1.935891645194918e-05;7.283678;14.418659;0.509529;84,349;33,390
649;0.649007674051762;52;52;0.039769;79,747;79,747;0;19;15,600;1.057707;2.140385;235.320270;24,161;55,586;79,747;19;0;0;1.935891645194918e-05;1.935891645194918e-05;7.283678;14.418659;0.509529;84,349;33,390
650;0.6500143377072657;52;52;0.040427;79,716;79,716;0;31;15,600;1.058119;2.140385;235.363074;24,161;55,555;79,716;31;0;0;1.935891645194918e-05;1.935891645194918e-05;7.283678;14.418659;0.509529;84,349;33,390
651;0.6510016424463174;51;51;0.039433;79,685;79,685;0;31;15,600;1.058530;2.140385;235.404659;24,161;55,524;79,685;31;0;0;1.935891645194918e-05;1.935891645194918e-05;7.283678;14.418659;0.509529;84,349;33,390
652;0.6520083061018211;52;52;0.040523;79,648;79,648;0;37;15,600;1.059022;2.140385;235.447707;24,161;55,487;79,648;37;0;0;1.935891645194918e-05;1.935891645194918e-05;7.283678;14.418659;0.509529;84,349;33,390
653;0.6530149697573249;52;52;0.041169;79,619;79,619;0;29;15,600;1.059408;2.140385;235.491100;24,161;55,458;79,619;29;0;0;1.935891645194918e-05;1.935891645194918e-05;7.283678;14.418659;0.509529;84,349;33,390
654;0.6540022744963766;51;51;0.343363;79,583;79,583;0;36;15,600;1.059887;2.140385;235.837209;24,161;55,422;79,583;36;0;0;1.935891645194918e-05;1.935891645194918e-05;7.283678;14.418659;0.509529;84,349;33,390
655;0.6550089381518803;52;52;0.388505;79,553;79,553;0;30;15,600;1.060287;2.140385;236.228072;24,161;55,392;79,553;30;0;0;1.935891645194918e-05;1.935891645194918e-05;7.283678;14.418659;0.509529;84,349;33,390
656;0.6560156018073841;52;52;0.296138;79,490;79,490;0;63;15,600;1.061127;2.140385;236.526894;24,161;55,329;79,490;63;0;0;1.935891645194918e-05;1.935891645194918e-05;7.283678;14.418659;0.509529;84,349;33,390
657;0.6570029065464358;51;51;0.361593;79,459;79,459;0;31;15,600;1.061541;2.140385;236.890850;24,161;55,298;79,459;31;0;0;1.935891645194918e-05;1.935891645194918e-05;7.283678;14.418659;0.509529;84,349;33,390
658;0.6580095702019395;52;52;0.442516;79,428;79,428;0;31;15,600;1.061955;2.140385;237.335699;24,161;55,267;79,428;31;0;0;1.935891645194918e-05;1.935891645194918e-05;7.283678;14.418659;0.509529;84,349;33,390
659;0.6590162338574432;52;52;0.385176;79,388;79,388;0;40;17,680;1.062491;1.888575;237.723708;24,161;55,227;79,388;40;0;0;1.935891645194918e-05;1.935891645194918e-05;7.283678;14.418659;0.509529;84,349;33,390
660;0.660003538596495;51;51;0.195383;79,343;79,343;0;45;17,680;1.063093;1.888575;237.921550;24,161;55,182;79,343;45;0;0;1.935891645194918e-05;1.935891645194918e-05;7.283678;14.418659;0.509529;84,349;33,390
661;0.6610102022519987;52;52;0.041004;79,300;79,300;0;43;17,680;1.063670;1.888575;237.965106;24,161;55,139;79,300;43;0;0;1.935891645194918e-05;1.935891645194918e-05;7.283678;14.418659;0.509529;84,349;33,390
662;0.6620168659075024;52;52;0.040570;79,264;79,264;0;36;17,680;1.064153;1.888575;238.007931;24,161;55,103;79,264;36;0;0;1.935891645194918e-05;1.935891645194918e-05;7.283678;14.418659;0.509529;84,349;33,390
663;0.6630041706465541;51;51;0.039886;79,224;79,224;0;40;17,680;1.064690;1.888575;238.050159;24,161;55,063;79,224;40;0;0;1.935891645194918e-05;1.935891645194918e-05;7.283678;14.418659;0.509529;84,349;33,390
664;0.6640108343020579;52;52;0.043627;79,197;79,197;0;27;17,680;1.065053;1.888575;238.096303;24,161;55,036;79,197;27;0;0;1.935891645194918e-05;1.935891645194918e-05;7.283678;14.418659;0.509529;84,349;33,390
665;0.6650174979575616;52;52;0.040463;79,159;79,159;0;38;16,640;1.065564;2.006611;238.139132;24,161;54,998;79,159;38;0;0;1.935891645194918e-05;1.935891645194918e-05;7.283678;14.418659;0.509529;84,349;33,390
666;0.6660048026966133;51;51;0.039050;79,136;79,136;0;23;16,640;1.065874;2.006611;238.180610;24,161;54,975;79,136;23;0;0;1.935891645194918e-05;1.935891645194918e-05;7.283678;14.418659;0.509529;84,349;33,390
667;0.6670114663521171;52;52;0.040420;79,097;79,097;0;39;16,640;1.066399;2.006611;238.223214;24,161;54,936;79,097;39;0;0;1.935891645194918e-05;1.935891645194918e-05;7.283678;14.418659;0.509529;84,349;33,390
668;0.6680181300076208;52;52;0.040339;79,071;79,071;0;26;16,640;1.066750;2.006611;238.265957;24,161;54,910;79,071;26;0;0;1.935891645194918e-05;1.935891645194918e-05;7.283678;14.418659;0.509529;84,349;33,390
669;0.6690054347466725;51;51;0.039809;79,030;79,030;0;41;16,640;1.067304;2.006611;238.307992;24,161;54,869;79,030;41;0;0;1.935891645194918e-05;1.935891645194918e-05;7.283678;14.418659;0.509529;84,349;33,390
670;0.6700120984021762;52;52;0.040193;78,992;78,992;0;38;16,640;1.067817;2.006611;238.350434;24,161;54,831;78,992;38;0;0;1.935891645194918e-05;1.935891645194918e-05;7.283678;14.418659;0.509529;84,349;33,390
671;0.67101876205768;52;52;0.040284;78,959;78,959;0;33;16,640;1.068263;2.006611;238.393006;24,161;54,798;78,959;33;0;0;1.935891645194918e-05;1.935891645194918e-05;7.283678;14.418659;0.509529;84,349;33,390
672;0.6720060667967317;51;51;0.039451;78,927;78,927;0;32;16,640;1.068696;2.006611;238.434797;24,161;54,766;78,927;32;0;0;1.935891645194918e-05;1.935891645194918e-05;7.283678;14.418659;0.509529;84,349;33,390
673;0.6730127304522354;52;52;0.039962;78,909;78,909;0;18;16,640;1.068940;2.006611;238.477245;24,161;54,748;78,909;18;0;0;1.935891645194918e-05;1.935891645194918e-05;7.283678;14.418659;0.509529;84,349;33,390
674;0.6740000351912872;51;51;0.222095;78,877;78,877;0;32;16,640;1.069374;2.006611;238.701566;24,161;54,716;78,877;32;0;0;1.935891645194918e-05;1.935891645194918e-05;7.283678;14.418659;0.509529;84,349;33,390
675;0.6750066988467909;52;52;0.387754;78,841;78,841;0;36;16,640;1.069862;2.006611;239.091685;24,161;54,680;78,841;36;0;0;1.935891645194918e-05;1.935891645194918e-05;7.283678;14.418659;0.509529;84,349;33,390
676;0.6760133625022946;52;52;0.395194;78,797;78,797;0;44;16,640;1.070460;2.006611;239.489207;24,161;54,636;78,797;44;0;0;1.935891645194918e-05;1.935891645194918e-05;7.283678;14.418659;0.509529;84,349;33,390
677;0.6770006672413463;51;51;0.309499;78,766;78,766;0;31;16,640;1.070881;2.006611;239.801282;24,161;54,605;78,766;31;0;0;1.935891645194918e-05;1.935891645194918e-05;7.283678;14.418659;0.509529;84,349;33,390
678;0.6780073308968501;52;52;0.418784;78,732;78,732;0;34;17,280;1.071343;1.932292;240.222526;24,161;54,571;78,732;34;0;0;1.935891645194918e-05;1.935891645194918e-05;7.283678;14.418659;0.509529;84,349;33,390
679;0.6790139945523538;52;52;0.343971;78,692;78,692;0;40;17,280;1.071888;1.932292;240.568786;24,161;54,531;78,692;40;0;0;1.935891645194918e-05;1.935891645194918e-05;7.283678;14.418659;0.509529;84,349;33,390
680;0.6800012992914055;51;51;0.306171;78,668;78,668;0;24;17,280;1.072215;1.932292;240.877356;24,161;54,507;78,668;24;0;0;1.935891645194918e-05;1.935891645194918e-05;7.283678;14.418659;0.509529;84,349;33,390
681;0.6810079629469092;52;52;0.039334;78,645;78,645;0;23;17,280;1.072528;1.932292;240.918905;24,161;54,484;78,645;23;0;0;1.935891645194918e-05;1.935891645194918e-05;7.283678;14.418659;0.509529;84,349;33,390
682;0.682014626602413;52;52;0.039961;78,614;78,614;0;31;17,280;1.072951;1.932292;240.961100;24,161;54,453;78,614;31;0;0;1.935891645194918e-05;1.935891645194918e-05;7.283678;14.418659;0.509529;84,349;33,390
683;0.6830019313414647;51;51;0.038696;78,579;78,579;0;35;17,280;1.073429;1.932292;241.001692;24,161;54,418;78,579;35;0;0;1.935891645194918e-05;1.935891645194918e-05;7.283678;14.418659;0.509529;84,349;33,390
684;0.6840085949969684;52;52;0.039373;78,555;78,555;0;24;17,280;1.073757;1.932292;241.042884;24,161;54,394;78,555;24;0;0;1.935891645194918e-05;1.935891645194918e-05;7.283678;14.418659;0.509529;84,349;33,390
685;0.6850152586524721;52;52;0.039409;78,521;78,521;0;34;17,280;1.074222;1.932292;241.084189;24,161;54,360;78,521;34;0;0;1.935891645194918e-05;1.935891645194918e-05;7.283678;14.418659;0.509529;84,349;33,390
686;0.6860025633915239;51;51;0.038816;78,479;78,479;0;42;17,280;1.074797;1.932292;241.124710;24,161;54,318;78,479;42;0;0;1.935891645194918e-05;1.935891645194918e-05;7.283678;14.418659;0.509529;84,349;33,390
687;0.6870092270470276;52;52;0.277262;78,449;78,449;0;30;17,280;1.075208;1.932292;241.404280;24,161;54,288;78,449;30;0;0;1.935891645194918e-05;1.935891645194918e-05;7.283678;14.418659;0.509529;84,349;33,390
688;0.6880158907025313;52;52;0.314524;78,416;78,416;0;33;17,280;1.075661;1.932292;241.720919;24,161;54,255;78,416;33;0;0;1.935891645194918e-05;1.935891645194918e-05;7.283678;14.418659;0.509529;84,349;33,390
689;0.6890031954415831;51;51;0.386218;78,389;78,389;0;27;17,280;1.076031;1.932292;242.109204;24,161;54,228;78,389;27;0;0;1.935891645194918e-05;1.935891645194918e-05;7.283678;14.418659;0.509529;84,349;33,390
690;0.6900098590970868;52;52;0.444653;78,355;78,355;0;34;17,280;1.076498;1.932292;242.556237;24,161;54,194;78,355;34;0;0;1.935891645194918e-05;1.935891645194918e-05;7.283678;14.418659;0.509529;84,349;33,390
691;0.6910165227525905;52;52;0.304109;78,328;78,328;0;27;17,280;1.076869;1.932292;242.862547;24,161;54,167;78,328;27;0;0;1.935891645194918e-05;1.935891645194918e-05;7.283678;14.418659;0.509529;84,349;33,390
692;0.6920038274916422;51;51;0.364951;78,290;78,290;0;38;17,280;1.077392;1.932292;243.230145;24,161;54,129;78,290;38;0;0;1.935891645194918e-05;1.935891645194918e-05;7.283678;14.418659;0.509529;84,349;33,390
693;0.693010491147146;52;52;0.256739;78,243;78,243;0;47;17,280;1.078039;1.932292;243.489111;24,161;54,082;78,243;47;0;0;1.935891645194918e-05;1.935891645194918e-05;7.283678;14.418659;0.509529;84,349;33,390
694;0.6940171548026497;52;52;0.039668;78,204;78,204;0;39;17,280;1.078577;1.932292;243.531091;24,161;54,043;78,204;39;0;0;1.935891645194918e-05;1.935891645194918e-05;7.283678;14.418659;0.509529;84,349;33,390
695;0.6950044595417014;51;51;0.038881;78,167;78,167;0;37;17,280;1.079087;1.932292;243.572002;24,161;54,006;78,167;37;0;0;1.935891645194918e-05;1.935891645194918e-05;7.283678;14.418659;0.509529;84,349;33,390
696;0.6960111231972052;52;52;0.039136;78,132;78,132;0;35;17,280;1.079570;1.932292;243.613100;24,161;53,971;78,132;35;0;0;1.935891645194918e-05;1.935891645194918e-05;7.283678;14.418659;0.509529;84,349;33,390
697;0.6970177868527089;52;52;0.039484;78,091;78,091;0;41;17,280;1.080137;1.932292;243.654655;24,161;53,930;78,091;41;0;0;1.935891645194918e-05;1.935891645194918e-05;7.283678;14.418659;0.509529;84,349;33,390
698;0.6980050915917606;51;51;0.038758;78,051;78,051;0;40;17,280;1.080691;1.932292;243.695377;24,161;53,890;78,051;40;0;0;1.935891645194918e-05;1.935891645194918e-05;7.283678;14.418659;0.509529;84,349;33,390
699;0.6990117552472643;52;52;0.039837;78,010;78,010;0;41;17,280;1.081259;1.932292;243.737324;24,161;53,849;78,010;41;0;0;1.935891645194918e-05;1.935891645194918e-05;7.283678;14.418659;0.509529;84,349;33,390
700;0.7000184189027681;52;52;0.039231;77,965;77,965;0;45;17,280;1.081883;1.932292;243.778472;24,161;53,804;77,965;45;0;0;1.935891645194918e-05;1.935891645194918e-05;7.283678;14.418659;0.509529;84,349;33,390
701;0.7010057236418198;51;51;0.039065;77,906;77,906;0;59;17,280;1.082702;1.932292;243.819408;24,161;53,745;77,906;59;0;0;1.935891645194918e-05;1.935891645194918e-05;7.283678;14.418659;0.509529;84,349;33,390
702;0.7020123872973235;52;52;0.039669;77,875;77,875;0;31;17,280;1.083133;1.932292;243.861302;24,161;53,714;77,875;31;0;0;1.935891645194918e-05;1.935891645194918e-05;7.283678;14.418659;0.509529;84,349;33,390
703;0.7030190509528272;52;52;0.039867;77,829;77,829;0;46;17,280;1.083773;1.932292;243.903057;24,161;53,668;77,829;46;0;0;1.935891645194918e-05;1.935891645194918e-05;7.283678;14.418659;0.509529;84,349;33,390
704;0.704006355691879;51;51;0.038996;77,791;77,791;0;38;17,280;1.084303;1.932292;243.944108;24,161;53,630;77,791;38;0;0;1.935891645194918e-05;1.935891645194918e-05;7.283678;14.418659;0.509529;84,349;33,390
705;0.7050130193473827;52;52;0.039558;77,757;77,757;0;34;17,280;1.084777;1.932292;243.985591;24,161;53,596;77,757;34;0;0;1.935891645194918e-05;1.935891645194918e-05;7.283678;14.418659;0.509529;84,349;33,390
706;0.7060003240864344;51;51;0.039148;77,708;77,708;0;49;17,280;1.085461;1.932292;244.026722;24,161;53,547;77,708;49;0;0;1.935891645194918e-05;1.935891645194918e-05;7.283678;14.418659;0.509529;84,349;33,390
707;0.7070069877419382;52;52;0.039568;77,672;77,672;0;36;17,280;1.085964;1.932292;244.068170;24,161;53,511;77,672;36;0;0;1.935891645194918e-05;1.935891645194918e-05;7.283678;14.418659;0.509529;84,349;33,390
708;0.7080136513974419;52;52;0.039262;77,626;77,626;0;46;17,280;1.086608;1.932292;244.109113;24,161;53,465;77,626;46;0;0;1.935891645194918e-05;1.935891645194918e-05;7.283678;14.418659;0.509529;84,349;33,390
709;0.7090009561364936;51;51;0.038298;77,591;77,591;0;35;17,280;1.087098;1.932292;244.149498;24,161;53,430;77,591;35;0;0;1.935891645194918e-05;1.935891645194918e-05;7.283678;14.418659;0.509529;84,349;33,390
710;0.7100076197919973;52;52;0.161886;77,553;77,553;0;38;17,280;1.087630;1.932292;244.313169;24,161;53,392;77,553;38;0;0;1.935891645194918e-05;1.935891645194918e-05;7.283678;14.418659;0.509529;84,349;33,390
711;0.7110142834475011;52;52;0.440678;77,507;77,507;0;46;17,280;1.088276;1.932292;244.756086;24,161;53,346;77,507;46;0;0;1.935891645194918e-05;1.935891645194918e-05;7.283678;14.418659;0.509529;84,349;33,390
712;0.7120015881865528;51;51;0.401828;77,468;77,468;0;39;17,280;1.088824;1.932292;245.159945;24,161;53,307;77,468;39;0;0;1.935891645194918e-05;1.935891645194918e-05;7.283678;14.418659;0.509529;84,349;33,390
713;0.7130082518420565;52;52;0.295179;77,430;77,430;0;38;17,280;1.089358;1.932292;245.457021;24,161;53,269;77,430;38;0;0;1.935891645194918e-05;1.935891645194918e-05;7.283678;14.418659;0.509529;84,349;33,390
714;0.7140149154975602;52;52;0.492104;77,394;77,394;0;36;17,280;1.089865;1.932292;245.951213;24,161;53,233;77,394;36;0;0;1.935891645194918e-05;1.935891645194918e-05;7.283678;14.418659;0.509529;84,349;33,390
715;0.715002220236612;51;51;0.363505;77,356;77,356;0;38;17,280;1.090400;1.932292;246.316634;24,161;53,195;77,356;38;0;0;1.935891645194918e-05;1.935891645194918e-05;7.283678;14.418659;0.509529;84,349;33,390
716;0.7160088838921157;52;52;0.489132;77,309;77,309;0;47;17,280;1.091063;1.932292;246.807775;24,161;53,148;77,309;47;0;0;1.935891645194918e-05;1.935891645194918e-05;7.283678;14.418659;0.509529;84,349;33,390
717;0.7170155475476194;52;52;0.375635;77,261;77,261;0;48;17,280;1.091741;1.932292;247.185416;24,161;53,100;77,261;48;0;0;1.935891645194918e-05;1.935891645194918e-05;7.283678;14.418659;0.509529;84,349;33,390
718;0.7180028522866712;51;51;0.452405;77,217;77,217;0;44;17,280;1.092363;1.932292;247.639769;24,161;53,056;77,217;44;0;0;1.935891645194918e-05;1.935891645194918e-05;7.283678;14.418659;0.509529;84,349;33,390
719;0.7190095159421749;52;52;0.301488;77,194;77,194;0;23;17,280;1.092689;1.932292;247.943330;24,161;53,033;77,194;23;0;0;1.935891645194918e-05;1.935891645194918e-05;7.283678;14.418659;0.509529;84,349;33,390
720;0.7200161795976786;52;52;0.406370;77,133;77,133;0;61;17,280;1.093553;1.932292;248.352257;24,161;52,972;77,133;61;0;0;1.935891645194918e-05;1.935891645194918e-05;7.283678;14.418659;0.509529;84,349;33,390
721;0.7210034843367303;51;51;0.287874;77,092;77,092;0;41;17,280;1.094134;1.932292;248.642135;24,161;52,931;77,092;41;0;0;1.935891645194918e-05;1.935891645194918e-05;7.283678;14.418659;0.509529;84,349;33,390
722;0.7220101479922341;52;52;0.197397;77,050;77,050;0;42;17,280;1.094731;1.932292;248.841578;24,161;52,889;77,050;42;0;0;1.935891645194918e-05;1.935891645194918e-05;7.283678;14.418659;0.509529;84,349;33,390
723;0.7230168116477378;52;52;0.039479;77,007;77,007;0;43;17,280;1.095342;1.932292;248.883069;24,161;52,846;77,007;43;0;0;1.935891645194918e-05;1.935891645194918e-05;7.283678;14.418659;0.509529;84,349;33,390
724;0.7240041163867895;51;51;0.039284;76,956;76,956;0;51;17,280;1.096068;1.932292;248.924243;24,161;52,795;76,956;51;0;0;1.935891645194918e-05;1.935891645194918e-05;7.283678;14.418659;0.509529;84,349;33,390
725;0.7250107800422932;52;52;0.039114;76,922;76,922;0;34;16,200;1.096552;2.061111;248.965217;24,161;52,761;76,922;34;0;0;1.935891645194918e-05;1.935891645194918e-05;7.283678;14.418659;0.509529;84,349;33,390
726;0.726017443697797;52;52;0.039379;76,880;76,880;0;42;16,200;1.097151;2.061111;249.006396;24,161;52,719;76,880;42;0;0;1.935891645194918e-05;1.935891645194918e-05;7.283678;14.418659;0.509529;84,349;33,390
727;0.7270047484368487;51;51;0.038769;76,838;76,838;0;42;15,795;1.097751;2.113960;249.047056;24,161;52,677;76,838;42;0;0;1.935891645194918e-05;1.935891645194918e-05;7.283678;14.418659;0.509529;84,349;33,390
728;0.7280114120923524;52;52;0.039198;76,795;76,795;0;43;15,795;1.098366;2.113960;249.088300;24,161;52,634;76,795;43;0;0;1.935891645194918e-05;1.935891645194918e-05;7.283678;14.418659;0.509529;84,349;33,390
729;0.7290180757478562;52;52;0.039402;76,764;76,764;0;31;15,795;1.098809;2.113960;249.129628;24,161;52,603;76,764;31;0;0;1.935891645194918e-05;1.935891645194918e-05;7.283678;14.418659;0.509529;84,349;33,390
730;0.7300053804869079;51;51;0.038606;76,706;76,706;0;58;15,795;1.099640;2.113960;249.170085;24,161;52,545;76,706;58;0;0;1.935891645194918e-05;1.935891645194918e-05;7.283678;14.418659;0.509529;84,349;33,390
731;0.7310120441424116;52;52;0.039700;76,655;76,655;0;51;15,795;1.100372;2.113960;249.211992;24,161;52,494;76,655;51;0;0;1.935891645194918e-05;1.935891645194918e-05;7.283678;14.418659;0.509529;84,349;33,390
732;0.7320187077979153;52;52;0.039706;76,618;76,618;0;37;15,795;1.100903;2.113960;249.253682;24,161;52,457;76,618;37;0;0;1.935891645194918e-05;1.935891645194918e-05;7.283678;14.418659;0.509529;84,349;33,390
733;0.7330060125369671;51;51;0.039103;76,577;76,577;0;41;15,795;1.101493;2.113960;249.295192;24,161;52,416;76,577;41;0;0;1.935891645194918e-05;1.935891645194918e-05;7.283678;14.418659;0.509529;84,349;33,390
734;0.7340126761924708;52;52;0.039300;76,546;76,546;0;31;15,795;1.101939;2.113960;249.336464;24,161;52,385;76,546;31;0;0;1.935891645194918e-05;1.935891645194918e-05;7.283678;14.418659;0.509529;84,349;33,390
735;0.7350193398479745;52;52;0.039483;76,501;76,501;0;45;16,200;1.102587;2.061111;249.377870;24,161;52,340;76,501;45;0;0;1.935891645194918e-05;1.935891645194918e-05;7.283678;14.418659;0.509529;84,349;33,390
736;0.7360066445870262;51;51;0.038643;76,467;76,467;0;34;16,200;1.103077;2.061111;249.418522;24,161;52,306;76,467;34;0;0;1.935891645194918e-05;1.935891645194918e-05;7.283678;14.418659;0.509529;84,349;33,390
737;0.73701330824253;52;52;0.146562;76,413;76,413;0;54;16,200;1.103857;2.061111;249.567066;24,161;52,252;76,413;54;0;0;1.935891645194918e-05;1.935891645194918e-05;7.283678;14.418659;0.509529;84,349;33,390
738;0.7380006129815817;51;51;0.440778;76,373;76,373;0;40;16,200;1.104435;2.061111;250.009707;24,161;52,212;76,373;40;0;0;1.935891645194918e-05;1.935891645194918e-05;7.283678;14.418659;0.509529;84,349;33,390
739;0.7390072766370854;52;52;0.362539;76,325;76,325;0;48;16,200;1.105129;2.061111;250.374241;24,161;52,164;76,325;48;0;0;1.935891645194918e-05;1.935891645194918e-05;7.283678;14.418659;0.509529;84,349;33,390
740;0.7400139402925892;52;52;0.347695;76,291;76,291;0;34;16,200;1.105622;2.061111;250.724030;24,161;52,130;76,291;34;0;0;1.935891645194918e-05;1.935891645194918e-05;7.283678;14.418659;0.509529;84,349;33,390
741;0.7410012450316409;51;51;0.441841;76,232;76,232;0;59;16,200;1.106478;2.061111;251.167844;24,161;52,071;76,232;59;0;0;1.935891645194918e-05;1.935891645194918e-05;7.283678;14.418659;0.509529;84,349;33,390
742;0.7420079086871446;52;52;0.303311;76,187;76,187;0;45;16,200;1.107131;2.061111;251.473181;24,161;52,026;76,187;45;0;0;1.935891645194918e-05;1.935891645194918e-05;7.283678;14.418659;0.509529;84,349;33,390
743;0.7430145723426483;52;52;0.292182;76,140;76,140;0;47;16,200;1.107815;2.061111;251.767543;24,161;51,979;76,140;47;0;0;1.935891645194918e-05;1.935891645194918e-05;7.283678;14.418659;0.509529;84,349;33,390
744;0.7440018770817001;51;51;0.038456;76,103;76,103;0;37;16,200;1.108353;2.061111;251.807899;24,161;51,942;76,103;37;0;0;1.935891645194918e-05;1.935891645194918e-05;7.283678;14.418659;0.509529;84,349;33,390
745;0.7450085407372038;52;52;0.039241;76,060;76,060;0;43;16,200;1.108980;2.061111;251.849254;24,161;51,899;76,060;43;0;0;1.935891645194918e-05;1.935891645194918e-05;7.283678;14.418659;0.509529;84,349;33,390
746;0.7460152043927075;52;52;0.039518;76,011;76,011;0;49;16,200;1.109695;2.061111;251.890550;24,161;51,850;76,011;49;0;0;1.935891645194918e-05;1.935891645194918e-05;7.283678;14.418659;0.509529;84,349;33,390
747;0.7470025091317593;51;51;0.039053;75,964;75,964;0;47;16,200;1.110381;2.061111;251.931590;24,161;51,803;75,964;47;0;0;1.935891645194918e-05;1.935891645194918e-05;7.283678;14.418659;0.509529;84,349;33,390
748;0.748009172787263;52;52;0.258626;75,914;75,914;0;50;16,200;1.111113;2.061111;252.192385;24,161;51,753;75,914;50;0;0;1.935891645194918e-05;1.935891645194918e-05;7.283678;14.418659;0.509529;84,349;33,390
749;0.7490158364427667;52;52;0.504797;75,861;75,861;0;53;16,200;1.111889;2.061111;252.699255;24,161;51,700;75,861;53;0;0;1.935891645194918e-05;1.935891645194918e-05;7.283678;14.418659;0.509529;84,349;33,390
750;0.7500031411818184;51;51;0.380885;75,814;75,814;0;47;16,200;1.112578;2.061111;253.082251;24,161;51,653;75,814;47;0;0;1.935891645194918e-05;1.935891645194918e-05;7.283678;14.418659;0.509529;84,349;33,390
751;0.7510098048373222;52;52;0.328100;75,767;75,767;0;47;16,200;1.113268;2.061111;253.412396;24,161;51,606;75,767;47;0;0;1.935891645194918e-05;1.935891645194918e-05;7.283678;14.418659;0.509529;84,349;33,390
752;0.7520164684928259;52;52;0.325554;75,720;75,720;0;47;16,200;1.113959;2.061111;253.739837;24,161;51,559;75,720;47;0;0;1.935891645194918e-05;1.935891645194918e-05;7.283678;14.418659;0.509529;84,349;33,390
753;0.7530037732318776;51;51;0.439703;75,675;75,675;0;45;16,200;1.114622;2.061111;254.181733;24,161;51,514;75,675;45;0;0;1.935891645194918e-05;1.935891645194918e-05;7.283678;14.418659;0.509529;84,349;33,390
754;0.7540104368873813;52;52;0.437818;75,630;75,630;0;45;15,795;1.115285;2.113960;254.621514;24,161;51,469;75,630;45;0;0;1.935891645194918e-05;1.935891645194918e-05;7.283678;14.418659;0.509529;84,349;33,390
755;0.7550171005428851;52;52;0.503798;75,590;75,590;0;40;15,795;1.115875;2.113960;255.127351;24,161;51,429;75,590;40;0;0;1.935891645194918e-05;1.935891645194918e-05;7.283678;14.418659;0.509529;84,349;33,390
756;0.7560044052819368;51;51;0.862477;75,553;75,553;0;37;15,795;1.116422;2.113960;255.991780;24,161;51,392;75,553;37;0;0;1.935891645194918e-05;1.935891645194918e-05;7.283678;14.418659;0.509529;84,349;33,390
757;0.7570110689374405;52;52;0.313910;75,508;75,508;0;45;15,795;1.117087;2.113960;256.308052;24,161;51,347;75,508;45;0;0;1.935891645194918e-05;1.935891645194918e-05;7.283678;14.418659;0.509529;84,349;33,390
758;0.7580177325929442;52;52;0.370503;75,468;75,468;0;40;15,795;1.117679;2.113960;256.680850;24,161;51,307;75,468;40;0;0;1.935891645194918e-05;1.935891645194918e-05;7.283678;14.418659;0.509529;84,349;33,390
759;0.759005037331996;51;51;0.451327;75,420;75,420;0;48;14,742;1.118390;2.264957;257.134178;24,161;51,259;75,420;48;0;0;1.935891645194918e-05;1.935891645194918e-05;7.283678;14.418659;0.509529;84,349;33,390
760;0.7600117009874997;52;52;0.158242;75,385;75,385;0;35;14,742;1.118910;2.264957;257.294439;24,161;51,224;75,385;35;0;0;1.935891645194918e-05;1.935891645194918e-05;7.283678;14.418659;0.509529;84,349;33,390
761;0.7610183646430034;52;52;0.526224;75,342;75,342;0;43;14,742;1.119548;2.264957;257.822484;24,161;51,181;75,342;43;0;0;1.935891645194918e-05;1.935891645194918e-05;7.283678;14.418659;0.509529;84,349;33,390
762;0.7620056693820552;51;51;0.353452;75,301;75,301;0;41;14,742;1.120158;2.264957;258.177978;24,161;51,140;75,301;41;0;0;1.935891645194918e-05;1.935891645194918e-05;7.283678;14.418659;0.509529;84,349;33,390
763;0.7630123330375589;52;52;0.567215;75,253;75,253;0;48;14,742;1.120872;2.264957;258.747458;24,161;51,092;75,253;48;0;0;1.935891645194918e-05;1.935891645194918e-05;7.283678;14.418659;0.509529;84,349;33,390
764;0.7640189966930626;52;52;0.377676;75,201;75,201;0;52;14,742;1.121647;2.264957;259.127160;24,161;51,040;75,201;52;0;0;1.935891645194918e-05;1.935891645194918e-05;7.283678;14.418659;0.509529;84,349;33,390
765;0.7650063014321143;51;51;0.287432;75,164;75,164;0;37;14,742;1.122199;2.264957;259.416927;24,161;51,003;75,164;37;0;0;1.935891645194918e-05;1.935891645194918e-05;7.283678;14.418659;0.509529;84,349;33,390
766;0.7660129650876181;52;52;0.350903;75,126;75,126;0;38;14,742;1.122767;2.264957;259.769962;24,161;50,965;75,126;38;0;0;1.935891645194918e-05;1.935891645194918e-05;7.283678;14.418659;0.509529;84,349;33,390
767;0.7670002698266698;51;51;0.204589;75,084;75,084;0;42;14,742;1.123395;2.264957;259.976551;24,161;50,923;75,084;42;0;0;1.935891645194918e-05;1.935891645194918e-05;7.283678;14.418659;0.509529;84,349;33,390
768;0.7680069334821735;52;52;0.458665;75,041;75,041;0;43;14,742;1.124039;2.264957;260.437332;24,161;50,880;75,041;43;0;0;1.935891645194918e-05;1.935891645194918e-05;7.283678;14.418659;0.509529;84,349;33,390
769;0.7690135971376773;52;52;0.574706;74,994;74,994;0;47;14,742;1.124743;2.264957;261.013997;24,161;50,833;74,994;47;0;0;1.935891645194918e-05;1.935891645194918e-05;7.283678;14.418659;0.509529;84,349;33,390
770;0.770000901876729;51;51;0.621081;74,953;74,953;0;41;14,742;1.125359;2.264957;261.637290;24,161;50,792;74,953;41;0;0;1.935891645194918e-05;1.935891645194918e-05;7.283678;14.418659;0.509529;84,349;33,390
771;0.7710075655322327;52;52;0.389165;74,915;74,915;0;38;14,742;1.125929;2.264957;262.028345;24,161;50,754;74,915;38;0;0;1.935891645194918e-05;1.935891645194918e-05;7.283678;14.418659;0.509529;84,349;33,390
772;0.7720142291877364;52;52;0.405586;74,864;74,864;0;51;14,742;1.126696;2.264957;262.435942;24,161;50,703;74,864;51;0;0;1.935891645194918e-05;1.935891645194918e-05;7.283678;14.418659;0.509529;84,349;33,390
773;0.7730015339267882;51;51;0.287335;74,808;74,808;0;56;14,742;1.127540;2.264957;262.725313;24,161;50,647;74,808;56;0;0;1.935891645194918e-05;1.935891645194918e-05;7.283678;14.418659;0.509529;84,349;33,390
774;0.7740081975822919;52;52;0.314291;74,767;74,767;0;41;14,742;1.128158;2.264957;263.041557;24,161;50,606;74,767;41;0;0;1.935891645194918e-05;1.935891645194918e-05;7.283678;14.418659;0.509529;84,349;33,390
775;0.7750148612377956;52;52;0.462041;74,711;74,711;0;56;14,742;1.129004;2.264957;263.505887;24,161;50,550;74,711;56;0;0;1.935891645194918e-05;1.935891645194918e-05;7.283678;14.418659;0.509529;84,349;33,390
776;0.7760021659768473;51;51;0.485425;74,660;74,660;0;51;14,742;1.129775;2.264957;263.994423;24,161;50,499;74,660;51;0;0;1.935891645194918e-05;1.935891645194918e-05;7.283678;14.418659;0.509529;84,349;33,390
777;0.7770088296323511;52;52;0.687037;74,610;74,610;0;50;14,742;1.130532;2.264957;264.683474;24,161;50,449;74,610;50;0;0;1.935891645194918e-05;1.935891645194918e-05;7.283678;14.418659;0.509529;84,349;33,390
778;0.7780154932878548;52;52;0.259327;74,563;74,563;0;47;14,742;1.131245;2.264957;264.945161;24,161;50,402;74,563;47;0;0;1.935891645194918e-05;1.935891645194918e-05;7.283678;14.418659;0.509529;84,349;33,390
779;0.7790027980269065;51;51;0.389911;74,512;74,512;0;51;14,742;1.132019;2.264957;265.337194;24,161;50,351;74,512;51;0;0;1.935891645194918e-05;1.935891645194918e-05;7.283678;14.418659;0.509529;84,349;33,390
780;0.7800094616824103;52;52;0.296416;74,474;74,474;0;38;14,742;1.132597;2.264957;265.635727;24,161;50,313;74,474;38;0;0;1.935891645194918e-05;1.935891645194918e-05;7.283678;14.418659;0.509529;84,349;33,390
781;0.781016125337914;52;52;0.445155;74,431;74,431;0;43;14,742;1.133251;2.264957;266.083061;24,161;50,270;74,431;43;0;0;1.935891645194918e-05;1.935891645194918e-05;7.283678;14.418659;0.509529;84,349;33,390
782;0.7820034300769657;51;51;0.324481;74,377;74,377;0;54;14,742;1.134074;2.264957;266.410359;24,161;50,216;74,377;54;0;0;1.935891645194918e-05;1.935891645194918e-05;7.283678;14.418659;0.509529;84,349;33,390
783;0.7830100937324694;52;52;0.613297;74,330;74,330;0;47;14,742;1.134791;2.264957;267.025736;24,161;50,169;74,330;47;0;0;1.935891645194918e-05;1.935891645194918e-05;7.283678;14.418659;0.509529;84,349;33,390
784;0.7840167573879732;52;52;0.376593;74,271;74,271;0;59;14,742;1.135692;2.264957;267.404389;24,161;50,110;74,271;59;0;0;1.935891645194918e-05;1.935891645194918e-05;7.283678;14.418659;0.509529;84,349;33,390
785;0.7850040621270249;51;51;0.471798;74,223;74,223;0;48;15,120;1.136427;2.208333;267.878150;24,161;50,062;74,223;48;0;0;1.935891645194918e-05;1.935891645194918e-05;7.283678;14.418659;0.509529;84,349;33,390
786;0.7860107257825286;52;52;0.421069;74,182;74,182;0;41;15,120;1.137055;2.208333;268.301483;24,161;50,021;74,182;41;0;0;1.935891645194918e-05;1.935891645194918e-05;7.283678;14.418659;0.509529;84,349;33,390
787;0.7870173894380323;52;52;0.375024;74,125;74,125;0;57;15,120;1.137929;2.208333;268.678684;24,161;49,964;74,125;57;0;0;1.935891645194918e-05;1.935891645194918e-05;7.283678;14.418659;0.509529;84,349;33,390
788;0.7880046941770841;51;51;0.039092;74,078;74,078;0;47;15,120;1.138651;2.208333;268.720166;24,161;49,917;74,078;47;0;0;1.935891645194918e-05;1.935891645194918e-05;7.283678;14.418659;0.509529;84,349;33,390
789;0.7890113578325878;52;52;0.039685;74,022;74,022;0;56;15,120;1.139513;2.208333;268.761957;24,161;49,861;74,022;56;0;0;1.935891645194918e-05;1.935891645194918e-05;7.283678;14.418659;0.509529;84,349;33,390
790;0.7900180214880915;52;52;0.039380;73,962;73,962;0;60;15,120;1.140437;2.208333;268.803248;24,161;49,801;73,962;60;0;0;1.935891645194918e-05;1.935891645194918e-05;7.283678;14.418659;0.509529;84,349;33,390
791;0.7910053262271433;51;51;0.038919;73,912;73,912;0;50;15,120;1.141208;2.208333;268.844128;24,161;49,751;73,912;50;0;0;1.935891645194918e-05;1.935891645194918e-05;7.283678;14.418659;0.509529;84,349;33,390
792;0.792011989882647;52;52;0.039806;73,861;73,861;0;51;15,120;1.141996;2.208333;268.885750;24,161;49,700;73,861;51;0;0;1.935891645194918e-05;1.935891645194918e-05;7.283678;14.418659;0.509529;84,349;33,390
793;0.7930186535381507;52;52;0.040847;73,806;73,806;0;55;15,120;1.142847;2.208333;268.928598;24,161;49,645;73,806;55;0;0;1.935891645194918e-05;1.935891645194918e-05;7.283678;14.418659;0.509529;84,349;33,390
794;0.7940059582772024;51;51;0.410504;73,753;73,753;0;53;15,120;1.143669;2.208333;269.341251;24,161;49,592;73,753;53;0;0;1.935891645194918e-05;1.935891645194918e-05;7.283678;14.418659;0.509529;84,349;33,390
795;0.7950126219327062;52;52;0.604713;73,710;73,710;0;43;15,120;1.144336;2.208333;269.947959;24,161;49,549;73,710;43;0;0;1.935891645194918e-05;1.935891645194918e-05;7.283678;14.418659;0.509529;84,349;33,390
796;0.7960192855882099;52;52;0.437061;73,666;73,666;0;44;15,120;1.145019;2.208333;270.387079;24,161;49,505;73,666;44;0;0;1.935891645194918e-05;1.935891645194918e-05;7.283678;14.418659;0.509529;84,349;33,390
797;0.7970065903272616;51;51;0.462086;73,620;73,620;0;46;15,120;1.145735;2.208333;270.851078;24,161;49,459;73,620;46;0;0;1.935891645194918e-05;1.935891645194918e-05;7.283678;14.418659;0.509529;84,349;33,390
798;0.7980132539827653;52;52;0.325395;73,550;73,550;0;70;15,120;1.146825;2.208333;271.178482;24,161;49,389;73,550;70;0;0;1.935891645194918e-05;1.935891645194918e-05;7.283678;14.418659;0.509529;84,349;33,390
799;0.7990005587218171;51;51;0.301649;73,486;73,486;0;64;15,120;1.147824;2.208333;271.482390;24,161;49,325;73,486;64;0;0;1.935891645194918e-05;1.935891645194918e-05;7.283678;14.418659;0.509529;84,349;33,390
800;0.8000072223773208;52;52;0.039800;73,446;73,446;0;40;15,120;1.148449;2.208333;271.524239;24,161;49,285;73,446;40;0;0;1.935891645194918e-05;1.935891645194918e-05;7.283678;14.418659;0.509529;84,349;33,390
801;0.8010138860328245;52;52;0.040025;73,392;73,392;0;54;15,120;1.149294;2.208333;271.566266;24,161;49,231;73,392;54;0;0;1.935891645194918e-05;1.935891645194918e-05;7.283678;14.418659;0.509529;84,349;33,390
802;0.8020011907718763;51;51;0.038946;73,327;73,327;0;65;15,120;1.150313;2.208333;271.607022;24,161;49,166;73,327;65;0;0;1.935891645194918e-05;1.935891645194918e-05;7.283678;14.418659;0.509529;84,349;33,390
803;0.80300785442738;52;52;0.038929;73,283;73,283;0;44;15,120;1.151004;2.208333;271.647768;24,161;49,122;73,283;44;0;0;1.935891645194918e-05;1.935891645194918e-05;7.283678;14.418659;0.509529;84,349;33,390
804;0.8040145180828837;52;52;0.039604;73,215;73,215;0;68;15,120;1.152073;2.208333;271.689285;24,161;49,054;73,215;68;0;0;1.935891645194918e-05;1.935891645194918e-05;7.283678;14.418659;0.509529;84,349;33,390
805;0.8050018228219354;51;51;0.038819;73,161;73,161;0;54;15,120;1.152923;2.208333;271.730043;24,161;49,000;73,161;54;0;0;1.935891645194918e-05;1.935891645194918e-05;7.283678;14.418659;0.509529;84,349;33,390
806;0.8060084864774392;52;52;0.039304;73,106;73,106;0;55;15,120;1.153790;2.208333;271.771370;24,161;48,945;73,106;55;0;0;1.935891645194918e-05;1.935891645194918e-05;7.283678;14.418659;0.509529;84,349;33,390
807;0.8070151501329429;52;52;0.039250;73,051;73,051;0;55;15,120;1.154659;2.208333;271.812445;24,161;48,890;73,051;55;0;0;1.935891645194918e-05;1.935891645194918e-05;7.283678;14.418659;0.509529;84,349;33,390
808;0.8080024548719946;51;51;0.038355;72,985;72,985;0;66;15,120;1.155703;2.208333;271.852548;24,161;48,824;72,985;66;0;0;1.935891645194918e-05;1.935891645194918e-05;7.283678;14.418659;0.509529;84,349;33,390
809;0.8090091185274983;52;52;0.039432;72,906;72,906;0;79;15,120;1.156956;2.208333;271.893799;24,161;48,745;72,906;79;0;0;1.935891645194918e-05;1.935891645194918e-05;7.283678;14.418659;0.509529;84,349;33,390
810;0.8100157821830021;52;52;0.039147;72,847;72,847;0;59;15,120;1.157893;2.208333;271.934634;24,161;48,686;72,847;59;0;0;1.935891645194918e-05;1.935891645194918e-05;7.283678;14.418659;0.509529;84,349;33,390
811;0.8110030869220538;51;51;0.038575;72,782;72,782;0;65;15,120;1.158927;2.208333;271.974898;24,161;48,621;72,782;65;0;0;1.935891645194918e-05;1.935891645194918e-05;7.283678;14.418659;0.509529;84,349;33,390
812;0.8120097505775575;52;52;0.039004;72,726;72,726;0;56;15,120;1.159819;2.208333;272.015944;24,161;48,565;72,726;56;0;0;1.935891645194918e-05;1.935891645194918e-05;7.283678;14.418659;0.509529;84,349;33,390
813;0.8130164142330613;52;52;0.038654;72,662;72,662;0;64;15,120;1.160841;2.208333;272.056280;24,161;48,501;72,662;64;0;0;1.935891645194918e-05;1.935891645194918e-05;7.283678;14.418659;0.509529;84,349;33,390
814;0.814003718972113;51;51;0.038658;72,590;72,590;0;72;15,120;1.161992;2.208333;272.096730;24,161;48,429;72,590;72;0;0;1.935891645194918e-05;1.935891645194918e-05;7.283678;14.418659;0.509529;84,349;33,390
815;0.8150103826276167;52;52;0.039177;72,518;72,518;0;72;15,120;1.163146;2.208333;272.137665;24,161;48,357;72,518;72;0;0;1.935891645194918e-05;1.935891645194918e-05;7.283678;14.418659;0.509529;84,349;33,390
816;0.8160170462831204;52;52;0.337856;72,471;72,471;0;47;15,120;1.163900;2.208333;272.477422;24,161;48,310;72,471;47;0;0;1.935891645194918e-05;1.935891645194918e-05;7.283678;14.418659;0.509529;84,349;33,390
817;0.8170043510221722;51;51;0.282038;72,399;72,399;0;72;15,120;1.165058;2.208333;272.761686;24,161;48,238;72,399;72;0;0;1.935891645194918e-05;1.935891645194918e-05;7.283678;14.418659;0.509529;84,349;33,390
818;0.8180110146776759;52;52;0.422107;72,338;72,338;0;61;14,560;1.166040;2.293269;273.185686;24,161;48,177;72,338;61;0;0;1.935891645194918e-05;1.935891645194918e-05;7.283678;14.418659;0.509529;84,349;33,390
819;0.8190176783331796;52;52;0.289641;72,282;72,282;0;56;14,560;1.166943;2.293269;273.477682;24,161;48,121;72,282;56;0;0;1.935891645194918e-05;1.935891645194918e-05;7.283678;14.418659;0.509529;84,349;33,390
820;0.8200049830722314;51;51;0.496896;72,224;72,224;0;58;14,560;1.167880;2.293269;273.976554;24,161;48,063;72,224;58;0;0;1.935891645194918e-05;1.935891645194918e-05;7.283678;14.418659;0.509529;84,349;33,390
821;0.8210116467277351;52;52;0.422744;72,164;72,164;0;60;14,560;1.168852;2.293269;274.401346;24,161;48,003;72,164;60;0;0;1.935891645194918e-05;1.935891645194918e-05;7.283678;14.418659;0.509529;84,349;33,390
822;0.8220183103832388;52;52;0.130637;72,094;72,094;0;70;14,560;1.169986;2.293269;274.534320;24,161;47,933;72,094;70;0;0;1.935891645194918e-05;1.935891645194918e-05;7.283678;14.418659;0.509529;84,349;33,390
823;0.8230056151222905;51;51;0.038351;72,024;72,024;0;70;14,560;1.171124;2.293269;274.574605;24,161;47,863;72,024;70;0;0;1.935891645194918e-05;1.935891645194918e-05;7.283678;14.418659;0.509529;84,349;33,390
824;0.8240122787777943;52;52;0.038672;71,960;71,960;0;64;14,196;1.172165;2.352071;274.615271;24,161;47,799;71,960;64;0;0;1.935891645194918e-05;1.935891645194918e-05;7.283678;14.418659;0.509529;84,349;33,390
825;0.825018942433298;52;52;0.039035;71,888;71,888;0;72;14,196;1.173339;2.352071;274.656003;24,161;47,727;71,888;72;0;0;1.935891645194918e-05;1.935891645194918e-05;7.283678;14.418659;0.509529;84,349;33,390
826;0.8260062471723497;51;51;0.038007;71,837;71,837;0;51;14,196;1.174172;2.352071;274.695771;24,161;47,676;71,837;51;0;0;1.935891645194918e-05;1.935891645194918e-05;7.283678;14.418659;0.509529;84,349;33,390
827;0.8270129108278534;52;52;0.038768;71,786;71,786;0;51;14,196;1.175006;2.352071;274.736694;24,161;47,625;71,786;51;0;0;1.935891645194918e-05;1.935891645194918e-05;7.283678;14.418659;0.509529;84,349;33,390
828;0.8280002155669052;51;51;0.038531;71,716;71,716;0;70;14,196;1.176153;2.352071;274.777004;24,161;47,555;71,716;70;0;0;1.935891645194918e-05;1.935891645194918e-05;7.283678;14.418659;0.509529;84,349;33,390
829;0.8290068792224089;52;52;0.039067;71,636;71,636;0;80;14,196;1.177467;2.352071;274.817913;24,161;47,475;71,636;80;0;0;1.935891645194918e-05;1.935891645194918e-05;7.283678;14.418659;0.509529;84,349;33,390
830;0.8300135428779126;52;52;0.038852;71,557;71,557;0;79;14,196;1.178767;2.352071;274.858540;24,161;47,396;71,557;79;0;0;1.935891645194918e-05;1.935891645194918e-05;7.283678;14.418659;0.509529;84,349;33,390
831;0.8310008476169644;51;51;0.038300;71,486;71,486;0;71;14,196;1.179937;2.352071;274.898531;24,161;47,325;71,486;71;0;0;1.935891645194918e-05;1.935891645194918e-05;7.283678;14.418659;0.509529;84,349;33,390
832;0.8320075112724681;52;52;0.038991;71,421;71,421;0;65;14,196;1.181011;2.352071;274.939512;24,161;47,260;71,421;65;0;0;1.935891645194918e-05;1.935891645194918e-05;7.283678;14.418659;0.509529;84,349;33,390
833;0.8330141749279718;52;52;0.039036;71,345;71,345;0;76;14,196;1.182269;2.352071;274.980412;24,161;47,184;71,345;76;0;0;1.935891645194918e-05;1.935891645194918e-05;7.283678;14.418659;0.509529;84,349;33,390
834;0.8340014796670235;51;51;0.414713;71,289;71,289;0;56;14,196;1.183198;2.352071;275.396882;24,161;47,128;71,289;56;0;0;1.935891645194918e-05;1.935891645194918e-05;7.283678;14.418659;0.509529;84,349;33,390
835;0.8350081433225273;52;52;0.546412;71,236;71,236;0;53;14,196;1.184078;2.352071;275.945216;24,161;47,075;71,236;53;0;0;1.935891645194918e-05;1.935891645194918e-05;7.283678;14.418659;0.509529;84,349;33,390
836;0.836014806978031;52;52;0.301072;71,171;71,171;0;65;14,196;1.185160;2.352071;276.248176;24,161;47,010;71,171;65;0;0;1.935891645194918e-05;1.935891645194918e-05;7.283678;14.418659;0.509529;84,349;33,390
837;0.8370021117170827;51;51;0.243304;71,099;71,099;0;72;14,196;1.186360;2.352071;276.493370;24,161;46,938;71,099;72;0;0;1.935891645194918e-05;1.935891645194918e-05;7.283678;14.418659;0.509529;84,349;33,390
838;0.8380087753725864;52;52;0.389189;71,044;71,044;0;55;14,196;1.187278;2.352071;276.884670;24,161;46,883;71,044;55;0;0;1.935891645194918e-05;1.935891645194918e-05;7.283678;14.418659;0.509529;84,349;33,390
839;0.8390154390280902;52;52;0.409494;70,983;70,983;0;61;14,196;1.188299;2.352071;277.296162;24,161;46,822;70,983;61;0;0;1.935891645194918e-05;1.935891645194918e-05;7.283678;14.418659;0.509529;84,349;33,390
840;0.8400027437671419;51;51;0.112149;70,903;70,903;0;80;14,196;1.189639;2.352071;277.410501;24,161;46,742;70,903;80;0;0;1.935891645194918e-05;1.935891645194918e-05;7.283678;14.418659;0.509529;84,349;33,390
841;0.8410094074226456;52;52;0.499251;70,836;70,836;0;67;14,196;1.190765;2.352071;277.911584;24,161;46,675;70,836;67;0;0;1.935891645194918e-05;1.935891645194918e-05;7.283678;14.418659;0.509529;84,349;33,390
842;0.8420160710781494;52;52;0.331288;70,780;70,780;0;56;14,196;1.191707;2.352071;278.244830;24,161;46,619;70,780;56;0;0;1.935891645194918e-05;1.935891645194918e-05;7.283678;14.418659;0.509529;84,349;33,390
843;0.8430033758172011;51;51;0.406170;70,704;70,704;0;76;14,196;1.192988;2.352071;278.653219;24,161;46,543;70,704;76;0;0;1.935891645194918e-05;1.935891645194918e-05;7.283678;14.418659;0.509529;84,349;33,390
844;0.8440100394727048;52;52;0.471264;70,649;70,649;0;55;14,196;1.193916;2.352071;279.126351;24,161;46,488;70,649;55;0;0;1.935891645194918e-05;1.935891645194918e-05;7.283678;14.418659;0.509529;84,349;33,390
845;0.8450167031282085;52;52;0.372134;70,574;70,574;0;75;14,196;1.195185;2.352071;279.500570;24,161;46,413;70,574;75;0;0;1.935891645194918e-05;1.935891645194918e-05;7.283678;14.418659;0.509529;84,349;33,390
846;0.8460040078672603;51;51;0.188910;70,511;70,511;0;63;15,210;1.196253;2.195266;279.691396;24,161;46,350;70,511;63;0;0;1.935891645194918e-05;1.935891645194918e-05;7.283678;14.418659;0.509529;84,349;33,390
847;0.847010671522764;52;52;0.040000;70,442;70,442;0;69;15,210;1.197425;2.195266;279.733277;24,161;46,281;70,442;69;0;0;1.935891645194918e-05;1.935891645194918e-05;7.283678;14.418659;0.509529;84,349;33,390
848;0.8480173351782677;52;52;0.039330;70,386;70,386;0;56;15,210;1.198378;2.195266;279.774535;24,161;46,225;70,386;56;0;0;1.935891645194918e-05;1.935891645194918e-05;7.283678;14.418659;0.509529;84,349;33,390
849;0.8490046399173194;51;51;0.038218;70,327;70,327;0;59;14,625;1.199383;2.283077;279.814543;24,161;46,166;70,327;59;0;0;1.935891645194918e-05;1.935891645194918e-05;7.283678;14.418659;0.509529;84,349;33,390
850;0.8500113035728232;52;52;0.038703;70,258;70,258;0;69;14,625;1.200561;2.283077;279.855075;24,161;46,097;70,258;69;0;0;1.935891645194918e-05;1.935891645194918e-05;7.283678;14.418659;0.509529;84,349;33,390
851;0.8510179672283269;52;52;0.038546;70,203;70,203;0;55;14,625;1.201501;2.283077;279.895863;24,161;46,042;70,203;55;0;0;1.935891645194918e-05;1.935891645194918e-05;7.283678;14.418659;0.509529;84,349;33,390
852;0.8520052719673786;51;51;0.038317;70,139;70,139;0;64;14,625;1.202598;2.283077;279.935933;24,161;45,978;70,139;64;0;0;1.935891645194918e-05;1.935891645194918e-05;7.283678;14.418659;0.509529;84,349;33,390
853;0.8530119356228824;52;52;0.054495;70,076;70,076;0;63;14,625;1.203679;2.283077;279.992516;24,161;45,915;70,076;63;0;0;1.935891645194918e-05;1.935891645194918e-05;7.283678;14.418659;0.509529;84,349;33,390
854;0.8540185992783861;52;52;0.400115;70,027;70,027;0;49;14,625;1.204521;2.283077;280.394311;24,161;45,866;70,027;49;0;0;1.935891645194918e-05;1.935891645194918e-05;7.283678;14.418659;0.509529;84,349;33,390
855;0.8550059040174378;51;51;0.286233;69,962;69,962;0;65;14,625;1.205640;2.283077;280.682398;24,161;45,801;69,962;65;0;0;1.935891645194918e-05;1.935891645194918e-05;7.283678;14.418659;0.509529;84,349;33,390
856;0.8560125676729415;52;52;0.313824;69,917;69,917;0;45;14,625;1.206416;2.283077;280.998419;24,161;45,756;69,917;45;0;0;1.935891645194918e-05;1.935891645194918e-05;7.283678;14.418659;0.509529;84,349;33,390
857;0.8570192313284453;52;52;0.449706;69,856;69,856;0;61;14,625;1.207470;2.283077;281.449992;24,161;45,695;69,856;61;0;0;1.935891645194918e-05;1.935891645194918e-05;7.283678;14.418659;0.509529;84,349;33,390
858;0.858006536067497;51;51;0.406257;69,795;69,795;0;61;14,625;1.208525;2.283077;281.858206;24,161;45,634;69,795;61;0;0;1.935891645194918e-05;1.935891645194918e-05;7.283678;14.418659;0.509529;84,349;33,390
859;0.8590131997230007;52;52;0.301597;69,723;69,723;0;72;14,625;1.209773;2.283077;282.161927;24,161;45,562;69,723;72;0;0;1.935891645194918e-05;1.935891645194918e-05;7.283678;14.418659;0.509529;84,349;33,390
860;0.8600005044620525;51;51;0.307973;69,663;69,663;0;60;14,625;1.210815;2.283077;282.471775;24,161;45,502;69,663;60;0;0;1.935891645194918e-05;1.935891645194918e-05;7.283678;14.418659;0.509529;84,349;33,390
861;0.8610071681175562;52;52;0.449102;69,598;69,598;0;65;14,625;1.211946;2.283077;282.923048;24,161;45,437;69,598;65;0;0;1.935891645194918e-05;1.935891645194918e-05;7.283678;14.418659;0.509529;84,349;33,390
862;0.8620138317730599;52;52;0.295736;69,534;69,534;0;64;14,625;1.213061;2.283077;283.220610;24,161;45,373;69,534;64;0;0;1.935891645194918e-05;1.935891645194918e-05;7.283678;14.418659;0.509529;84,349;33,390
863;0.8630011365121116;51;51;0.038531;69,454;69,454;0;80;14,625;1.214458;2.283077;283.260942;24,161;45,293;69,454;80;0;0;1.935891645194918e-05;1.935891645194918e-05;7.283678;14.418659;0.509529;84,349;33,390
864;0.8640078001676154;52;52;0.038343;69,381;69,381;0;73;14,625;1.215736;2.283077;283.301313;24,161;45,220;69,381;73;0;0;1.935891645194918e-05;1.935891645194918e-05;7.283678;14.418659;0.509529;84,349;33,390
865;0.8650144638231191;52;52;0.038422;69,309;69,309;0;72;14,625;1.216999;2.283077;283.341591;24,161;45,148;69,309;72;0;0;1.935891645194918e-05;1.935891645194918e-05;7.283678;14.418659;0.509529;84,349;33,390
866;0.8660017685621708;51;51;0.037406;69,228;69,228;0;81;14,625;1.218423;2.283077;283.380709;24,161;45,067;69,228;81;0;0;1.935891645194918e-05;1.935891645194918e-05;7.283678;14.418659;0.509529;84,349;33,390
867;0.8670084322176745;52;52;0.037821;69,180;69,180;0;48;14,625;1.219269;2.283077;283.420629;24,161;45,019;69,180;48;0;0;1.935891645194918e-05;1.935891645194918e-05;7.283678;14.418659;0.509529;84,349;33,390
868;0.8680150958731783;52;52;0.038720;69,116;69,116;0;64;14,625;1.220398;2.283077;283.461049;24,161;44,955;69,116;64;0;0;1.935891645194918e-05;1.935891645194918e-05;7.283678;14.418659;0.509529;84,349;33,390
869;0.86900240061223;51;51;0.037279;69,060;69,060;0;56;14,625;1.221387;2.283077;283.500058;24,161;44,899;69,060;56;0;0;1.935891645194918e-05;1.935891645194918e-05;7.283678;14.418659;0.509529;84,349;33,390
870;0.8700090642677337;52;52;0.139920;68,998;68,998;0;62;14,625;1.222485;2.283077;283.642106;24,161;44,837;68,998;62;0;0;1.935891645194918e-05;1.935891645194918e-05;7.283678;14.418659;0.509529;84,349;33,390
871;0.8710157279232374;52;52;0.297981;68,934;68,934;0;64;14,625;1.223620;2.283077;283.941792;24,161;44,773;68,934;64;0;0;1.935891645194918e-05;1.935891645194918e-05;7.283678;14.418659;0.509529;84,349;33,390
872;0.8720030326622892;51;51;0.450340;68,877;68,877;0;57;14,625;1.224632;2.283077;284.394312;24,161;44,716;68,877;57;0;0;1.935891645194918e-05;1.935891645194918e-05;7.283678;14.418659;0.509529;84,349;33,390
873;0.8730096963177929;52;52;0.410050;68,798;68,798;0;79;14,040;1.226039;2.378205;284.806220;24,161;44,637;68,798;79;0;0;1.935891645194918e-05;1.935891645194918e-05;7.283678;14.418659;0.509529;84,349;33,390
874;0.8740163599732966;52;52;0.198154;68,734;68,734;0;64;14,040;1.227180;2.378205;285.006276;24,161;44,573;68,734;64;0;0;1.935891645194918e-05;1.935891645194918e-05;7.283678;14.418659;0.509529;84,349;33,390
875;0.8750036647123484;51;51;0.037423;68,680;68,680;0;54;14,040;1.228145;2.378205;285.045645;24,161;44,519;68,680;54;0;0;1.935891645194918e-05;1.935891645194918e-05;7.283678;14.418659;0.509529;84,349;33,390
876;0.8760103283678521;52;52;0.038424;68,612;68,612;0;68;14,040;1.229362;2.378205;285.085819;24,161;44,451;68,612;68;0;0;1.935891645194918e-05;1.935891645194918e-05;7.283678;14.418659;0.509529;84,349;33,390
877;0.8770169920233558;52;52;0.038415;68,552;68,552;0;60;14,040;1.230438;2.378205;285.125897;24,161;44,391;68,552;60;0;0;1.935891645194918e-05;1.935891645194918e-05;7.283678;14.418659;0.509529;84,349;33,390
878;0.8780042967624075;51;51;0.037977;68,488;68,488;0;64;14,040;1.231588;2.378205;285.166019;24,161;44,327;68,488;64;0;0;1.935891645194918e-05;1.935891645194918e-05;7.283678;14.418659;0.509529;84,349;33,390
879;0.8790109604179113;52;52;0.038310;68,412;68,412;0;76;14,040;1.232956;2.378205;285.206068;24,161;44,251;68,412;76;0;0;1.935891645194918e-05;1.935891645194918e-05;7.283678;14.418659;0.509529;84,349;33,390
880;0.880017624073415;52;52;0.038345;68,347;68,347;0;65;14,040;1.234129;2.378205;285.246409;24,161;44,186;68,347;65;0;0;1.935891645194918e-05;1.935891645194918e-05;7.283678;14.418659;0.509529;84,349;33,390
881;0.8810049288124667;51;51;0.037653;68,285;68,285;0;62;14,040;1.235249;2.378205;285.285850;24,161;44,124;68,285;62;0;0;1.935891645194918e-05;1.935891645194918e-05;7.283678;14.418659;0.509529;84,349;33,390
882;0.8820115924679705;52;52;0.038059;68,225;68,225;0;60;14,040;1.236336;2.378205;285.325699;24,161;44,064;68,225;60;0;0;1.935891645194918e-05;1.935891645194918e-05;7.283678;14.418659;0.509529;84,349;33,390
883;0.8830182561234742;52;52;0.037824;68,174;68,174;0;51;14,040;1.237261;2.378205;285.365494;24,161;44,013;68,174;51;0;0;1.935891645194918e-05;1.935891645194918e-05;7.283678;14.418659;0.509529;84,349;33,390
884;0.8840055608625259;51;51;0.037177;68,108;68,108;0;66;14,040;1.238460;2.378205;285.404236;24,161;43,947;68,108;66;0;0;1.935891645194918e-05;1.935891645194918e-05;7.283678;14.418659;0.509529;84,349;33,390
885;0.8850122245180296;52;52;0.038082;68,041;68,041;0;67;14,040;1.239679;2.378205;285.443901;24,161;43,880;68,041;67;0;0;1.935891645194918e-05;1.935891645194918e-05;7.283678;14.418659;0.509529;84,349;33,390
886;0.8860188881735334;52;52;0.038588;67,993;67,993;0;48;14,040;1.240554;2.378205;285.484460;24,161;43,832;67,993;48;0;0;1.935891645194918e-05;1.935891645194918e-05;7.283678;14.418659;0.509529;84,349;33,390
887;0.8870061929125851;51;51;0.037957;67,928;67,928;0;65;14,040;1.241741;2.378205;285.524112;24,161;43,767;67,928;65;0;0;1.935891645194918e-05;1.935891645194918e-05;7.283678;14.418659;0.509529;84,349;33,390
888;0.8880128565680888;52;52;0.038696;67,859;67,859;0;69;14,040;1.243004;2.378205;285.564520;24,161;43,698;67,859;69;0;0;1.935891645194918e-05;1.935891645194918e-05;7.283678;14.418659;0.509529;84,349;33,390
889;0.8890001613071405;51;51;0.037727;67,799;67,799;0;60;14,040;1.244104;2.378205;285.604151;24,161;43,638;67,799;60;0;0;1.935891645194918e-05;1.935891645194918e-05;7.283678;14.418659;0.509529;84,349;33,390
890;0.8900068249626443;52;52;0.038587;67,739;67,739;0;60;14,040;1.245206;2.378205;285.644493;24,161;43,578;67,739;60;0;0;1.935891645194918e-05;1.935891645194918e-05;7.283678;14.418659;0.509529;84,349;33,390
891;0.891013488618148;52;52;0.073596;67,679;67,679;0;60;14,040;1.246310;2.378205;285.720063;24,161;43,518;67,679;60;0;0;1.935891645194918e-05;1.935891645194918e-05;7.283678;14.418659;0.509529;84,349;33,390
892;0.8920007933571997;51;51;0.300451;67,618;67,618;0;61;14,040;1.247434;2.378205;286.022270;24,161;43,457;67,618;61;0;0;1.935891645194918e-05;1.935891645194918e-05;7.283678;14.418659;0.509529;84,349;33,390
893;0.8930074570127035;52;52;0.373614;67,538;67,538;0;80;14,040;1.248912;2.378205;286.397701;24,161;43,377;67,538;80;0;0;1.935891645194918e-05;1.935891645194918e-05;7.283678;14.418659;0.509529;84,349;33,390
894;0.8940141206682072;52;52;0.188378;67,474;67,474;0;64;13,455;1.250096;2.481605;286.587996;24,161;43,313;67,474;64;0;0;1.935891645194918e-05;1.935891645194918e-05;7.283678;14.418659;0.509529;84,349;33,390
895;0.8950014254072589;51;51;0.389378;67,405;67,405;0;69;13,455;1.251376;2.481605;286.979215;24,161;43,244;67,405;69;0;0;1.935891645194918e-05;1.935891645194918e-05;7.283678;14.418659;0.509529;84,349;33,390
896;0.8960080890627626;52;52;0.458229;67,352;67,352;0;53;13,455;1.252361;2.481605;287.439240;24,161;43,191;67,352;53;0;0;1.935891645194918e-05;1.935891645194918e-05;7.283678;14.418659;0.509529;84,349;33,390
897;0.8970147527182664;52;52;0.390149;67,294;67,294;0;58;13,455;1.253440;2.481605;287.831762;24,161;43,133;67,294;58;0;0;1.935891645194918e-05;1.935891645194918e-05;7.283678;14.418659;0.509529;84,349;33,390
898;0.8980020574573181;51;51;0.216890;67,238;67,238;0;56;13,455;1.254484;2.481605;288.050708;24,161;43,077;67,238;56;0;0;1.935891645194918e-05;1.935891645194918e-05;7.283678;14.418659;0.509529;84,349;33,390
899;0.8990087211128218;52;52;0.038398;67,165;67,165;0;73;13,455;1.255848;2.481605;288.090885;24,161;43,004;67,165;73;0;0;1.935891645194918e-05;1.935891645194918e-05;7.283678;14.418659;0.509529;84,349;33,390
900;0.9000153847683255;52;52;0.038803;67,106;67,106;0;59;13,455;1.256952;2.481605;288.131692;24,161;42,945;67,106;59;0;0;1.935891645194918e-05;1.935891645194918e-05;7.283678;14.418659;0.509529;84,349;33,390
901;0.9010026895073773;51;51;0.050565;67,043;67,043;0;63;13,455;1.258133;2.481605;288.183951;24,161;42,882;67,043;63;0;0;1.935891645194918e-05;1.935891645194918e-05;7.283678;14.418659;0.509529;84,349;33,390
902;0.902009353162881;52;52;0.378471;66,984;66,984;0;59;13,455;1.259241;2.481605;288.564102;24,161;42,823;66,984;59;0;0;1.935891645194918e-05;1.935891645194918e-05;7.283678;14.418659;0.509529;84,349;33,390
903;0.9030160168183847;52;52;0.443857;66,934;66,934;0;50;13,455;1.260182;2.481605;289.010192;24,161;42,773;66,934;50;0;0;1.935891645194918e-05;1.935891645194918e-05;7.283678;14.418659;0.509529;84,349;33,390
904;0.9040033215574365;51;51;0.411302;66,875;66,875;0;59;13,455;1.261293;2.481605;289.423291;24,161;42,714;66,875;59;0;0;1.935891645194918e-05;1.935891645194918e-05;7.283678;14.418659;0.509529;84,349;33,390
905;0.9050099852129402;52;52;0.459475;66,811;66,811;0;64;13,455;1.262502;2.481605;289.884640;24,161;42,650;66,811;64;0;0;1.935891645194918e-05;1.935891645194918e-05;7.283678;14.418659;0.509529;84,349;33,390
906;0.9060166488684439;52;52;0.386745;66,742;66,742;0;69;13,455;1.263807;2.481605;290.273301;24,161;42,581;66,742;69;0;0;1.935891645194918e-05;1.935891645194918e-05;7.283678;14.418659;0.509529;84,349;33,390
907;0.9070039536074956;51;51;0.186259;66,672;66,672;0;70;13,455;1.265134;2.481605;290.461334;24,161;42,511;66,672;70;0;0;1.935891645194918e-05;1.935891645194918e-05;7.283678;14.418659;0.509529;84,349;33,390
908;0.9080106172629994;52;52;0.038543;66,595;66,595;0;77;13,455;1.266597;2.481605;290.501985;24,161;42,434;66,595;77;0;0;1.935891645194918e-05;1.935891645194918e-05;7.283678;14.418659;0.509529;84,349;33,390
909;0.9090172809185031;52;52;0.038519;66,531;66,531;0;64;13,455;1.267815;2.481605;290.542188;24,161;42,370;66,531;64;0;0;1.935891645194918e-05;1.935891645194918e-05;7.283678;14.418659;0.509529;84,349;33,390
910;0.9100045856575548;51;51;0.037661;66,472;66,472;0;59;13,455;1.268940;2.481605;290.581417;24,161;42,311;66,472;59;0;0;1.935891645194918e-05;1.935891645194918e-05;7.283678;14.418659;0.509529;84,349;33,390
911;0.9110112493130585;52;52;0.038585;66,429;66,429;0;43;13,455;1.269762;2.481605;290.621837;24,161;42,268;66,429;43;0;0;1.935891645194918e-05;1.935891645194918e-05;7.283678;14.418659;0.509529;84,349;33,390
912;0.9120179129685623;52;52;0.039146;66,361;66,361;0;68;13,455;1.271063;2.481605;290.662620;24,161;42,200;66,361;68;0;0;1.935891645194918e-05;1.935891645194918e-05;7.283678;14.418659;0.509529;84,349;33,390
913;0.913005217707614;51;51;0.038510;66,283;66,283;0;78;13,455;1.272559;2.481605;290.702816;24,161;42,122;66,283;78;0;0;1.935891645194918e-05;1.935891645194918e-05;7.283678;14.418659;0.509529;84,349;33,390
914;0.9140118813631177;52;52;0.038769;66,226;66,226;0;57;12,870;1.273654;2.594406;290.743370;24,161;42,065;66,226;57;0;0;1.935891645194918e-05;1.935891645194918e-05;7.283678;14.418659;0.509529;84,349;33,390
915;0.9150185450186215;52;52;0.038475;66,165;66,165;0;61;12,870;1.274828;2.594406;290.783476;24,161;42,004;66,165;61;0;0;1.935891645194918e-05;1.935891645194918e-05;7.283678;14.418659;0.509529;84,349;33,390
916;0.9160058497576732;51;51;0.038173;66,104;66,104;0;61;12,870;1.276004;2.594406;290.823272;24,161;41,943;66,104;61;0;0;1.935891645194918e-05;1.935891645194918e-05;7.283678;14.418659;0.509529;84,349;33,390
917;0.9170125134131769;52;52;0.038958;66,043;66,043;0;61;12,870;1.277183;2.594406;290.863947;24,161;41,882;66,043;61;0;0;1.935891645194918e-05;1.935891645194918e-05;7.283678;14.418659;0.509529;84,349;33,390
918;0.9180191770686806;52;52;0.039005;65,980;65,980;0;63;12,870;1.278403;2.594406;290.904667;24,161;41,819;65,980;63;0;0;1.935891645194918e-05;1.935891645194918e-05;7.283678;14.418659;0.509529;84,349;33,390
919;0.9190064818077324;51;51;0.139036;65,930;65,930;0;50;12,870;1.279372;2.594406;291.045715;24,161;41,769;65,930;50;0;0;1.935891645194918e-05;1.935891645194918e-05;7.283678;14.418659;0.509529;84,349;33,390
920;0.9200131454632361;52;52;0.445069;65,863;65,863;0;67;12,870;1.280674;2.594406;291.492487;24,161;41,702;65,863;67;0;0;1.935891645194918e-05;1.935891645194918e-05;7.283678;14.418659;0.509529;84,349;33,390
921;0.9210004502022878;51;51;0.320715;65,800;65,800;0;63;12,870;1.281900;2.594406;291.814951;24,161;41,639;65,800;63;0;0;1.935891645194918e-05;1.935891645194918e-05;7.283678;14.418659;0.509529;84,349;33,390
922;0.9220071138577915;52;52;0.384109;65,743;65,743;0;57;12,870;1.283011;2.594406;292.201264;24,161;41,582;65,743;57;0;0;1.935891645194918e-05;1.935891645194918e-05;7.283678;14.418659;0.509529;84,349;33,390
923;0.9230137775132953;52;52;0.324913;65,684;65,684;0;59;12,870;1.284164;2.594406;292.528127;24,161;41,523;65,684;59;0;0;1.935891645194918e-05;1.935891645194918e-05;7.283678;14.418659;0.509529;84,349;33,390
924;0.924001082252347;51;51;0.448317;65,614;65,614;0;70;12,870;1.285534;2.594406;292.978178;24,161;41,453;65,614;70;0;0;1.935891645194918e-05;1.935891645194918e-05;7.283678;14.418659;0.509529;84,349;33,390
925;0.9250077459078507;52;52;0.290541;65,557;65,557;0;57;12,870;1.286651;2.594406;293.274606;24,161;41,396;65,557;57;0;0;1.935891645194918e-05;1.935891645194918e-05;7.283678;14.418659;0.509529;84,349;33,390
926;0.9260144095633545;52;52;0.038763;65,491;65,491;0;66;12,870;1.287948;2.594406;293.315244;24,161;41,330;65,491;66;0;0;1.935891645194918e-05;1.935891645194918e-05;7.283678;14.418659;0.509529;84,349;33,390
927;0.9270017143024062;51;51;0.038099;65,428;65,428;0;63;12,870;1.289188;2.594406;293.355074;24,161;41,267;65,428;63;0;0;1.935891645194918e-05;1.935891645194918e-05;7.283678;14.418659;0.509529;84,349;33,390
928;0.9280083779579099;52;52;0.038590;65,364;65,364;0;64;12,870;1.290450;2.594406;293.395579;24,161;41,203;65,364;64;0;0;1.935891645194918e-05;1.935891645194918e-05;7.283678;14.418659;0.509529;84,349;33,390
929;0.9290150416134136;52;52;0.038401;65,304;65,304;0;60;12,870;1.291636;2.594406;293.435710;24,161;41,143;65,304;60;0;0;1.935891645194918e-05;1.935891645194918e-05;7.283678;14.418659;0.509529;84,349;33,390
930;0.9300023463524654;51;51;0.037922;65,237;65,237;0;67;12,870;1.292963;2.594406;293.475263;24,161;41,076;65,237;67;0;0;1.935891645194918e-05;1.935891645194918e-05;7.283678;14.418659;0.509529;84,349;33,390
931;0.9310090100079691;52;52;0.038760;65,176;65,176;0;61;12,870;1.294173;2.594406;293.516057;24,161;41,015;65,176;61;0;0;1.935891645194918e-05;1.935891645194918e-05;7.283678;14.418659;0.509529;84,349;33,390
932;0.9320156736634728;52;52;0.038824;65,090;65,090;0;86;12,870;1.295883;2.594406;293.556537;24,161;40,929;65,090;86;0;0;1.935891645194918e-05;1.935891645194918e-05;7.283678;14.418659;0.509529;84,349;33,390
933;0.9330029784025246;51;51;0.038153;65,019;65,019;0;71;12,870;1.297298;2.594406;293.596331;24,161;40,858;65,019;71;0;0;1.935891645194918e-05;1.935891645194918e-05;7.283678;14.418659;0.509529;84,349;33,390
934;0.9340096420580283;52;52;0.039012;64,941;64,941;0;78;12,870;1.298856;2.594406;293.637216;24,161;40,780;64,941;78;0;0;1.935891645194918e-05;1.935891645194918e-05;7.283678;14.418659;0.509529;84,349;33,390
935;0.935016305713532;52;52;0.038795;64,871;64,871;0;70;12,870;1.300257;2.594406;293.677755;24,161;40,710;64,871;70;0;0;1.935891645194918e-05;1.935891645194918e-05;7.283678;14.418659;0.509529;84,349;33,390
936;0.9360036104525837;51;51;0.038008;64,804;64,804;0;67;12,870;1.301602;2.594406;293.717328;24,161;40,643;64,804;67;0;0;1.935891645194918e-05;1.935891645194918e-05;7.283678;14.418659;0.509529;84,349;33,390
937;0.9370102741080875;52;52;0.142343;64,744;64,744;0;60;12,870;1.302808;2.594406;293.861375;24,161;40,583;64,744;60;0;0;1.935891645194918e-05;1.935891645194918e-05;7.283678;14.418659;0.509529;84,349;33,390
938;0.9380169377635912;52;52;0.299810;64,685;64,685;0;59;12,870;1.303996;2.594406;294.162874;24,161;40,524;64,685;59;0;0;1.935891645194918e-05;1.935891645194918e-05;7.283678;14.418659;0.509529;84,349;33,390
939;0.9390042425026429;51;51;0.441401;64,635;64,635;0;50;12,870;1.305005;2.594406;294.606415;24,161;40,474;64,635;50;0;0;1.935891645194918e-05;1.935891645194918e-05;7.283678;14.418659;0.509529;84,349;33,390
940;0.9400109061581466;52;52;0.039465;64,570;64,570;0;65;12,870;1.306319;2.594406;294.647699;24,161;40,409;64,570;65;0;0;1.935891645194918e-05;1.935891645194918e-05;7.283678;14.418659;0.509529;84,349;33,390
941;0.9410175698136504;52;52;0.039045;64,507;64,507;0;63;12,870;1.307595;2.594406;294.688410;24,161;40,346;64,507;63;0;0;1.935891645194918e-05;1.935891645194918e-05;7.283678;14.418659;0.509529;84,349;33,390
942;0.9420048745527021;51;51;0.038419;64,442;64,442;0;65;12,870;1.308913;2.594406;294.728601;24,161;40,281;64,442;65;0;0;1.935891645194918e-05;1.935891645194918e-05;7.283678;14.418659;0.509529;84,349;33,390
943;0.9430115382082058;52;52;0.038552;64,371;64,371;0;71;12,870;1.310357;2.594406;294.768811;24,161;40,210;64,371;71;0;0;1.935891645194918e-05;1.935891645194918e-05;7.283678;14.418659;0.509529;84,349;33,390
944;0.9440182018637095;52;52;0.038459;64,304;64,304;0;67;12,870;1.311722;2.594406;294.808938;24,161;40,143;64,304;67;0;0;1.935891645194918e-05;1.935891645194918e-05;7.283678;14.418659;0.509529;84,349;33,390
945;0.9450055066027613;51;51;0.323812;64,247;64,247;0;57;12,870;1.312886;2.594406;295.134472;24,161;40,086;64,247;57;0;0;1.935891645194918e-05;1.935891645194918e-05;7.283678;14.418659;0.509529;84,349;33,390
946;0.946012170258265;52;52;0.445020;64,182;64,182;0;65;12,870;1.314216;2.594406;295.581331;24,161;40,021;64,182;65;0;0;1.935891645194918e-05;1.935891645194918e-05;7.283678;14.418659;0.509529;84,349;33,390
947;0.9470188339137687;52;52;0.464481;64,128;64,128;0;54;12,870;1.315322;2.594406;296.047649;24,161;39,967;64,128;54;0;0;1.935891645194918e-05;1.935891645194918e-05;7.283678;14.418659;0.509529;84,349;33,390
948;0.9480061386528205;51;51;0.220773;64,055;64,055;0;73;12,870;1.316821;2.594406;296.270404;24,161;39,894;64,055;73;0;0;1.935891645194918e-05;1.935891645194918e-05;7.283678;14.418659;0.509529;84,349;33,390
949;0.9490128023083242;52;52;0.038919;63,976;63,976;0;79;12,870;1.318448;2.594406;296.311138;24,161;39,815;63,976;79;0;0;1.935891645194918e-05;1.935891645194918e-05;7.283678;14.418659;0.509529;84,349;33,390
950;0.9500001070473759;51;51;0.038126;63,908;63,908;0;68;12,870;1.319850;2.594406;296.351095;24,161;39,747;63,908;68;0;0;1.935891645194918e-05;1.935891645194918e-05;7.283678;14.418659;0.509529;84,349;33,390
951;0.9510067707028796;52;52;0.038542;63,858;63,858;0;50;12,870;1.320884;2.594406;296.391902;24,161;39,697;63,858;50;0;0;1.935891645194918e-05;1.935891645194918e-05;7.283678;14.418659;0.509529;84,349;33,390
952;0.9520134343583834;52;52;0.038544;63,795;63,795;0;63;12,870;1.322188;2.594406;296.432072;24,161;39,634;63,795;63;0;0;1.935891645194918e-05;1.935891645194918e-05;7.283678;14.418659;0.509529;84,349;33,390
953;0.9530007390974351;51;51;0.037841;63,711;63,711;0;84;12,870;1.323932;2.594406;296.471575;24,161;39,550;63,711;84;0;0;1.935891645194918e-05;1.935891645194918e-05;7.283678;14.418659;0.509529;84,349;33,390
954;0.9540074027529388;52;52;0.038538;63,646;63,646;0;65;13,728;1.325284;2.432255;296.512130;24,161;39,485;63,646;65;0;0;1.935891645194918e-05;1.935891645194918e-05;7.283678;14.418659;0.509529;84,349;33,390
955;0.9550140664084426;52;52;0.038571;63,592;63,592;0;54;13,728;1.326409;2.432255;296.552347;24,161;39,431;63,592;54;0;0;1.935891645194918e-05;1.935891645194918e-05;7.283678;14.418659;0.509529;84,349;33,390
956;0.9560013711474943;51;51;0.037941;63,521;63,521;0;71;13,728;1.327892;2.432255;296.591956;24,161;39,360;63,521;71;0;0;1.935891645194918e-05;1.935891645194918e-05;7.283678;14.418659;0.509529;84,349;33,390
957;0.957008034802998;52;52;0.039099;63,450;63,450;0;71;13,728;1.329377;2.432255;296.632660;24,161;39,289;63,450;71;0;0;1.935891645194918e-05;1.935891645194918e-05;7.283678;14.418659;0.509529;84,349;33,390
958;0.9580146984585017;52;52;0.038630;63,392;63,392;0;58;13,728;1.330594;2.432255;296.672868;24,161;39,231;63,392;58;0;0;1.935891645194918e-05;1.935891645194918e-05;7.283678;14.418659;0.509529;84,349;33,390
959;0.9590020031975535;51;51;0.037710;63,341;63,341;0;51;13,728;1.331665;2.432255;296.712144;24,161;39,180;63,341;51;0;0;1.935891645194918e-05;1.935891645194918e-05;7.283678;14.418659;0.509529;84,349;33,390
960;0.9600086668530572;52;52;0.038351;63,284;63,284;0;57;13,728;1.332865;2.432255;296.752237;24,161;39,123;63,284;57;0;0;1.935891645194918e-05;1.935891645194918e-05;7.283678;14.418659;0.509529;84,349;33,390
961;0.9610153305085609;52;52;0.038519;63,224;63,224;0;60;13,728;1.334129;2.432255;296.792304;24,161;39,063;63,224;60;0;0;1.935891645194918e-05;1.935891645194918e-05;7.283678;14.418659;0.509529;84,349;33,390
962;0.9620026352476126;51;51;0.037980;63,160;63,160;0;64;12,870;1.335481;2.594406;296.831878;24,161;38,999;63,160;64;0;0;1.935891645194918e-05;1.935891645194918e-05;7.283678;14.418659;0.509529;84,349;33,390
963;0.9630092989031164;52;52;0.038527;63,100;63,100;0;60;12,870;1.336751;2.594406;296.872216;24,161;38,939;63,100;60;0;0;1.935891645194918e-05;1.935891645194918e-05;7.283678;14.418659;0.509529;84,349;33,390
964;0.9640159625586201;52;52;0.038664;63,029;63,029;0;71;12,870;1.338257;2.594406;296.912386;24,161;38,868;63,029;71;0;0;1.935891645194918e-05;1.935891645194918e-05;7.283678;14.418659;0.509529;84,349;33,390
965;0.9650032672976718;51;51;0.037731;62,952;62,952;0;77;12,870;1.339894;2.594406;296.951612;24,161;38,791;62,952;77;0;0;1.935891645194918e-05;1.935891645194918e-05;7.283678;14.418659;0.509529;84,349;33,390
966;0.9660099309531756;52;52;0.349607;62,879;62,879;0;73;12,870;1.341449;2.594406;297.303176;24,161;38,718;62,879;73;0;0;1.935891645194918e-05;1.935891645194918e-05;7.283678;14.418659;0.509529;84,349;33,390
967;0.9670165946086793;52;52;0.382439;62,811;62,811;0;68;12,870;1.342902;2.594406;297.687299;24,161;38,650;62,811;68;0;0;1.935891645194918e-05;1.935891645194918e-05;7.283678;14.418659;0.509529;84,349;33,390
968;0.968003899347731;51;51;0.412092;62,746;62,746;0;65;12,870;1.344293;2.594406;298.101247;24,161;38,585;62,746;65;0;0;1.935891645194918e-05;1.935891645194918e-05;7.283678;14.418659;0.509529;84,349;33,390
969;0.9690105630032347;52;52;0.357552;62,680;62,680;0;66;12,870;1.345708;2.594406;298.460844;24,161;38,519;62,680;66;0;0;1.935891645194918e-05;1.935891645194918e-05;7.283678;14.418659;0.509529;84,349;33,390
970;0.9700172266587385;52;52;0.511911;62,610;62,610;0;70;12,870;1.347213;2.594406;298.974498;24,161;38,449;62,610;70;0;0;1.935891645194918e-05;1.935891645194918e-05;7.283678;14.418659;0.509529;84,349;33,390
971;0.9710045313977902;51;51;0.297699;62,544;62,544;0;66;12,870;1.348635;2.594406;299.274019;24,161;38,383;62,544;66;0;0;1.935891645194918e-05;1.935891645194918e-05;7.283678;14.418659;0.509529;84,349;33,390
972;0.9720111950532939;52;52;0.038671;62,473;62,473;0;71;13,200;1.350167;2.529545;299.314767;24,161;38,312;62,473;71;0;0;1.935891645194918e-05;1.935891645194918e-05;7.283678;14.418659;0.509529;84,349;33,390
973;0.9730178587087976;52;52;0.038589;62,394;62,394;0;79;13,200;1.351877;2.529545;299.355053;24,161;38,233;62,394;79;0;0;1.935891645194918e-05;1.935891645194918e-05;7.283678;14.418659;0.509529;84,349;33,390
974;0.9740051634478494;51;51;0.038381;62,311;62,311;0;83;13,200;1.353678;2.529545;299.395107;24,161;38,150;62,311;83;0;0;1.935891645194918e-05;1.935891645194918e-05;7.283678;14.418659;0.509529;84,349;33,390
975;0.9750118271033531;52;52;0.038187;62,262;62,262;0;49;13,200;1.354743;2.529545;299.434993;24,161;38,101;62,262;49;0;0;1.935891645194918e-05;1.935891645194918e-05;7.283678;14.418659;0.509529;84,349;33,390
976;0.9760184907588568;52;52;0.038323;62,204;62,204;0;58;13,200;1.356006;2.529545;299.474873;24,161;38,043;62,204;58;0;0;1.935891645194918e-05;1.935891645194918e-05;7.283678;14.418659;0.509529;84,349;33,390
977;0.9770057954979086;51;51;0.038061;62,131;62,131;0;73;13,200;1.357599;2.529545;299.514523;24,161;37,970;62,131;73;0;0;1.935891645194918e-05;1.935891645194918e-05;7.283678;14.418659;0.509529;84,349;33,390
978;0.9780124591534123;52;52;0.038257;62,083;62,083;0;48;13,200;1.358649;2.529545;299.554395;24,161;37,922;62,083;48;0;0;1.935891645194918e-05;1.935891645194918e-05;7.283678;14.418659;0.509529;84,349;33,390
979;0.979019122808916;52;52;0.064167;62,008;62,008;0;75;13,200;1.360292;2.529545;299.620148;24,161;37,847;62,008;75;0;0;1.935891645194918e-05;1.935891645194918e-05;7.283678;14.418659;0.509529;84,349;33,390
980;0.9800064275479677;51;51;0.313090;61,946;61,946;0;62;13,200;1.361654;2.529545;299.934958;24,161;37,785;61,946;62;0;0;1.935891645194918e-05;1.935891645194918e-05;7.283678;14.418659;0.509529;84,349;33,390
981;0.9810130912034715;52;52;0.477565;61,861;61,861;0;85;13,200;1.363525;2.529545;300.414234;24,161;37,700;61,861;85;0;0;1.935891645194918e-05;1.935891645194918e-05;7.283678;14.418659;0.509529;84,349;33,390
982;0.9820003959425232;51;51;0.346443;61,789;61,789;0;72;13,200;1.365114;2.529545;300.762495;24,161;37,628;61,789;72;0;0;1.935891645194918e-05;1.935891645194918e-05;7.283678;14.418659;0.509529;84,349;33,390
983;0.9830070595980269;52;52;0.397060;61,725;61,725;0;64;13,200;1.366529;2.529545;301.161243;24,161;37,564;61,725;64;0;0;1.935891645194918e-05;1.935891645194918e-05;7.283678;14.418659;0.509529;84,349;33,390
984;0.9840137232535306;52;52;0.447778;61,665;61,665;0;60;13,200;1.367859;2.529545;301.611074;24,161;37,504;61,665;60;0;0;1.935891645194918e-05;1.935891645194918e-05;7.283678;14.418659;0.509529;84,349;33,390
985;0.9850010279925824;51;51;0.326781;61,606;61,606;0;59;13,200;1.369169;2.529545;301.939684;24,161;37,445;61,606;59;0;0;1.935891645194918e-05;1.935891645194918e-05;7.283678;14.418659;0.509529;84,349;33,390
986;0.9860076916480861;52;52;0.038299;61,556;61,556;0;50;13,200;1.370281;2.529545;301.979760;24,161;37,395;61,556;50;0;0;1.935891645194918e-05;1.935891645194918e-05;7.283678;14.418659;0.509529;84,349;33,390
987;0.9870143553035898;52;52;0.038481;61,493;61,493;0;63;13,200;1.371685;2.529545;302.020006;24,161;37,332;61,493;63;0;0;1.935891645194918e-05;1.935891645194918e-05;7.283678;14.418659;0.509529;84,349;33,390
988;0.9880016600426416;51;51;0.037669;61,431;61,431;0;62;13,200;1.373069;2.529545;302.059387;24,161;37,270;61,431;62;0;0;1.935891645194918e-05;1.935891645194918e-05;7.283678;14.418659;0.509529;84,349;33,390
989;0.9890083236981453;52;52;0.038249;61,379;61,379;0;52;13,200;1.374232;2.529545;302.099362;24,161;37,218;61,379;52;0;0;1.935891645194918e-05;1.935891645194918e-05;7.283678;14.418659;0.509529;84,349;33,390
990;0.990014987353649;52;52;0.038116;61,316;61,316;0;63;13,200;1.375644;2.529545;302.139103;24,161;37,155;61,316;63;0;0;1.935891645194918e-05;1.935891645194918e-05;7.283678;14.418659;0.509529;84,349;33,390
991;0.9910022920927007;51;51;0.037353;61,259;61,259;0;57;13,200;1.376924;2.529545;302.177904;24,161;37,098;61,259;57;0;0;1.935891645194918e-05;1.935891645194918e-05;7.283678;14.418659;0.509529;84,349;33,390
992;0.9920089557482045;52;52;0.037663;61,210;61,210;0;49;13,200;1.378026;2.529545;302.217182;24,161;37,049;61,210;49;0;0;1.935891645194918e-05;1.935891645194918e-05;7.283678;14.418659;0.509529;84,349;33,390
993;0.9930156194037082;52;52;0.038271;61,147;61,147;0;63;13,200;1.379446;2.529545;302.257449;24,161;36,986;61,147;63;0;0;1.935891645194918e-05;1.935891645194918e-05;7.283678;14.418659;0.509529;84,349;33,390
994;0.9940029241427599;51;51;0.037603;61,089;61,089;0;58;13,200;1.380756;2.529545;302.296567;24,161;36,928;61,089;58;0;0;1.935891645194918e-05;1.935891645194918e-05;7.283678;14.418659;0.509529;84,349;33,390
995;0.9950095877982637;52;52;0.038050;61,027;61,027;0;62;13,200;1.382159;2.529545;302.336193;24,161;36,866;61,027;62;0;0;1.935891645194918e-05;1.935891645194918e-05;7.283678;14.418659;0.509529;84,349;33,390
996;0.9960162514537674;52;52;0.037872;60,977;60,977;0;50;13,200;1.383292;2.529545;302.375828;24,161;36,816;60,977;50;0;0;1.935891645194918e-05;1.935891645194918e-05;7.283678;14.418659;0.509529;84,349;33,390
997;0.9970035561928191;51;51;0.037070;60,936;60,936;0;41;13,200;1.384223;2.529545;302.414412;24,161;36,775;60,936;41;0;0;1.935891645194918e-05;1.935891645194918e-05;7.283678;14.418659;0.509529;84,349;33,390
998;0.9980102198483228;52;52;0.038238;60,879;60,879;0;57;13,200;1.385519;2.529545;302.454189;24,161;36,718;60,879;57;0;0;1.935891645194918e-05;1.935891645194918e-05;7.283678;14.418659;0.509529;84,349;33,390
999;0.9990168835038266;52;52;0.038163;60,819;60,819;0;60;13,200;1.386886;2.529545;302.494259;24,161;36,658;60,819;60;0;0;1.935891645194918e-05;1.935891645194918e-05;7.283678;14.418659;0.509529;84,349;33,390
1000;1.000004188242878;51;51;0.037321;60,757;60,757;0;62;13,200;1.388301;2.529545;302.533114;24,161;36,596;60,757;62;0;0;1.935891645194918e-05;1.935891645194918e-05;7.283678;14.418659;0.509529;84,349;33,390
1001;1.001010851898376;52;52;0.038056;60,708;60,708;0;49;13,200;1.389421;2.529545;302.572764;24,161;36,547;60,708;49;0;0;1.935891645194918e-05;1.935891645194918e-05;7.283678;14.418659;0.509529;84,349;33,390
1002;1.002017515553874;52;52;0.357350;60,649;60,649;0;59;13,200;1.390773;2.529545;302.932023;24,161;36,488;60,649;59;0;0;1.935891645194918e-05;1.935891645194918e-05;7.283678;14.418659;0.509529;84,349;33,390
1003;1.00300482029292;51;51;0.491918;60,606;60,606;0;43;13,200;1.391760;2.529545;303.425585;24,161;36,445;60,606;43;0;0;1.935891645194918e-05;1.935891645194918e-05;7.283678;14.418659;0.509529;84,349;33,390
1004;1.004011483948418;52;52;0.399584;60,550;60,550;0;56;13,200;1.393047;2.529545;303.826854;24,161;36,389;60,550;56;0;0;1.935891645194918e-05;1.935891645194918e-05;7.283678;14.418659;0.509529;84,349;33,390
1005;1.005018147603916;52;52;0.466836;60,495;60,495;0;55;13,200;1.394314;2.529545;304.295419;24,161;36,334;60,495;55;0;0;1.935891645194918e-05;1.935891645194918e-05;7.283678;14.418659;0.509529;84,349;33,390
1006;1.006005452342962;51;51;0.396423;60,434;60,434;0;61;13,200;1.395721;2.529545;304.693529;24,161;36,273;60,434;61;0;0;1.935891645194918e-05;1.935891645194918e-05;7.283678;14.418659;0.509529;84,349;33,390
1007;1.00701211599846;52;52;0.217542;60,360;60,360;0;74;13,200;1.397432;2.529545;304.912712;24,161;36,199;60,360;74;0;0;1.935891645194918e-05;1.935891645194918e-05;7.283678;14.418659;0.509529;84,349;33,390
1008;1.008018779653958;52;52;0.037586;60,289;60,289;0;71;13,200;1.399078;2.529545;304.952326;24,161;36,128;60,289;71;0;0;1.935891645194918e-05;1.935891645194918e-05;7.283678;14.418659;0.509529;84,349;33,390
1009;1.009006084393004;51;51;0.036580;60,238;60,238;0;51;13,200;1.400262;2.529545;304.990495;24,161;36,077;60,238;51;0;0;1.935891645194918e-05;1.935891645194918e-05;7.283678;14.418659;0.509529;84,349;33,390
1010;1.010012748048502;52;52;0.037283;60,180;60,180;0;58;13,200;1.401612;2.529545;305.029297;24,161;36,019;60,180;58;0;0;1.935891645194918e-05;1.935891645194918e-05;7.283678;14.418659;0.509529;84,349;33,390
1011;1.011000052787548;51;51;0.036701;60,120;60,120;0;60;13,200;1.403011;2.529545;305.067521;24,161;35,959;60,120;60;0;0;1.935891645194918e-05;1.935891645194918e-05;7.283678;14.418659;0.509529;84,349;33,390
1012;1.012006716443046;52;52;0.037497;60,053;60,053;0;67;13,200;1.404576;2.529545;305.106541;24,161;35,892;60,053;67;0;0;1.935891645194918e-05;1.935891645194918e-05;7.283678;14.418659;0.509529;84,349;33,390
1013;1.013013380098544;52;52;0.037774;59,991;59,991;0;62;13,200;1.406028;2.529545;305.145713;24,161;35,830;59,991;62;0;0;1.935891645194918e-05;1.935891645194918e-05;7.283678;14.418659;0.509529;84,349;33,390
1014;1.01400068483759;51;51;0.036979;59,913;59,913;0;78;13,200;1.407858;2.529545;305.184119;24,161;35,752;59,913;78;0;0;1.935891645194918e-05;1.935891645194918e-05;7.283678;14.418659;0.509529;84,349;33,390
1015;1.015007348493088;52;52;0.363355;59,845;59,845;0;68;13,200;1.409458;2.529545;305.549024;24,161;35,684;59,845;68;0;0;1.935891645194918e-05;1.935891645194918e-05;7.283678;14.418659;0.509529;84,349;33,390
1016;1.016014012148586;52;52;0.395363;59,789;59,789;0;56;13,200;1.410778;2.529545;305.946030;24,161;35,628;59,789;56;0;0;1.935891645194918e-05;1.935891645194918e-05;7.283678;14.418659;0.509529;84,349;33,390
1017;1.017001316887632;51;51;0.405193;59,717;59,717;0;72;13,200;1.412479;2.529545;306.352944;24,161;35,556;59,717;72;0;0;1.935891645194918e-05;1.935891645194918e-05;7.283678;14.418659;0.509529;84,349;33,390
1018;1.01800798054313;52;52;0.387460;59,651;59,651;0;66;13,200;1.414042;2.529545;306.742193;24,161;35,490;59,651;66;0;0;1.935891645194918e-05;1.935891645194918e-05;7.283678;14.418659;0.509529;84,349;33,390
1019;1.019014644198628;52;52;0.404614;59,597;59,597;0;54;13,200;1.415323;2.529545;307.148397;24,161;35,436;59,597;54;0;0;1.935891645194918e-05;1.935891645194918e-05;7.283678;14.418659;0.509529;84,349;33,390
1020;1.020001948937674;51;51;0.321430;59,545;59,545;0;52;13,200;1.416559;2.529545;307.471520;24,161;35,384;59,545;52;0;0;1.935891645194918e-05;1.935891645194918e-05;7.283678;14.418659;0.509529;84,349;33,390
1021;1.021008612593172;52;52;0.373915;59,497;59,497;0;48;13,200;1.417702;2.529545;307.847165;24,161;35,336;59,497;48;0;0;1.935891645194918e-05;1.935891645194918e-05;7.283678;14.418659;0.509529;84,349;33,390
1022;1.02201527624867;52;52;0.353385;59,440;59,440;0;57;13,200;1.419061;2.529545;308.202168;24,161;35,279;59,440;57;0;0;1.935891645194918e-05;1.935891645194918e-05;7.283678;14.418659;0.509529;84,349;33,390
1023;1.023002580987716;51;51;0.295992;59,388;59,388;0;52;13,200;1.420304;2.529545;308.500762;24,161;35,227;59,388;52;0;0;1.935891645194918e-05;1.935891645194918e-05;7.283678;14.418659;0.509529;84,349;33,390
1024;1.024009244643214;52;52;0.446659;59,316;59,316;0;72;13,200;1.422028;2.529545;308.949108;24,161;35,155;59,316;72;0;0;1.935891645194918e-05;1.935891645194918e-05;7.283678;14.418659;0.509529;84,349;33,390
1025;1.025015908298712;52;52;0.357991;59,238;59,238;0;78;13,200;1.423900;2.529545;309.308694;24,161;35,077;59,238;78;0;0;1.935891645194918e-05;1.935891645194918e-05;7.283678;14.418659;0.509529;84,349;33,390
1026;1.026003213037758;51;51;0.325551;59,164;59,164;0;74;13,200;1.425681;2.529545;309.635861;24,161;35,003;59,164;74;0;0;1.935891645194918e-05;1.935891645194918e-05;7.283678;14.418659;0.509529;84,349;33,390
1027;1.027009876693256;52;52;0.216783;59,108;59,108;0;56;13,200;1.427032;2.529545;309.854431;24,161;34,947;59,108;56;0;0;1.935891645194918e-05;1.935891645194918e-05;7.283678;14.418659;0.509529;84,349;33,390
1028;1.028016540348754;52;52;0.037506;59,059;59,059;0;49;13,200;1.428216;2.529545;309.893652;24,161;34,898;59,059;49;0;0;1.935891645194918e-05;1.935891645194918e-05;7.283678;14.418659;0.509529;84,349;33,390
1029;1.0290038450878;51;51;0.036789;58,997;58,997;0;62;13,200;1.429717;2.529545;309.932062;24,161;34,836;58,997;62;0;0;1.935891645194918e-05;1.935891645194918e-05;7.283678;14.418659;0.509529;84,349;33,390
1030;1.030010508743298;52;52;0.037500;58,926;58,926;0;71;13,200;1.431439;2.529545;309.971341;24,161;34,765;58,926;71;0;0;1.935891645194918e-05;1.935891645194918e-05;7.283678;14.418659;0.509529;84,349;33,390
1031;1.031017172398796;52;52;0.037630;58,852;58,852;0;74;13,200;1.433239;2.529545;310.010522;24,161;34,691;58,852;74;0;0;1.935891645194918e-05;1.935891645194918e-05;7.283678;14.418659;0.509529;84,349;33,390
1032;1.032004477137842;51;51;0.037324;58,789;58,789;0;63;13,200;1.434775;2.529545;310.049443;24,161;34,628;58,789;63;0;0;1.935891645194918e-05;1.935891645194918e-05;7.283678;14.418659;0.509529;84,349;33,390
1033;1.03301114079334;52;52;0.038002;58,725;58,725;0;64;13,200;1.436339;2.529545;310.089436;24,161;34,564;58,725;64;0;0;1.935891645194918e-05;1.935891645194918e-05;7.283678;14.418659;0.509529;84,349;33,390
1034;1.034017804448838;52;52;0.037657;58,673;58,673;0;52;13,200;1.437612;2.529545;310.128618;24,161;34,512;58,673;52;0;0;1.935891645194918e-05;1.935891645194918e-05;7.283678;14.418659;0.509529;84,349;33,390
1035;1.035005109187884;51;51;0.036967;58,614;58,614;0;59;13,200;1.439059;2.529545;310.167059;24,161;34,453;58,614;59;0;0;1.935891645194918e-05;1.935891645194918e-05;7.283678;14.418659;0.509529;84,349;33,390
1036;1.036011772843382;52;52;0.037481;58,559;58,559;0;55;13,200;1.440411;2.529545;310.206921;24,161;34,398;58,559;55;0;0;1.935891645194918e-05;1.935891645194918e-05;7.283678;14.418659;0.509529;84,349;33,390
1037;1.03701843649888;52;52;0.037017;58,482;58,482;0;77;13,200;1.442307;2.529545;310.245423;24,161;34,321;58,482;77;0;0;1.935891645194918e-05;1.935891645194918e-05;7.283678;14.418659;0.509529;84,349;33,390
1038;1.038005741237926;51;51;0.275285;58,410;58,410;0;72;13,200;1.444085;2.529545;310.522200;24,161;34,249;58,410;72;0;0;1.935891645194918e-05;1.935891645194918e-05;7.283678;14.418659;0.509529;84,349;33,390
1039;1.039012404893424;52;52;0.351282;58,339;58,339;0;71;13,200;1.445842;2.529545;310.875111;24,161;34,178;58,339;71;0;0;1.935891645194918e-05;1.935891645194918e-05;7.283678;14.418659;0.509529;84,349;33,390
1040;1.040019068548922;52;52;0.346473;58,272;58,272;0;67;13,200;1.447505;2.529545;311.223381;24,161;34,111;58,272;67;0;0;1.935891645194918e-05;1.935891645194918e-05;7.283678;14.418659;0.509529;84,349;33,390
1041;1.041006373287968;51;51;0.446586;58,209;58,209;0;63;13,200;1.449071;2.529545;311.671551;24,161;34,048;58,209;63;0;0;1.935891645194918e-05;1.935891645194918e-05;7.283678;14.418659;0.509529;84,349;33,390
1042;1.042013036943466;52;52;0.293995;58,148;58,148;0;61;13,200;1.450592;2.529545;311.967122;24,161;33,987;58,148;61;0;0;1.935891645194918e-05;1.935891645194918e-05;7.283678;14.418659;0.509529;84,349;33,390
1043;1.043000341682512;51;51;0.323052;58,086;58,086;0;62;13,200;1.452140;2.529545;312.291903;24,161;33,925;58,086;62;0;0;1.935891645194918e-05;1.935891645194918e-05;7.283678;14.418659;0.509529;84,349;33,390
1044;1.04400700533801;52;52;0.318645;58,027;58,027;0;59;13,200;1.453616;2.529545;312.612207;24,161;33,866;58,027;59;0;0;1.935891645194918e-05;1.935891645194918e-05;7.283678;14.418659;0.509529;84,349;33,390
1045;1.045013668993508;52;52;0.037395;57,948;57,948;0;79;13,200;1.455598;2.529545;312.651187;24,161;33,787;57,948;79;0;0;1.935891645194918e-05;1.935891645194918e-05;7.283678;14.418659;0.509529;84,349;33,390
1046;1.046000973732554;51;51;0.036576;57,890;57,890;0;58;13,200;1.457056;2.529545;312.689727;24,161;33,729;57,890;58;0;0;1.935891645194918e-05;1.935891645194918e-05;7.283678;14.418659;0.509529;84,349;33,390
1047;1.047007637388052;52;52;0.037130;57,826;57,826;0;64;13,200;1.458669;2.529545;312.728361;24,161;33,665;57,826;64;0;0;1.935891645194918e-05;1.935891645194918e-05;7.283678;14.418659;0.509529;84,349;33,390
1048;1.04801430104355;52;52;0.037162;57,750;57,750;0;76;13,200;1.460589;2.529545;312.767021;24,161;33,589;57,750;76;0;0;1.935891645194918e-05;1.935891645194918e-05;7.283678;14.418659;0.509529;84,349;33,390
1049;1.049001605782596;51;51;0.036849;57,702;57,702;0;48;13,200;1.461804;2.529545;312.805464;24,161;33,541;57,702;48;0;0;1.935891645194918e-05;1.935891645194918e-05;7.283678;14.418659;0.509529;84,349;33,390
1050;1.050008269438094;52;52;0.037142;57,611;57,611;0;91;13,200;1.464113;2.529545;312.844224;24,161;33,450;57,611;91;0;0;1.935891645194918e-05;1.935891645194918e-05;7.283678;14.418659;0.509529;84,349;33,390
1051;1.051014933093592;52;52;0.037155;57,531;57,531;0;80;13,200;1.466149;2.529545;312.882829;24,161;33,370;57,531;80;0;0;1.935891645194918e-05;1.935891645194918e-05;7.283678;14.418659;0.509529;84,349;33,390
1052;1.052002237832638;51;51;0.036483;57,468;57,468;0;63;13,200;1.467756;2.529545;312.921083;24,161;33,307;57,468;63;0;0;1.935891645194918e-05;1.935891645194918e-05;7.283678;14.418659;0.509529;84,349;33,390
1053;1.053008901488136;52;52;0.037416;57,392;57,392;0;76;13,200;1.469700;2.529545;312.960106;24,161;33,231;57,392;76;0;0;1.935891645194918e-05;1.935891645194918e-05;7.283678;14.418659;0.509529;84,349;33,390
1054;1.054015565143634;52;52;0.037069;57,316;57,316;0;76;13,200;1.471648;2.529545;312.998708;24,161;33,155;57,316;76;0;0;1.935891645194918e-05;1.935891645194918e-05;7.283678;14.418659;0.509529;84,349;33,390
1055;1.05500286988268;51;51;0.036357;57,264;57,264;0;52;13,200;1.472985;2.529545;313.036512;24,161;33,103;57,264;52;0;0;1.935891645194918e-05;1.935891645194918e-05;7.283678;14.418659;0.509529;84,349;33,390
1056;1.056009533538178;52;52;0.036874;57,192;57,192;0;72;13,200;1.474839;2.529545;313.075101;24,161;33,031;57,192;72;0;0;1.935891645194918e-05;1.935891645194918e-05;7.283678;14.418659;0.509529;84,349;33,390
1057;1.057016197193676;52;52;0.037228;57,122;57,122;0;70;13,200;1.476646;2.529545;313.113757;24,161;32,961;57,122;70;0;0;1.935891645194918e-05;1.935891645194918e-05;7.283678;14.418659;0.509529;84,349;33,390
1058;1.058003501932722;51;51;0.336223;57,050;57,050;0;72;13,200;1.478510;2.529545;313.451405;24,161;32,889;57,050;72;0;0;1.935891645194918e-05;1.935891645194918e-05;7.283678;14.418659;0.509529;84,349;33,390
1059;1.05901016558822;52;52;0.310087;56,989;56,989;0;61;13,200;1.480093;2.529545;313.764562;24,161;32,828;56,989;61;0;0;1.935891645194918e-05;1.935891645194918e-05;7.283678;14.418659;0.509529;84,349;33,390
1060;1.060016829243718;52;52;0.293339;56,918;56,918;0;71;13,200;1.481939;2.529545;314.059471;24,161;32,757;56,918;71;0;0;1.935891645194918e-05;1.935891645194918e-05;7.283678;14.418659;0.509529;84,349;33,390
1061;1.061004133982764;51;51;0.371921;56,869;56,869;0;49;13,200;1.483216;2.529545;314.432953;24,161;32,708;56,869;49;0;0;1.935891645194918e-05;1.935891645194918e-05;7.283678;14.418659;0.509529;84,349;33,390
1062;1.062010797638262;52;52;0.288596;56,812;56,812;0;57;13,200;1.484704;2.529545;314.723284;24,161;32,651;56,812;57;0;0;1.935891645194918e-05;1.935891645194918e-05;7.283678;14.418659;0.509529;84,349;33,390
1063;1.06301746129376;52;52;0.456840;56,744;56,744;0;68;13,200;1.486483;2.529545;315.181648;24,161;32,583;56,744;68;0;0;1.935891645194918e-05;1.935891645194918e-05;7.283678;14.418659;0.509529;84,349;33,390
1064;1.064004766032806;51;51;0.311489;56,680;56,680;0;64;13,200;1.488162;2.529545;315.494719;24,161;32,519;56,680;64;0;0;1.935891645194918e-05;1.935891645194918e-05;7.283678;14.418659;0.509529;84,349;33,390
1065;1.065011429688304;52;52;0.036631;56,611;56,611;0;69;13,200;1.489975;2.529545;315.532879;24,161;32,450;56,611;69;0;0;1.935891645194918e-05;1.935891645194918e-05;7.283678;14.418659;0.509529;84,349;33,390
1066;1.066018093343802;52;52;0.036099;56,540;56,540;0;71;13,200;1.491846;2.529545;315.570905;24,161;32,379;56,540;71;0;0;1.935891645194918e-05;1.935891645194918e-05;7.283678;14.418659;0.509529;84,349;33,390
1067;1.067005398082848;51;51;0.035374;56,462;56,462;0;78;13,200;1.493907;2.529545;315.607813;24,161;32,301;56,462;78;0;0;1.935891645194918e-05;1.935891645194918e-05;7.283678;14.418659;0.509529;84,349;33,390
1068;1.068012061738346;52;52;0.035658;56,418;56,418;0;44;13,200;1.495072;2.529545;315.644933;24,161;32,257;56,418;44;0;0;1.935891645194918e-05;1.935891645194918e-05;7.283678;14.418659;0.509529;84,349;33,390
1069;1.069018725393844;52;52;0.035908;56,334;56,334;0;84;13,200;1.497302;2.529545;315.682399;24,161;32,173;56,334;84;0;0;1.935891645194918e-05;1.935891645194918e-05;7.283678;14.418659;0.509529;84,349;33,390
1070;1.07000603013289;51;51;0.034989;56,274;56,274;0;60;13,200;1.498898;2.529545;315.718858;24,161;32,113;56,274;60;0;0;1.935891645194918e-05;1.935891645194918e-05;7.283678;14.418659;0.509529;84,349;33,390
1071;1.071012693788388;52;52;0.039378;56,217;56,217;0;57;13,200;1.500418;2.529545;315.759587;24,161;32,056;56,217;57;0;0;1.935891645194918e-05;1.935891645194918e-05;7.283678;14.418659;0.509529;84,349;33,390
1072;1.072019357443886;52;52;0.342868;56,145;56,145;0;72;13,200;1.502342;2.529545;316.103905;24,161;31,984;56,145;72;0;0;1.935891645194918e-05;1.935891645194918e-05;7.283678;14.418659;0.509529;84,349;33,390
1073;1.073006662182932;51;51;0.337998;56,086;56,086;0;59;13,200;1.503923;2.529545;316.443395;24,161;31,925;56,086;59;0;0;1.935891645194918e-05;1.935891645194918e-05;7.283678;14.418659;0.509529;84,349;33,390
1074;1.07401332583843;52;52;0.301470;56,023;56,023;0;63;13,200;1.505614;2.529545;316.746311;24,161;31,862;56,023;63;0;0;1.935891645194918e-05;1.935891645194918e-05;7.283678;14.418659;0.509529;84,349;33,390
1075;1.075000630577476;51;51;0.621845;55,941;55,941;0;82;13,200;1.507821;2.529545;317.369947;24,161;31,780;55,941;82;0;0;1.935891645194918e-05;1.935891645194918e-05;7.283678;14.418659;0.509529;84,349;33,390
1076;1.076007294232974;52;52;0.380659;55,866;55,866;0;75;13,200;1.509845;2.529545;317.752226;24,161;31,705;55,866;75;0;0;1.935891645194918e-05;1.935891645194918e-05;7.283678;14.418659;0.509529;84,349;33,390
1077;1.077013957888472;52;52;0.295702;55,800;55,800;0;66;13,200;1.511631;2.529545;318.049485;24,161;31,639;55,800;66;0;0;1.935891645194918e-05;1.935891645194918e-05;7.283678;14.418659;0.509529;84,349;33,390
1078;1.078001262627518;51;51;0.300673;55,730;55,730;0;70;13,200;1.513530;2.529545;318.351638;24,161;31,569;55,730;70;0;0;1.935891645194918e-05;1.935891645194918e-05;7.283678;14.418659;0.509529;84,349;33,390
1079;1.079007926283016;52;52;0.291704;55,659;55,659;0;71;13,200;1.515460;2.529545;318.645120;24,161;31,498;55,659;71;0;0;1.935891645194918e-05;1.935891645194918e-05;7.283678;14.418659;0.509529;84,349;33,390
1080;1.080014589938514;52;52;0.373504;55,592;55,592;0;67;13,200;1.517287;2.529545;319.020211;24,161;31,431;55,592;67;0;0;1.935891645194918e-05;1.935891645194918e-05;7.283678;14.418659;0.509529;84,349;33,390
1081;1.08100189467756;51;51;0.415655;55,526;55,526;0;66;13,200;1.519090;2.529545;319.437494;24,161;31,365;55,526;66;0;0;1.935891645194918e-05;1.935891645194918e-05;7.283678;14.418659;0.509529;84,349;33,390
1082;1.082008558333058;52;52;0.372563;55,454;55,454;0;72;13,200;1.521063;2.529545;319.811949;24,161;31,293;55,454;72;0;0;1.935891645194918e-05;1.935891645194918e-05;7.283678;14.418659;0.509529;84,349;33,390
1083;1.083015221988556;52;52;0.329583;55,396;55,396;0;58;13,200;1.522655;2.529545;320.143167;24,161;31,235;55,396;58;0;0;1.935891645194918e-05;1.935891645194918e-05;7.283678;14.418659;0.509529;84,349;33,390
1084;1.084002526727602;51;51;0.482524;55,332;55,332;0;64;13,200;1.524416;2.529545;320.627183;24,161;31,171;55,332;64;0;0;1.935891645194918e-05;1.935891645194918e-05;7.283678;14.418659;0.509529;84,349;33,390
1085;1.0850091903831;52;52;0.266240;55,264;55,264;0;68;13,200;1.526292;2.529545;320.895013;24,161;31,103;55,264;68;0;0;1.935891645194918e-05;1.935891645194918e-05;7.283678;14.418659;0.509529;84,349;33,390
1086;1.086015854038598;52;52;0.577174;55,205;55,205;0;59;13,200;1.527923;2.529545;321.473970;24,161;31,044;55,205;59;0;0;1.935891645194918e-05;1.935891645194918e-05;7.283678;14.418659;0.509529;84,349;33,390
1087;1.087003158777644;51;51;0.471157;55,132;55,132;0;73;13,200;1.529946;2.529545;321.946711;24,161;30,971;55,132;73;0;0;1.935891645194918e-05;1.935891645194918e-05;7.283678;14.418659;0.509529;84,349;33,390
1088;1.088009822433142;52;52;0.243674;55,052;55,052;0;80;13,200;1.532170;2.529545;322.191820;24,161;30,891;55,052;80;0;0;1.935891645194918e-05;1.935891645194918e-05;7.283678;14.418659;0.509529;84,349;33,390
1089;1.08901648608864;52;52;0.034601;55,002;55,002;0;50;13,200;1.533562;2.529545;322.228403;24,161;30,841;55,002;50;0;0;1.935891645194918e-05;1.935891645194918e-05;7.283678;14.418659;0.509529;84,349;33,390
1090;1.090003790827686;51;51;0.034324;54,932;54,932;0;70;13,200;1.535517;2.529545;322.264210;24,161;30,771;54,932;70;0;0;1.935891645194918e-05;1.935891645194918e-05;7.283678;14.418659;0.509529;84,349;33,390
1091;1.091010454483184;52;52;0.034937;54,850;54,850;0;82;13,200;1.537812;2.529545;322.300676;24,161;30,689;54,850;82;0;0;1.935891645194918e-05;1.935891645194918e-05;7.283678;14.418659;0.509529;84,349;33,390
1092;1.092017118138682;52;52;0.035081;54,788;54,788;0;62;13,200;1.539552;2.529545;322.337268;24,161;30,627;54,788;62;0;0;1.935891645194918e-05;1.935891645194918e-05;7.283678;14.418659;0.509529;84,349;33,390
1093;1.093004422877728;51;51;0.349885;54,722;54,722;0;66;13,200;1.541409;2.529545;322.688710;24,161;30,561;54,722;66;0;0;1.935891645194918e-05;1.935891645194918e-05;7.283678;14.418659;0.509529;84,349;33,390
1094;1.094011086533226;52;52;0.334551;54,653;54,653;0;69;13,200;1.543355;2.529545;323.024759;24,161;30,492;54,653;69;0;0;1.935891645194918e-05;1.935891645194918e-05;7.283678;14.418659;0.509529;84,349;33,390
1095;1.095017750188723;52;52;0.498688;54,584;54,584;0;69;13,200;1.545306;2.529545;323.524874;24,161;30,423;54,584;69;0;0;1.935891645194918e-05;1.935891645194918e-05;7.283678;14.418659;0.509529;84,349;33,390
1096;1.09600505492777;51;51;0.351098;54,503;54,503;0;81;13,200;1.547603;2.529545;323.877601;24,161;30,342;54,503;81;0;0;1.935891645194918e-05;1.935891645194918e-05;7.283678;14.418659;0.509529;84,349;33,390
1097;1.097011718583268;52;52;0.258789;54,429;54,429;0;74;13,200;1.549707;2.529545;324.138067;24,161;30,268;54,429;74;0;0;1.935891645194918e-05;1.935891645194918e-05;7.283678;14.418659;0.509529;84,349;33,390
1098;1.098018382238765;52;52;0.613253;54,370;54,370;0;59;13,200;1.551389;2.529545;324.752740;24,161;30,209;54,370;59;0;0;1.935891645194918e-05;1.935891645194918e-05;7.283678;14.418659;0.509529;84,349;33,390
1099;1.099005686977812;51;51;0.595978;54,307;54,307;0;63;13,200;1.553188;2.529545;325.350321;24,161;30,146;54,307;63;0;0;1.935891645194918e-05;1.935891645194918e-05;7.283678;14.418659;0.509529;84,349;33,390
1100;1.100012350633309;52;52;0.494662;54,245;54,245;0;62;13,200;1.554964;2.529545;325.846600;24,161;30,084;54,245;62;0;0;1.935891645194918e-05;1.935891645194918e-05;7.283678;14.418659;0.509529;84,349;33,390
1101;1.101019014288807;52;52;0.371747;54,185;54,185;0;60;13,200;1.556685;2.529545;326.219978;24,161;30,024;54,185;60;0;0;1.935891645194918e-05;1.935891645194918e-05;7.283678;14.418659;0.509529;84,349;33,390
1102;1.102006319027854;51;51;0.291275;54,126;54,126;0;59;13,200;1.558382;2.529545;326.512684;24,161;29,965;54,126;59;0;0;1.935891645194918e-05;1.935891645194918e-05;7.283678;14.418659;0.509529;84,349;33,390
1103;1.103012982683351;52;52;0.316160;54,054;54,054;0;72;13,200;1.560458;2.529545;326.830554;24,161;29,893;54,054;72;0;0;1.935891645194918e-05;1.935891645194918e-05;7.283678;14.418659;0.509529;84,349;33,390
1104;1.104000287422398;51;51;0.460437;53,995;53,995;0;59;13,200;1.562163;2.529545;327.292389;24,161;29,834;53,995;59;0;0;1.935891645194918e-05;1.935891645194918e-05;7.283678;14.418659;0.509529;84,349;33,390
1105;1.105006951077895;52;52;0.477899;53,911;53,911;0;84;13,200;1.564597;2.529545;327.771853;24,161;29,750;53,911;84;0;0;1.935891645194918e-05;1.935891645194918e-05;7.283678;14.418659;0.509529;84,349;33,390
1106;1.106013614733393;52;52;0.614914;53,834;53,834;0;77;13,200;1.566835;2.529545;328.388578;24,161;29,673;53,834;77;0;0;1.935891645194918e-05;1.935891645194918e-05;7.283678;14.418659;0.509529;84,349;33,390
1107;1.10700091947244;51;51;0.271746;53,772;53,772;0;62;13,200;1.568642;2.529545;328.661962;24,161;29,611;53,772;62;0;0;1.935891645194918e-05;1.935891645194918e-05;7.283678;14.418659;0.509529;84,349;33,390
1108;1.108007583127937;52;52;0.301510;53,681;53,681;0;91;13,200;1.571301;2.529545;328.965041;24,161;29,520;53,681;91;0;0;1.935891645194918e-05;1.935891645194918e-05;7.283678;14.418659;0.509529;84,349;33,390
1109;1.109014246783435;52;52;0.296408;53,629;53,629;0;52;13,200;1.572824;2.529545;329.263020;24,161;29,468;53,629;52;0;0;1.935891645194918e-05;1.935891645194918e-05;7.283678;14.418659;0.509529;84,349;33,390
1110;1.110001551522481;51;51;0.389003;53,550;53,550;0;79;13,200;1.575145;2.529545;329.653864;24,161;29,389;53,550;79;0;0;1.935891645194918e-05;1.935891645194918e-05;7.283678;14.418659;0.509529;84,349;33,390
1111;1.111008215177979;52;52;0.721873;53,481;53,481;0;69;13,200;1.577177;2.529545;330.377277;24,161;29,320;53,481;69;0;0;1.935891645194918e-05;1.935891645194918e-05;7.283678;14.418659;0.509529;84,349;33,390
1112;1.112014878833477;52;52;0.309545;53,412;53,412;0;69;13,200;1.579214;2.529545;330.688460;24,161;29,251;53,412;69;0;0;1.935891645194918e-05;1.935891645194918e-05;7.283678;14.418659;0.509529;84,349;33,390
1113;1.113002183572523;51;51;0.445811;53,342;53,342;0;70;13,200;1.581287;2.529545;331.135902;24,161;29,181;53,342;70;0;0;1.935891645194918e-05;1.935891645194918e-05;7.283678;14.418659;0.509529;84,349;33,390
1114;1.114008847228021;52;52;0.447530;53,253;53,253;0;89;13,200;1.583930;2.529545;331.584925;24,161;29,092;53,253;89;0;0;1.935891645194918e-05;1.935891645194918e-05;7.283678;14.418659;0.509529;84,349;33,390
1115;1.115015510883519;52;52;0.259551;53,183;53,183;0;70;13,200;1.586014;2.529545;331.846283;24,161;29,022;53,183;70;0;0;1.935891645194918e-05;1.935891645194918e-05;7.283678;14.418659;0.509529;84,349;33,390
1116;1.116002815622565;51;51;0.180101;53,125;53,125;0;58;13,200;1.587746;2.529545;332.027802;24,161;28,964;53,125;58;0;0;1.935891645194918e-05;1.935891645194918e-05;7.283678;14.418659;0.509529;84,349;33,390
1117;1.117009479278063;52;52;0.302058;53,034;53,034;0;91;13,200;1.590470;2.529545;332.331566;24,161;28,873;53,034;91;0;0;1.935891645194918e-05;1.935891645194918e-05;7.283678;14.418659;0.509529;84,349;33,390
1118;1.118016142933561;52;52;0.421019;52,956;52,956;0;78;13,200;1.592813;2.529545;332.753971;24,161;28,795;52,956;78;0;0;1.935891645194918e-05;1.935891645194918e-05;7.283678;14.418659;0.509529;84,349;33,390
1119;1.119003447672607;51;51;0.479425;52,888;52,888;0;68;13,200;1.594861;2.529545;333.234811;24,161;28,727;52,888;68;0;0;1.935891645194918e-05;1.935891645194918e-05;7.283678;14.418659;0.509529;84,349;33,390
1120;1.120010111328105;52;52;0.388475;52,813;52,813;0;75;13,200;1.597126;2.529545;333.625016;24,161;28,652;52,813;75;0;0;1.935891645194918e-05;1.935891645194918e-05;7.283678;14.418659;0.509529;84,349;33,390
1121;1.121016774983603;52;52;0.332931;52,740;52,740;0;73;13,200;1.599336;2.529545;333.959422;24,161;28,579;52,740;73;0;0;1.935891645194918e-05;1.935891645194918e-05;7.283678;14.418659;0.509529;84,349;33,390
1122;1.122004079722649;51;51;0.230689;52,653;52,653;0;87;13,200;1.601979;2.529545;334.191785;24,161;28,492;52,653;87;0;0;1.935891645194918e-05;1.935891645194918e-05;7.283678;14.418659;0.509529;84,349;33,390
1123;1.123010743378147;52;52;0.335030;52,580;52,580;0;73;13,200;1.604203;2.529545;334.528342;24,161;28,419;52,580;73;0;0;1.935891645194918e-05;1.935891645194918e-05;7.283678;14.418659;0.509529;84,349;33,390
1124;1.124017407033645;52;52;0.436948;52,508;52,508;0;72;13,200;1.606403;2.529545;334.966903;24,161;28,347;52,508;72;0;0;1.935891645194918e-05;1.935891645194918e-05;7.283678;14.418659;0.509529;84,349;33,390
1125;1.125004711772691;51;51;0.293794;52,430;52,430;0;78;13,200;1.608793;2.529545;335.262234;24,161;28,269;52,430;78;0;0;1.935891645194918e-05;1.935891645194918e-05;7.283678;14.418659;0.509529;84,349;33,390
1126;1.126011375428189;52;52;0.769030;52,362;52,362;0;68;13,200;1.610882;2.529545;336.032679;24,161;28,201;52,362;68;0;0;1.935891645194918e-05;1.935891645194918e-05;7.283678;14.418659;0.509529;84,349;33,390
1127;1.127018039083687;52;52;0.376679;52,268;52,268;0;94;13,200;1.613779;2.529545;336.410868;24,161;28,107;52,268;94;0;0;1.935891645194918e-05;1.935891645194918e-05;7.283678;14.418659;0.509529;84,349;33,390
1128;1.128005343822733;51;51;0.285233;52,199;52,199;0;69;13,200;1.615912;2.529545;336.697543;24,161;28,038;52,199;69;0;0;1.935891645194918e-05;1.935891645194918e-05;7.283678;14.418659;0.509529;84,349;33,390
1129;1.129012007478231;52;52;0.186863;52,123;52,123;0;76;13,200;1.618268;2.529545;336.885906;24,161;27,962;52,123;76;0;0;1.935891645194918e-05;1.935891645194918e-05;7.283678;14.418659;0.509529;84,349;33,390
1130;1.130018671133729;52;52;0.287088;52,058;52,058;0;65;13,200;1.620289;2.529545;337.174324;24,161;27,897;52,058;65;0;0;1.935891645194918e-05;1.935891645194918e-05;7.283678;14.418659;0.509529;84,349;33,390
1131;1.131005975872775;51;51;0.310817;51,999;51,999;0;59;13,200;1.622127;2.529545;337.486616;24,161;27,838;51,999;59;0;0;1.935891645194918e-05;1.935891645194918e-05;7.283678;14.418659;0.509529;84,349;33,390
1132;1.132012639528273;52;52;0.435485;51,933;51,933;0;66;13,200;1.624189;2.529545;337.923487;24,161;27,772;51,933;66;0;0;1.935891645194918e-05;1.935891645194918e-05;7.283678;14.418659;0.509529;84,349;33,390
1133;1.133019303183771;52;52;0.292382;51,850;51,850;0;83;13,200;1.626789;2.529545;338.217310;24,161;27,689;51,850;83;0;0;1.935891645194918e-05;1.935891645194918e-05;7.283678;14.418659;0.509529;84,349;33,390
1134;1.134006607922817;51;51;0.575426;51,781;51,781;0;69;13,200;1.628957;2.529545;338.794496;24,161;27,620;51,781;69;0;0;1.935891645194918e-05;1.935891645194918e-05;7.283678;14.418659;0.509529;84,349;33,390
1135;1.135013271578315;52;52;0.253671;51,713;51,713;0;68;13,200;1.631099;2.529545;339.049668;24,161;27,552;51,713;68;0;0;1.935891645194918e-05;1.935891645194918e-05;7.283678;14.418659;0.509529;84,349;33,390
1136;1.136000576317361;51;51;0.384473;51,637;51,637;0;76;13,200;1.633499;2.529545;339.435598;24,161;27,476;51,637;76;0;0;1.935891645194918e-05;1.935891645194918e-05;7.283678;14.418659;0.509529;84,349;33,390
1137;1.137007239972859;52;52;0.214169;51,566;51,566;0;71;13,200;1.635748;2.529545;339.651274;24,161;27,405;51,566;71;0;0;1.935891645194918e-05;1.935891645194918e-05;7.283678;14.418659;0.509529;84,349;33,390
1138;1.138013903628357;52;52;0.277873;51,498;51,498;0;68;13,200;1.637908;2.529545;339.930741;24,161;27,337;51,498;68;0;0;1.935891645194918e-05;1.935891645194918e-05;7.283678;14.418659;0.509529;84,349;33,390
1139;1.139001208367403;51;51;0.327470;51,436;51,436;0;62;13,200;1.639883;2.529545;340.259679;24,161;27,275;51,436;62;0;0;1.935891645194918e-05;1.935891645194918e-05;7.283678;14.418659;0.509529;84,349;33,390
1140;1.140007872022901;52;52;0.362706;51,374;51,374;0;62;12,600;1.641862;2.650000;340.623835;24,161;27,213;51,374;62;0;0;1.935891645194918e-05;1.935891645194918e-05;7.283678;14.418659;0.509529;84,349;33,390
1141;1.141014535678399;52;52;0.711158;51,302;51,302;0;72;12,600;1.644166;2.650000;341.336476;24,161;27,141;51,302;72;0;0;1.935891645194918e-05;1.935891645194918e-05;7.283678;14.418659;0.509529;84,349;33,390
1142;1.142001840417445;51;51;0.341208;51,207;51,207;0;95;12,600;1.647216;2.650000;341.679471;24,161;27,046;51,207;95;0;0;1.935891645194918e-05;1.935891645194918e-05;7.283678;14.418659;0.509529;84,349;33,390
1143;1.143008504072943;52;52;0.448442;51,131;51,131;0;76;12,600;1.649665;2.650000;342.129326;24,161;26,970;51,131;76;0;0;1.935891645194918e-05;1.935891645194918e-05;7.283678;14.418659;0.509529;84,349;33,390
1144;1.144015167728441;52;52;0.387057;51,053;51,053;0;78;12,600;1.652185;2.650000;342.517998;24,161;26,892;51,053;78;0;0;1.935891645194918e-05;1.935891645194918e-05;7.283678;14.418659;0.509529;84,349;33,390
1145;1.145002472467487;51;51;0.362173;50,984;50,984;0;69;12,600;1.654421;2.650000;342.881843;24,161;26,823;50,984;69;0;0;1.935891645194918e-05;1.935891645194918e-05;7.283678;14.418659;0.509529;84,349;33,390
1146;1.146009136122985;52;52;0.377134;50,912;50,912;0;72;12,600;1.656761;2.650000;343.260425;24,161;26,751;50,912;72;0;0;1.935891645194918e-05;1.935891645194918e-05;7.283678;14.418659;0.509529;84,349;33,390
1147;1.147015799778483;52;52;0.545552;50,845;50,845;0;67;12,600;1.658944;2.650000;343.807470;24,161;26,684;50,845;67;0;0;1.935891645194918e-05;1.935891645194918e-05;7.283678;14.418659;0.509529;84,349;33,390
1148;1.148003104517529;51;51;0.494913;50,779;50,779;0;66;12,600;1.661100;2.650000;344.303735;24,161;26,618;50,779;66;0;0;1.935891645194918e-05;1.935891645194918e-05;7.283678;14.418659;0.509529;84,349;33,390
1149;1.149009768173027;52;52;0.288702;50,714;50,714;0;65;12,600;1.663229;2.650000;344.594018;24,161;26,553;50,714;65;0;0;1.935891645194918e-05;1.935891645194918e-05;7.283678;14.418659;0.509529;84,349;33,390
1150;1.150016431828525;52;52;0.440762;50,632;50,632;0;82;12,600;1.665923;2.650000;345.036122;24,161;26,471;50,632;82;0;0;1.935891645194918e-05;1.935891645194918e-05;7.283678;14.418659;0.509529;84,349;33,390
1151;1.151003736567571;51;51;0.341801;50,559;50,559;0;73;12,600;1.668328;2.650000;345.379379;24,161;26,398;50,559;73;0;0;1.935891645194918e-05;1.935891645194918e-05;7.283678;14.418659;0.509529;84,349;33,390
1152;1.152010400223069;52;52;0.306096;50,488;50,488;0;71;12,600;1.670674;2.650000;345.686879;24,161;26,327;50,488;71;0;0;1.935891645194918e-05;1.935891645194918e-05;7.283678;14.418659;0.509529;84,349;33,390
1153;1.153017063878567;52;52;0.348123;50,400;50,400;0;88;12,600;1.673591;2.650000;346.036481;24,161;26,239;50,400;88;0;0;1.935891645194918e-05;1.935891645194918e-05;7.283678;14.418659;0.509529;84,349;33,390
1154;1.154004368617613;51;51;0.442169;50,326;50,326;0;74;12,600;1.676052;2.650000;346.480004;24,161;26,165;50,326;74;0;0;1.935891645194918e-05;1.935891645194918e-05;7.283678;14.418659;0.509529;84,349;33,390
1155;1.155011032273111;52;52;0.696260;50,264;50,264;0;62;12,600;1.678120;2.650000;347.177778;24,161;26,103;50,264;62;0;0;1.935891645194918e-05;1.935891645194918e-05;7.283678;14.418659;0.509529;84,349;33,390
1156;1.156017695928609;52;52;0.840548;50,172;50,172;0;92;12,600;1.681197;2.650000;348.019974;24,161;26,011;50,172;92;0;0;1.935891645194918e-05;1.935891645194918e-05;7.283678;14.418659;0.509529;84,349;33,390
1157;1.157005000667655;51;51;0.327804;50,104;50,104;0;68;12,600;1.683478;2.650000;348.349208;24,161;25,943;50,104;68;0;0;1.935891645194918e-05;1.935891645194918e-05;7.283678;14.418659;0.509529;84,349;33,390
1158;1.158011664323153;52;52;0.291693;50,030;50,030;0;74;12,600;1.685968;2.650000;348.642256;24,161;25,869;50,030;74;0;0;1.935891645194918e-05;1.935891645194918e-05;7.283678;14.418659;0.509529;84,349;33,390
1159;1.159018327978651;52;52;0.452567;49,951;49,951;0;79;12,600;1.688635;2.650000;349.096462;24,161;25,790;49,951;79;0;0;1.935891645194918e-05;1.935891645194918e-05;7.283678;14.418659;0.509529;84,349;33,390
1160;1.160005632717697;51;51;0.285117;49,881;49,881;0;70;12,600;1.691005;2.650000;349.383355;24,161;25,720;49,881;70;0;0;1.935891645194918e-05;1.935891645194918e-05;7.283678;14.418659;0.509529;84,349;33,390
1161;1.161012296373195;52;52;0.355001;49,802;49,802;0;79;12,600;1.693687;2.650000;349.740670;24,161;25,641;49,802;79;0;0;1.935891645194918e-05;1.935891645194918e-05;7.283678;14.418659;0.509529;84,349;33,390
1162;1.162018960028693;52;52;0.338032;49,726;49,726;0;76;12,600;1.696276;2.650000;350.080144;24,161;25,565;49,726;76;0;0;1.935891645194918e-05;1.935891645194918e-05;7.283678;14.418659;0.509529;84,349;33,390
1163;1.163006264767739;51;51;0.343134;49,667;49,667;0;59;11,655;1.698291;2.864865;350.424598;24,161;25,506;49,667;59;0;0;1.935891645194918e-05;1.935891645194918e-05;7.283678;14.418659;0.509529;84,349;33,390
1164;1.164012928423237;52;52;0.430920;49,606;49,606;0;61;11,655;1.700379;2.864865;350.857048;24,161;25,445;49,606;61;0;0;1.935891645194918e-05;1.935891645194918e-05;7.283678;14.418659;0.509529;84,349;33,390
1165;1.165000233162283;51;51;0.383380;49,537;49,537;0;69;11,655;1.702747;2.864865;351.241945;24,161;25,376;49,537;69;0;0;1.935891645194918e-05;1.935891645194918e-05;7.283678;14.418659;0.509529;84,349;33,390
1166;1.166006896817781;52;52;0.307625;49,460;49,460;0;77;11,655;1.705398;2.864865;351.551064;24,161;25,299;49,460;77;0;0;1.935891645194918e-05;1.935891645194918e-05;7.283678;14.418659;0.509529;84,349;33,390
1167;1.167013560473279;52;52;0.277957;49,395;49,395;0;65;11,655;1.707642;2.864865;351.830358;24,161;25,234;49,395;65;0;0;1.935891645194918e-05;1.935891645194918e-05;7.283678;14.418659;0.509529;84,349;33,390
1168;1.168000865212325;51;51;0.303450;49,332;49,332;0;63;11,655;1.709823;2.864865;352.135415;24,161;25,171;49,332;63;0;0;1.935891645194918e-05;1.935891645194918e-05;7.283678;14.418659;0.509529;84,349;33,390
1169;1.169007528867823;52;52;0.286079;49,286;49,286;0;46;11,655;1.711419;2.864865;352.422857;24,161;25,125;49,286;46;0;0;1.935891645194918e-05;1.935891645194918e-05;7.283678;14.418659;0.509529;84,349;33,390
1170;1.170014192523321;52;52;0.302157;49,221;49,221;0;65;11,655;1.713679;2.864865;352.726435;24,161;25,060;49,221;65;0;0;1.935891645194918e-05;1.935891645194918e-05;7.283678;14.418659;0.509529;84,349;33,390
1171;1.171001497262367;51;51;0.288289;49,171;49,171;0;50;11,655;1.715422;2.864865;353.016375;24,161;25,010;49,171;50;0;0;1.935891645194918e-05;1.935891645194918e-05;7.283678;14.418659;0.509529;84,349;33,390
1172;1.172008160917865;52;52;0.359955;49,105;49,105;0;66;11,655;1.717727;2.864865;353.377676;24,161;24,944;49,105;66;0;0;1.935891645194918e-05;1.935891645194918e-05;7.283678;14.418659;0.509529;84,349;33,390
1173;1.173014824573363;52;52;0.395150;49,033;49,033;0;72;11,655;1.720250;2.864865;353.774309;24,161;24,872;49,033;72;0;0;1.935891645194918e-05;1.935891645194918e-05;7.283678;14.418659;0.509529;84,349;33,390
1174;1.174002129312409;51;51;0.399334;48,969;48,969;0;64;10,878;1.722498;3.069498;354.175255;24,161;24,808;48,969;64;0;0;1.935891645194918e-05;1.935891645194918e-05;7.283678;14.418659;0.509529;84,349;33,390
1175;1.175008792967907;52;52;0.244885;48,888;48,888;0;81;10,878;1.725352;3.069498;354.421618;24,161;24,727;48,888;81;0;0;1.935891645194918e-05;1.935891645194918e-05;7.283678;14.418659;0.509529;84,349;33,390
1176;1.176015456623405;52;52;0.239920;48,829;48,829;0;59;10,878;1.727437;3.069498;354.662858;24,161;24,668;48,829;59;0;0;1.935891645194918e-05;1.935891645194918e-05;7.283678;14.418659;0.509529;84,349;33,390
1177;1.177002761362451;51;51;0.371276;48,766;48,766;0;63;10,878;1.729668;3.069498;355.035467;24,161;24,605;48,766;63;0;0;1.935891645194918e-05;1.935891645194918e-05;7.283678;14.418659;0.509529;84,349;33,390
1178;1.178009425017949;52;52;0.308188;48,698;48,698;0;68;10,878;1.732083;3.069498;355.345146;24,161;24,537;48,698;68;0;0;1.935891645194918e-05;1.935891645194918e-05;7.283678;14.418659;0.509529;84,349;33,390
1179;1.179016088673447;52;52;0.283576;48,632;48,632;0;66;10,878;1.734434;3.069498;355.630323;24,161;24,471;48,632;66;0;0;1.935891645194918e-05;1.935891645194918e-05;7.283678;14.418659;0.509529;84,349;33,390
1180;1.180003393412493;51;51;0.305176;48,564;48,564;0;68;10,878;1.736863;3.069498;355.936909;24,161;24,403;48,564;68;0;0;1.935891645194918e-05;1.935891645194918e-05;7.283678;14.418659;0.509529;84,349;33,390
1181;1.181010057067991;52;52;0.475886;48,488;48,488;0;76;10,878;1.739585;3.069498;356.414025;24,161;24,327;48,488;76;0;0;1.935891645194918e-05;1.935891645194918e-05;7.283678;14.418659;0.509529;84,349;33,390
1182;1.182016720723489;52;52;0.388967;48,420;48,420;0;68;10,878;1.742028;3.069498;356.806116;24,161;24,259;48,420;68;0;0;1.935891645194918e-05;1.935891645194918e-05;7.283678;14.418659;0.509529;84,349;33,390
1183;1.183004025462535;51;51;0.292685;48,361;48,361;0;59;10,878;1.744153;3.069498;357.100412;24,161;24,200;48,361;59;0;0;1.935891645194918e-05;1.935891645194918e-05;7.283678;14.418659;0.509529;84,349;33,390
1184;1.184010689118033;52;52;0.289783;48,297;48,297;0;64;10,878;1.746465;3.069498;357.391462;24,161;24,136;48,297;64;0;0;1.935891645194918e-05;1.935891645194918e-05;7.283678;14.418659;0.509529;84,349;33,390
1185;1.185017352773531;52;52;0.252754;48,235;48,235;0;62;10,878;1.748709;3.069498;357.645578;24,161;24,074;48,235;62;0;0;1.935891645194918e-05;1.935891645194918e-05;7.283678;14.418659;0.509529;84,349;33,390
1186;1.186004657512577;51;51;0.354706;48,170;48,170;0;65;10,878;1.751069;3.069498;358.001816;24,161;24,009;48,170;65;0;0;1.935891645194918e-05;1.935891645194918e-05;7.283678;14.418659;0.509529;84,349;33,390
1187;1.187011321168075;52;52;0.467942;48,107;48,107;0;63;10,878;1.753362;3.069498;358.471213;24,161;23,946;48,107;63;0;0;1.935891645194918e-05;1.935891645194918e-05;7.283678;14.418659;0.509529;84,349;33,390
1188;1.188017984823573;52;52;0.402203;48,051;48,051;0;56;10,878;1.755406;3.069498;358.874769;24,161;23,890;48,051;56;0;0;1.935891645194918e-05;1.935891645194918e-05;7.283678;14.418659;0.509529;84,349;33,390
1189;1.189005289562619;51;51;0.506913;47,977;47,977;0;74;10,878;1.758113;3.069498;359.383189;24,161;23,816;47,977;74;0;0;1.935891645194918e-05;1.935891645194918e-05;7.283678;14.418659;0.509529;84,349;33,390
1190;1.190011953218117;52;52;0.534385;47,917;47,917;0;60;10,878;1.760315;3.069498;359.918976;24,161;23,756;47,917;60;0;0;1.935891645194918e-05;1.935891645194918e-05;7.283678;14.418659;0.509529;84,349;33,390
1191;1.191018616873615;52;52;0.250356;47,865;47,865;0;52;10,878;1.762227;3.069498;360.171011;24,161;23,704;47,865;52;0;0;1.935891645194918e-05;1.935891645194918e-05;7.283678;14.418659;0.509529;84,349;33,390
1192;1.192005921612661;51;51;0.391947;47,810;47,810;0;55;10,878;1.764254;3.069498;360.564437;24,161;23,649;47,810;55;0;0;1.935891645194918e-05;1.935891645194918e-05;7.283678;14.418659;0.509529;84,349;33,390
1193;1.193012585268159;52;52;0.472878;47,741;47,741;0;69;10,878;1.766804;3.069498;361.038709;24,161;23,580;47,741;69;0;0;1.935891645194918e-05;1.935891645194918e-05;7.283678;14.418659;0.509529;84,349;33,390
1194;1.194019248923657;52;52;0.443186;47,680;47,680;0;61;10,878;1.769065;3.069498;361.483322;24,161;23,519;47,680;61;0;0;1.935891645194918e-05;1.935891645194918e-05;7.283678;14.418659;0.509529;84,349;33,390
1195;1.195006553662703;51;51;0.337336;47,605;47,605;0;75;10,878;1.771852;3.069498;361.822384;24,161;23,444;47,605;75;0;0;1.935891645194918e-05;1.935891645194918e-05;7.283678;14.418659;0.509529;84,349;33,390
1196;1.196013217318201;52;52;0.465589;47,552;47,552;0;53;10,878;1.773827;3.069498;362.289857;24,161;23,391;47,552;53;0;0;1.935891645194918e-05;1.935891645194918e-05;7.283678;14.418659;0.509529;84,349;33,390
1197;1.197000522057247;51;51;0.283386;47,478;47,478;0;74;10,878;1.776591;3.069498;362.574630;24,161;23,317;47,478;74;0;0;1.935891645194918e-05;1.935891645194918e-05;7.283678;14.418659;0.509529;84,349;33,390
1198;1.198007185712745;52;52;0.285014;47,404;47,404;0;74;10,878;1.779365;3.069498;362.861134;24,161;23,243;47,404;74;0;0;1.935891645194918e-05;1.935891645194918e-05;7.283678;14.418659;0.509529;84,349;33,390
1199;1.199013849368243;52;52;0.478470;47,342;47,342;0;62;10,878;1.781695;3.069498;363.340963;24,161;23,181;47,342;62;0;0;1.935891645194918e-05;1.935891645194918e-05;7.283678;14.418659;0.509529;84,349;33,390
1200;1.200001154107289;51;51;0.754188;47,282;47,282;0;60;10,878;1.783956;3.069498;364.096356;24,161;23,121;47,282;60;0;0;1.935891645194918e-05;1.935891645194918e-05;7.283678;14.418659;0.509529;84,349;33,390
1201;1.201007817762787;52;52;0.356411;47,218;47,218;0;64;10,878;1.786374;3.069498;364.454138;24,161;23,057;47,218;64;0;0;1.935891645194918e-05;1.935891645194918e-05;7.283678;14.418659;0.509529;84,349;33,390
1202;1.202014481418285;52;52;0.289280;47,159;47,159;0;59;10,878;1.788609;3.069498;364.744668;24,161;22,998;47,159;59;0;0;1.935891645194918e-05;1.935891645194918e-05;7.283678;14.418659;0.509529;84,349;33,390
1203;1.203001786157331;51;51;0.613408;47,106;47,106;0;53;10,878;1.790621;3.069498;365.359354;24,161;22,945;47,106;53;0;0;1.935891645194918e-05;1.935891645194918e-05;7.283678;14.418659;0.509529;84,349;33,390
1204;1.204008449812829;52;52;0.607498;47,031;47,031;0;75;10,878;1.793477;3.069498;365.968096;24,161;22,870;47,031;75;0;0;1.935891645194918e-05;1.935891645194918e-05;7.283678;14.418659;0.509529;84,349;33,390
1205;1.205015113468327;52;52;0.174179;46,964;46,964;0;67;10,878;1.796035;3.069498;366.143823;24,161;22,803;46,964;67;0;0;1.935891645194918e-05;1.935891645194918e-05;7.283678;14.418659;0.509529;84,349;33,390
1206;1.206002418207373;51;51;0.277180;46,891;46,891;0;73;10,878;1.798831;3.069498;366.422322;24,161;22,730;46,891;73;0;0;1.935891645194918e-05;1.935891645194918e-05;7.283678;14.418659;0.509529;84,349;33,390
1207;1.207009081862871;52;52;0.291179;46,820;46,820;0;71;10,878;1.801559;3.069498;366.714757;24,161;22,659;46,820;71;0;0;1.935891645194918e-05;1.935891645194918e-05;7.283678;14.418659;0.509529;84,349;33,390
1208;1.208015745518369;52;52;0.479546;46,752;46,752;0;68;10,878;1.804180;3.069498;367.195746;24,161;22,591;46,752;68;0;0;1.935891645194918e-05;1.935891645194918e-05;7.283678;14.418659;0.509529;84,349;33,390
1209;1.209003050257415;51;51;0.335853;46,696;46,696;0;56;10,878;1.806343;3.069498;367.532882;24,161;22,535;46,696;56;0;0;1.935891645194918e-05;1.935891645194918e-05;7.283678;14.418659;0.509529;84,349;33,390
1210;1.210009713912913;52;52;0.360304;46,625;46,625;0;71;10,878;1.809094;3.069498;367.894558;24,161;22,464;46,625;71;0;0;1.935891645194918e-05;1.935891645194918e-05;7.283678;14.418659;0.509529;84,349;33,390
1211;1.211016377568411;52;52;0.560709;46,553;46,553;0;72;10,878;1.811892;3.069498;368.456627;24,161;22,392;46,553;72;0;0;1.935891645194918e-05;1.935891645194918e-05;7.283678;14.418659;0.509529;84,349;33,390
1212;1.212003682307457;51;51;0.293209;46,501;46,501;0;52;10,878;1.813918;3.069498;368.751453;24,161;22,340;46,501;52;0;0;1.935891645194918e-05;1.935891645194918e-05;7.283678;14.418659;0.509529;84,349;33,390
1213;1.213010345962955;52;52;0.379388;46,447;46,447;0;54;10,878;1.816027;3.069498;369.132067;24,161;22,286;46,447;54;0;0;1.935891645194918e-05;1.935891645194918e-05;7.283678;14.418659;0.509529;84,349;33,390
1214;1.214017009618453;52;52;0.217782;46,379;46,379;0;68;10,878;1.818689;3.069498;369.351227;24,161;22,218;46,379;68;0;0;1.935891645194918e-05;1.935891645194918e-05;7.283678;14.418659;0.509529;84,349;33,390
1215;1.215004314357499;51;51;0.432497;46,299;46,299;0;80;10,878;1.821832;3.069498;369.785037;24,161;22,138;46,299;80;0;0;1.935891645194918e-05;1.935891645194918e-05;7.283678;14.418659;0.509529;84,349;33,390
1216;1.216010978012997;52;52;0.710890;46,220;46,220;0;79;10,878;1.824946;3.069498;370.497341;24,161;22,059;46,220;79;0;0;1.935891645194918e-05;1.935891645194918e-05;7.283678;14.418659;0.509529;84,349;33,390
1217;1.217017641668495;52;52;0.222369;46,144;46,144;0;76;10,878;1.827952;3.069498;370.721153;24,161;21,983;46,144;76;0;0;1.935891645194918e-05;1.935891645194918e-05;7.283678;14.418659;0.509529;84,349;33,390
1218;1.218004946407541;51;51;0.284773;46,082;46,082;0;62;10,878;1.830411;3.069498;371.007249;24,161;21,921;46,082;62;0;0;1.935891645194918e-05;1.935891645194918e-05;7.283678;14.418659;0.509529;84,349;33,390
1219;1.219011610063039;52;52;0.298935;46,007;46,007;0;75;10,878;1.833395;3.069498;371.307464;24,161;21,846;46,007;75;0;0;1.935891645194918e-05;1.935891645194918e-05;7.283678;14.418659;0.509529;84,349;33,390
1220;1.220018273718537;52;52;0.295307;45,942;45,942;0;65;10,878;1.835989;3.069498;371.604176;24,161;21,781;45,942;65;0;0;1.935891645194918e-05;1.935891645194918e-05;7.283678;14.418659;0.509529;84,349;33,390
1221;1.221005578457583;51;51;0.452460;45,885;45,885;0;57;10,878;1.838270;3.069498;372.058129;24,161;21,724;45,885;57;0;0;1.935891645194918e-05;1.935891645194918e-05;7.283678;14.418659;0.509529;84,349;33,390
1222;1.222012242113081;52;52;0.352899;45,828;45,828;0;57;10,878;1.840556;3.069498;372.412438;24,161;21,667;45,828;57;0;0;1.935891645194918e-05;1.935891645194918e-05;7.283678;14.418659;0.509529;84,349;33,390
1223;1.223018905768579;52;52;0.545463;45,760;45,760;0;68;10,878;1.843291;3.069498;372.959093;24,161;21,599;45,760;68;0;0;1.935891645194918e-05;1.935891645194918e-05;7.283678;14.418659;0.509529;84,349;33,390
1224;1.224006210507625;51;51;0.282487;45,701;45,701;0;59;10,878;1.845671;3.069498;373.242855;24,161;21,540;45,701;59;0;0;1.935891645194918e-05;1.935891645194918e-05;7.283678;14.418659;0.509529;84,349;33,390
1225;1.225012874163123;52;52;0.348416;45,626;45,626;0;75;10,878;1.848705;3.069498;373.593644;24,161;21,465;45,626;75;0;0;1.935891645194918e-05;1.935891645194918e-05;7.283678;14.418659;0.509529;84,349;33,390
1226;1.226000178902169;51;51;0.369536;45,555;45,555;0;71;10,878;1.851586;3.069498;373.964510;24,161;21,394;45,555;71;0;0;1.935891645194918e-05;1.935891645194918e-05;7.283678;14.418659;0.509529;84,349;33,390
1227;1.227006842557667;52;52;0.732671;45,479;45,479;0;76;10,878;1.854680;3.069498;374.698502;24,161;21,318;45,479;76;0;0;1.935891645194918e-05;1.935891645194918e-05;7.283678;14.418659;0.509529;84,349;33,390
1228;1.228013506213165;52;52;0.359047;45,419;45,419;0;60;10,878;1.857130;3.069498;375.058896;24,161;21,258;45,419;60;0;0;1.935891645194918e-05;1.935891645194918e-05;7.283678;14.418659;0.509529;84,349;33,390
1229;1.229000810952211;51;51;0.149301;45,362;45,362;0;57;10,878;1.859464;3.069498;375.209509;24,161;21,201;45,362;57;0;0;1.935891645194918e-05;1.935891645194918e-05;7.283678;14.418659;0.509529;84,349;33,390
1230;1.230007474607709;52;52;0.277849;45,300;45,300;0;62;10,878;1.862009;3.069498;375.488574;24,161;21,139;45,300;62;0;0;1.935891645194918e-05;1.935891645194918e-05;7.283678;14.418659;0.509529;84,349;33,390
1231;1.231014138263206;52;52;0.362451;45,241;45,241;0;59;10,878;1.864437;3.069498;375.852247;24,161;21,080;45,241;59;0;0;1.935891645194918e-05;1.935891645194918e-05;7.283678;14.418659;0.509529;84,349;33,390
1232;1.232001443002253;51;51;0.353513;45,169;45,169;0;72;10,878;1.867409;3.069498;376.207371;24,161;21,008;45,169;72;0;0;1.935891645194918e-05;1.935891645194918e-05;7.283678;14.418659;0.509529;84,349;33,390
1233;1.233008106657751;52;52;0.281085;45,097;45,097;0;72;10,878;1.870390;3.069498;376.489860;24,161;20,936;45,097;72;0;0;1.935891645194918e-05;1.935891645194918e-05;7.283678;14.418659;0.509529;84,349;33,390
1234;1.234014770313248;52;52;0.522831;45,034;45,034;0;63;10,878;1.873007;3.069498;377.014047;24,161;20,873;45,034;63;0;0;1.935891645194918e-05;1.935891645194918e-05;7.283678;14.418659;0.509529;84,349;33,390
1235;1.235002075052295;51;51;0.439160;44,967;44,967;0;67;10,878;1.875798;3.069498;377.454527;24,161;20,806;44,967;67;0;0;1.935891645194918e-05;1.935891645194918e-05;7.283678;14.418659;0.509529;84,349;33,390
1236;1.236008738707792;52;52;0.304504;44,912;44,912;0;55;10,878;1.878095;3.069498;377.760582;24,161;20,751;44,912;55;0;0;1.935891645194918e-05;1.935891645194918e-05;7.283678;14.418659;0.509529;84,349;33,390
1237;1.23701540236329;52;52;0.459806;44,858;44,858;0;54;10,878;1.880356;3.069498;378.221611;24,161;20,697;44,858;54;0;0;1.935891645194918e-05;1.935891645194918e-05;7.283678;14.418659;0.509529;84,349;33,390
1238;1.238002707102337;51;51;0.389778;44,797;44,797;0;61;10,878;1.882916;3.069498;378.612609;24,161;20,636;44,797;61;0;0;1.935891645194918e-05;1.935891645194918e-05;7.283678;14.418659;0.509529;84,349;33,390
1239;1.239009370757834;52;52;0.292266;44,748;44,748;0;49;10,878;1.884978;3.069498;378.906129;24,161;20,587;44,748;49;0;0;1.935891645194918e-05;1.935891645194918e-05;7.283678;14.418659;0.509529;84,349;33,390
1240;1.240016034413332;52;52;0.449484;44,673;44,673;0;75;10,878;1.888143;3.069498;379.357135;24,161;20,512;44,673;75;0;0;1.935891645194918e-05;1.935891645194918e-05;7.283678;14.418659;0.509529;84,349;33,390
1241;1.241003339152378;51;51;0.449771;44,620;44,620;0;53;10,878;1.890385;3.069498;379.808254;24,161;20,459;44,620;53;0;0;1.935891645194918e-05;1.935891645194918e-05;7.283678;14.418659;0.509529;84,349;33,390
1242;1.242010002807876;52;52;0.343090;44,549;44,549;0;71;10,878;1.893398;3.069498;380.152614;24,161;20,388;44,549;71;0;0;1.935891645194918e-05;1.935891645194918e-05;7.283678;14.418659;0.509529;84,349;33,390
1243;1.243016666463374;52;52;0.303288;44,481;44,481;0;68;10,878;1.896293;3.069498;380.457154;24,161;20,320;44,481;68;0;0;1.935891645194918e-05;1.935891645194918e-05;7.283678;14.418659;0.509529;84,349;33,390
1244;1.24400397120242;51;51;0.286949;44,420;44,420;0;61;10,878;1.898897;3.069498;380.745493;24,161;20,259;44,420;61;0;0;1.935891645194918e-05;1.935891645194918e-05;7.283678;14.418659;0.509529;84,349;33,390
1245;1.245010634857918;52;52;0.232128;44,355;44,355;0;65;10,878;1.901680;3.069498;380.978916;24,161;20,194;44,355;65;0;0;1.935891645194918e-05;1.935891645194918e-05;7.283678;14.418659;0.509529;84,349;33,390
1246;1.246017298513416;52;52;0.311673;44,289;44,289;0;66;10,878;1.904514;3.069498;381.291776;24,161;20,128;44,289;66;0;0;1.935891645194918e-05;1.935891645194918e-05;7.283678;14.418659;0.509529;84,349;33,390
1247;1.247004603252462;51;51;0.340208;44,224;44,224;0;65;10,878;1.907313;3.069498;381.633211;24,161;20,063;44,224;65;0;0;1.935891645194918e-05;1.935891645194918e-05;7.283678;14.418659;0.509529;84,349;33,390
1248;1.24801126690796;52;52;0.745745;44,159;44,159;0;65;10,878;1.910120;3.069498;382.380187;24,161;19,998;44,159;65;0;0;1.935891645194918e-05;1.935891645194918e-05;7.283678;14.418659;0.509529;84,349;33,390
1249;1.249017930563458;52;52;0.340609;44,104;44,104;0;55;10,878;1.912502;3.069498;382.721942;24,161;19,943;44,104;55;0;0;1.935891645194918e-05;1.935891645194918e-05;7.283678;14.418659;0.509529;84,349;33,390
1250;1.250005235302504;51;51;0.285567;44,044;44,044;0;60;10,878;1.915108;3.069498;383.008648;24,161;19,883;44,044;60;0;0;1.935891645194918e-05;1.935891645194918e-05;7.283678;14.418659;0.509529;84,349;33,390
1251;1.251011898958002;52;52;0.280578;43,985;43,985;0;59;10,878;1.917676;3.069498;383.290480;24,161;19,824;43,985;59;0;0;1.935891645194918e-05;1.935891645194918e-05;7.283678;14.418659;0.509529;84,349;33,390
1252;1.2520185626135;52;52;0.532250;43,901;43,901;0;84;10,878;1.921346;3.069498;383.824380;24,161;19,740;43,901;84;0;0;1.935891645194918e-05;1.935891645194918e-05;7.283678;14.418659;0.509529;84,349;33,390
1253;1.253005867352546;51;51;0.383835;43,838;43,838;0;63;10,878;1.924107;3.069498;384.209751;24,161;19,677;43,838;63;0;0;1.935891645194918e-05;1.935891645194918e-05;7.283678;14.418659;0.509529;84,349;33,390
1254;1.254012531008044;52;52;0.299083;43,787;43,787;0;51;10,878;1.926348;3.069498;384.510483;24,161;19,626;43,787;51;0;0;1.935891645194918e-05;1.935891645194918e-05;7.283678;14.418659;0.509529;84,349;33,390
1255;1.255019194663542;52;52;0.454359;43,728;43,728;0;59;10,878;1.928947;3.069498;384.966301;24,161;19,567;43,728;59;0;0;1.935891645194918e-05;1.935891645194918e-05;7.283678;14.418659;0.509529;84,349;33,390
1256;1.256006499402588;51;51;0.473868;43,668;43,668;0;60;10,878;1.931598;3.069498;385.441591;24,161;19,507;43,668;60;0;0;1.935891645194918e-05;1.935891645194918e-05;7.283678;14.418659;0.509529;84,349;33,390
1257;1.257013163058086;52;52;0.380259;43,607;43,607;0;61;10,878;1.934300;3.069498;385.823586;24,161;19,446;43,607;61;0;0;1.935891645194918e-05;1.935891645194918e-05;7.283678;14.418659;0.509529;84,349;33,390
1258;1.258000467797132;51;51;0.288373;43,550;43,550;0;57;10,878;1.936831;3.069498;386.113582;24,161;19,389;43,550;57;0;0;1.935891645194918e-05;1.935891645194918e-05;7.283678;14.418659;0.509529;84,349;33,390
1259;1.25900713145263;52;52;0.460793;43,492;43,492;0;58;10,878;1.939414;3.069498;386.575895;24,161;19,331;43,492;58;0;0;1.935891645194918e-05;1.935891645194918e-05;7.283678;14.418659;0.509529;84,349;33,390
1260;1.260013795108128;52;52;0.390917;43,429;43,429;0;63;10,878;1.942228;3.069498;386.968231;24,161;19,268;43,429;63;0;0;1.935891645194918e-05;1.935891645194918e-05;7.283678;14.418659;0.509529;84,349;33,390
1261;1.261001099847174;51;51;0.654526;43,353;43,353;0;76;10,878;1.945632;3.069498;387.624394;24,161;19,192;43,353;76;0;0;1.935891645194918e-05;1.935891645194918e-05;7.283678;14.418659;0.509529;84,349;33,390
1262;1.262007763502672;52;52;0.490728;43,291;43,291;0;62;10,878;1.948419;3.069498;388.116637;24,161;19,130;43,291;62;0;0;1.935891645194918e-05;1.935891645194918e-05;7.283678;14.418659;0.509529;84,349;33,390
1263;1.26301442715817;52;52;0.313185;43,236;43,236;0;55;10,878;1.950897;3.069498;388.431199;24,161;19,075;43,236;55;0;0;1.935891645194918e-05;1.935891645194918e-05;7.283678;14.418659;0.509529;84,349;33,390
1264;1.264001731897216;51;51;0.430681;43,184;43,184;0;52;10,878;1.953247;3.069498;388.863137;24,161;19,023;43,184;52;0;0;1.935891645194918e-05;1.935891645194918e-05;7.283678;14.418659;0.509529;84,349;33,390
1265;1.265008395552714;52;52;0.180807;43,128;43,128;0;56;10,878;1.955783;3.069498;389.045200;24,161;18,967;43,128;56;0;0;1.935891645194918e-05;1.935891645194918e-05;7.283678;14.418659;0.509529;84,349;33,390
1266;1.266015059208212;52;52;0.437775;43,072;43,072;0;56;10,878;1.958326;3.069498;389.484149;24,161;18,911;43,072;56;0;0;1.935891645194918e-05;1.935891645194918e-05;7.283678;14.418659;0.509529;84,349;33,390
1267;1.267002363947258;51;51;0.321359;43,011;43,011;0;61;10,878;1.961103;3.069498;389.806934;24,161;18,850;43,011;61;0;0;1.935891645194918e-05;1.935891645194918e-05;7.283678;14.418659;0.509529;84,349;33,390
1268;1.268009027602756;52;52;0.316602;42,952;42,952;0;59;10,878;1.963797;3.069498;390.125207;24,161;18,791;42,952;59;0;0;1.935891645194918e-05;1.935891645194918e-05;7.283678;14.418659;0.509529;84,349;33,390
1269;1.269015691258254;52;52;0.485918;42,898;42,898;0;54;10,878;1.966269;3.069498;390.612335;24,161;18,737;42,898;54;0;0;1.935891645194918e-05;1.935891645194918e-05;7.283678;14.418659;0.509529;84,349;33,390
1270;1.2700029959973;51;51;0.295897;42,837;42,837;0;61;10,878;1.969069;3.069498;390.909568;24,161;18,676;42,837;61;0;0;1.935891645194918e-05;1.935891645194918e-05;7.283678;14.418659;0.509529;84,349;33,390
1271;1.271009659652798;52;52;0.238480;42,785;42,785;0;52;10,878;1.971462;3.069498;391.149433;24,161;18,624;42,785;52;0;0;1.935891645194918e-05;1.935891645194918e-05;7.283678;14.418659;0.509529;84,349;33,390
1272;1.272016323308296;52;52;0.269709;42,729;42,729;0;56;10,878;1.974046;3.069498;391.420320;24,161;18,568;42,729;56;0;0;1.935891645194918e-05;1.935891645194918e-05;7.283678;14.418659;0.509529;84,349;33,390
1273;1.273003628047342;51;51;0.344465;42,680;42,680;0;49;10,878;1.976312;3.069498;391.766261;24,161;18,519;42,680;49;0;0;1.935891645194918e-05;1.935891645194918e-05;7.283678;14.418659;0.509529;84,349;33,390
1274;1.27401029170284;52;52;0.621723;42,627;42,627;0;53;10,878;1.978769;3.069498;392.389119;24,161;18,466;42,627;53;0;0;1.935891645194918e-05;1.935891645194918e-05;7.283678;14.418659;0.509529;84,349;33,390
1275;1.275016955358338;52;52;0.318772;42,576;42,576;0;51;10,878;1.981140;3.069498;392.709506;24,161;18,415;42,576;51;0;0;1.935891645194918e-05;1.935891645194918e-05;7.283678;14.418659;0.509529;84,349;33,390
1276;1.276004260097384;51;51;0.177680;42,534;42,534;0;42;10,878;1.983096;3.069498;392.888870;24,161;18,373;42,534;42;0;0;1.935891645194918e-05;1.935891645194918e-05;7.283678;14.418659;0.509529;84,349;33,390
1277;1.277010923752882;52;52;0.240333;42,486;42,486;0;48;10,878;1.985336;3.069498;393.130601;24,161;18,325;42,486;48;0;0;1.935891645194918e-05;1.935891645194918e-05;7.283678;14.418659;0.509529;84,349;33,390
1278;1.27801758740838;52;52;0.407249;42,426;42,426;0;60;10,878;1.988144;3.069498;393.539221;24,161;18,265;42,426;60;0;0;1.935891645194918e-05;1.935891645194918e-05;7.283678;14.418659;0.509529;84,349;33,390
1279;1.279004892147426;51;51;0.228976;42,352;42,352;0;74;10,878;1.991618;3.069498;393.769588;24,161;18,191;42,352;74;0;0;1.935891645194918e-05;1.935891645194918e-05;7.283678;14.418659;0.509529;84,349;33,390
1280;1.280011555802924;52;52;0.246456;42,291;42,291;0;61;10,878;1.994491;3.069498;394.017856;24,161;18,130;42,291;61;0;0;1.935891645194918e-05;1.935891645194918e-05;7.283678;14.418659;0.509529;84,349;33,390
1281;1.281018219458422;52;52;0.356594;42,242;42,242;0;49;10,878;1.996804;3.069498;394.376066;24,161;18,081;42,242;49;0;0;1.935891645194918e-05;1.935891645194918e-05;7.283678;14.418659;0.509529;84,349;33,390
1282;1.282005524197468;51;51;0.326685;42,183;42,183;0;59;10,878;1.999597;3.069498;394.704197;24,161;18,022;42,183;59;0;0;1.935891645194918e-05;1.935891645194918e-05;7.283678;14.418659;0.509529;84,349;33,390
1283;1.283012187852966;52;52;0.687388;42,140;42,140;0;43;10,878;2.001637;3.069498;395.392962;24,161;17,979;42,140;43;0;0;1.935891645194918e-05;1.935891645194918e-05;7.283678;14.418659;0.509529;84,349;33,390
1284;1.284018851508464;52;52;0.295138;42,066;42,066;0;74;10,878;2.005159;3.069498;395.689680;24,161;17,905;42,066;74;0;0;1.935891645194918e-05;1.935891645194918e-05;7.283678;14.418659;0.509529;84,349;33,390
1285;1.28500615624751;51;51;0.234254;42,010;42,010;0;56;10,878;2.007831;3.069498;395.925431;24,161;17,849;42,010;56;0;0;1.935891645194918e-05;1.935891645194918e-05;7.283678;14.418659;0.509529;84,349;33,390
1286;1.286012819903008;52;52;0.353562;41,964;41,964;0;46;10,878;2.010032;3.069498;396.280425;24,161;17,803;41,964;46;0;0;1.935891645194918e-05;1.935891645194918e-05;7.283678;14.418659;0.509529;84,349;33,390
1287;1.287000124642054;51;51;0.286393;41,904;41,904;0;60;10,878;2.012910;3.069498;396.567974;24,161;17,743;41,904;60;0;0;1.935891645194918e-05;1.935891645194918e-05;7.283678;14.418659;0.509529;84,349;33,390
1288;1.288006788297552;52;52;0.298117;41,842;41,842;0;62;10,878;2.015893;3.069498;396.867386;24,161;17,681;41,842;62;0;0;1.935891645194918e-05;1.935891645194918e-05;7.283678;14.418659;0.509529;84,349;33,390
1289;1.28901345195305;52;52;0.288268;41,788;41,788;0;54;10,878;2.018498;3.069498;397.156974;24,161;17,627;41,788;54;0;0;1.935891645194918e-05;1.935891645194918e-05;7.283678;14.418659;0.509529;84,349;33,390
1290;1.290000756692096;51;51;0.300115;41,725;41,725;0;63;10,878;2.021546;3.069498;397.458269;24,161;17,564;41,725;63;0;0;1.935891645194918e-05;1.935891645194918e-05;7.283678;14.418659;0.509529;84,349;33,390
1291;1.291007420347594;52;52;0.676597;41,671;41,671;0;54;10,101;2.024165;3.305613;398.136052;24,161;17,510;41,671;54;0;0;1.935891645194918e-05;1.935891645194918e-05;7.283678;14.418659;0.509529;84,349;33,390
1292;1.292014084003092;52;52;0.223647;41,611;41,611;0;60;10,101;2.027084;3.305613;398.360850;24,161;17,450;41,611;60;0;0;1.935891645194918e-05;1.935891645194918e-05;7.283678;14.418659;0.509529;84,349;33,390
1293;1.293001388742138;51;51;0.356692;41,570;41,570;0;41;10,101;2.029083;3.305613;398.718800;24,161;17,409;41,570;41;0;0;1.935891645194918e-05;1.935891645194918e-05;7.283678;14.418659;0.509529;84,349;33,390
1294;1.294008052397636;52;52;0.307435;41,521;41,521;0;49;10,101;2.031478;3.305613;399.027905;24,161;17,360;41,521;49;0;0;1.935891645194918e-05;1.935891645194918e-05;7.283678;14.418659;0.509529;84,349;33,390
1295;1.295014716053134;52;52;0.430418;41,472;41,472;0;49;10,101;2.033878;3.305613;399.460037;24,161;17,311;41,472;49;0;0;1.935891645194918e-05;1.935891645194918e-05;7.283678;14.418659;0.509529;84,349;33,390
1296;1.29600202079218;51;51;0.235526;41,424;41,424;0;48;10,101;2.036235;3.305613;399.697031;24,161;17,263;41,424;48;0;0;1.935891645194918e-05;1.935891645194918e-05;7.283678;14.418659;0.509529;84,349;33,390
1297;1.297008684447678;52;52;0.346603;41,367;41,367;0;57;10,101;2.039041;3.305613;400.045171;24,161;17,206;41,367;57;0;0;1.935891645194918e-05;1.935891645194918e-05;7.283678;14.418659;0.509529;84,349;33,390
1298;1.298015348103176;52;52;0.582434;41,310;41,310;0;57;10,101;2.041854;3.305613;400.629204;24,161;17,149;41,310;57;0;0;1.935891645194918e-05;1.935891645194918e-05;7.283678;14.418659;0.509529;84,349;33,390
1299;1.299002652842222;51;51;0.319587;41,264;41,264;0;46;10,101;2.044130;3.305613;400.950286;24,161;17,103;41,264;46;0;0;1.935891645194918e-05;1.935891645194918e-05;7.283678;14.418659;0.509529;84,349;33,390
1300;1.30000931649772;52;52;0.226260;41,209;41,209;0;55;10,101;2.046859;3.305613;401.178202;24,161;17,048;41,209;55;0;0;1.935891645194918e-05;1.935891645194918e-05;7.283678;14.418659;0.509529;84,349;33,390
1301;1.301015980153218;52;52;0.293719;41,158;41,158;0;51;10,101;2.049395;3.305613;401.473399;24,161;16,997;41,158;51;0;0;1.935891645194918e-05;1.935891645194918e-05;7.283678;14.418659;0.509529;84,349;33,390
1302;1.302003284892264;51;51;0.329367;41,102;41,102;0;56;10,101;2.052187;3.305613;401.804195;24,161;16,941;41,102;56;0;0;1.935891645194918e-05;1.935891645194918e-05;7.283678;14.418659;0.509529;84,349;33,390
1303;1.303009948547762;52;52;0.318859;41,044;41,044;0;58;10,101;2.055087;3.305613;402.124550;24,161;16,883;41,044;58;0;0;1.935891645194918e-05;1.935891645194918e-05;7.283678;14.418659;0.509529;84,349;33,390
1304;1.30401661220326;52;52;0.437176;40,990;40,990;0;54;10,101;2.057795;3.305613;402.563381;24,161;16,829;40,990;54;0;0;1.935891645194918e-05;1.935891645194918e-05;7.283678;14.418659;0.509529;84,349;33,390
1305;1.305003916942306;51;51;0.240884;40,946;40,946;0;44;10,101;2.060006;3.305613;402.805574;24,161;16,785;40,946;44;0;0;1.935891645194918e-05;1.935891645194918e-05;7.283678;14.418659;0.509529;84,349;33,390
1306;1.306010580597804;52;52;0.358712;40,897;40,897;0;49;10,101;2.062474;3.305613;403.165555;24,161;16,736;40,897;49;0;0;1.935891645194918e-05;1.935891645194918e-05;7.283678;14.418659;0.509529;84,349;33,390
1307;1.307017244253302;52;52;0.334735;40,852;40,852;0;45;10,101;2.064746;3.305613;403.501553;24,161;16,691;40,852;45;0;0;1.935891645194918e-05;1.935891645194918e-05;7.283678;14.418659;0.509529;84,349;33,390
1308;1.308004548992348;51;51;0.388655;40,804;40,804;0;48;10,101;2.067175;3.305613;403.891372;24,161;16,643;40,804;48;0;0;1.935891645194918e-05;1.935891645194918e-05;7.283678;14.418659;0.509529;84,349;33,390
1309;1.309011212647846;52;52;0.322859;40,762;40,762;0;42;10,101;2.069305;3.305613;404.215773;24,161;16,601;40,762;42;0;0;1.935891645194918e-05;1.935891645194918e-05;7.283678;14.418659;0.509529;84,349;33,390
1310;1.310017876303344;52;52;0.347422;40,704;40,704;0;58;10,101;2.072253;3.305613;404.564424;24,161;16,543;40,704;58;0;0;1.935891645194918e-05;1.935891645194918e-05;7.283678;14.418659;0.509529;84,349;33,390
1311;1.31100518104239;51;51;0.287520;40,664;40,664;0;40;10,101;2.074292;3.305613;404.853184;24,161;16,503;40,664;40;0;0;1.935891645194918e-05;1.935891645194918e-05;7.283678;14.418659;0.509529;84,349;33,390
1312;1.312011844697888;52;52;0.355040;40,614;40,614;0;50;10,101;2.076845;3.305613;405.209483;24,161;16,453;40,614;50;0;0;1.935891645194918e-05;1.935891645194918e-05;7.283678;14.418659;0.509529;84,349;33,390
1313;1.313018508353386;52;52;0.182662;40,568;40,568;0;46;10,101;2.079200;3.305613;405.393489;24,161;16,407;40,568;46;0;0;1.935891645194918e-05;1.935891645194918e-05;7.283678;14.418659;0.509529;84,349;33,390
1314;1.314005813092432;51;51;0.027450;40,514;40,514;0;54;10,101;2.081972;3.305613;405.422295;24,161;16,353;40,514;54;0;0;1.935891645194918e-05;1.935891645194918e-05;7.283678;14.418659;0.509529;84,349;33,390
1315;1.31501247674793;52;52;0.027568;40,456;40,456;0;58;10,101;2.084956;3.305613;405.451027;24,161;16,295;40,456;58;0;0;1.935891645194918e-05;1.935891645194918e-05;7.283678;14.418659;0.509529;84,349;33,390
1316;1.316019140403428;52;52;0.027467;40,412;40,412;0;44;10,101;2.087227;3.305613;405.479529;24,161;16,251;40,412;44;0;0;1.935891645194918e-05;1.935891645194918e-05;7.283678;14.418659;0.509529;84,349;33,390
1317;1.317006445142474;51;51;0.027871;40,357;40,357;0;55;10,101;2.090071;3.305613;405.508540;24,161;16,196;40,357;55;0;0;1.935891645194918e-05;1.935891645194918e-05;7.283678;14.418659;0.509529;84,349;33,390
1318;1.318013108797972;52;52;0.028042;40,306;40,306;0;51;10,101;2.092716;3.305613;405.537902;24,161;16,145;40,306;51;0;0;1.935891645194918e-05;1.935891645194918e-05;7.283678;14.418659;0.509529;84,349;33,390
1319;1.319000413537018;51;51;0.134537;40,251;40,251;0;55;10,101;2.095575;3.305613;405.674039;24,161;16,090;40,251;55;0;0;1.935891645194918e-05;1.935891645194918e-05;7.283678;14.418659;0.509529;84,349;33,390
1320;1.320007077192516;52;52;0.641006;40,201;40,201;0;50;10,101;2.098182;3.305613;406.316362;24,161;16,040;40,201;50;0;0;1.935891645194918e-05;1.935891645194918e-05;7.283678;14.418659;0.509529;84,349;33,390
1321;1.321013740848014;52;52;0.297911;40,156;40,156;0;45;10,101;2.100533;3.305613;406.616046;24,161;15,995;40,156;45;0;0;1.935891645194918e-05;1.935891645194918e-05;7.283678;14.418659;0.509529;84,349;33,390
1322;1.32200104558706;51;51;0.382068;40,115;40,115;0;41;10,101;2.102680;3.305613;406.999522;24,161;15,954;40,115;41;0;0;1.935891645194918e-05;1.935891645194918e-05;7.283678;14.418659;0.509529;84,349;33,390
1323;1.323007709242558;52;52;0.343626;40,064;40,064;0;51;10,101;2.105356;3.305613;407.345310;24,161;15,903;40,064;51;0;0;1.935891645194918e-05;1.935891645194918e-05;7.283678;14.418659;0.509529;84,349;33,390
1324;1.324014372898056;52;52;0.343829;40,020;40,020;0;44;10,101;2.107671;3.305613;407.690506;24,161;15,859;40,020;44;0;0;1.935891645194918e-05;1.935891645194918e-05;7.283678;14.418659;0.509529;84,349;33,390
1325;1.325001677637102;51;51;0.333115;39,975;39,975;0;45;10,101;2.110044;3.305613;408.025109;24,161;15,814;39,975;45;0;0;1.935891645194918e-05;1.935891645194918e-05;7.283678;14.418659;0.509529;84,349;33,390
1326;1.3260083412926;52;52;0.190843;39,924;39,924;0;51;10,101;2.112739;3.305613;408.217351;24,161;15,763;39,924;51;0;0;1.935891645194918e-05;1.935891645194918e-05;7.283678;14.418659;0.509529;84,349;33,390
1327;1.327015004948098;52;52;0.028380;39,884;39,884;0;40;10,101;2.114858;3.305613;408.247321;24,161;15,723;39,884;40;0;0;1.935891645194918e-05;1.935891645194918e-05;7.283678;14.418659;0.509529;84,349;33,390
1328;1.328002309687144;51;51;0.027927;39,827;39,827;0;57;10,101;2.117885;3.305613;408.276543;24,161;15,666;39,827;57;0;0;1.935891645194918e-05;1.935891645194918e-05;7.283678;14.418659;0.509529;84,349;33,390
1329;1.329008973342642;52;52;0.027947;39,792;39,792;0;35;10,101;2.119748;3.305613;408.305807;24,161;15,631;39,792;35;0;0;1.935891645194918e-05;1.935891645194918e-05;7.283678;14.418659;0.509529;84,349;33,390
1330;1.33001563699814;52;52;0.028460;39,743;39,743;0;49;10,101;2.122361;3.305613;408.335517;24,161;15,582;39,743;49;0;0;1.935891645194918e-05;1.935891645194918e-05;7.283678;14.418659;0.509529;84,349;33,390
1331;1.331002941737186;51;51;0.027741;39,698;39,698;0;45;10,101;2.124767;3.305613;408.364573;24,161;15,537;39,698;45;0;0;1.935891645194918e-05;1.935891645194918e-05;7.283678;14.418659;0.509529;84,349;33,390
1332;1.332009605392684;52;52;0.028404;39,657;39,657;0;41;10,101;2.126964;3.305613;408.394362;24,161;15,496;39,657;41;0;0;1.935891645194918e-05;1.935891645194918e-05;7.283678;14.418659;0.509529;84,349;33,390
1333;1.333016269048182;52;52;0.028223;39,617;39,617;0;40;10,101;2.129111;3.305613;408.423758;24,161;15,456;39,617;40;0;0;1.935891645194918e-05;1.935891645194918e-05;7.283678;14.418659;0.509529;84,349;33,390
1334;1.334003573787228;51;51;0.027811;39,566;39,566;0;51;10,101;2.131856;3.305613;408.452748;24,161;15,405;39,566;51;0;0;1.935891645194918e-05;1.935891645194918e-05;7.283678;14.418659;0.509529;84,349;33,390
1335;1.335010237442726;52;52;0.027812;39,527;39,527;0;39;10,101;2.133959;3.305613;408.481742;24,161;15,366;39,527;39;0;0;1.935891645194918e-05;1.935891645194918e-05;7.283678;14.418659;0.509529;84,349;33,390
1336;1.336016901098224;52;52;0.028138;39,484;39,484;0;43;10,101;2.136283;3.305613;408.511117;24,161;15,323;39,484;43;0;0;1.935891645194918e-05;1.935891645194918e-05;7.283678;14.418659;0.509529;84,349;33,390
1337;1.33700420583727;51;51;0.027641;39,447;39,447;0;37;10,101;2.138287;3.305613;408.539970;24,161;15,286;39,447;37;0;0;1.935891645194918e-05;1.935891645194918e-05;7.283678;14.418659;0.509529;84,349;33,390
1338;1.338010869492768;52;52;0.027914;39,400;39,400;0;47;10,101;2.140838;3.305613;408.569039;24,161;15,239;39,400;47;0;0;1.935891645194918e-05;1.935891645194918e-05;7.283678;14.418659;0.509529;84,349;33,390
1339;1.339017533148266;52;52;0.028179;39,344;39,344;0;56;10,101;2.143885;3.305613;408.598417;24,161;15,183;39,344;56;0;0;1.935891645194918e-05;1.935891645194918e-05;7.283678;14.418659;0.509529;84,349;33,390
1340;1.340004837887312;51;51;0.027822;39,304;39,304;0;40;10,101;2.146067;3.305613;408.627493;24,161;15,143;39,304;40;0;0;1.935891645194918e-05;1.935891645194918e-05;7.283678;14.418659;0.509529;84,349;33,390
1341;1.34101150154281;52;52;0.027591;39,259;39,259;0;45;10,101;2.148526;3.305613;408.656228;24,161;15,098;39,259;45;0;0;1.935891645194918e-05;1.935891645194918e-05;7.283678;14.418659;0.509529;84,349;33,390
1342;1.342018165198308;52;52;0.027939;39,214;39,214;0;45;10,101;2.150992;3.305613;408.685611;24,161;15,053;39,214;45;0;0;1.935891645194918e-05;1.935891645194918e-05;7.283678;14.418659;0.509529;84,349;33,390
1343;1.343005469937354;51;51;0.027085;39,167;39,167;0;47;10,101;2.153573;3.305613;408.713905;24,161;15,006;39,167;47;0;0;1.935891645194918e-05;1.935891645194918e-05;7.283678;14.418659;0.509529;84,349;33,390
1344;1.344012133592852;52;52;0.029716;39,107;39,107;0;60;10,101;2.156877;3.305613;408.744873;24,161;14,946;39,107;60;0;0;1.935891645194918e-05;1.935891645194918e-05;7.283678;14.418659;0.509529;84,349;33,390
1345;1.34501879724835;52;52;0.343601;39,053;39,053;0;54;10,101;2.159860;3.305613;409.089838;24,161;14,892;39,053;54;0;0;1.935891645194918e-05;1.935891645194918e-05;7.283678;14.418659;0.509529;84,349;33,390
1346;1.346006101987396;51;51;0.345856;39,003;39,003;0;50;10,101;2.162629;3.305613;409.437180;24,161;14,842;39,003;50;0;0;1.935891645194918e-05;1.935891645194918e-05;7.283678;14.418659;0.509529;84,349;33,390
1347;1.347012765642894;52;52;0.635075;38,942;38,942;0;61;10,101;2.166016;3.305613;410.073710;24,161;14,781;38,942;61;0;0;1.935891645194918e-05;1.935891645194918e-05;7.283678;14.418659;0.509529;84,349;33,390
1348;1.34800007038194;51;51;0.304896;38,902;38,902;0;40;9,620;2.168243;3.470894;410.380095;24,161;14,741;38,902;40;0;0;1.935891645194918e-05;1.935891645194918e-05;7.283678;14.418659;0.509529;84,349;33,390
1349;1.349006734037438;52;52;0.418189;38,857;38,857;0;45;9,620;2.170754;3.470894;410.800014;24,161;14,696;38,857;45;0;0;1.935891645194918e-05;1.935891645194918e-05;7.283678;14.418659;0.509529;84,349;33,390
1350;1.350013397692936;52;52;0.304503;38,813;38,813;0;44;9,620;2.173215;3.470894;411.106615;24,161;14,652;38,813;44;0;0;1.935891645194918e-05;1.935891645194918e-05;7.283678;14.418659;0.509529;84,349;33,390
1351;1.351000702431982;51;51;0.134684;38,765;38,765;0;48;9,620;2.175906;3.470894;411.242691;24,161;14,604;38,765;48;0;0;1.935891645194918e-05;1.935891645194918e-05;7.283678;14.418659;0.509529;84,349;33,390
1352;1.35200736608748;52;52;0.440694;38,711;38,711;0;54;9,620;2.178941;3.470894;411.684740;24,161;14,550;38,711;54;0;0;1.935891645194918e-05;1.935891645194918e-05;7.283678;14.418659;0.509529;84,349;33,390
1353;1.353014029742978;52;52;0.288590;38,643;38,643;0;68;9,620;2.182776;3.470894;411.974833;24,161;14,482;38,643;68;0;0;1.935891645194918e-05;1.935891645194918e-05;7.283678;14.418659;0.509529;84,349;33,390
1354;1.354001334482024;51;51;0.310156;38,605;38,605;0;38;9,620;2.184924;3.470894;412.286551;24,161;14,444;38,605;38;0;0;1.935891645194918e-05;1.935891645194918e-05;7.283678;14.418659;0.509529;84,349;33,390
1355;1.355007998137522;52;52;0.104903;38,555;38,555;0;50;9,620;2.187758;3.470894;412.392765;24,161;14,394;38,555;50;0;0;1.935891645194918e-05;1.935891645194918e-05;7.283678;14.418659;0.509529;84,349;33,390
1356;1.35601466179302;52;52;0.298683;38,510;38,510;0;45;9,620;2.190314;3.470894;412.692794;24,161;14,349;38,510;45;0;0;1.935891645194918e-05;1.935891645194918e-05;7.283678;14.418659;0.509529;84,349;33,390
1357;1.357001966532066;51;51;0.291075;38,469;38,469;0;41;9,620;2.192649;3.470894;412.985212;24,161;14,308;38,469;41;0;0;1.935891645194918e-05;1.935891645194918e-05;7.283678;14.418659;0.509529;84,349;33,390
1358;1.358008630187564;52;52;0.439256;38,426;38,426;0;43;9,620;2.195102;3.470894;413.425763;24,161;14,265;38,426;43;0;0;1.935891645194918e-05;1.935891645194918e-05;7.283678;14.418659;0.509529;84,349;33,390
1359;1.359015293843062;52;52;0.136739;38,391;38,391;0;35;9,620;2.197103;3.470894;413.564077;24,161;14,230;38,391;35;0;0;1.935891645194918e-05;1.935891645194918e-05;7.283678;14.418659;0.509529;84,349;33,390
1360;1.360002598582108;51;51;0.323441;38,357;38,357;0;34;9,620;2.199051;3.470894;413.888837;24,161;14,196;38,357;34;0;0;1.935891645194918e-05;1.935891645194918e-05;7.283678;14.418659;0.509529;84,349;33,390
1361;1.361009262237606;52;52;0.141758;38,317;38,317;0;40;9,620;2.201347;3.470894;414.031850;24,161;14,156;38,317;40;0;0;1.935891645194918e-05;1.935891645194918e-05;7.283678;14.418659;0.509529;84,349;33,390
1362;1.362015925893103;52;52;0.027283;38,282;38,282;0;35;9,620;2.203359;3.470894;414.060367;24,161;14,121;38,282;35;0;0;1.935891645194918e-05;1.935891645194918e-05;7.283678;14.418659;0.509529;84,349;33,390
1363;1.36300323063215;51;51;0.026809;38,241;38,241;0;41;9,620;2.205722;3.470894;414.088362;24,161;14,080;38,241;41;0;0;1.935891645194918e-05;1.935891645194918e-05;7.283678;14.418659;0.509529;84,349;33,390
1364;1.364009894287648;52;52;0.031041;38,189;38,189;0;52;9,620;2.208725;3.470894;414.120727;24,161;14,028;38,189;52;0;0;1.935891645194918e-05;1.935891645194918e-05;7.283678;14.418659;0.509529;84,349;33,390
1365;1.365016557943145;52;52;0.341533;38,131;38,131;0;58;9,620;2.212085;3.470894;414.463585;24,161;13,970;38,131;58;0;0;1.935891645194918e-05;1.935891645194918e-05;7.283678;14.418659;0.509529;84,349;33,390
1366;1.366003862682192;51;51;0.291582;38,096;38,096;0;35;9,620;2.214117;3.470894;414.756534;24,161;13,935;38,096;35;0;0;1.935891645194918e-05;1.935891645194918e-05;7.283678;14.418659;0.509529;84,349;33,390
1367;1.367010526337689;52;52;0.520746;38,052;38,052;0;44;9,620;2.216677;3.470894;415.278524;24,161;13,891;38,052;44;0;0;1.935891645194918e-05;1.935891645194918e-05;7.283678;14.418659;0.509529;84,349;33,390
1368;1.368017189993187;52;52;0.323421;38,010;38,010;0;42;9,620;2.219127;3.470894;415.603003;24,161;13,849;38,010;42;0;0;1.935891645194918e-05;1.935891645194918e-05;7.283678;14.418659;0.509529;84,349;33,390
1369;1.369004494732234;51;51;0.256372;37,977;37,977;0;33;9,620;2.221055;3.470894;415.860772;24,161;13,816;37,977;33;0;0;1.935891645194918e-05;1.935891645194918e-05;7.283678;14.418659;0.509529;84,349;33,390
1370;1.370011158387731;52;52;0.287790;37,928;37,928;0;49;9,620;2.223924;3.470894;416.149779;24,161;13,767;37,928;49;0;0;1.935891645194918e-05;1.935891645194918e-05;7.283678;14.418659;0.509529;84,349;33,390
1371;1.371017822043229;52;52;0.335578;37,881;37,881;0;47;9,620;2.226684;3.470894;416.486431;24,161;13,720;37,881;47;0;0;1.935891645194918e-05;1.935891645194918e-05;7.283678;14.418659;0.509529;84,349;33,390
1372;1.372005126782275;51;51;0.178245;37,843;37,843;0;38;9,620;2.228919;3.470894;416.665813;24,161;13,682;37,843;38;0;0;1.935891645194918e-05;1.935891645194918e-05;7.283678;14.418659;0.509529;84,349;33,390
1373;1.373011790437773;52;52;0.025839;37,808;37,808;0;35;9,620;2.230983;3.470894;416.692796;24,161;13,647;37,808;35;0;0;1.935891645194918e-05;1.935891645194918e-05;7.283678;14.418659;0.509529;84,349;33,390
1374;1.374018454093271;52;52;0.026188;37,770;37,770;0;38;9,620;2.233227;3.470894;416.720243;24,161;13,609;37,770;38;0;0;1.935891645194918e-05;1.935891645194918e-05;7.283678;14.418659;0.509529;84,349;33,390
1375;1.375005758832317;51;51;0.025501;37,731;37,731;0;39;9,620;2.235536;3.470894;416.746745;24,161;13,570;37,731;39;0;0;1.935891645194918e-05;1.935891645194918e-05;7.283678;14.418659;0.509529;84,349;33,390
1376;1.376012422487815;52;52;0.026028;37,696;37,696;0;35;9,620;2.237611;3.470894;416.773773;24,161;13,535;37,696;35;0;0;1.935891645194918e-05;1.935891645194918e-05;7.283678;14.418659;0.509529;84,349;33,390
1377;1.377019086143313;52;52;0.029353;37,656;37,656;0;40;9,620;2.239988;3.470894;416.804114;24,161;13,495;37,656;40;0;0;1.935891645194918e-05;1.935891645194918e-05;7.283678;14.418659;0.509529;84,349;33,390
1378;1.378006390882359;51;51;0.025097;37,627;37,627;0;29;9,620;2.241715;3.470894;416.830330;24,161;13,466;37,627;29;0;0;1.935891645194918e-05;1.935891645194918e-05;7.283678;14.418659;0.509529;84,349;33,390
1379;1.379013054537857;52;52;0.025432;37,598;37,598;0;29;9,620;2.243444;3.470894;416.856923;24,161;13,437;37,598;29;0;0;1.935891645194918e-05;1.935891645194918e-05;7.283678;14.418659;0.509529;84,349;33,390
1380;1.380000359276903;51;51;0.024850;37,576;37,576;0;22;9,620;2.244757;3.470894;416.882738;24,161;13,415;37,576;22;0;0;1.935891645194918e-05;1.935891645194918e-05;7.283678;14.418659;0.509529;84,349;33,390
1381;1.381007022932401;52;52;0.025484;37,543;37,543;0;33;9,620;2.246730;3.470894;416.909140;24,161;13,382;37,543;33;0;0;1.935891645194918e-05;1.935891645194918e-05;7.283678;14.418659;0.509529;84,349;33,390
1382;1.382013686587899;52;52;0.025197;37,513;37,513;0;30;9,620;2.248527;3.470894;416.935272;24,161;13,352;37,513;30;0;0;1.935891645194918e-05;1.935891645194918e-05;7.283678;14.418659;0.509529;84,349;33,390
1383;1.383000991326945;51;51;0.129985;37,490;37,490;0;23;9,620;2.249907;3.470894;417.066194;24,161;13,329;37,490;23;0;0;1.935891645194918e-05;1.935891645194918e-05;7.283678;14.418659;0.509529;84,349;33,390
1384;1.384007654982443;52;52;0.294814;37,457;37,457;0;33;9,620;2.251889;3.470894;417.362332;24,161;13,296;37,457;33;0;0;1.935891645194918e-05;1.935891645194918e-05;7.283678;14.418659;0.509529;84,349;33,390
1385;1.385014318637941;52;52;0.507414;37,421;37,421;0;36;9,620;2.254055;3.470894;417.870933;24,161;13,260;37,421;36;0;0;1.935891645194918e-05;1.935891645194918e-05;7.283678;14.418659;0.509529;84,349;33,390
1386;1.386001623376987;51;51;0.269353;37,389;37,389;0;32;9,620;2.255984;3.470894;418.141942;24,161;13,228;37,389;32;0;0;1.935891645194918e-05;1.935891645194918e-05;7.283678;14.418659;0.509529;84,349;33,390
1387;1.387008287032485;52;52;0.289937;37,353;37,353;0;36;9,620;2.258159;3.470894;418.433210;24,161;13,192;37,353;36;0;0;1.935891645194918e-05;1.935891645194918e-05;7.283678;14.418659;0.509529;84,349;33,390
1388;1.388014950687983;52;52;0.412366;37,318;37,318;0;35;9,620;2.260277;3.470894;418.846909;24,161;13,157;37,318;35;0;0;1.935891645194918e-05;1.935891645194918e-05;7.283678;14.418659;0.509529;84,349;33,390
1389;1.389002255427029;51;51;0.318000;37,280;37,280;0;38;9,620;2.262580;3.470894;419.166258;24,161;13,119;37,280;38;0;0;1.935891645194918e-05;1.935891645194918e-05;7.283678;14.418659;0.509529;84,349;33,390
1390;1.390008919082527;52;52;0.316724;37,264;37,264;0;16;9,620;2.263552;3.470894;419.484401;24,161;13,103;37,264;16;0;0;1.935891645194918e-05;1.935891645194918e-05;7.283678;14.418659;0.509529;84,349;33,390
1391;1.391015582738025;52;52;0.270141;37,241;37,241;0;23;9,620;2.264950;3.470894;419.756297;24,161;13,080;37,241;23;0;0;1.935891645194918e-05;1.935891645194918e-05;7.283678;14.418659;0.509529;84,349;33,390
1392;1.392002887477071;51;51;0.187738;37,209;37,209;0;32;9,620;2.266898;3.470894;419.945396;24,161;13,048;37,209;32;0;0;1.935891645194918e-05;1.935891645194918e-05;7.283678;14.418659;0.509529;84,349;33,390
1393;1.393009551132569;52;52;0.211562;37,182;37,182;0;27;9,620;2.268544;3.470894;420.158347;24,161;13,021;37,182;27;0;0;1.935891645194918e-05;1.935891645194918e-05;7.283678;14.418659;0.509529;84,349;33,390
1394;1.394016214788067;52;52;0.262303;37,149;37,149;0;33;9,620;2.270559;3.470894;420.422794;24,161;12,988;37,149;33;0;0;1.935891645194918e-05;1.935891645194918e-05;7.283678;14.418659;0.509529;84,349;33,390
1395;1.395003519527113;51;51;0.340422;37,120;37,120;0;29;9,620;2.272333;3.470894;420.764701;24,161;12,959;37,120;29;0;0;1.935891645194918e-05;1.935891645194918e-05;7.283678;14.418659;0.509529;84,349;33,390
1396;1.396010183182611;52;52;0.309961;37,086;37,086;0;34;9,620;2.274416;3.470894;421.075928;24,161;12,925;37,086;34;0;0;1.935891645194918e-05;1.935891645194918e-05;7.283678;14.418659;0.509529;84,349;33,390
1397;1.397016846838109;52;52;0.164192;37,049;37,049;0;37;9,620;2.276688;3.470894;421.241238;24,161;12,888;37,049;37;0;0;1.935891645194918e-05;1.935891645194918e-05;7.283678;14.418659;0.509529;84,349;33,390
1398;1.398004151577155;51;51;0.328648;37,015;37,015;0;34;9,620;2.278779;3.470894;421.571100;24,161;12,854;37,015;34;0;0;1.935891645194918e-05;1.935891645194918e-05;7.283678;14.418659;0.509529;84,349;33,390
1399;1.399010815232653;52;52;0.291729;36,998;36,998;0;17;9,620;2.279826;3.470894;421.864564;24,161;12,837;36,998;17;0;0;1.935891645194918e-05;1.935891645194918e-05;7.283678;14.418659;0.509529;84,349;33,390
1400;1.400017478888151;52;52;0.025773;36,973;36,973;0;25;9,620;2.281367;3.470894;421.891543;24,161;12,812;36,973;25;0;0;1.935891645194918e-05;1.935891645194918e-05;7.283678;14.418659;0.509529;84,349;33,390
1401;1.401004783627197;51;51;0.078860;36,940;36,940;0;33;9,620;2.283406;3.470894;421.971533;24,161;12,779;36,940;33;0;0;1.935891645194918e-05;1.935891645194918e-05;7.283678;14.418659;0.509529;84,349;33,390
1402;1.402011447282695;52;52;0.353635;36,918;36,918;0;22;9,620;2.284766;3.470894;422.326267;24,161;12,757;36,918;22;0;0;1.935891645194918e-05;1.935891645194918e-05;7.283678;14.418659;0.509529;84,349;33,390
1403;1.403018110938193;52;52;0.352044;36,886;36,886;0;32;9,620;2.286748;3.470894;422.679568;24,161;12,725;36,886;32;0;0;1.935891645194918e-05;1.935891645194918e-05;7.283678;14.418659;0.509529;84,349;33,390
1404;1.404005415677239;51;51;0.257889;36,858;36,858;0;28;9,620;2.288486;3.470894;422.939050;24,161;12,697;36,858;28;0;0;1.935891645194918e-05;1.935891645194918e-05;7.283678;14.418659;0.509529;84,349;33,390
1405;1.405012079332737;52;52;0.212252;36,824;36,824;0;34;9,620;2.290599;3.470894;423.152506;24,161;12,663;36,824;34;0;0;1.935891645194918e-05;1.935891645194918e-05;7.283678;14.418659;0.509529;84,349;33,390
1406;1.406018742988235;52;52;0.340719;36,791;36,791;0;33;9,620;2.292653;3.470894;423.494445;24,161;12,630;36,791;33;0;0;1.935891645194918e-05;1.935891645194918e-05;7.283678;14.418659;0.509529;84,349;33,390
1407;1.407006047727281;51;51;0.292582;36,762;36,762;0;29;9,620;2.294462;3.470894;423.788313;24,161;12,601;36,762;29;0;0;1.935891645194918e-05;1.935891645194918e-05;7.283678;14.418659;0.509529;84,349;33,390
1408;1.408012711382779;52;52;0.287443;36,735;36,735;0;27;9,620;2.296148;3.470894;424.077137;24,161;12,574;36,735;27;0;0;1.935891645194918e-05;1.935891645194918e-05;7.283678;14.418659;0.509529;84,349;33,390
1409;1.409000016121825;51;51;0.648543;36,694;36,694;0;41;9,620;2.298714;3.470894;424.726801;24,161;12,533;36,694;41;0;0;1.935891645194918e-05;1.935891645194918e-05;7.283678;14.418659;0.509529;84,349;33,390
1410;1.410006679777323;52;52;0.379693;36,661;36,661;0;33;9,620;2.300783;3.470894;425.108038;24,161;12,500;36,661;33;0;0;1.935891645194918e-05;1.935891645194918e-05;7.283678;14.418659;0.509529;84,349;33,390
1411;1.411013343432821;52;52;0.527866;36,642;36,642;0;19;9,620;2.301976;3.470894;425.637579;24,161;12,481;36,642;19;0;0;1.935891645194918e-05;1.935891645194918e-05;7.283678;14.418659;0.509529;84,349;33,390
1412;1.412000648171867;51;51;0.370199;36,619;36,619;0;23;9,620;2.303422;3.470894;426.009123;24,161;12,458;36,619;23;0;0;1.935891645194918e-05;1.935891645194918e-05;7.283678;14.418659;0.509529;84,349;33,390
1413;1.413007311827365;52;52;0.350848;36,587;36,587;0;32;9,620;2.305436;3.470894;426.361617;24,161;12,426;36,587;32;0;0;1.935891645194918e-05;1.935891645194918e-05;7.283678;14.418659;0.509529;84,349;33,390
1414;1.414013975482863;52;52;0.317497;36,555;36,555;0;32;9,620;2.307455;3.470894;426.680464;24,161;12,394;36,555;32;0;0;1.935891645194918e-05;1.935891645194918e-05;7.283678;14.418659;0.509529;84,349;33,390
1415;1.415001280221909;51;51;0.334327;36,515;36,515;0;40;9,620;2.309982;3.470894;427.016027;24,161;12,354;36,515;40;0;0;1.935891645194918e-05;1.935891645194918e-05;7.283678;14.418659;0.509529;84,349;33,390
1416;1.416007943877407;52;52;0.427021;36,488;36,488;0;27;9,620;2.311692;3.470894;427.444347;24,161;12,327;36,488;27;0;0;1.935891645194918e-05;1.935891645194918e-05;7.283678;14.418659;0.509529;84,349;33,390
1417;1.417014607532905;52;52;0.491221;36,464;36,464;0;24;9,620;2.313213;3.470894;427.936815;24,161;12,303;36,464;24;0;0;1.935891645194918e-05;1.935891645194918e-05;7.283678;14.418659;0.509529;84,349;33,390
1418;1.418001912271951;51;51;0.588858;36,442;36,442;0;22;9,620;2.314610;3.470894;428.528272;24,161;12,281;36,442;22;0;0;1.935891645194918e-05;1.935891645194918e-05;7.283678;14.418659;0.509529;84,349;33,390
1419;1.419008575927449;52;52;0.608165;36,413;36,413;0;29;9,620;2.316453;3.470894;429.137726;24,161;12,252;36,413;29;0;0;1.935891645194918e-05;1.935891645194918e-05;7.283678;14.418659;0.509529;84,349;33,390
1420;1.420015239582947;52;52;0.327454;36,383;36,383;0;30;9,620;2.318363;3.470894;429.466689;24,161;12,222;36,383;30;0;0;1.935891645194918e-05;1.935891645194918e-05;7.283678;14.418659;0.509529;84,349;33,390
1421;1.421002544321993;51;51;0.326788;36,348;36,348;0;35;9,620;2.320595;3.470894;429.794933;24,161;12,187;36,348;35;0;0;1.935891645194918e-05;1.935891645194918e-05;7.283678;14.418659;0.509529;84,349;33,390
1422;1.422009207977491;52;52;0.237070;36,322;36,322;0;26;9,620;2.322256;3.470894;430.033323;24,161;12,161;36,322;26;0;0;1.935891645194918e-05;1.935891645194918e-05;7.283678;14.418659;0.509529;84,349;33,390
1423;1.423015871632989;52;52;0.112905;36,295;36,295;0;27;9,620;2.323984;3.470894;430.147620;24,161;12,134;36,295;27;0;0;1.935891645194918e-05;1.935891645194918e-05;7.283678;14.418659;0.509529;84,349;33,390
1424;1.424003176372035;51;51;0.409628;36,271;36,271;0;24;9,620;2.325522;3.470894;430.558555;24,161;12,110;36,271;24;0;0;1.935891645194918e-05;1.935891645194918e-05;7.283678;14.418659;0.509529;84,349;33,390
1425;1.425009840027533;52;52;0.307483;36,252;36,252;0;19;9,620;2.326741;3.470894;430.867401;24,161;12,091;36,252;19;0;0;1.935891645194918e-05;1.935891645194918e-05;7.283678;14.418659;0.509529;84,349;33,390
1426;1.426016503683031;52;52;0.296659;36,224;36,224;0;28;9,620;2.328539;3.470894;431.165442;24,161;12,063;36,224;28;0;0;1.935891645194918e-05;1.935891645194918e-05;7.283678;14.418659;0.509529;84,349;33,390
1427;1.427003808422077;51;51;0.310514;36,201;36,201;0;23;9,620;2.330019;3.470894;431.477123;24,161;12,040;36,201;23;0;0;1.935891645194918e-05;1.935891645194918e-05;7.283678;14.418659;0.509529;84,349;33,390
1428;1.428010472077575;52;52;0.107785;36,180;36,180;0;21;9,620;2.331371;3.470894;431.586332;24,161;12,019;36,180;21;0;0;1.935891645194918e-05;1.935891645194918e-05;7.283678;14.418659;0.509529;84,349;33,390
1429;1.429017135733073;52;52;0.404679;36,156;36,156;0;24;9,620;2.332918;3.470894;431.992542;24,161;11,995;36,156;24;0;0;1.935891645194918e-05;1.935891645194918e-05;7.283678;14.418659;0.509529;84,349;33,390
1430;1.430004440472119;51;51;0.300013;36,127;36,127;0;29;9,620;2.334791;3.470894;432.293804;24,161;11,966;36,127;29;0;0;1.935891645194918e-05;1.935891645194918e-05;7.283678;14.418659;0.509529;84,349;33,390
1431;1.431011104127617;52;52;0.289735;36,100;36,100;0;27;9,620;2.336537;3.470894;432.584755;24,161;11,939;36,100;27;0;0;1.935891645194918e-05;1.935891645194918e-05;7.283678;14.418659;0.509529;84,349;33,390
1432;1.432017767783115;52;52;0.321820;36,068;36,068;0;32;9,620;2.338610;3.470894;432.907891;24,161;11,907;36,068;32;0;0;1.935891645194918e-05;1.935891645194918e-05;7.283678;14.418659;0.509529;84,349;33,390
1433;1.433005072522161;51;51;0.319818;36,045;36,045;0;23;9,620;2.340103;3.470894;433.229009;24,161;11,884;36,045;23;0;0;1.935891645194918e-05;1.935891645194918e-05;7.283678;14.418659;0.509529;84,349;33,390
1434;1.434011736177659;52;52;0.606882;36,025;36,025;0;20;9,620;2.341402;3.470894;433.837424;24,161;11,864;36,025;20;0;0;1.935891645194918e-05;1.935891645194918e-05;7.283678;14.418659;0.509529;84,349;33,390
1435;1.435018399833157;52;52;0.400232;36,001;36,001;0;24;9,620;2.342963;3.470894;434.238974;24,161;11,840;36,001;24;0;0;1.935891645194918e-05;1.935891645194918e-05;7.283678;14.418659;0.509529;84,349;33,390
1436;1.436005704572203;51;51;0.345416;35,982;35,982;0;19;9,620;2.344200;3.470894;434.585644;24,161;11,821;35,982;19;0;0;1.935891645194918e-05;1.935891645194918e-05;7.283678;14.418659;0.509529;84,349;33,390
1437;1.437012368227701;52;52;0.443370;35,964;35,964;0;18;9,620;2.345373;3.470894;435.030467;24,161;11,803;35,964;18;0;0;1.935891645194918e-05;1.935891645194918e-05;7.283678;14.418659;0.509529;84,349;33,390
1438;1.438019031883199;52;52;0.277759;35,946;35,946;0;18;9,620;2.346548;3.470894;435.309387;24,161;11,785;35,946;18;0;0;1.935891645194918e-05;1.935891645194918e-05;7.283678;14.418659;0.509529;84,349;33,390
1439;1.439006336622245;51;51;0.389038;35,920;35,920;0;26;9,620;2.348246;3.470894;435.699600;24,161;11,759;35,920;26;0;0;1.935891645194918e-05;1.935891645194918e-05;7.283678;14.418659;0.509529;84,349;33,390
1440;1.440013000277743;52;52;0.290037;35,897;35,897;0;23;9,620;2.349751;3.470894;435.990816;24,161;11,736;35,897;23;0;0;1.935891645194918e-05;1.935891645194918e-05;7.283678;14.418659;0.509529;84,349;33,390
1441;1.441000305016789;51;51;0.579817;35,873;35,873;0;24;9,620;2.351323;3.470894;436.571689;24,161;11,712;35,873;24;0;0;1.935891645194918e-05;1.935891645194918e-05;7.283678;14.418659;0.509529;84,349;33,390
1442;1.442006968672287;52;52;0.241548;35,838;35,838;0;35;9,620;2.353619;3.470894;436.814341;24,161;11,677;35,838;35;0;0;1.935891645194918e-05;1.935891645194918e-05;7.283678;14.418659;0.509529;84,349;33,390
1443;1.443013632327785;52;52;0.340488;35,815;35,815;0;23;9,620;2.355131;3.470894;437.155852;24,161;11,654;35,815;23;0;0;1.935891645194918e-05;1.935891645194918e-05;7.283678;14.418659;0.509529;84,349;33,390
1444;1.444000937066831;51;51;0.448311;35,789;35,789;0;26;9,620;2.356841;3.470894;437.605294;24,161;11,628;35,789;26;0;0;1.935891645194918e-05;1.935891645194918e-05;7.283678;14.418659;0.509529;84,349;33,390
1445;1.445007600722329;52;52;0.316405;35,753;35,753;0;36;9,620;2.359215;3.470894;437.923074;24,161;11,592;35,753;36;0;0;1.935891645194918e-05;1.935891645194918e-05;7.283678;14.418659;0.509529;84,349;33,390
1446;1.446014264377827;52;52;0.364890;35,733;35,733;0;20;9,620;2.360535;3.470894;438.289014;24,161;11,572;35,733;20;0;0;1.935891645194918e-05;1.935891645194918e-05;7.283678;14.418659;0.509529;84,349;33,390
1447;1.447001569116873;51;51;0.271796;35,712;35,712;0;21;9,620;2.361923;3.470894;438.561942;24,161;11,551;35,712;21;0;0;1.935891645194918e-05;1.935891645194918e-05;7.283678;14.418659;0.509529;84,349;33,390
1448;1.448008232772371;52;52;0.759234;35,692;35,692;0;20;9,620;2.363247;3.470894;439.322319;24,161;11,531;35,692;20;0;0;1.935891645194918e-05;1.935891645194918e-05;7.283678;14.418659;0.509529;84,349;33,390
1449;1.449014896427869;52;52;0.787275;35,664;35,664;0;28;9,620;2.365102;3.470894;440.110723;24,161;11,503;35,664;28;0;0;1.935891645194918e-05;1.935891645194918e-05;7.283678;14.418659;0.509529;84,349;33,390
1450;1.450002201166915;51;51;0.309965;35,632;35,632;0;32;9,620;2.367226;3.470894;440.421944;24,161;11,471;35,632;32;0;0;1.935891645194918e-05;1.935891645194918e-05;7.283678;14.418659;0.509529;84,349;33,390
1451;1.451008864822413;52;52;0.346383;35,617;35,617;0;15;9,620;2.368223;3.470894;440.769356;24,161;11,456;35,617;15;0;0;1.935891645194918e-05;1.935891645194918e-05;7.283678;14.418659;0.509529;84,349;33,390
1452;1.452015528477911;52;52;0.279091;35,604;35,604;0;13;9,620;2.369088;3.470894;441.049479;24,161;11,443;35,604;13;0;0;1.935891645194918e-05;1.935891645194918e-05;7.283678;14.418659;0.509529;84,349;33,390
1453;1.453002833216957;51;51;0.302563;35,585;35,585;0;19;9,620;2.370353;3.470894;441.353225;24,161;11,424;35,585;19;0;0;1.935891645194918e-05;1.935891645194918e-05;7.283678;14.418659;0.509529;84,349;33,390
1454;1.454009496872455;52;52;0.333658;35,560;35,560;0;25;9,620;2.372019;3.470894;441.687870;24,161;11,399;35,560;25;0;0;1.935891645194918e-05;1.935891645194918e-05;7.283678;14.418659;0.509529;84,349;33,390
1455;1.455016160527953;52;52;0.428177;35,537;35,537;0;23;9,620;2.373554;3.470894;442.117171;24,161;11,376;35,537;23;0;0;1.935891645194918e-05;1.935891645194918e-05;7.283678;14.418659;0.509529;84,349;33,390
1456;1.456003465266999;51;51;0.650214;35,506;35,506;0;31;9,620;2.375627;3.470894;442.768420;24,161;11,345;35,506;31;0;0;1.935891645194918e-05;1.935891645194918e-05;7.283678;14.418659;0.509529;84,349;33,390
1457;1.457010128922497;52;52;0.369767;35,483;35,483;0;23;9,360;2.377167;3.567308;443.139283;24,161;11,322;35,483;23;0;0;1.935891645194918e-05;1.935891645194918e-05;7.283678;14.418659;0.509529;84,349;33,390
1458;1.458016792577995;52;52;0.313732;35,459;35,459;0;24;9,360;2.378775;3.567308;443.455733;24,161;11,298;35,459;24;0;0;1.935891645194918e-05;1.935891645194918e-05;7.283678;14.418659;0.509529;84,349;33,390
1459;1.459004097317041;51;51;0.273371;35,444;35,444;0;15;9,360;2.379782;3.567308;443.730429;24,161;11,283;35,444;15;0;0;1.935891645194918e-05;1.935891645194918e-05;7.283678;14.418659;0.509529;84,349;33,390
1460;1.460010760972539;52;52;0.249293;35,420;35,420;0;24;9,360;2.381395;3.567308;443.980849;24,161;11,259;35,420;24;0;0;1.935891645194918e-05;1.935891645194918e-05;7.283678;14.418659;0.509529;84,349;33,390
1461;1.461017424628037;52;52;0.349294;35,401;35,401;0;19;9,360;2.382673;3.567308;444.331370;24,161;11,240;35,401;19;0;0;1.935891645194918e-05;1.935891645194918e-05;7.283678;14.418659;0.509529;84,349;33,390
1462;1.462004729367083;51;51;0.302240;35,382;35,382;0;19;9,360;2.383952;3.567308;444.634703;24,161;11,221;35,382;19;0;0;1.935891645194918e-05;1.935891645194918e-05;7.283678;14.418659;0.509529;84,349;33,390
1463;1.463011393022581;52;52;0.467410;35,356;35,356;0;26;9,360;2.385705;3.567308;445.103278;24,161;11,195;35,356;26;0;0;1.935891645194918e-05;1.935891645194918e-05;7.283678;14.418659;0.509529;84,349;33,390
1464;1.464018056678079;52;52;0.338573;35,332;35,332;0;24;9,360;2.387326;3.567308;445.442898;24,161;11,171;35,332;24;0;0;1.935891645194918e-05;1.935891645194918e-05;7.283678;14.418659;0.509529;84,349;33,390
1465;1.465005361417125;51;51;0.436883;35,314;35,314;0;18;9,360;2.388543;3.567308;445.880925;24,161;11,153;35,314;18;0;0;1.935891645194918e-05;1.935891645194918e-05;7.283678;14.418659;0.509529;84,349;33,390
1466;1.466012025072623;52;52;0.391115;35,294;35,294;0;20;9,360;2.389896;3.567308;446.273480;24,161;11,133;35,294;20;0;0;1.935891645194918e-05;1.935891645194918e-05;7.283678;14.418659;0.509529;84,349;33,390
1467;1.467018688728121;52;52;0.316823;35,270;35,270;0;24;9,360;2.391523;3.567308;446.591462;24,161;11,109;35,270;24;0;0;1.935891645194918e-05;1.935891645194918e-05;7.283678;14.418659;0.509529;84,349;33,390
1468;1.468005993467167;51;51;0.264438;35,237;35,237;0;33;9,360;2.393762;3.567308;446.856950;24,161;11,076;35,237;33;0;0;1.935891645194918e-05;1.935891645194918e-05;7.283678;14.418659;0.509529;84,349;33,390
1469;1.469012657122665;52;52;0.437846;35,213;35,213;0;24;9,360;2.395394;3.567308;447.295935;24,161;11,052;35,213;24;0;0;1.935891645194918e-05;1.935891645194918e-05;7.283678;14.418659;0.509529;84,349;33,390
1470;1.470019320778163;52;52;0.408778;35,178;35,178;0;35;9,360;2.397777;3.567308;447.705741;24,161;11,017;35,178;35;0;0;1.935891645194918e-05;1.935891645194918e-05;7.283678;14.418659;0.509529;84,349;33,390
1471;1.471006625517209;51;51;0.416300;35,150;35,150;0;28;9,360;2.399687;3.567308;448.123322;24,161;10,989;35,150;28;0;0;1.935891645194918e-05;1.935891645194918e-05;7.283678;14.418659;0.509529;84,349;33,390
1472;1.472013289172707;52;52;0.341861;35,117;35,117;0;33;9,360;2.401942;3.567308;448.466209;24,161;10,956;35,117;33;0;0;1.935891645194918e-05;1.935891645194918e-05;7.283678;14.418659;0.509529;84,349;33,390
1473;1.473000593911753;51;51;0.340685;35,098;35,098;0;19;9,360;2.403242;3.567308;448.807933;24,161;10,937;35,098;19;0;0;1.935891645194918e-05;1.935891645194918e-05;7.283678;14.418659;0.509529;84,349;33,390
1474;1.474007257567251;52;52;0.329920;35,074;35,074;0;24;9,360;2.404887;3.567308;449.138995;24,161;10,913;35,074;24;0;0;1.935891645194918e-05;1.935891645194918e-05;7.283678;14.418659;0.509529;84,349;33,390
1475;1.475013921222749;52;52;0.225838;35,036;35,036;0;38;9,360;2.407495;3.567308;449.365942;24,161;10,875;35,036;38;0;0;1.935891645194918e-05;1.935891645194918e-05;7.283678;14.418659;0.509529;84,349;33,390
1476;1.476001225961795;51;51;0.302956;35,017;35,017;0;19;9,360;2.408801;3.567308;449.670380;24,161;10,856;35,017;19;0;0;1.935891645194918e-05;1.935891645194918e-05;7.283678;14.418659;0.509529;84,349;33,390
1477;1.477007889617293;52;52;0.534703;34,994;34,994;0;23;9,360;2.410385;3.567308;450.206096;24,161;10,833;34,994;23;0;0;1.935891645194918e-05;1.935891645194918e-05;7.283678;14.418659;0.509529;84,349;33,390
1478;1.478014553272791;52;52;0.366118;34,967;34,967;0;27;9,360;2.412246;3.567308;450.573309;24,161;10,806;34,967;27;0;0;1.935891645194918e-05;1.935891645194918e-05;7.283678;14.418659;0.509529;84,349;33,390
1479;1.479001858011837;51;51;0.366728;34,934;34,934;0;33;9,360;2.414525;3.567308;450.941054;24,161;10,773;34,934;33;0;0;1.935891645194918e-05;1.935891645194918e-05;7.283678;14.418659;0.509529;84,349;33,390
1480;1.480008521667335;52;52;0.294978;34,909;34,909;0;25;9,360;2.416254;3.567308;451.237121;24,161;10,748;34,909;25;0;0;1.935891645194918e-05;1.935891645194918e-05;7.283678;14.418659;0.509529;84,349;33,390
1481;1.481015185322833;52;52;0.064592;34,884;34,884;0;25;9,360;2.417985;3.567308;451.302887;24,161;10,723;34,884;25;0;0;1.935891645194918e-05;1.935891645194918e-05;7.283678;14.418659;0.509529;84,349;33,390
1482;1.482002490061879;51;51;0.336093;34,854;34,854;0;30;9,360;2.420067;3.567308;451.640251;24,161;10,693;34,854;30;0;0;1.935891645194918e-05;1.935891645194918e-05;7.283678;14.418659;0.509529;84,349;33,390
1483;1.483009153717377;52;52;0.325798;34,826;34,826;0;28;9,360;2.422012;3.567308;451.967507;24,161;10,665;34,826;28;0;0;1.935891645194918e-05;1.935891645194918e-05;7.283678;14.418659;0.509529;84,349;33,390
1484;1.484015817372875;52;52;0.552803;34,798;34,798;0;28;9,360;2.423961;3.567308;452.521344;24,161;10,637;34,798;28;0;0;1.935891645194918e-05;1.935891645194918e-05;7.283678;14.418659;0.509529;84,349;33,390
1485;1.485003122111921;51;51;0.585065;34,777;34,777;0;21;9,360;2.425425;3.567308;453.107489;24,161;10,616;34,777;21;0;0;1.935891645194918e-05;1.935891645194918e-05;7.283678;14.418659;0.509529;84,349;33,390
1486;1.486009785767419;52;52;0.332937;34,758;34,758;0;19;9,360;2.426751;3.567308;453.441695;24,161;10,597;34,758;19;0;0;1.935891645194918e-05;1.935891645194918e-05;7.283678;14.418659;0.509529;84,349;33,390
1487;1.487016449422917;52;52;0.444708;34,746;34,746;0;12;9,360;2.427589;3.567308;453.889558;24,161;10,585;34,746;12;0;0;1.935891645194918e-05;1.935891645194918e-05;7.283678;14.418659;0.509529;84,349;33,390
1488;1.488003754161963;51;51;0.324178;34,719;34,719;0;27;9,360;2.429477;3.567308;454.215092;24,161;10,558;34,719;27;0;0;1.935891645194918e-05;1.935891645194918e-05;7.283678;14.418659;0.509529;84,349;33,390
1489;1.489010417817461;52;52;0.281588;34,699;34,699;0;20;9,360;2.430877;3.567308;454.498105;24,161;10,538;34,699;20;0;0;1.935891645194918e-05;1.935891645194918e-05;7.283678;14.418659;0.509529;84,349;33,390
1490;1.490017081472959;52;52;0.271900;34,679;34,679;0;20;9,360;2.432279;3.567308;454.771265;24,161;10,518;34,679;20;0;0;1.935891645194918e-05;1.935891645194918e-05;7.283678;14.418659;0.509529;84,349;33,390
1491;1.491004386212005;51;51;0.232079;34,655;34,655;0;24;9,360;2.433963;3.567308;455.004850;24,161;10,494;34,655;24;0;0;1.935891645194918e-05;1.935891645194918e-05;7.283678;14.418659;0.509529;84,349;33,390
1492;1.492011049867503;52;52;0.136456;34,630;34,630;0;25;9,360;2.435720;3.567308;455.142513;24,161;10,469;34,630;25;0;0;1.935891645194918e-05;1.935891645194918e-05;7.283678;14.418659;0.509529;84,349;33,390
1493;1.493017713523001;52;52;0.370320;34,604;34,604;0;26;9,360;2.437551;3.567308;455.513970;24,161;10,443;34,604;26;0;0;1.935891645194918e-05;1.935891645194918e-05;7.283678;14.418659;0.509529;84,349;33,390
1494;1.494005018262047;51;51;0.280240;34,580;34,580;0;24;9,360;2.439242;3.567308;455.795600;24,161;10,419;34,580;24;0;0;1.935891645194918e-05;1.935891645194918e-05;7.283678;14.418659;0.509529;84,349;33,390
1495;1.495011681917545;52;52;0.281810;34,557;34,557;0;23;9,360;2.440866;3.567308;456.078723;24,161;10,396;34,557;23;0;0;1.935891645194918e-05;1.935891645194918e-05;7.283678;14.418659;0.509529;84,349;33,390
1496;1.496018345573042;52;52;0.280363;34,537;34,537;0;20;9,360;2.442279;3.567308;456.360436;24,161;10,376;34,537;20;0;0;1.935891645194918e-05;1.935891645194918e-05;7.283678;14.418659;0.509529;84,349;33,390
1497;1.497005650312089;51;51;0.296691;34,522;34,522;0;15;9,360;2.443340;3.567308;456.658490;24,161;10,361;34,522;15;0;0;1.935891645194918e-05;1.935891645194918e-05;7.283678;14.418659;0.509529;84,349;33,390
1498;1.498012313967586;52;52;0.432588;34,495;34,495;0;27;9,360;2.445253;3.567308;457.092517;24,161;10,334;34,495;27;0;0;1.935891645194918e-05;1.935891645194918e-05;7.283678;14.418659;0.509529;84,349;33,390
1499;1.499018977623084;52;52;0.564324;34,475;34,475;0;20;9,360;2.446672;3.567308;457.658169;24,161;10,314;34,475;20;0;0;1.935891645194918e-05;1.935891645194918e-05;7.283678;14.418659;0.509529;84,349;33,390
1500;1.500006282362131;51;51;0.494433;34,452;34,452;0;23;9,360;2.448305;3.567308;458.154021;24,161;10,291;34,452;23;0;0;1.935891645194918e-05;1.935891645194918e-05;7.283678;14.418659;0.509529;84,349;33,390

# Part:  Number of output file with particles data.
# TimeStep [s]:  Physical time of simulation.
# Steps:  Number of calculation steps since the previous PART.
# DTsMin:  Number of times the Dt is updated with the minimum allowed value (can be 2 times per step when Symplectic is used).
# PartRuntime [s]:  Runtime of last PART simulation.
# NpSave:  Number of selected particles to save.
# NpSim:  Number of particles used in simulation (normal + periodic particles).
# NpNew:  Number of new fluid particles created by inlet conditions since the previous PART.
# NpOut:  Number of excluded fluid particles since the previous PART.
# NctSim:  Number of cells used in simulation for particle search.
# NpAlloc [X]:  Over-allocation memory for particles NpAlloc/NpSim.
# NctAlloc [X]:  Over-allocation memory for cells NctAlloc/NctSim.
# SimRuntime [s]:  Total runtime of simulation (initialisation tasks not included).
# NpbSim:  Number of fixed and moving particles (includes periodic particles).
# NpfSim:  Number of fluid and floating particles (includes periodic particles).
# NpNormal:  Total number of particles without periodic particles.
# NpOutPos:  Number of excluded particles due to invalid position.
# NpOutRho:  Number of excluded particles due to invalid density.
# NpOutMov:  Number of excluded particles due to invalid movement.
# DtMin [s]:  Minimum value of Dt since the previous PART.
# DtMax [s]:  Maximum value of Dt since the previous PART.
# MemCPU [MiB]:  Current CPU memory allocated (only includes the most memory intensive objects).
# MemGPU [MiB]:  Current GPU memory allocated (only includes the most memory intensive objects).
# MemGPU_Cells [MiB]:  Current GPU memory allocated for cells according to NctAlloc.
# NpAlloc:  Number of supported particles with memory allocated.
# NctAlloc:  Number of supported cells with memory allocated.
