# DualSPHysics DS-DATA-02 Family F7 Moving Obstacle Prescribed Rotation Data
# Trajectory: Smooth C2 Quintic Polynomial (Minimum-Jerk) with joins at zero vel/acc
# Parameters: Nominal Stroke Amplitude = 45.00 deg, Window = 12.00 s, dt = 0.0010 s
# Active interaction: [0.0, 8.0] s (2 full forward-return swings); Rest tail: [8.0, 12.0] s (neutral 0.0 deg)
# Reader: JMotionDataRotAxis::LoadFileAng (DualSPHysics JMotionObj / mvrotfile)
# Columns: Time(s) Angle(degrees)
# -----------------------------------------------------------------------------
    0.000000          0.0000000000
    0.001000          0.0000004493
    0.002000          0.0000035892
    0.003000          0.0000120954
    0.004000          0.0000286275
    0.005000          0.0000558290
    0.006000          0.0000963273
    0.007000          0.0001527339
    0.008000          0.0002276440
    0.009000          0.0003236373
    0.010000          0.0004432770
    0.011000          0.0005891108
    0.012000          0.0007636704
    0.013000          0.0009694716
    0.014000          0.0012090144
    0.015000          0.0014847832
    0.016000          0.0017992463
    0.017000          0.0021548567
    0.018000          0.0025540514
    0.019000          0.0029992519
    0.020000          0.0034928640
    0.021000          0.0040372780
    0.022000          0.0046348687
    0.023000          0.0052879951
    0.024000          0.0059990011
    0.025000          0.0067702148
    0.026000          0.0076039492
    0.027000          0.0085025015
    0.028000          0.0094681540
    0.029000          0.0105031733
    0.030000          0.0116098110
    0.031000          0.0127903032
    0.032000          0.0140468709
    0.033000          0.0153817199
    0.034000          0.0167970408
    0.035000          0.0182950090
    0.036000          0.0198777851
    0.037000          0.0215475142
    0.038000          0.0233063267
    0.039000          0.0251563379
    0.040000          0.0270996480
    0.041000          0.0291383425
    0.042000          0.0312744918
    0.043000          0.0335101516
    0.044000          0.0358473626
    0.045000          0.0382881507
    0.046000          0.0408345272
    0.047000          0.0434884885
    0.048000          0.0462520163
    0.049000          0.0491270776
    0.050000          0.0521156250
    0.051000          0.0552195961
    0.052000          0.0584409143
    0.053000          0.0617814881
    0.054000          0.0652432118
    0.055000          0.0688279649
    0.056000          0.0725376128
    0.057000          0.0763740062
    0.058000          0.0803389815
    0.059000          0.0844343609
    0.060000          0.0886619520
    0.061000          0.0930235483
    0.062000          0.0975209291
    0.063000          0.1021558592
    0.064000          0.1069300895
    0.065000          0.1118453566
    0.066000          0.1169033830
    0.067000          0.1221058771
    0.068000          0.1274545333
    0.069000          0.1329510318
    0.070000          0.1385970390
    0.071000          0.1443942072
    0.072000          0.1503441750
    0.073000          0.1564485667
    0.074000          0.1627089930
    0.075000          0.1691270508
    0.076000          0.1757043231
    0.077000          0.1824423790
    0.078000          0.1893427743
    0.079000          0.1964070506
    0.080000          0.2036367360
    0.081000          0.2110333451
    0.082000          0.2185983788
    0.083000          0.2263333243
    0.084000          0.2342396554
    0.085000          0.2423188325
    0.086000          0.2505723021
    0.087000          0.2590014978
    0.088000          0.2676078394
    0.089000          0.2763927334
    0.090000          0.2853575730
    0.091000          0.2945037381
    0.092000          0.3038325953
    0.093000          0.3133454979
    0.094000          0.3230437861
    0.095000          0.3329287867
    0.096000          0.3430018135
    0.097000          0.3532641672
    0.098000          0.3637171354
    0.099000          0.3743619925
    0.100000          0.3852000000
    0.101000          0.3962324065
    0.102000          0.4074604474
    0.103000          0.4188853453
    0.104000          0.4305083100
    0.105000          0.4423305383
    0.106000          0.4543532143
    0.107000          0.4665775090
    0.108000          0.4790045810
    0.109000          0.4916355760
    0.110000          0.5044716270
    0.111000          0.5175138543
    0.112000          0.5307633657
    0.113000          0.5442212563
    0.114000          0.5578886086
    0.115000          0.5717664925
    0.116000          0.5858559657
    0.117000          0.6001580730
    0.118000          0.6146738471
    0.119000          0.6294043082
    0.120000          0.6443504640
    0.121000          0.6595133100
    0.122000          0.6748938292
    0.123000          0.6904929927
    0.124000          0.7063117589
    0.125000          0.7223510742
    0.126000          0.7386118729
    0.127000          0.7550950771
    0.128000          0.7718015966
    0.129000          0.7887323293
    0.130000          0.8058881610
    0.131000          0.8232699655
    0.132000          0.8408786047
    0.133000          0.8587149282
    0.134000          0.8767797741
    0.135000          0.8950739684
    0.136000          0.9135983252
    0.137000          0.9323536469
    0.138000          0.9513407241
    0.139000          0.9705603354
    0.140000          0.9900132480
    0.141000          1.0097002172
    0.142000          1.0296219868
    0.143000          1.0497792887
    0.144000          1.0701728435
    0.145000          1.0908033601
    0.146000          1.1116715358
    0.147000          1.1327780564
    0.148000          1.1541235964
    0.149000          1.1757088188
    0.150000          1.1975343750
    0.151000          1.2196009053
    0.152000          1.2419090384
    0.153000          1.2644593920
    0.154000          1.2872525723
    0.155000          1.3102891743
    0.156000          1.3335697817
    0.157000          1.3570949673
    0.158000          1.3808652925
    0.159000          1.4048813076
    0.160000          1.4291435520
    0.161000          1.4536525539
    0.162000          1.4784088304
    0.163000          1.5034128879
    0.164000          1.5286652217
    0.165000          1.5541663160
    0.166000          1.5799166444
    0.167000          1.6059166694
    0.168000          1.6321668430
    0.169000          1.6586676061
    0.170000          1.6854193890
    0.171000          1.7124226112
    0.172000          1.7396776815
    0.173000          1.7671849982
    0.174000          1.7949449487
    0.175000          1.8229579102
    0.176000          1.8512242488
    0.177000          1.8797443206
    0.178000          1.9085184708
    0.179000          1.9375470345
    0.180000          1.9668303360
    0.181000          1.9963686894
    0.182000          2.0261623985
    0.183000          2.0562117566
    0.184000          2.0865170468
    0.185000          2.1170785418
    0.186000          2.1478965043
    0.187000          2.1789711865
    0.188000          2.2103028307
    0.189000          2.2418916689
    0.190000          2.2737379230
    0.191000          2.3058418049
    0.192000          2.3382035163
    0.193000          2.3708232491
    0.194000          2.4037011850
    0.195000          2.4368374960
    0.196000          2.4702323440
    0.197000          2.5038858811
    0.198000          2.5377982495
    0.199000          2.5719695816
    0.200000          2.6064000000
    0.201000          2.6410896176
    0.202000          2.6760385375
    0.203000          2.7112468533
    0.204000          2.7467146486
    0.205000          2.7824419977
    0.206000          2.8184289652
    0.207000          2.8546756061
    0.208000          2.8911819660
    0.209000          2.9279480807
    0.210000          2.9649739770
    0.211000          3.0022596719
    0.212000          3.0398051731
    0.213000          3.0776104790
    0.214000          3.1156755787
    0.215000          3.1540004519
    0.216000          3.1925850690
    0.217000          3.2314293914
    0.218000          3.2705333709
    0.219000          3.3098969505
    0.220000          3.3495200640
    0.221000          3.3894026359
    0.222000          3.4295445818
    0.223000          3.4699458082
    0.224000          3.5106062126
    0.225000          3.5515256836
    0.226000          3.5927041007
    0.227000          3.6341413346
    0.228000          3.6758372471
    0.229000          3.7177916912
    0.230000          3.7600045110
    0.231000          3.8024755419
    0.232000          3.8452046104
    0.233000          3.8881915346
    0.234000          3.9314361235
    0.235000          3.9749381778
    0.236000          4.0186974894
    0.237000          4.0627138417
    0.238000          4.1069870094
    0.239000          4.1515167589
    0.240000          4.1963028480
    0.241000          4.2413450260
    0.242000          4.2866430338
    0.243000          4.3321966039
    0.244000          4.3780054605
    0.245000          4.4240693195
    0.246000          4.4703878883
    0.247000          4.5169608663
    0.248000          4.5637879446
    0.249000          4.6108688059
    0.250000          4.6582031250
    0.251000          4.7057905684
    0.252000          4.7536307946
    0.253000          4.8017234540
    0.254000          4.8500681889
    0.255000          4.8986646337
    0.256000          4.9475124147
    0.257000          4.9966111505
    0.258000          5.0459604514
    0.259000          5.0955599204
    0.260000          5.1454091520
    0.261000          5.1955077334
    0.262000          5.2458552438
    0.263000          5.2964512547
    0.264000          5.3472953298
    0.265000          5.3983870253
    0.266000          5.4497258897
    0.267000          5.5013114638
    0.268000          5.5531432808
    0.269000          5.6052208665
    0.270000          5.6575437390
    0.271000          5.7101114091
    0.272000          5.7629233801
    0.273000          5.8159791477
    0.274000          5.8692782005
    0.275000          5.9228200195
    0.276000          5.9766040786
    0.277000          6.0306298441
    0.278000          6.0848967754
    0.279000          6.1394043244
    0.280000          6.1941519360
    0.281000          6.2491390478
    0.282000          6.3043650903
    0.283000          6.3598294870
    0.284000          6.4155316542
    0.285000          6.4714710012
    0.286000          6.5276469305
    0.287000          6.5840588373
    0.288000          6.6407061101
    0.289000          6.6975881304
    0.290000          6.7547042730
    0.291000          6.8120539056
    0.292000          6.8696363892
    0.293000          6.9274510782
    0.294000          6.9854973200
    0.295000          7.0437744554
    0.296000          7.1022818186
    0.297000          7.1610187371
    0.298000          7.2199845317
    0.299000          7.2791785167
    0.300000          7.3386000000
    0.301000          7.3982482827
    0.302000          7.4581226597
    0.303000          7.5182224192
    0.304000          7.5785468432
    0.305000          7.6390952071
    0.306000          7.6998667802
    0.307000          7.7608608253
    0.308000          7.8220765989
    0.309000          7.8835133515
    0.310000          7.9451703270
    0.311000          8.0070467634
    0.312000          8.0691418925
    0.313000          8.1314549398
    0.314000          8.1939851249
    0.315000          8.2567316613
    0.316000          8.3196937564
    0.317000          8.3828706117
    0.318000          8.4462614227
    0.319000          8.5098653789
    0.320000          8.5736816640
    0.321000          8.6377094558
    0.322000          8.7019479264
    0.323000          8.7663962417
    0.324000          8.8310535624
    0.325000          8.8959190430
    0.326000          8.9609918325
    0.327000          9.0262710741
    0.328000          9.0917559057
    0.329000          9.1574454591
    0.330000          9.2233388610
    0.331000          9.2894352322
    0.332000          9.3557336882
    0.333000          9.4222333389
    0.334000          9.4889332888
    0.335000          9.5558326372
    0.336000          9.6229304775
    0.337000          9.6902258984
    0.338000          9.7577179828
    0.339000          9.8254058085
    0.340000          9.8932884480
    0.341000          9.9613649687
    0.342000         10.0296344327
    0.343000         10.0980958970
    0.344000         10.1667484135
    0.345000         10.2355910288
    0.346000         10.3046227849
    0.347000         10.3738427183
    0.348000         10.4432498608
    0.349000         10.5128432390
    0.350000         10.5826218750
    0.351000         10.6525847855
    0.352000         10.7227309828
    0.353000         10.7930594739
    0.354000         10.8635692614
    0.355000         10.9342593430
    0.356000         11.0051287117
    0.357000         11.0761763556
    0.358000         11.1474012584
    0.359000         11.2188023991
    0.360000         11.2903787520
    0.361000         11.3621292869
    0.362000         11.4340529691
    0.363000         11.5061487594
    0.364000         11.5784156140
    0.365000         11.6508524847
    0.366000         11.7234583191
    0.367000         11.7962320601
    0.368000         11.8691726465
    0.369000         11.9422790128
    0.370000         12.0155500890
    0.371000         12.0889848011
    0.372000         12.1625820706
    0.373000         12.2363408153
    0.374000         12.3102599483
    0.375000         12.3843383789
    0.376000         12.4585750123
    0.377000         12.5329687497
    0.378000         12.6075184880
    0.379000         12.6822231204
    0.380000         12.7570815360
    0.381000         12.8320926201
    0.382000         12.9072552541
    0.383000         12.9825683153
    0.384000         13.0580306775
    0.385000         13.1336412106
    0.386000         13.2093987806
    0.387000         13.2853022500
    0.388000         13.3613504775
    0.389000         13.4375423180
    0.390000         13.5138766230
    0.391000         13.5903522403
    0.392000         13.6669680142
    0.393000         13.7437227853
    0.394000         13.8206153909
    0.395000         13.8976446648
    0.396000         13.9748094372
    0.397000         14.0521085350
    0.398000         14.1295407818
    0.399000         14.2071049979
    0.400000         14.2848000000
    0.401000         14.3626246019
    0.402000         14.4405776138
    0.403000         14.5186578431
    0.404000         14.5968640937
    0.405000         14.6751951665
    0.406000         14.7536498591
    0.407000         14.8322269664
    0.408000         14.9109252799
    0.409000         14.9897435882
    0.410000         15.0686806770
    0.411000         15.1477353289
    0.412000         15.2269063238
    0.413000         15.3061924385
    0.414000         15.3855924471
    0.415000         15.4651051207
    0.416000         15.5447292278
    0.417000         15.6244635340
    0.418000         15.7043068024
    0.419000         15.7842577932
    0.420000         15.8643152640
    0.421000         15.9444779698
    0.422000         16.0247446629
    0.423000         16.1051140933
    0.424000         16.1855850081
    0.425000         16.2661561523
    0.426000         16.3468262682
    0.427000         16.4275940957
    0.428000         16.5084583722
    0.429000         16.5894178331
    0.430000         16.6704712110
    0.431000         16.7516172365
    0.432000         16.8328546379
    0.433000         16.9141821412
    0.434000         16.9955984702
    0.435000         17.0771023465
    0.436000         17.1586924897
    0.437000         17.2403676171
    0.438000         17.3221264441
    0.439000         17.4039676840
    0.440000         17.4858900480
    0.441000         17.5678922454
    0.442000         17.6499729837
    0.443000         17.7321309681
    0.444000         17.8143649024
    0.445000         17.8966734882
    0.446000         17.9790554254
    0.447000         18.0615094122
    0.448000         18.1440341449
    0.449000         18.2266283182
    0.450000         18.3092906250
    0.451000         18.3920197567
    0.452000         18.4748144029
    0.453000         18.5576732518
    0.454000         18.6405949900
    0.455000         18.7235783024
    0.456000         18.8066218726
    0.457000         18.8897243827
    0.458000         18.9728845134
    0.459000         19.0561009438
    0.460000         19.1393723520
    0.461000         19.2226974145
    0.462000         19.3060748065
    0.463000         19.3895032021
    0.464000         19.4729812741
    0.465000         19.5565076941
    0.466000         19.6400811324
    0.467000         19.7237002584
    0.468000         19.8073637403
    0.469000         19.8910702451
    0.470000         19.9748184390
    0.471000         20.0586069870
    0.472000         20.1424345532
    0.473000         20.2262998008
    0.474000         20.3102013920
    0.475000         20.3941379883
    0.476000         20.4781082501
    0.477000         20.5621108372
    0.478000         20.6461444085
    0.479000         20.7302076223
    0.480000         20.8142991360
    0.481000         20.8984176065
    0.482000         20.9825616898
    0.483000         21.0667300416
    0.484000         21.1509213169
    0.485000         21.2351341700
    0.486000         21.3193672548
    0.487000         21.4036192248
    0.488000         21.4878887328
    0.489000         21.5721744315
    0.490000         21.6564749730
    0.491000         21.7407890091
    0.492000         21.8251151912
    0.493000         21.9094521705
    0.494000         21.9937985979
    0.495000         22.0781531242
    0.496000         22.1625143997
    0.497000         22.2468810749
    0.498000         22.3312518000
    0.499000         22.4156252250
    0.500000         22.5000000000
    0.501000         22.5843747750
    0.502000         22.6687482000
    0.503000         22.7531189251
    0.504000         22.8374856003
    0.505000         22.9218468758
    0.506000         23.0062014021
    0.507000         23.0905478295
    0.508000         23.1748848088
    0.509000         23.2592109909
    0.510000         23.3435250270
    0.511000         23.4278255685
    0.512000         23.5121112672
    0.513000         23.5963807752
    0.514000         23.6806327452
    0.515000         23.7648658300
    0.516000         23.8490786831
    0.517000         23.9332699584
    0.518000         24.0174383102
    0.519000         24.1015823935
    0.520000         24.1857008640
    0.521000         24.2697923777
    0.522000         24.3538555915
    0.523000         24.4378891628
    0.524000         24.5218917499
    0.525000         24.6058620117
    0.526000         24.6897986080
    0.527000         24.7737001992
    0.528000         24.8575654468
    0.529000         24.9413930130
    0.530000         25.0251815610
    0.531000         25.1089297549
    0.532000         25.1926362597
    0.533000         25.2762997416
    0.534000         25.3599188676
    0.535000         25.4434923059
    0.536000         25.5270187259
    0.537000         25.6104967979
    0.538000         25.6939251935
    0.539000         25.7773025855
    0.540000         25.8606276480
    0.541000         25.9438990562
    0.542000         26.0271154866
    0.543000         26.1102756173
    0.544000         26.1933781274
    0.545000         26.2764216976
    0.546000         26.3594050100
    0.547000         26.4423267482
    0.548000         26.5251855971
    0.549000         26.6079802433
    0.550000         26.6907093750
    0.551000         26.7733716818
    0.552000         26.8559658551
    0.553000         26.9384905878
    0.554000         27.0209445746
    0.555000         27.1033265118
    0.556000         27.1856350976
    0.557000         27.2678690319
    0.558000         27.3500270163
    0.559000         27.4321077546
    0.560000         27.5141099520
    0.561000         27.5960323160
    0.562000         27.6778735559
    0.563000         27.7596323829
    0.564000         27.8413075103
    0.565000         27.9228976535
    0.566000         28.0044015298
    0.567000         28.0858178588
    0.568000         28.1671453621
    0.569000         28.2483827635
    0.570000         28.3295287890
    0.571000         28.4105821669
    0.572000         28.4915416278
    0.573000         28.5724059043
    0.574000         28.6531737318
    0.575000         28.7338438477
    0.576000         28.8144149919
    0.577000         28.8948859067
    0.578000         28.9752553371
    0.579000         29.0555220302
    0.580000         29.1356847360
    0.581000         29.2157422068
    0.582000         29.2956931976
    0.583000         29.3755364660
    0.584000         29.4552707722
    0.585000         29.5348948793
    0.586000         29.6144075529
    0.587000         29.6938075615
    0.588000         29.7730936762
    0.589000         29.8522646711
    0.590000         29.9313193230
    0.591000         30.0102564118
    0.592000         30.0890747201
    0.593000         30.1677730336
    0.594000         30.2463501409
    0.595000         30.3248048335
    0.596000         30.4031359063
    0.597000         30.4813421569
    0.598000         30.5594223862
    0.599000         30.6373753981
    0.600000         30.7152000000
    0.601000         30.7928950021
    0.602000         30.8704592182
    0.603000         30.9478914650
    0.604000         31.0251905628
    0.605000         31.1023553352
    0.606000         31.1793846091
    0.607000         31.2562772147
    0.608000         31.3330319858
    0.609000         31.4096477597
    0.610000         31.4861233770
    0.611000         31.5624576820
    0.612000         31.6386495225
    0.613000         31.7146977500
    0.614000         31.7906012194
    0.615000         31.8663587894
    0.616000         31.9419693225
    0.617000         32.0174316847
    0.618000         32.0927447459
    0.619000         32.1679073799
    0.620000         32.2429184640
    0.621000         32.3177768796
    0.622000         32.3924815120
    0.623000         32.4670312503
    0.624000         32.5414249877
    0.625000         32.6156616211
    0.626000         32.6897400517
    0.627000         32.7636591847
    0.628000         32.8374179294
    0.629000         32.9110151989
    0.630000         32.9844499110
    0.631000         33.0577209872
    0.632000         33.1308273535
    0.633000         33.2037679399
    0.634000         33.2765416809
    0.635000         33.3491475153
    0.636000         33.4215843860
    0.637000         33.4938512406
    0.638000         33.5659470309
    0.639000         33.6378707131
    0.640000         33.7096212480
    0.641000         33.7811976009
    0.642000         33.8525987416
    0.643000         33.9238236444
    0.644000         33.9948712883
    0.645000         34.0657406570
    0.646000         34.1364307386
    0.647000         34.2069405261
    0.648000         34.2772690172
    0.649000         34.3474152145
    0.650000         34.4173781250
    0.651000         34.4871567610
    0.652000         34.5567501392
    0.653000         34.6261572817
    0.654000         34.6953772151
    0.655000         34.7644089712
    0.656000         34.8332515865
    0.657000         34.9019041030
    0.658000         34.9703655673
    0.659000         35.0386350313
    0.660000         35.1067115520
    0.661000         35.1745941915
    0.662000         35.2422820172
    0.663000         35.3097741016
    0.664000         35.3770695225
    0.665000         35.4441673628
    0.666000         35.5110667112
    0.667000         35.5777666611
    0.668000         35.6442663118
    0.669000         35.7105647678
    0.670000         35.7766611390
    0.671000         35.8425545409
    0.672000         35.9082440943
    0.673000         35.9737289259
    0.674000         36.0390081675
    0.675000         36.1040809570
    0.676000         36.1689464376
    0.677000         36.2336037583
    0.678000         36.2980520736
    0.679000         36.3622905442
    0.680000         36.4263183360
    0.681000         36.4901346211
    0.682000         36.5537385773
    0.683000         36.6171293883
    0.684000         36.6803062436
    0.685000         36.7432683387
    0.686000         36.8060148751
    0.687000         36.8685450602
    0.688000         36.9308581075
    0.689000         36.9929532366
    0.690000         37.0548296730
    0.691000         37.1164866485
    0.692000         37.1779234011
    0.693000         37.2391391747
    0.694000         37.3001332198
    0.695000         37.3609047929
    0.696000         37.4214531568
    0.697000         37.4817775808
    0.698000         37.5418773403
    0.699000         37.6017517173
    0.700000         37.6614000000
    0.701000         37.7208214833
    0.702000         37.7800154683
    0.703000         37.8389812629
    0.704000         37.8977181814
    0.705000         37.9562255446
    0.706000         38.0145026800
    0.707000         38.0725489218
    0.708000         38.1303636108
    0.709000         38.1879460944
    0.710000         38.2452957270
    0.711000         38.3024118696
    0.712000         38.3592938899
    0.713000         38.4159411627
    0.714000         38.4723530695
    0.715000         38.5285289988
    0.716000         38.5844683458
    0.717000         38.6401705130
    0.718000         38.6956349097
    0.719000         38.7508609522
    0.720000         38.8058480640
    0.721000         38.8605956756
    0.722000         38.9151032246
    0.723000         38.9693701559
    0.724000         39.0233959214
    0.725000         39.0771799805
    0.726000         39.1307217995
    0.727000         39.1840208523
    0.728000         39.2370766199
    0.729000         39.2898885909
    0.730000         39.3424562610
    0.731000         39.3947791335
    0.732000         39.4468567192
    0.733000         39.4986885362
    0.734000         39.5502741103
    0.735000         39.6016129747
    0.736000         39.6527046702
    0.737000         39.7035487453
    0.738000         39.7541447562
    0.739000         39.8044922666
    0.740000         39.8545908480
    0.741000         39.9044400796
    0.742000         39.9540395486
    0.743000         40.0033888495
    0.744000         40.0524875853
    0.745000         40.1013353663
    0.746000         40.1499318111
    0.747000         40.1982765460
    0.748000         40.2463692054
    0.749000         40.2942094316
    0.750000         40.3417968750
    0.751000         40.3891311941
    0.752000         40.4362120554
    0.753000         40.4830391337
    0.754000         40.5296121117
    0.755000         40.5759306805
    0.756000         40.6219945395
    0.757000         40.6678033961
    0.758000         40.7133569662
    0.759000         40.7586549740
    0.760000         40.8036971520
    0.761000         40.8484832411
    0.762000         40.8930129906
    0.763000         40.9372861583
    0.764000         40.9813025106
    0.765000         41.0250618222
    0.766000         41.0685638765
    0.767000         41.1118084654
    0.768000         41.1547953896
    0.769000         41.1975244581
    0.770000         41.2399954890
    0.771000         41.2822083088
    0.772000         41.3241627529
    0.773000         41.3658586654
    0.774000         41.4072958993
    0.775000         41.4484743164
    0.776000         41.4893937874
    0.777000         41.5300541918
    0.778000         41.5704554182
    0.779000         41.6105973641
    0.780000         41.6504799360
    0.781000         41.6901030495
    0.782000         41.7294666291
    0.783000         41.7685706086
    0.784000         41.8074149310
    0.785000         41.8459995481
    0.786000         41.8843244213
    0.787000         41.9223895210
    0.788000         41.9601948269
    0.789000         41.9977403281
    0.790000         42.0350260230
    0.791000         42.0720519193
    0.792000         42.1088180340
    0.793000         42.1453243939
    0.794000         42.1815710348
    0.795000         42.2175580023
    0.796000         42.2532853514
    0.797000         42.2887531467
    0.798000         42.3239614625
    0.799000         42.3589103824
    0.800000         42.3936000000
    0.801000         42.4280304184
    0.802000         42.4622017505
    0.803000         42.4961141189
    0.804000         42.5297676560
    0.805000         42.5631625040
    0.806000         42.5962988150
    0.807000         42.6291767509
    0.808000         42.6617964837
    0.809000         42.6941581951
    0.810000         42.7262620770
    0.811000         42.7581083311
    0.812000         42.7896971693
    0.813000         42.8210288135
    0.814000         42.8521034957
    0.815000         42.8829214582
    0.816000         42.9134829532
    0.817000         42.9437882434
    0.818000         42.9738376015
    0.819000         43.0036313106
    0.820000         43.0331696640
    0.821000         43.0624529655
    0.822000         43.0914815292
    0.823000         43.1202556794
    0.824000         43.1487757512
    0.825000         43.1770420898
    0.826000         43.2050550513
    0.827000         43.2328150018
    0.828000         43.2603223185
    0.829000         43.2875773888
    0.830000         43.3145806110
    0.831000         43.3413323939
    0.832000         43.3678331570
    0.833000         43.3940833306
    0.834000         43.4200833556
    0.835000         43.4458336840
    0.836000         43.4713347783
    0.837000         43.4965871121
    0.838000         43.5215911696
    0.839000         43.5463474461
    0.840000         43.5708564480
    0.841000         43.5951186924
    0.842000         43.6191347075
    0.843000         43.6429050327
    0.844000         43.6664302183
    0.845000         43.6897108257
    0.846000         43.7127474277
    0.847000         43.7355406080
    0.848000         43.7580909616
    0.849000         43.7803990947
    0.850000         43.8024656250
    0.851000         43.8242911812
    0.852000         43.8458764036
    0.853000         43.8672219436
    0.854000         43.8883284642
    0.855000         43.9091966399
    0.856000         43.9298271565
    0.857000         43.9502207113
    0.858000         43.9703780132
    0.859000         43.9902997828
    0.860000         44.0099867520
    0.861000         44.0294396646
    0.862000         44.0486592759
    0.863000         44.0676463531
    0.864000         44.0864016748
    0.865000         44.1049260316
    0.866000         44.1232202259
    0.867000         44.1412850718
    0.868000         44.1591213953
    0.869000         44.1767300345
    0.870000         44.1941118390
    0.871000         44.2112676707
    0.872000         44.2281984034
    0.873000         44.2449049229
    0.874000         44.2613881271
    0.875000         44.2776489258
    0.876000         44.2936882411
    0.877000         44.3095070073
    0.878000         44.3251061708
    0.879000         44.3404866900
    0.880000         44.3556495360
    0.881000         44.3705956918
    0.882000         44.3853261529
    0.883000         44.3998419270
    0.884000         44.4141440343
    0.885000         44.4282335075
    0.886000         44.4421113914
    0.887000         44.4557787437
    0.888000         44.4692366343
    0.889000         44.4824861457
    0.890000         44.4955283730
    0.891000         44.5083644240
    0.892000         44.5209954190
    0.893000         44.5334224910
    0.894000         44.5456467857
    0.895000         44.5576694617
    0.896000         44.5694916900
    0.897000         44.5811146547
    0.898000         44.5925395526
    0.899000         44.6037675935
    0.900000         44.6148000000
    0.901000         44.6256380075
    0.902000         44.6362828646
    0.903000         44.6467358328
    0.904000         44.6569981865
    0.905000         44.6670712133
    0.906000         44.6769562139
    0.907000         44.6866545021
    0.908000         44.6961674047
    0.909000         44.7054962619
    0.910000         44.7146424270
    0.911000         44.7236072666
    0.912000         44.7323921606
    0.913000         44.7409985022
    0.914000         44.7494276979
    0.915000         44.7576811675
    0.916000         44.7657603446
    0.917000         44.7736666757
    0.918000         44.7814016212
    0.919000         44.7889666549
    0.920000         44.7963632640
    0.921000         44.8035929494
    0.922000         44.8106572257
    0.923000         44.8175576210
    0.924000         44.8242956769
    0.925000         44.8308729492
    0.926000         44.8372910070
    0.927000         44.8435514333
    0.928000         44.8496558250
    0.929000         44.8556057928
    0.930000         44.8614029610
    0.931000         44.8670489682
    0.932000         44.8725454667
    0.933000         44.8778941229
    0.934000         44.8830966170
    0.935000         44.8881546434
    0.936000         44.8930699105
    0.937000         44.8978441408
    0.938000         44.9024790709
    0.939000         44.9069764517
    0.940000         44.9113380480
    0.941000         44.9155656391
    0.942000         44.9196610185
    0.943000         44.9236259938
    0.944000         44.9274623872
    0.945000         44.9311720351
    0.946000         44.9347567882
    0.947000         44.9382185119
    0.948000         44.9415590857
    0.949000         44.9447804039
    0.950000         44.9478843750
    0.951000         44.9508729224
    0.952000         44.9537479837
    0.953000         44.9565115115
    0.954000         44.9591654728
    0.955000         44.9617118493
    0.956000         44.9641526374
    0.957000         44.9664898484
    0.958000         44.9687255082
    0.959000         44.9708616575
    0.960000         44.9729003520
    0.961000         44.9748436621
    0.962000         44.9766936733
    0.963000         44.9784524858
    0.964000         44.9801222149
    0.965000         44.9817049910
    0.966000         44.9832029592
    0.967000         44.9846182801
    0.968000         44.9859531291
    0.969000         44.9872096968
    0.970000         44.9883901890
    0.971000         44.9894968267
    0.972000         44.9905318460
    0.973000         44.9914974985
    0.974000         44.9923960508
    0.975000         44.9932297852
    0.976000         44.9940009989
    0.977000         44.9947120049
    0.978000         44.9953651313
    0.979000         44.9959627220
    0.980000         44.9965071360
    0.981000         44.9970007481
    0.982000         44.9974459486
    0.983000         44.9978451433
    0.984000         44.9982007537
    0.985000         44.9985152168
    0.986000         44.9987909856
    0.987000         44.9990305284
    0.988000         44.9992363296
    0.989000         44.9994108892
    0.990000         44.9995567230
    0.991000         44.9996763627
    0.992000         44.9997723560
    0.993000         44.9998472661
    0.994000         44.9999036727
    0.995000         44.9999441710
    0.996000         44.9999713725
    0.997000         44.9999879046
    0.998000         44.9999964108
    0.999000         44.9999995507
    1.000000         45.0000000000
    1.001000         44.9999998876
    1.002000         44.9999991013
    1.003000         44.9999969693
    1.004000         44.9999928216
    1.005000         44.9999859902
    1.006000         44.9999758092
    1.007000         44.9999616148
    1.008000         44.9999427450
    1.009000         44.9999185401
    1.010000         44.9998883421
    1.011000         44.9998514951
    1.012000         44.9998073454
    1.013000         44.9997552411
    1.014000         44.9996945323
    1.015000         44.9996245712
    1.016000         44.9995447119
    1.017000         44.9994543106
    1.018000         44.9993527255
    1.019000         44.9992393166
    1.020000         44.9991134460
    1.021000         44.9989744779
    1.022000         44.9988217784
    1.023000         44.9986547155
    1.024000         44.9984726592
    1.025000         44.9982749817
    1.026000         44.9980610569
    1.027000         44.9978302607
    1.028000         44.9975819712
    1.029000         44.9973155682
    1.030000         44.9970304337
    1.031000         44.9967259515
    1.032000         44.9964015074
    1.033000         44.9960564892
    1.034000         44.9956902866
    1.035000         44.9953022914
    1.036000         44.9948918972
    1.037000         44.9944584997
    1.038000         44.9940014963
    1.039000         44.9935202866
    1.040000         44.9930142720
    1.041000         44.9924828560
    1.042000         44.9919254439
    1.043000         44.9913414431
    1.044000         44.9907302626
    1.045000         44.9900913138
    1.046000         44.9894240097
    1.047000         44.9887277654
    1.048000         44.9880019978
    1.049000         44.9872461258
    1.050000         44.9864595703
    1.051000         44.9856417540
    1.052000         44.9847921017
    1.053000         44.9839100398
    1.054000         44.9829949969
    1.055000         44.9820464036
    1.056000         44.9810636920
    1.057000         44.9800462965
    1.058000         44.9789936533
    1.059000         44.9779052005
    1.060000         44.9767803780
    1.061000         44.9756186278
    1.062000         44.9744193936
    1.063000         44.9731821212
    1.064000         44.9719062582
    1.065000         44.9705912541
    1.066000         44.9692365602
    1.067000         44.9678416300
    1.068000         44.9664059185
    1.069000         44.9649288828
    1.070000         44.9634099819
    1.071000         44.9618486767
    1.072000         44.9602444299
    1.073000         44.9585967060
    1.074000         44.9569049716
    1.075000         44.9551686951
    1.076000         44.9533873466
    1.077000         44.9515603984
    1.078000         44.9496873243
    1.079000         44.9477676003
    1.080000         44.9458007040
    1.081000         44.9437861151
    1.082000         44.9417233150
    1.083000         44.9396117870
    1.084000         44.9374510163
    1.085000         44.9352404900
    1.086000         44.9329796968
    1.087000         44.9306681276
    1.088000         44.9283052748
    1.089000         44.9258906331
    1.090000         44.9234236986
    1.091000         44.9209039694
    1.092000         44.9183309456
    1.093000         44.9157041289
    1.094000         44.9130230230
    1.095000         44.9102871335
    1.096000         44.9074959675
    1.097000         44.9046490342
    1.098000         44.9017458447
    1.099000         44.8987859118
    1.100000         44.8957687500
    1.101000         44.8926938759
    1.102000         44.8895608077
    1.103000         44.8863690656
    1.104000         44.8831181714
    1.105000         44.8798076490
    1.106000         44.8764370238
    1.107000         44.8730058232
    1.108000         44.8695135765
    1.109000         44.8659598145
    1.110000         44.8623440702
    1.111000         44.8586658780
    1.112000         44.8549247744
    1.113000         44.8511202976
    1.114000         44.8472519876
    1.115000         44.8433193862
    1.116000         44.8393220369
    1.117000         44.8352594852
    1.118000         44.8311312782
    1.119000         44.8269369649
    1.120000         44.8226760960
    1.121000         44.8183482240
    1.122000         44.8139529033
    1.123000         44.8094896900
    1.124000         44.8049581419
    1.125000         44.8003578186
    1.126000         44.7956882816
    1.127000         44.7909490941
    1.128000         44.7861398210
    1.129000         44.7812600291
    1.130000         44.7763092868
    1.131000         44.7712871644
    1.132000         44.7661932340
    1.133000         44.7610270693
    1.134000         44.7557882458
    1.135000         44.7504763408
    1.136000         44.7450909335
    1.137000         44.7396316045
    1.138000         44.7340979364
    1.139000         44.7284895136
    1.140000         44.7228059220
    1.141000         44.7170467495
    1.142000         44.7112115855
    1.143000         44.7053000214
    1.144000         44.6993116501
    1.145000         44.6932460664
    1.146000         44.6871028667
    1.147000         44.6808816493
    1.148000         44.6745820140
    1.149000         44.6682035626
    1.150000         44.6617458984
    1.151000         44.6552086266
    1.152000         44.6485913539
    1.153000         44.6418936889
    1.154000         44.6351152419
    1.155000         44.6282556248
    1.156000         44.6213144514
    1.157000         44.6142913371
    1.158000         44.6071858989
    1.159000         44.5999977557
    1.160000         44.5927265280
    1.161000         44.5853718381
    1.162000         44.5779333098
    1.163000         44.5704105688
    1.164000         44.5628032424
    1.165000         44.5551109597
    1.166000         44.5473333514
    1.167000         44.5394700498
    1.168000         44.5315206891
    1.169000         44.5234849050
    1.170000         44.5153623351
    1.171000         44.5071526183
    1.172000         44.4988553957
    1.173000         44.4904703097
    1.174000         44.4819970044
    1.175000         44.4734351257
    1.176000         44.4647843212
    1.177000         44.4560442401
    1.178000         44.4472145332
    1.179000         44.4382948531
    1.180000         44.4292848540
    1.181000         44.4201841917
    1.182000         44.4109925238
    1.183000         44.4017095094
    1.184000         44.3923348094
    1.185000         44.3828680863
    1.186000         44.3733090042
    1.187000         44.3636572289
    1.188000         44.3539124279
    1.189000         44.3440742702
    1.190000         44.3341424267
    1.191000         44.3241165696
    1.192000         44.3139963730
    1.193000         44.3037815126
    1.194000         44.2934716656
    1.195000         44.2830665110
    1.196000         44.2725657293
    1.197000         44.2619690027
    1.198000         44.2512760151
    1.199000         44.2404864518
    1.200000         44.2296000000
    1.201000         44.2186163483
    1.202000         44.2075351871
    1.203000         44.1963562082
    1.204000         44.1850791053
    1.205000         44.1737035734
    1.206000         44.1622293093
    1.207000         44.1506560115
    1.208000         44.1389833799
    1.209000         44.1272111161
    1.210000         44.1153389233
    1.211000         44.1033665063
    1.212000         44.0912935715
    1.213000         44.0791198269
    1.214000         44.0668449820
    1.215000         44.0544687481
    1.216000         44.0419908380
    1.217000         44.0294109660
    1.218000         44.0167288480
    1.219000         44.0039442016
    1.220000         43.9910567460
    1.221000         43.9780662018
    1.222000         43.9649722913
    1.223000         43.9517747384
    1.224000         43.9384732685
    1.225000         43.9250676086
    1.226000         43.9115574874
    1.227000         43.8979426349
    1.228000         43.8842227829
    1.229000         43.8703976646
    1.230000         43.8564670149
    1.231000         43.8424305703
    1.232000         43.8282880686
    1.233000         43.8140392495
    1.234000         43.7996838540
    1.235000         43.7852216246
    1.236000         43.7706523057
    1.237000         43.7559756429
    1.238000         43.7411913836
    1.239000         43.7262992765
    1.240000         43.7112990720
    1.241000         43.6961905220
    1.242000         43.6809733801
    1.243000         43.6656474011
    1.244000         43.6502123415
    1.245000         43.6346679595
    1.246000         43.6190140147
    1.247000         43.6032502680
    1.248000         43.5873764823
    1.249000         43.5713924215
    1.250000         43.5552978516
    1.251000         43.5390925395
    1.252000         43.5227762541
    1.253000         43.5063487657
    1.254000         43.4898098459
    1.255000         43.4731592680
    1.256000         43.4563968069
    1.257000         43.4395222388
    1.258000         43.4225353415
    1.259000         43.4054358943
    1.260000         43.3882236780
    1.261000         43.3708984750
    1.262000         43.3534600689
    1.263000         43.3359082453
    1.264000         43.3182427907
    1.265000         43.3004634935
    1.266000         43.2825701436
    1.267000         43.2645625321
    1.268000         43.2464404518
    1.269000         43.2282036969
    1.270000         43.2098520632
    1.271000         43.1913853478
    1.272000         43.1728033495
    1.273000         43.1541058684
    1.274000         43.1352927061
    1.275000         43.1163636658
    1.276000         43.0973185519
    1.277000         43.0781571705
    1.278000         43.0588793292
    1.279000         43.0394848369
    1.280000         43.0199735040
    1.281000         43.0003451424
    1.282000         42.9805995655
    1.283000         42.9607365881
    1.284000         42.9407560264
    1.285000         42.9206576982
    1.286000         42.9004414225
    1.287000         42.8801070201
    1.288000         42.8596543129
    1.289000         42.8390831245
    1.290000         42.8183932798
    1.291000         42.7975846052
    1.292000         42.7766569285
    1.293000         42.7556100789
    1.294000         42.7344438872
    1.295000         42.7131581854
    1.296000         42.6917528071
    1.297000         42.6702275874
    1.298000         42.6485823624
    1.299000         42.6268169702
    1.300000         42.6049312500
    1.301000         42.5829250424
    1.302000         42.5607981894
    1.303000         42.5385505347
    1.304000         42.5161819231
    1.305000         42.4936922009
    1.306000         42.4710812159
    1.307000         42.4483488172
    1.308000         42.4254948554
    1.309000         42.4025191823
    1.310000         42.3794216514
    1.311000         42.3562021175
    1.312000         42.3328604365
    1.313000         42.3093964662
    1.314000         42.2858100654
    1.315000         42.2621010944
    1.316000         42.2382694150
    1.317000         42.2143148903
    1.318000         42.1902373848
    1.319000         42.1660367642
    1.320000         42.1417128960
    1.321000         42.1172656487
    1.322000         42.0926948923
    1.323000         42.0680004982
    1.324000         42.0431823392
    1.325000         42.0182402893
    1.326000         41.9931742241
    1.327000         41.9679840205
    1.328000         41.9426695567
    1.329000         41.9172307122
    1.330000         41.8916673681
    1.331000         41.8659794065
    1.332000         41.8401667113
    1.333000         41.8142291674
    1.334000         41.7881666611
    1.335000         41.7619790803
    1.336000         41.7356663140
    1.337000         41.7092282525
    1.338000         41.6826647878
    1.339000         41.6559758128
    1.340000         41.6291612220
    1.341000         41.6022209112
    1.342000         41.5751547776
    1.343000         41.5479627196
    1.344000         41.5206446370
    1.345000         41.4932004308
    1.346000         41.4656300036
    1.347000         41.4379332591
    1.348000         41.4101101025
    1.349000         41.3821604401
    1.350000         41.3540841797
    1.351000         41.3258812303
    1.352000         41.2975515024
    1.353000         41.2690949075
    1.354000         41.2405113588
    1.355000         41.2118007706
    1.356000         41.1829630583
    1.357000         41.1539981391
    1.358000         41.1249059310
    1.359000         41.0956863537
    1.360000         41.0663393280
    1.361000         41.0368647760
    1.362000         41.0072626211
    1.363000         40.9775327881
    1.364000         40.9476752029
    1.365000         40.9176897929
    1.366000         40.8875764867
    1.367000         40.8573352142
    1.368000         40.8269659064
    1.369000         40.7964684959
    1.370000         40.7658429163
    1.371000         40.7350891027
    1.372000         40.7042069914
    1.373000         40.6731965198
    1.374000         40.6420576269
    1.375000         40.6107902527
    1.376000         40.5793943385
    1.377000         40.5478698271
    1.378000         40.5162166622
    1.379000         40.4844347890
    1.380000         40.4525241540
    1.381000         40.4204847048
    1.382000         40.3883163903
    1.383000         40.3560191607
    1.384000         40.3235929675
    1.385000         40.2910377632
    1.386000         40.2583535019
    1.387000         40.2255401387
    1.388000         40.1925976300
    1.389000         40.1595259334
    1.390000         40.1263250079
    1.391000         40.0929948136
    1.392000         40.0595353119
    1.393000         40.0259464653
    1.394000         39.9922282377
    1.395000         39.9583805942
    1.396000         39.9244035010
    1.397000         39.8902969256
    1.398000         39.8560608368
    1.399000         39.8216952046
    1.400000         39.7872000000
    1.401000         39.7525751956
    1.402000         39.7178207648
    1.403000         39.6829366826
    1.404000         39.6479229249
    1.405000         39.6127794691
    1.406000         39.5775062935
    1.407000         39.5421033778
    1.408000         39.5065707028
    1.409000         39.4709082507
    1.410000         39.4351160046
    1.411000         39.3991939490
    1.412000         39.3631420696
    1.413000         39.3269603531
    1.414000         39.2906487877
    1.415000         39.2542073626
    1.416000         39.2176360681
    1.417000         39.1809348958
    1.418000         39.1441038385
    1.419000         39.1071428902
    1.420000         39.0700520460
    1.421000         39.0328313022
    1.422000         38.9954806562
    1.423000         38.9580001068
    1.424000         38.9203896538
    1.425000         38.8826492981
    1.426000         38.8447790419
    1.427000         38.8067788886
    1.428000         38.7686488425
    1.429000         38.7303889095
    1.430000         38.6919990962
    1.431000         38.6534794106
    1.432000         38.6148298619
    1.433000         38.5760504603
    1.434000         38.5371412173
    1.435000         38.4981021453
    1.436000         38.4589332582
    1.437000         38.4196345707
    1.438000         38.3802060989
    1.439000         38.3406478599
    1.440000         38.3009598720
    1.441000         38.2611421546
    1.442000         38.2211947282
    1.443000         38.1811176145
    1.444000         38.1409108364
    1.445000         38.1005744177
    1.446000         38.0601083836
    1.447000         38.0195127602
    1.448000         37.9787875747
    1.449000         37.9379328558
    1.450000         37.8969486328
    1.451000         37.8558349365
    1.452000         37.8145917986
    1.453000         37.7732192521
    1.454000         37.7317173308
    1.455000         37.6900860700
    1.456000         37.6483255058
    1.457000         37.6064356755
    1.458000         37.5644166176
    1.459000         37.5222683716
    1.460000         37.4799909780
    1.461000         37.4375844786
    1.462000         37.3950489163
    1.463000         37.3523843348
    1.464000         37.3095907792
    1.465000         37.2666682955
    1.466000         37.2236169309
    1.467000         37.1804367336
    1.468000         37.1371277530
    1.469000         37.0936900395
    1.470000         37.0501236444
    1.471000         37.0064286205
    1.472000         36.9626050212
    1.473000         36.9186529014
    1.474000         36.8745723167
    1.475000         36.8303633240
    1.476000         36.7860259812
    1.477000         36.7415603472
    1.478000         36.6969664821
    1.479000         36.6522444470
    1.480000         36.6073943040
    1.481000         36.5624161163
    1.482000         36.5173099481
    1.483000         36.4720758647
    1.484000         36.4267139325
    1.485000         36.3812242189
    1.486000         36.3356067923
    1.487000         36.2898617221
    1.488000         36.2439890790
    1.489000         36.1979889344
    1.490000         36.1518613611
    1.491000         36.1056064325
    1.492000         36.0592242234
    1.493000         36.0127148094
    1.494000         35.9660782673
    1.495000         35.9193146749
    1.496000         35.8724241108
    1.497000         35.8254066550
    1.498000         35.7782623882
    1.499000         35.7309913922
    1.500000         35.6835937500
    1.501000         35.6360695454
    1.502000         35.5884188632
    1.503000         35.5406417894
    1.504000         35.4927384108
    1.505000         35.4447088154
    1.506000         35.3965530920
    1.507000         35.3482713307
    1.508000         35.2998636222
    1.509000         35.2513300586
    1.510000         35.2026707327
    1.511000         35.1538857384
    1.512000         35.1049751706
    1.513000         35.0559391252
    1.514000         35.0067776991
    1.515000         34.9574909901
    1.516000         34.9080790971
    1.517000         34.8585421199
    1.518000         34.8088801593
    1.519000         34.7590933171
    1.520000         34.7091816960
    1.521000         34.6591453998
    1.522000         34.6089845332
    1.523000         34.5586992019
    1.524000         34.5082895124
    1.525000         34.4577555725
    1.526000         34.4070974907
    1.527000         34.3563153765
    1.528000         34.3054093404
    1.529000         34.2543794939
    1.530000         34.2032259493
    1.531000         34.1519488201
    1.532000         34.1005482206
    1.533000         34.0490242659
    1.534000         33.9973770725
    1.535000         33.9456067572
    1.536000         33.8937134384
    1.537000         33.8416972351
    1.538000         33.7895582671
    1.539000         33.7372966554
    1.540000         33.6849125220
    1.541000         33.6324059895
    1.542000         33.5797771818
    1.543000         33.5270262233
    1.544000         33.4741532398
    1.545000         33.4211583578
    1.546000         33.3680417045
    1.547000         33.3148034085
    1.548000         33.2614435990
    1.549000         33.2079624061
    1.550000         33.1543599609
    1.551000         33.1006363956
    1.552000         33.0467918429
    1.553000         32.9928264367
    1.554000         32.9387403118
    1.555000         32.8845336038
    1.556000         32.8302064492
    1.557000         32.7757589856
    1.558000         32.7211913512
    1.559000         32.6665036853
    1.560000         32.6116961280
    1.561000         32.5567688204
    1.562000         32.5017219044
    1.563000         32.4465555229
    1.564000         32.3912698194
    1.565000         32.3358649387
    1.566000         32.2803410261
    1.567000         32.2246982280
    1.568000         32.1689366917
    1.569000         32.1130565652
    1.570000         32.0570579976
    1.571000         32.0009411386
    1.572000         31.9447061391
    1.573000         31.8883531505
    1.574000         31.8318823254
    1.575000         31.7752938171
    1.576000         31.7185877798
    1.577000         31.6617643685
    1.578000         31.6048237391
    1.579000         31.5477660484
    1.580000         31.4905914540
    1.581000         31.4333001144
    1.582000         31.3758921888
    1.583000         31.3183678375
    1.584000         31.2607272215
    1.585000         31.2029705027
    1.586000         31.1450978436
    1.587000         31.0871094079
    1.588000         31.0290053600
    1.589000         30.9707858651
    1.590000         30.9124510892
    1.591000         30.8540011992
    1.592000         30.7954363628
    1.593000         30.7367567486
    1.594000         30.6779625259
    1.595000         30.6190538649
    1.596000         30.5600309367
    1.597000         30.5008939130
    1.598000         30.4416429665
    1.599000         30.3822782708
    1.600000         30.3228000000
    1.601000         30.2632083293
    1.602000         30.2035034345
    1.603000         30.1436854925
    1.604000         30.0837546806
    1.605000         30.0237111773
    1.606000         29.9635551616
    1.607000         29.9032868135
    1.608000         29.8429063137
    1.609000         29.7824138437
    1.610000         29.7218095858
    1.611000         29.6610937232
    1.612000         29.6002664396
    1.613000         29.5393279199
    1.614000         29.4782783495
    1.615000         29.4171179145
    1.616000         29.3558468021
    1.617000         29.2944652001
    1.618000         29.2329732971
    1.619000         29.1713712823
    1.620000         29.1096593460
    1.621000         29.0478376791
    1.622000         28.9859064732
    1.623000         28.9238659208
    1.624000         28.8617162151
    1.625000         28.7994575500
    1.626000         28.7370901204
    1.627000         28.6746141217
    1.628000         28.6120297502
    1.629000         28.5493372029
    1.630000         28.4865366774
    1.631000         28.4236283725
    1.632000         28.3606124872
    1.633000         28.2974892217
    1.634000         28.2342587766
    1.635000         28.1709213535
    1.636000         28.1074771547
    1.637000         28.0439263830
    1.638000         27.9802692422
    1.639000         27.9165059369
    1.640000         27.8526366720
    1.641000         27.7886616536
    1.642000         27.7245810883
    1.643000         27.6603951835
    1.644000         27.5961041473
    1.645000         27.5317081884
    1.646000         27.4672075165
    1.647000         27.4026023418
    1.648000         27.3378928752
    1.649000         27.2730793285
    1.650000         27.2081619141
    1.651000         27.1431408450
    1.652000         27.0780163351
    1.653000         27.0127885989
    1.654000         26.9474578517
    1.655000         26.8820243094
    1.656000         26.8164881886
    1.657000         26.7508497067
    1.658000         26.6851090817
    1.659000         26.6192665323
    1.660000         26.5533222780
    1.661000         26.4872765388
    1.662000         26.4211295356
    1.663000         26.3548814898
    1.664000         26.2885326236
    1.665000         26.2220831599
    1.666000         26.1555333222
    1.667000         26.0888833347
    1.668000         26.0221334223
    1.669000         25.9552838106
    1.670000         25.8883347257
    1.671000         25.8212863946
    1.672000         25.7541390449
    1.673000         25.6868929048
    1.674000         25.6195482032
    1.675000         25.5521051697
    1.676000         25.4845640344
    1.677000         25.4169250284
    1.678000         25.3491883831
    1.679000         25.2813543307
    1.680000         25.2134231040
    1.681000         25.1453949366
    1.682000         25.0772700626
    1.683000         25.0090487168
    1.684000         24.9407311346
    1.685000         24.8723175521
    1.686000         24.8038082060
    1.687000         24.7352033337
    1.688000         24.6665031731
    1.689000         24.5977079629
    1.690000         24.5288179423
    1.691000         24.4598333513
    1.692000         24.3907544302
    1.693000         24.3215814204
    1.694000         24.2523145634
    1.695000         24.1829541018
    1.696000         24.1135002785
    1.697000         24.0439533371
    1.698000         23.9743135219
    1.699000         23.9045810777
    1.700000         23.8347562500
    1.701000         23.7648392848
    1.702000         23.6948304289
    1.703000         23.6247299295
    1.704000         23.5545380345
    1.705000         23.4842549923
    1.706000         23.4138810522
    1.707000         23.3434164637
    1.708000         23.2728614771
    1.709000         23.2022163434
    1.710000         23.1314813139
    1.711000         23.0606566408
    1.712000         22.9897425767
    1.713000         22.9187393747
    1.714000         22.8476472888
    1.715000         22.7764665733
    1.716000         22.7051974832
    1.717000         22.6338402740
    1.718000         22.5623952018
    1.719000         22.4908625234
    1.720000         22.4192424960
    1.721000         22.3475353774
    1.722000         22.2757414261
    1.723000         22.2038609010
    1.724000         22.1318940617
    1.725000         22.0598411682
    1.726000         21.9877024812
    1.727000         21.9154782619
    1.728000         21.8431687721
    1.729000         21.7707742740
    1.730000         21.6982950306
    1.731000         21.6257313052
    1.732000         21.5530833618
    1.733000         21.4803514650
    1.734000         21.4075358798
    1.735000         21.3346368717
    1.736000         21.2616547069
    1.737000         21.1885896521
    1.738000         21.1154419744
    1.739000         21.0422119416
    1.740000         20.9688998220
    1.741000         20.8955058843
    1.742000         20.8220303979
    1.743000         20.7484736326
    1.744000         20.6748358587
    1.745000         20.6011173472
    1.746000         20.5273183695
    1.747000         20.4534391974
    1.748000         20.3794801035
    1.749000         20.3054413606
    1.750000         20.2313232422
    1.751000         20.1571260223
    1.752000         20.0828499753
    1.753000         20.0084953763
    1.754000         19.9340625007
    1.755000         19.8595516245
    1.756000         19.7849630241
    1.757000         19.7102969765
    1.758000         19.6355537593
    1.759000         19.5607336503
    1.760000         19.4858369280
    1.761000         19.4108638714
    1.762000         19.3358147598
    1.763000         19.2606898731
    1.764000         19.1854894919
    1.765000         19.1102138969
    1.766000         19.0348633694
    1.767000         18.9594381913
    1.768000         18.8839386450
    1.769000         18.8083650130
    1.770000         18.7327175788
    1.771000         18.6569966260
    1.772000         18.5812024387
    1.773000         18.5053353017
    1.774000         18.4293955000
    1.775000         18.3533833191
    1.776000         18.2772990451
    1.777000         18.2011429644
    1.778000         18.1249153640
    1.779000         18.0486165313
    1.780000         17.9722467540
    1.781000         17.8958063205
    1.782000         17.8192955194
    1.783000         17.7427146399
    1.784000         17.6660639716
    1.785000         17.5893438046
    1.786000         17.5125544293
    1.787000         17.4356961367
    1.788000         17.3587692181
    1.789000         17.2817739653
    1.790000         17.2047106704
    1.791000         17.1275796262
    1.792000         17.0503811257
    1.793000         16.9731154623
    1.794000         16.8957829300
    1.795000         16.8183838231
    1.796000         16.7409184363
    1.797000         16.6633870649
    1.798000         16.5857900043
    1.799000         16.5081275505
    1.800000         16.4304000000
    1.801000         16.3526076495
    1.802000         16.2747507963
    1.803000         16.1968297379
    1.804000         16.1188447723
    1.805000         16.0407961980
    1.806000         15.9626843137
    1.807000         15.8845094187
    1.808000         15.8062718126
    1.809000         15.7279717952
    1.810000         15.6496096671
    1.811000         15.5711857288
    1.812000         15.4927002817
    1.813000         15.4141536272
    1.814000         15.3355460672
    1.815000         15.2568779040
    1.816000         15.1781494402
    1.817000         15.0993609790
    1.818000         15.0205128236
    1.819000         14.9416052779
    1.820000         14.8626386460
    1.821000         14.7836132324
    1.822000         14.7045293421
    1.823000         14.6253872802
    1.824000         14.5461873524
    1.825000         14.4669298645
    1.826000         14.3876151230
    1.827000         14.3082434344
    1.828000         14.2288151059
    1.829000         14.1493304447
    1.830000         14.0697897587
    1.831000         13.9901933558
    1.832000         13.9105415445
    1.833000         13.8308346335
    1.834000         13.7510729319
    1.835000         13.6712567492
    1.836000         13.5913863952
    1.837000         13.5114621798
    1.838000         13.4314844136
    1.839000         13.3514534073
    1.840000         13.2713694720
    1.841000         13.1912329191
    1.842000         13.1110440605
    1.843000         13.0308032080
    1.844000         12.9505106742
    1.845000         12.8701667716
    1.846000         12.7897718134
    1.847000         12.7093261129
    1.848000         12.6288299837
    1.849000         12.5482837397
    1.850000         12.4676876953
    1.851000         12.3870421650
    1.852000         12.3063474636
    1.853000         12.2256039063
    1.854000         12.1448118087
    1.855000         12.0639714864
    1.856000         11.9830832555
    1.857000         11.9021474325
    1.858000         11.8211643338
    1.859000         11.7401342766
    1.860000         11.6590575780
    1.861000         11.5779345555
    1.862000         11.4967655269
    1.863000         11.4155508104
    1.864000         11.3342907241
    1.865000         11.2529855869
    1.866000         11.1716357176
    1.867000         11.0902414353
    1.868000         11.0088030596
    1.869000         10.9273209101
    1.870000         10.8457953069
    1.871000         10.7642265702
    1.872000         10.6826150206
    1.873000         10.6009609787
    1.874000         10.5192647657
    1.875000         10.4375267029
    1.876000         10.3557471117
    1.877000         10.2739263141
    1.878000         10.1920646320
    1.879000         10.1101623878
    1.880000         10.0282199040
    1.881000          9.9462375034
    1.882000          9.8642155091
    1.883000          9.7821542444
    1.884000          9.7000540327
    1.885000          9.6179151978
    1.886000          9.5357380637
    1.887000          9.4535229547
    1.888000          9.3712701952
    1.889000          9.2889801098
    1.890000          9.2066530236
    1.891000          9.1242892615
    1.892000          9.0418891491
    1.893000          8.9594530119
    1.894000          8.8769811756
    1.895000          8.7944739663
    1.896000          8.7119317102
    1.897000          8.6293547338
    1.898000          8.5467433636
    1.899000          8.4640979267
    1.900000          8.3814187500
    1.901000          8.2987061608
    1.902000          8.2159604866
    1.903000          8.1331820551
    1.904000          8.0503711941
    1.905000          7.9675282318
    1.906000          7.8846534963
    1.907000          7.8017473162
    1.908000          7.7188100200
    1.909000          7.6358419367
    1.910000          7.5528433952
    1.911000          7.4698147248
    1.912000          7.3867562548
    1.913000          7.3036683148
    1.914000          7.2205512346
    1.915000          7.1374053440
    1.916000          7.0542309733
    1.917000          6.9710284526
    1.918000          6.8877981123
    1.919000          6.8045402832
    1.920000          6.7212552960
    1.921000          6.6379434816
    1.922000          6.5546051711
    1.923000          6.4712406957
    1.924000          6.3878503870
    1.925000          6.3044345764
    1.926000          6.2209935957
    1.927000          6.1375277768
    1.928000          6.0540374517
    1.929000          5.9705229526
    1.930000          5.8869846118
    1.931000          5.8034227618
    1.932000          5.7198377351
    1.933000          5.6362298646
    1.934000          5.5525994831
    1.935000          5.4689469237
    1.936000          5.3852725194
    1.937000          5.3015766036
    1.938000          5.2178595097
    1.939000          5.1341215713
    1.940000          5.0503631220
    1.941000          4.9665844956
    1.942000          4.8827860260
    1.943000          4.7989680473
    1.944000          4.7151308936
    1.945000          4.6312748992
    1.946000          4.5474003984
    1.947000          4.4635077258
    1.948000          4.3795972159
    1.949000          4.2956692036
    1.950000          4.2117240234
    1.951000          4.1277620105
    1.952000          4.0437834998
    1.953000          3.9597888264
    1.954000          3.8757783256
    1.955000          3.7917523327
    1.956000          3.7077111830
    1.957000          3.6236552120
    1.958000          3.5395847554
    1.959000          3.4555001488
    1.960000          3.3714017280
    1.961000          3.2872898288
    1.962000          3.2031647871
    1.963000          3.1190269389
    1.964000          3.0348766204
    1.965000          2.9507141676
    1.966000          2.8665399167
    1.967000          2.7823542042
    1.968000          2.6981573662
    1.969000          2.6139497394
    1.970000          2.5297316601
    1.971000          2.4455034649
    1.972000          2.3612654904
    1.973000          2.2770180734
    1.974000          2.1927615505
    1.975000          2.1084962585
    1.976000          2.0242225344
    1.977000          1.9399407149
    1.978000          1.8556511370
    1.979000          1.7713541377
    1.980000          1.6870500540
    1.981000          1.6027392230
    1.982000          1.5184219819
    1.983000          1.4340986677
    1.984000          1.3497696177
    1.985000          1.2654351691
    1.986000          1.1810956591
    1.987000          1.0967514250
    1.988000          1.0124028042
    1.989000          0.9280501340
    1.990000          0.8436937517
    1.991000          0.7593339947
    1.992000          0.6749712006
    1.993000          0.5906057065
    1.994000          0.5062378501
    1.995000          0.4218679688
    1.996000          0.3374964000
    1.997000          0.2531234813
    1.998000          0.1687495500
    1.999000          0.0843749437
    2.000000          0.0000000000
    2.001000         -0.0843749438
    2.002000         -0.1687495500
    2.003000         -0.2531234813
    2.004000         -0.3374964000
    2.005000         -0.4218679688
    2.006000         -0.5062378501
    2.007000         -0.5906057065
    2.008000         -0.6749712006
    2.009000         -0.7593339947
    2.010000         -0.8436937517
    2.011000         -0.9280501340
    2.012000         -1.0124028042
    2.013000         -1.0967514250
    2.014000         -1.1810956591
    2.015000         -1.2654351691
    2.016000         -1.3497696177
    2.017000         -1.4340986677
    2.018000         -1.5184219819
    2.019000         -1.6027392230
    2.020000         -1.6870500540
    2.021000         -1.7713541377
    2.022000         -1.8556511370
    2.023000         -1.9399407149
    2.024000         -2.0242225344
    2.025000         -2.1084962585
    2.026000         -2.1927615505
    2.027000         -2.2770180734
    2.028000         -2.3612654904
    2.029000         -2.4455034649
    2.030000         -2.5297316601
    2.031000         -2.6139497394
    2.032000         -2.6981573662
    2.033000         -2.7823542042
    2.034000         -2.8665399167
    2.035000         -2.9507141676
    2.036000         -3.0348766204
    2.037000         -3.1190269389
    2.038000         -3.2031647871
    2.039000         -3.2872898288
    2.040000         -3.3714017280
    2.041000         -3.4555001488
    2.042000         -3.5395847554
    2.043000         -3.6236552120
    2.044000         -3.7077111830
    2.045000         -3.7917523327
    2.046000         -3.8757783256
    2.047000         -3.9597888264
    2.048000         -4.0437834998
    2.049000         -4.1277620105
    2.050000         -4.2117240234
    2.051000         -4.2956692036
    2.052000         -4.3795972159
    2.053000         -4.4635077258
    2.054000         -4.5474003984
    2.055000         -4.6312748992
    2.056000         -4.7151308936
    2.057000         -4.7989680473
    2.058000         -4.8827860260
    2.059000         -4.9665844956
    2.060000         -5.0503631220
    2.061000         -5.1341215713
    2.062000         -5.2178595097
    2.063000         -5.3015766036
    2.064000         -5.3852725194
    2.065000         -5.4689469237
    2.066000         -5.5525994831
    2.067000         -5.6362298646
    2.068000         -5.7198377351
    2.069000         -5.8034227618
    2.070000         -5.8869846118
    2.071000         -5.9705229526
    2.072000         -6.0540374517
    2.073000         -6.1375277768
    2.074000         -6.2209935957
    2.075000         -6.3044345764
    2.076000         -6.3878503870
    2.077000         -6.4712406957
    2.078000         -6.5546051711
    2.079000         -6.6379434816
    2.080000         -6.7212552960
    2.081000         -6.8045402832
    2.082000         -6.8877981123
    2.083000         -6.9710284526
    2.084000         -7.0542309733
    2.085000         -7.1374053440
    2.086000         -7.2205512346
    2.087000         -7.3036683148
    2.088000         -7.3867562548
    2.089000         -7.4698147248
    2.090000         -7.5528433952
    2.091000         -7.6358419367
    2.092000         -7.7188100200
    2.093000         -7.8017473162
    2.094000         -7.8846534963
    2.095000         -7.9675282318
    2.096000         -8.0503711941
    2.097000         -8.1331820551
    2.098000         -8.2159604866
    2.099000         -8.2987061608
    2.100000         -8.3814187500
    2.101000         -8.4640979267
    2.102000         -8.5467433636
    2.103000         -8.6293547338
    2.104000         -8.7119317102
    2.105000         -8.7944739663
    2.106000         -8.8769811756
    2.107000         -8.9594530119
    2.108000         -9.0418891491
    2.109000         -9.1242892615
    2.110000         -9.2066530236
    2.111000         -9.2889801098
    2.112000         -9.3712701952
    2.113000         -9.4535229547
    2.114000         -9.5357380637
    2.115000         -9.6179151978
    2.116000         -9.7000540327
    2.117000         -9.7821542444
    2.118000         -9.8642155091
    2.119000         -9.9462375034
    2.120000        -10.0282199040
    2.121000        -10.1101623878
    2.122000        -10.1920646320
    2.123000        -10.2739263141
    2.124000        -10.3557471117
    2.125000        -10.4375267029
    2.126000        -10.5192647657
    2.127000        -10.6009609787
    2.128000        -10.6826150206
    2.129000        -10.7642265702
    2.130000        -10.8457953069
    2.131000        -10.9273209101
    2.132000        -11.0088030596
    2.133000        -11.0902414353
    2.134000        -11.1716357176
    2.135000        -11.2529855869
    2.136000        -11.3342907241
    2.137000        -11.4155508104
    2.138000        -11.4967655269
    2.139000        -11.5779345555
    2.140000        -11.6590575780
    2.141000        -11.7401342766
    2.142000        -11.8211643338
    2.143000        -11.9021474325
    2.144000        -11.9830832555
    2.145000        -12.0639714864
    2.146000        -12.1448118087
    2.147000        -12.2256039063
    2.148000        -12.3063474636
    2.149000        -12.3870421650
    2.150000        -12.4676876953
    2.151000        -12.5482837397
    2.152000        -12.6288299837
    2.153000        -12.7093261129
    2.154000        -12.7897718134
    2.155000        -12.8701667716
    2.156000        -12.9505106742
    2.157000        -13.0308032080
    2.158000        -13.1110440605
    2.159000        -13.1912329191
    2.160000        -13.2713694720
    2.161000        -13.3514534073
    2.162000        -13.4314844136
    2.163000        -13.5114621798
    2.164000        -13.5913863952
    2.165000        -13.6712567492
    2.166000        -13.7510729319
    2.167000        -13.8308346335
    2.168000        -13.9105415445
    2.169000        -13.9901933558
    2.170000        -14.0697897587
    2.171000        -14.1493304447
    2.172000        -14.2288151059
    2.173000        -14.3082434344
    2.174000        -14.3876151230
    2.175000        -14.4669298645
    2.176000        -14.5461873524
    2.177000        -14.6253872802
    2.178000        -14.7045293421
    2.179000        -14.7836132324
    2.180000        -14.8626386460
    2.181000        -14.9416052779
    2.182000        -15.0205128236
    2.183000        -15.0993609790
    2.184000        -15.1781494402
    2.185000        -15.2568779040
    2.186000        -15.3355460672
    2.187000        -15.4141536272
    2.188000        -15.4927002817
    2.189000        -15.5711857288
    2.190000        -15.6496096671
    2.191000        -15.7279717952
    2.192000        -15.8062718126
    2.193000        -15.8845094187
    2.194000        -15.9626843137
    2.195000        -16.0407961980
    2.196000        -16.1188447723
    2.197000        -16.1968297379
    2.198000        -16.2747507963
    2.199000        -16.3526076495
    2.200000        -16.4304000000
    2.201000        -16.5081275505
    2.202000        -16.5857900043
    2.203000        -16.6633870649
    2.204000        -16.7409184363
    2.205000        -16.8183838231
    2.206000        -16.8957829300
    2.207000        -16.9731154623
    2.208000        -17.0503811257
    2.209000        -17.1275796262
    2.210000        -17.2047106704
    2.211000        -17.2817739653
    2.212000        -17.3587692181
    2.213000        -17.4356961367
    2.214000        -17.5125544293
    2.215000        -17.5893438046
    2.216000        -17.6660639716
    2.217000        -17.7427146399
    2.218000        -17.8192955194
    2.219000        -17.8958063205
    2.220000        -17.9722467540
    2.221000        -18.0486165313
    2.222000        -18.1249153640
    2.223000        -18.2011429644
    2.224000        -18.2772990451
    2.225000        -18.3533833191
    2.226000        -18.4293955000
    2.227000        -18.5053353017
    2.228000        -18.5812024387
    2.229000        -18.6569966260
    2.230000        -18.7327175788
    2.231000        -18.8083650130
    2.232000        -18.8839386450
    2.233000        -18.9594381913
    2.234000        -19.0348633694
    2.235000        -19.1102138969
    2.236000        -19.1854894919
    2.237000        -19.2606898731
    2.238000        -19.3358147598
    2.239000        -19.4108638714
    2.240000        -19.4858369280
    2.241000        -19.5607336503
    2.242000        -19.6355537593
    2.243000        -19.7102969765
    2.244000        -19.7849630241
    2.245000        -19.8595516245
    2.246000        -19.9340625007
    2.247000        -20.0084953763
    2.248000        -20.0828499753
    2.249000        -20.1571260223
    2.250000        -20.2313232422
    2.251000        -20.3054413606
    2.252000        -20.3794801035
    2.253000        -20.4534391974
    2.254000        -20.5273183695
    2.255000        -20.6011173472
    2.256000        -20.6748358587
    2.257000        -20.7484736326
    2.258000        -20.8220303979
    2.259000        -20.8955058843
    2.260000        -20.9688998220
    2.261000        -21.0422119416
    2.262000        -21.1154419744
    2.263000        -21.1885896521
    2.264000        -21.2616547069
    2.265000        -21.3346368717
    2.266000        -21.4075358798
    2.267000        -21.4803514650
    2.268000        -21.5530833618
    2.269000        -21.6257313052
    2.270000        -21.6982950306
    2.271000        -21.7707742740
    2.272000        -21.8431687721
    2.273000        -21.9154782619
    2.274000        -21.9877024812
    2.275000        -22.0598411682
    2.276000        -22.1318940617
    2.277000        -22.2038609010
    2.278000        -22.2757414261
    2.279000        -22.3475353774
    2.280000        -22.4192424960
    2.281000        -22.4908625234
    2.282000        -22.5623952018
    2.283000        -22.6338402740
    2.284000        -22.7051974832
    2.285000        -22.7764665733
    2.286000        -22.8476472888
    2.287000        -22.9187393747
    2.288000        -22.9897425767
    2.289000        -23.0606566408
    2.290000        -23.1314813139
    2.291000        -23.2022163434
    2.292000        -23.2728614771
    2.293000        -23.3434164637
    2.294000        -23.4138810522
    2.295000        -23.4842549923
    2.296000        -23.5545380345
    2.297000        -23.6247299295
    2.298000        -23.6948304289
    2.299000        -23.7648392848
    2.300000        -23.8347562500
    2.301000        -23.9045810777
    2.302000        -23.9743135219
    2.303000        -24.0439533371
    2.304000        -24.1135002785
    2.305000        -24.1829541018
    2.306000        -24.2523145634
    2.307000        -24.3215814204
    2.308000        -24.3907544302
    2.309000        -24.4598333513
    2.310000        -24.5288179423
    2.311000        -24.5977079629
    2.312000        -24.6665031731
    2.313000        -24.7352033337
    2.314000        -24.8038082060
    2.315000        -24.8723175521
    2.316000        -24.9407311346
    2.317000        -25.0090487168
    2.318000        -25.0772700626
    2.319000        -25.1453949366
    2.320000        -25.2134231040
    2.321000        -25.2813543307
    2.322000        -25.3491883831
    2.323000        -25.4169250284
    2.324000        -25.4845640344
    2.325000        -25.5521051697
    2.326000        -25.6195482032
    2.327000        -25.6868929048
    2.328000        -25.7541390449
    2.329000        -25.8212863946
    2.330000        -25.8883347257
    2.331000        -25.9552838106
    2.332000        -26.0221334223
    2.333000        -26.0888833347
    2.334000        -26.1555333222
    2.335000        -26.2220831599
    2.336000        -26.2885326236
    2.337000        -26.3548814898
    2.338000        -26.4211295356
    2.339000        -26.4872765388
    2.340000        -26.5533222780
    2.341000        -26.6192665323
    2.342000        -26.6851090817
    2.343000        -26.7508497067
    2.344000        -26.8164881886
    2.345000        -26.8820243094
    2.346000        -26.9474578517
    2.347000        -27.0127885989
    2.348000        -27.0780163351
    2.349000        -27.1431408450
    2.350000        -27.2081619141
    2.351000        -27.2730793285
    2.352000        -27.3378928752
    2.353000        -27.4026023418
    2.354000        -27.4672075165
    2.355000        -27.5317081884
    2.356000        -27.5961041473
    2.357000        -27.6603951835
    2.358000        -27.7245810883
    2.359000        -27.7886616536
    2.360000        -27.8526366720
    2.361000        -27.9165059369
    2.362000        -27.9802692422
    2.363000        -28.0439263830
    2.364000        -28.1074771547
    2.365000        -28.1709213535
    2.366000        -28.2342587766
    2.367000        -28.2974892217
    2.368000        -28.3606124872
    2.369000        -28.4236283725
    2.370000        -28.4865366774
    2.371000        -28.5493372029
    2.372000        -28.6120297502
    2.373000        -28.6746141217
    2.374000        -28.7370901204
    2.375000        -28.7994575500
    2.376000        -28.8617162151
    2.377000        -28.9238659208
    2.378000        -28.9859064732
    2.379000        -29.0478376791
    2.380000        -29.1096593460
    2.381000        -29.1713712823
    2.382000        -29.2329732971
    2.383000        -29.2944652001
    2.384000        -29.3558468021
    2.385000        -29.4171179145
    2.386000        -29.4782783495
    2.387000        -29.5393279199
    2.388000        -29.6002664396
    2.389000        -29.6610937232
    2.390000        -29.7218095858
    2.391000        -29.7824138437
    2.392000        -29.8429063137
    2.393000        -29.9032868135
    2.394000        -29.9635551616
    2.395000        -30.0237111773
    2.396000        -30.0837546806
    2.397000        -30.1436854925
    2.398000        -30.2035034345
    2.399000        -30.2632083293
    2.400000        -30.3228000000
    2.401000        -30.3822782708
    2.402000        -30.4416429665
    2.403000        -30.5008939130
    2.404000        -30.5600309367
    2.405000        -30.6190538649
    2.406000        -30.6779625259
    2.407000        -30.7367567486
    2.408000        -30.7954363628
    2.409000        -30.8540011992
    2.410000        -30.9124510892
    2.411000        -30.9707858651
    2.412000        -31.0290053600
    2.413000        -31.0871094079
    2.414000        -31.1450978436
    2.415000        -31.2029705027
    2.416000        -31.2607272215
    2.417000        -31.3183678375
    2.418000        -31.3758921888
    2.419000        -31.4333001144
    2.420000        -31.4905914540
    2.421000        -31.5477660484
    2.422000        -31.6048237391
    2.423000        -31.6617643685
    2.424000        -31.7185877798
    2.425000        -31.7752938171
    2.426000        -31.8318823254
    2.427000        -31.8883531505
    2.428000        -31.9447061391
    2.429000        -32.0009411386
    2.430000        -32.0570579976
    2.431000        -32.1130565652
    2.432000        -32.1689366917
    2.433000        -32.2246982280
    2.434000        -32.2803410261
    2.435000        -32.3358649387
    2.436000        -32.3912698194
    2.437000        -32.4465555229
    2.438000        -32.5017219044
    2.439000        -32.5567688204
    2.440000        -32.6116961280
    2.441000        -32.6665036853
    2.442000        -32.7211913512
    2.443000        -32.7757589856
    2.444000        -32.8302064492
    2.445000        -32.8845336038
    2.446000        -32.9387403118
    2.447000        -32.9928264367
    2.448000        -33.0467918429
    2.449000        -33.1006363956
    2.450000        -33.1543599609
    2.451000        -33.2079624061
    2.452000        -33.2614435990
    2.453000        -33.3148034085
    2.454000        -33.3680417045
    2.455000        -33.4211583578
    2.456000        -33.4741532398
    2.457000        -33.5270262233
    2.458000        -33.5797771818
    2.459000        -33.6324059895
    2.460000        -33.6849125220
    2.461000        -33.7372966554
    2.462000        -33.7895582671
    2.463000        -33.8416972351
    2.464000        -33.8937134384
    2.465000        -33.9456067572
    2.466000        -33.9973770725
    2.467000        -34.0490242659
    2.468000        -34.1005482206
    2.469000        -34.1519488201
    2.470000        -34.2032259493
    2.471000        -34.2543794939
    2.472000        -34.3054093404
    2.473000        -34.3563153765
    2.474000        -34.4070974907
    2.475000        -34.4577555725
    2.476000        -34.5082895124
    2.477000        -34.5586992019
    2.478000        -34.6089845332
    2.479000        -34.6591453998
    2.480000        -34.7091816960
    2.481000        -34.7590933171
    2.482000        -34.8088801593
    2.483000        -34.8585421199
    2.484000        -34.9080790971
    2.485000        -34.9574909901
    2.486000        -35.0067776991
    2.487000        -35.0559391252
    2.488000        -35.1049751706
    2.489000        -35.1538857384
    2.490000        -35.2026707327
    2.491000        -35.2513300586
    2.492000        -35.2998636222
    2.493000        -35.3482713307
    2.494000        -35.3965530920
    2.495000        -35.4447088154
    2.496000        -35.4927384108
    2.497000        -35.5406417894
    2.498000        -35.5884188632
    2.499000        -35.6360695454
    2.500000        -35.6835937500
    2.501000        -35.7309913922
    2.502000        -35.7782623882
    2.503000        -35.8254066550
    2.504000        -35.8724241108
    2.505000        -35.9193146749
    2.506000        -35.9660782673
    2.507000        -36.0127148094
    2.508000        -36.0592242234
    2.509000        -36.1056064325
    2.510000        -36.1518613611
    2.511000        -36.1979889344
    2.512000        -36.2439890790
    2.513000        -36.2898617221
    2.514000        -36.3356067923
    2.515000        -36.3812242189
    2.516000        -36.4267139325
    2.517000        -36.4720758647
    2.518000        -36.5173099481
    2.519000        -36.5624161163
    2.520000        -36.6073943040
    2.521000        -36.6522444470
    2.522000        -36.6969664821
    2.523000        -36.7415603472
    2.524000        -36.7860259812
    2.525000        -36.8303633240
    2.526000        -36.8745723167
    2.527000        -36.9186529014
    2.528000        -36.9626050212
    2.529000        -37.0064286205
    2.530000        -37.0501236444
    2.531000        -37.0936900395
    2.532000        -37.1371277530
    2.533000        -37.1804367336
    2.534000        -37.2236169309
    2.535000        -37.2666682955
    2.536000        -37.3095907792
    2.537000        -37.3523843348
    2.538000        -37.3950489163
    2.539000        -37.4375844786
    2.540000        -37.4799909780
    2.541000        -37.5222683716
    2.542000        -37.5644166176
    2.543000        -37.6064356755
    2.544000        -37.6483255058
    2.545000        -37.6900860700
    2.546000        -37.7317173308
    2.547000        -37.7732192521
    2.548000        -37.8145917986
    2.549000        -37.8558349365
    2.550000        -37.8969486328
    2.551000        -37.9379328558
    2.552000        -37.9787875747
    2.553000        -38.0195127602
    2.554000        -38.0601083836
    2.555000        -38.1005744177
    2.556000        -38.1409108364
    2.557000        -38.1811176145
    2.558000        -38.2211947282
    2.559000        -38.2611421546
    2.560000        -38.3009598720
    2.561000        -38.3406478599
    2.562000        -38.3802060989
    2.563000        -38.4196345707
    2.564000        -38.4589332582
    2.565000        -38.4981021453
    2.566000        -38.5371412173
    2.567000        -38.5760504603
    2.568000        -38.6148298619
    2.569000        -38.6534794106
    2.570000        -38.6919990962
    2.571000        -38.7303889095
    2.572000        -38.7686488425
    2.573000        -38.8067788886
    2.574000        -38.8447790419
    2.575000        -38.8826492981
    2.576000        -38.9203896538
    2.577000        -38.9580001068
    2.578000        -38.9954806562
    2.579000        -39.0328313022
    2.580000        -39.0700520460
    2.581000        -39.1071428902
    2.582000        -39.1441038385
    2.583000        -39.1809348958
    2.584000        -39.2176360681
    2.585000        -39.2542073626
    2.586000        -39.2906487877
    2.587000        -39.3269603531
    2.588000        -39.3631420696
    2.589000        -39.3991939490
    2.590000        -39.4351160046
    2.591000        -39.4709082507
    2.592000        -39.5065707028
    2.593000        -39.5421033778
    2.594000        -39.5775062935
    2.595000        -39.6127794691
    2.596000        -39.6479229249
    2.597000        -39.6829366826
    2.598000        -39.7178207648
    2.599000        -39.7525751956
    2.600000        -39.7872000000
    2.601000        -39.8216952046
    2.602000        -39.8560608368
    2.603000        -39.8902969256
    2.604000        -39.9244035010
    2.605000        -39.9583805942
    2.606000        -39.9922282377
    2.607000        -40.0259464653
    2.608000        -40.0595353119
    2.609000        -40.0929948136
    2.610000        -40.1263250079
    2.611000        -40.1595259334
    2.612000        -40.1925976300
    2.613000        -40.2255401387
    2.614000        -40.2583535019
    2.615000        -40.2910377632
    2.616000        -40.3235929675
    2.617000        -40.3560191607
    2.618000        -40.3883163903
    2.619000        -40.4204847048
    2.620000        -40.4525241540
    2.621000        -40.4844347890
    2.622000        -40.5162166622
    2.623000        -40.5478698271
    2.624000        -40.5793943385
    2.625000        -40.6107902527
    2.626000        -40.6420576269
    2.627000        -40.6731965198
    2.628000        -40.7042069914
    2.629000        -40.7350891027
    2.630000        -40.7658429163
    2.631000        -40.7964684959
    2.632000        -40.8269659064
    2.633000        -40.8573352142
    2.634000        -40.8875764867
    2.635000        -40.9176897929
    2.636000        -40.9476752029
    2.637000        -40.9775327881
    2.638000        -41.0072626211
    2.639000        -41.0368647760
    2.640000        -41.0663393280
    2.641000        -41.0956863537
    2.642000        -41.1249059310
    2.643000        -41.1539981391
    2.644000        -41.1829630583
    2.645000        -41.2118007706
    2.646000        -41.2405113588
    2.647000        -41.2690949075
    2.648000        -41.2975515024
    2.649000        -41.3258812303
    2.650000        -41.3540841797
    2.651000        -41.3821604401
    2.652000        -41.4101101025
    2.653000        -41.4379332591
    2.654000        -41.4656300036
    2.655000        -41.4932004308
    2.656000        -41.5206446370
    2.657000        -41.5479627196
    2.658000        -41.5751547776
    2.659000        -41.6022209112
    2.660000        -41.6291612220
    2.661000        -41.6559758128
    2.662000        -41.6826647878
    2.663000        -41.7092282525
    2.664000        -41.7356663140
    2.665000        -41.7619790803
    2.666000        -41.7881666611
    2.667000        -41.8142291674
    2.668000        -41.8401667113
    2.669000        -41.8659794065
    2.670000        -41.8916673681
    2.671000        -41.9172307122
    2.672000        -41.9426695567
    2.673000        -41.9679840205
    2.674000        -41.9931742241
    2.675000        -42.0182402893
    2.676000        -42.0431823392
    2.677000        -42.0680004982
    2.678000        -42.0926948923
    2.679000        -42.1172656487
    2.680000        -42.1417128960
    2.681000        -42.1660367642
    2.682000        -42.1902373848
    2.683000        -42.2143148903
    2.684000        -42.2382694150
    2.685000        -42.2621010944
    2.686000        -42.2858100654
    2.687000        -42.3093964662
    2.688000        -42.3328604365
    2.689000        -42.3562021175
    2.690000        -42.3794216514
    2.691000        -42.4025191823
    2.692000        -42.4254948554
    2.693000        -42.4483488172
    2.694000        -42.4710812159
    2.695000        -42.4936922009
    2.696000        -42.5161819231
    2.697000        -42.5385505347
    2.698000        -42.5607981894
    2.699000        -42.5829250424
    2.700000        -42.6049312500
    2.701000        -42.6268169702
    2.702000        -42.6485823624
    2.703000        -42.6702275874
    2.704000        -42.6917528071
    2.705000        -42.7131581854
    2.706000        -42.7344438872
    2.707000        -42.7556100789
    2.708000        -42.7766569285
    2.709000        -42.7975846052
    2.710000        -42.8183932798
    2.711000        -42.8390831245
    2.712000        -42.8596543129
    2.713000        -42.8801070201
    2.714000        -42.9004414225
    2.715000        -42.9206576982
    2.716000        -42.9407560264
    2.717000        -42.9607365881
    2.718000        -42.9805995655
    2.719000        -43.0003451424
    2.720000        -43.0199735040
    2.721000        -43.0394848369
    2.722000        -43.0588793292
    2.723000        -43.0781571705
    2.724000        -43.0973185519
    2.725000        -43.1163636658
    2.726000        -43.1352927061
    2.727000        -43.1541058684
    2.728000        -43.1728033495
    2.729000        -43.1913853478
    2.730000        -43.2098520632
    2.731000        -43.2282036969
    2.732000        -43.2464404518
    2.733000        -43.2645625321
    2.734000        -43.2825701436
    2.735000        -43.3004634935
    2.736000        -43.3182427907
    2.737000        -43.3359082453
    2.738000        -43.3534600689
    2.739000        -43.3708984750
    2.740000        -43.3882236780
    2.741000        -43.4054358943
    2.742000        -43.4225353415
    2.743000        -43.4395222388
    2.744000        -43.4563968069
    2.745000        -43.4731592680
    2.746000        -43.4898098459
    2.747000        -43.5063487657
    2.748000        -43.5227762541
    2.749000        -43.5390925395
    2.750000        -43.5552978516
    2.751000        -43.5713924215
    2.752000        -43.5873764823
    2.753000        -43.6032502680
    2.754000        -43.6190140147
    2.755000        -43.6346679595
    2.756000        -43.6502123415
    2.757000        -43.6656474011
    2.758000        -43.6809733801
    2.759000        -43.6961905220
    2.760000        -43.7112990720
    2.761000        -43.7262992765
    2.762000        -43.7411913836
    2.763000        -43.7559756429
    2.764000        -43.7706523057
    2.765000        -43.7852216246
    2.766000        -43.7996838540
    2.767000        -43.8140392495
    2.768000        -43.8282880686
    2.769000        -43.8424305703
    2.770000        -43.8564670149
    2.771000        -43.8703976646
    2.772000        -43.8842227829
    2.773000        -43.8979426349
    2.774000        -43.9115574874
    2.775000        -43.9250676086
    2.776000        -43.9384732685
    2.777000        -43.9517747384
    2.778000        -43.9649722913
    2.779000        -43.9780662018
    2.780000        -43.9910567460
    2.781000        -44.0039442016
    2.782000        -44.0167288480
    2.783000        -44.0294109660
    2.784000        -44.0419908380
    2.785000        -44.0544687481
    2.786000        -44.0668449820
    2.787000        -44.0791198269
    2.788000        -44.0912935715
    2.789000        -44.1033665063
    2.790000        -44.1153389233
    2.791000        -44.1272111161
    2.792000        -44.1389833799
    2.793000        -44.1506560115
    2.794000        -44.1622293093
    2.795000        -44.1737035734
    2.796000        -44.1850791053
    2.797000        -44.1963562082
    2.798000        -44.2075351871
    2.799000        -44.2186163483
    2.800000        -44.2296000000
    2.801000        -44.2404864518
    2.802000        -44.2512760151
    2.803000        -44.2619690027
    2.804000        -44.2725657293
    2.805000        -44.2830665110
    2.806000        -44.2934716656
    2.807000        -44.3037815126
    2.808000        -44.3139963730
    2.809000        -44.3241165696
    2.810000        -44.3341424267
    2.811000        -44.3440742702
    2.812000        -44.3539124279
    2.813000        -44.3636572289
    2.814000        -44.3733090042
    2.815000        -44.3828680863
    2.816000        -44.3923348094
    2.817000        -44.4017095094
    2.818000        -44.4109925238
    2.819000        -44.4201841917
    2.820000        -44.4292848540
    2.821000        -44.4382948531
    2.822000        -44.4472145332
    2.823000        -44.4560442401
    2.824000        -44.4647843212
    2.825000        -44.4734351257
    2.826000        -44.4819970044
    2.827000        -44.4904703097
    2.828000        -44.4988553957
    2.829000        -44.5071526183
    2.830000        -44.5153623351
    2.831000        -44.5234849050
    2.832000        -44.5315206891
    2.833000        -44.5394700498
    2.834000        -44.5473333514
    2.835000        -44.5551109597
    2.836000        -44.5628032424
    2.837000        -44.5704105688
    2.838000        -44.5779333098
    2.839000        -44.5853718381
    2.840000        -44.5927265280
    2.841000        -44.5999977557
    2.842000        -44.6071858989
    2.843000        -44.6142913371
    2.844000        -44.6213144514
    2.845000        -44.6282556248
    2.846000        -44.6351152419
    2.847000        -44.6418936889
    2.848000        -44.6485913539
    2.849000        -44.6552086266
    2.850000        -44.6617458984
    2.851000        -44.6682035626
    2.852000        -44.6745820140
    2.853000        -44.6808816493
    2.854000        -44.6871028667
    2.855000        -44.6932460664
    2.856000        -44.6993116501
    2.857000        -44.7053000214
    2.858000        -44.7112115855
    2.859000        -44.7170467495
    2.860000        -44.7228059220
    2.861000        -44.7284895136
    2.862000        -44.7340979364
    2.863000        -44.7396316045
    2.864000        -44.7450909335
    2.865000        -44.7504763408
    2.866000        -44.7557882458
    2.867000        -44.7610270693
    2.868000        -44.7661932340
    2.869000        -44.7712871644
    2.870000        -44.7763092868
    2.871000        -44.7812600291
    2.872000        -44.7861398210
    2.873000        -44.7909490941
    2.874000        -44.7956882816
    2.875000        -44.8003578186
    2.876000        -44.8049581419
    2.877000        -44.8094896900
    2.878000        -44.8139529033
    2.879000        -44.8183482240
    2.880000        -44.8226760960
    2.881000        -44.8269369649
    2.882000        -44.8311312782
    2.883000        -44.8352594852
    2.884000        -44.8393220369
    2.885000        -44.8433193862
    2.886000        -44.8472519876
    2.887000        -44.8511202976
    2.888000        -44.8549247744
    2.889000        -44.8586658780
    2.890000        -44.8623440702
    2.891000        -44.8659598145
    2.892000        -44.8695135765
    2.893000        -44.8730058232
    2.894000        -44.8764370238
    2.895000        -44.8798076490
    2.896000        -44.8831181714
    2.897000        -44.8863690656
    2.898000        -44.8895608077
    2.899000        -44.8926938759
    2.900000        -44.8957687500
    2.901000        -44.8987859118
    2.902000        -44.9017458447
    2.903000        -44.9046490342
    2.904000        -44.9074959675
    2.905000        -44.9102871335
    2.906000        -44.9130230230
    2.907000        -44.9157041289
    2.908000        -44.9183309456
    2.909000        -44.9209039694
    2.910000        -44.9234236986
    2.911000        -44.9258906331
    2.912000        -44.9283052748
    2.913000        -44.9306681276
    2.914000        -44.9329796968
    2.915000        -44.9352404900
    2.916000        -44.9374510163
    2.917000        -44.9396117870
    2.918000        -44.9417233150
    2.919000        -44.9437861151
    2.920000        -44.9458007040
    2.921000        -44.9477676003
    2.922000        -44.9496873243
    2.923000        -44.9515603984
    2.924000        -44.9533873466
    2.925000        -44.9551686951
    2.926000        -44.9569049716
    2.927000        -44.9585967060
    2.928000        -44.9602444299
    2.929000        -44.9618486767
    2.930000        -44.9634099819
    2.931000        -44.9649288828
    2.932000        -44.9664059185
    2.933000        -44.9678416300
    2.934000        -44.9692365602
    2.935000        -44.9705912541
    2.936000        -44.9719062582
    2.937000        -44.9731821212
    2.938000        -44.9744193936
    2.939000        -44.9756186278
    2.940000        -44.9767803780
    2.941000        -44.9779052005
    2.942000        -44.9789936533
    2.943000        -44.9800462965
    2.944000        -44.9810636920
    2.945000        -44.9820464036
    2.946000        -44.9829949969
    2.947000        -44.9839100398
    2.948000        -44.9847921017
    2.949000        -44.9856417540
    2.950000        -44.9864595703
    2.951000        -44.9872461258
    2.952000        -44.9880019978
    2.953000        -44.9887277654
    2.954000        -44.9894240097
    2.955000        -44.9900913138
    2.956000        -44.9907302626
    2.957000        -44.9913414431
    2.958000        -44.9919254439
    2.959000        -44.9924828560
    2.960000        -44.9930142720
    2.961000        -44.9935202866
    2.962000        -44.9940014963
    2.963000        -44.9944584997
    2.964000        -44.9948918972
    2.965000        -44.9953022914
    2.966000        -44.9956902866
    2.967000        -44.9960564892
    2.968000        -44.9964015074
    2.969000        -44.9967259515
    2.970000        -44.9970304337
    2.971000        -44.9973155682
    2.972000        -44.9975819712
    2.973000        -44.9978302607
    2.974000        -44.9980610569
    2.975000        -44.9982749817
    2.976000        -44.9984726592
    2.977000        -44.9986547155
    2.978000        -44.9988217784
    2.979000        -44.9989744779
    2.980000        -44.9991134460
    2.981000        -44.9992393166
    2.982000        -44.9993527255
    2.983000        -44.9994543106
    2.984000        -44.9995447119
    2.985000        -44.9996245712
    2.986000        -44.9996945323
    2.987000        -44.9997552411
    2.988000        -44.9998073454
    2.989000        -44.9998514951
    2.990000        -44.9998883421
    2.991000        -44.9999185401
    2.992000        -44.9999427450
    2.993000        -44.9999616148
    2.994000        -44.9999758092
    2.995000        -44.9999859902
    2.996000        -44.9999928216
    2.997000        -44.9999969693
    2.998000        -44.9999991013
    2.999000        -44.9999998876
    3.000000        -45.0000000000
    3.001000        -44.9999998876
    3.002000        -44.9999991013
    3.003000        -44.9999969693
    3.004000        -44.9999928216
    3.005000        -44.9999859902
    3.006000        -44.9999758092
    3.007000        -44.9999616148
    3.008000        -44.9999427450
    3.009000        -44.9999185401
    3.010000        -44.9998883421
    3.011000        -44.9998514951
    3.012000        -44.9998073454
    3.013000        -44.9997552411
    3.014000        -44.9996945323
    3.015000        -44.9996245712
    3.016000        -44.9995447119
    3.017000        -44.9994543106
    3.018000        -44.9993527255
    3.019000        -44.9992393166
    3.020000        -44.9991134460
    3.021000        -44.9989744779
    3.022000        -44.9988217784
    3.023000        -44.9986547155
    3.024000        -44.9984726592
    3.025000        -44.9982749817
    3.026000        -44.9980610569
    3.027000        -44.9978302607
    3.028000        -44.9975819712
    3.029000        -44.9973155682
    3.030000        -44.9970304337
    3.031000        -44.9967259515
    3.032000        -44.9964015074
    3.033000        -44.9960564892
    3.034000        -44.9956902866
    3.035000        -44.9953022914
    3.036000        -44.9948918972
    3.037000        -44.9944584997
    3.038000        -44.9940014963
    3.039000        -44.9935202866
    3.040000        -44.9930142720
    3.041000        -44.9924828560
    3.042000        -44.9919254439
    3.043000        -44.9913414431
    3.044000        -44.9907302626
    3.045000        -44.9900913138
    3.046000        -44.9894240097
    3.047000        -44.9887277654
    3.048000        -44.9880019978
    3.049000        -44.9872461258
    3.050000        -44.9864595703
    3.051000        -44.9856417540
    3.052000        -44.9847921017
    3.053000        -44.9839100398
    3.054000        -44.9829949969
    3.055000        -44.9820464036
    3.056000        -44.9810636920
    3.057000        -44.9800462965
    3.058000        -44.9789936533
    3.059000        -44.9779052005
    3.060000        -44.9767803780
    3.061000        -44.9756186278
    3.062000        -44.9744193936
    3.063000        -44.9731821212
    3.064000        -44.9719062582
    3.065000        -44.9705912541
    3.066000        -44.9692365602
    3.067000        -44.9678416300
    3.068000        -44.9664059185
    3.069000        -44.9649288828
    3.070000        -44.9634099819
    3.071000        -44.9618486767
    3.072000        -44.9602444299
    3.073000        -44.9585967060
    3.074000        -44.9569049716
    3.075000        -44.9551686951
    3.076000        -44.9533873466
    3.077000        -44.9515603984
    3.078000        -44.9496873243
    3.079000        -44.9477676003
    3.080000        -44.9458007040
    3.081000        -44.9437861151
    3.082000        -44.9417233150
    3.083000        -44.9396117870
    3.084000        -44.9374510163
    3.085000        -44.9352404900
    3.086000        -44.9329796968
    3.087000        -44.9306681276
    3.088000        -44.9283052748
    3.089000        -44.9258906331
    3.090000        -44.9234236986
    3.091000        -44.9209039694
    3.092000        -44.9183309456
    3.093000        -44.9157041289
    3.094000        -44.9130230230
    3.095000        -44.9102871335
    3.096000        -44.9074959675
    3.097000        -44.9046490342
    3.098000        -44.9017458447
    3.099000        -44.8987859118
    3.100000        -44.8957687500
    3.101000        -44.8926938759
    3.102000        -44.8895608077
    3.103000        -44.8863690656
    3.104000        -44.8831181714
    3.105000        -44.8798076490
    3.106000        -44.8764370238
    3.107000        -44.8730058232
    3.108000        -44.8695135765
    3.109000        -44.8659598145
    3.110000        -44.8623440702
    3.111000        -44.8586658780
    3.112000        -44.8549247744
    3.113000        -44.8511202976
    3.114000        -44.8472519876
    3.115000        -44.8433193862
    3.116000        -44.8393220369
    3.117000        -44.8352594852
    3.118000        -44.8311312782
    3.119000        -44.8269369649
    3.120000        -44.8226760960
    3.121000        -44.8183482240
    3.122000        -44.8139529033
    3.123000        -44.8094896900
    3.124000        -44.8049581419
    3.125000        -44.8003578186
    3.126000        -44.7956882816
    3.127000        -44.7909490941
    3.128000        -44.7861398210
    3.129000        -44.7812600291
    3.130000        -44.7763092868
    3.131000        -44.7712871644
    3.132000        -44.7661932340
    3.133000        -44.7610270693
    3.134000        -44.7557882458
    3.135000        -44.7504763408
    3.136000        -44.7450909335
    3.137000        -44.7396316045
    3.138000        -44.7340979364
    3.139000        -44.7284895136
    3.140000        -44.7228059220
    3.141000        -44.7170467495
    3.142000        -44.7112115855
    3.143000        -44.7053000214
    3.144000        -44.6993116501
    3.145000        -44.6932460664
    3.146000        -44.6871028667
    3.147000        -44.6808816493
    3.148000        -44.6745820140
    3.149000        -44.6682035626
    3.150000        -44.6617458984
    3.151000        -44.6552086266
    3.152000        -44.6485913539
    3.153000        -44.6418936889
    3.154000        -44.6351152419
    3.155000        -44.6282556248
    3.156000        -44.6213144514
    3.157000        -44.6142913371
    3.158000        -44.6071858989
    3.159000        -44.5999977557
    3.160000        -44.5927265280
    3.161000        -44.5853718381
    3.162000        -44.5779333098
    3.163000        -44.5704105688
    3.164000        -44.5628032424
    3.165000        -44.5551109597
    3.166000        -44.5473333514
    3.167000        -44.5394700498
    3.168000        -44.5315206891
    3.169000        -44.5234849050
    3.170000        -44.5153623351
    3.171000        -44.5071526183
    3.172000        -44.4988553957
    3.173000        -44.4904703097
    3.174000        -44.4819970044
    3.175000        -44.4734351257
    3.176000        -44.4647843212
    3.177000        -44.4560442401
    3.178000        -44.4472145332
    3.179000        -44.4382948531
    3.180000        -44.4292848540
    3.181000        -44.4201841917
    3.182000        -44.4109925238
    3.183000        -44.4017095094
    3.184000        -44.3923348094
    3.185000        -44.3828680863
    3.186000        -44.3733090042
    3.187000        -44.3636572289
    3.188000        -44.3539124279
    3.189000        -44.3440742702
    3.190000        -44.3341424267
    3.191000        -44.3241165696
    3.192000        -44.3139963730
    3.193000        -44.3037815126
    3.194000        -44.2934716656
    3.195000        -44.2830665110
    3.196000        -44.2725657293
    3.197000        -44.2619690027
    3.198000        -44.2512760151
    3.199000        -44.2404864518
    3.200000        -44.2296000000
    3.201000        -44.2186163483
    3.202000        -44.2075351871
    3.203000        -44.1963562082
    3.204000        -44.1850791053
    3.205000        -44.1737035734
    3.206000        -44.1622293093
    3.207000        -44.1506560115
    3.208000        -44.1389833799
    3.209000        -44.1272111161
    3.210000        -44.1153389233
    3.211000        -44.1033665063
    3.212000        -44.0912935715
    3.213000        -44.0791198269
    3.214000        -44.0668449820
    3.215000        -44.0544687481
    3.216000        -44.0419908380
    3.217000        -44.0294109660
    3.218000        -44.0167288480
    3.219000        -44.0039442016
    3.220000        -43.9910567460
    3.221000        -43.9780662018
    3.222000        -43.9649722913
    3.223000        -43.9517747384
    3.224000        -43.9384732685
    3.225000        -43.9250676086
    3.226000        -43.9115574874
    3.227000        -43.8979426349
    3.228000        -43.8842227829
    3.229000        -43.8703976646
    3.230000        -43.8564670149
    3.231000        -43.8424305703
    3.232000        -43.8282880686
    3.233000        -43.8140392495
    3.234000        -43.7996838540
    3.235000        -43.7852216246
    3.236000        -43.7706523057
    3.237000        -43.7559756429
    3.238000        -43.7411913836
    3.239000        -43.7262992765
    3.240000        -43.7112990720
    3.241000        -43.6961905220
    3.242000        -43.6809733801
    3.243000        -43.6656474011
    3.244000        -43.6502123415
    3.245000        -43.6346679595
    3.246000        -43.6190140147
    3.247000        -43.6032502680
    3.248000        -43.5873764823
    3.249000        -43.5713924215
    3.250000        -43.5552978516
    3.251000        -43.5390925395
    3.252000        -43.5227762541
    3.253000        -43.5063487657
    3.254000        -43.4898098459
    3.255000        -43.4731592680
    3.256000        -43.4563968069
    3.257000        -43.4395222388
    3.258000        -43.4225353415
    3.259000        -43.4054358943
    3.260000        -43.3882236780
    3.261000        -43.3708984750
    3.262000        -43.3534600689
    3.263000        -43.3359082453
    3.264000        -43.3182427907
    3.265000        -43.3004634935
    3.266000        -43.2825701436
    3.267000        -43.2645625321
    3.268000        -43.2464404518
    3.269000        -43.2282036969
    3.270000        -43.2098520632
    3.271000        -43.1913853478
    3.272000        -43.1728033495
    3.273000        -43.1541058684
    3.274000        -43.1352927061
    3.275000        -43.1163636658
    3.276000        -43.0973185519
    3.277000        -43.0781571705
    3.278000        -43.0588793292
    3.279000        -43.0394848369
    3.280000        -43.0199735040
    3.281000        -43.0003451424
    3.282000        -42.9805995655
    3.283000        -42.9607365881
    3.284000        -42.9407560264
    3.285000        -42.9206576982
    3.286000        -42.9004414225
    3.287000        -42.8801070201
    3.288000        -42.8596543129
    3.289000        -42.8390831245
    3.290000        -42.8183932798
    3.291000        -42.7975846052
    3.292000        -42.7766569285
    3.293000        -42.7556100789
    3.294000        -42.7344438872
    3.295000        -42.7131581854
    3.296000        -42.6917528071
    3.297000        -42.6702275874
    3.298000        -42.6485823624
    3.299000        -42.6268169702
    3.300000        -42.6049312500
    3.301000        -42.5829250424
    3.302000        -42.5607981894
    3.303000        -42.5385505347
    3.304000        -42.5161819231
    3.305000        -42.4936922009
    3.306000        -42.4710812159
    3.307000        -42.4483488172
    3.308000        -42.4254948554
    3.309000        -42.4025191823
    3.310000        -42.3794216514
    3.311000        -42.3562021175
    3.312000        -42.3328604365
    3.313000        -42.3093964662
    3.314000        -42.2858100654
    3.315000        -42.2621010944
    3.316000        -42.2382694150
    3.317000        -42.2143148903
    3.318000        -42.1902373848
    3.319000        -42.1660367642
    3.320000        -42.1417128960
    3.321000        -42.1172656487
    3.322000        -42.0926948923
    3.323000        -42.0680004982
    3.324000        -42.0431823392
    3.325000        -42.0182402893
    3.326000        -41.9931742241
    3.327000        -41.9679840205
    3.328000        -41.9426695567
    3.329000        -41.9172307122
    3.330000        -41.8916673681
    3.331000        -41.8659794065
    3.332000        -41.8401667113
    3.333000        -41.8142291674
    3.334000        -41.7881666611
    3.335000        -41.7619790803
    3.336000        -41.7356663140
    3.337000        -41.7092282525
    3.338000        -41.6826647878
    3.339000        -41.6559758128
    3.340000        -41.6291612220
    3.341000        -41.6022209112
    3.342000        -41.5751547776
    3.343000        -41.5479627196
    3.344000        -41.5206446370
    3.345000        -41.4932004308
    3.346000        -41.4656300036
    3.347000        -41.4379332591
    3.348000        -41.4101101025
    3.349000        -41.3821604401
    3.350000        -41.3540841797
    3.351000        -41.3258812303
    3.352000        -41.2975515024
    3.353000        -41.2690949075
    3.354000        -41.2405113588
    3.355000        -41.2118007706
    3.356000        -41.1829630583
    3.357000        -41.1539981391
    3.358000        -41.1249059310
    3.359000        -41.0956863537
    3.360000        -41.0663393280
    3.361000        -41.0368647760
    3.362000        -41.0072626211
    3.363000        -40.9775327881
    3.364000        -40.9476752029
    3.365000        -40.9176897929
    3.366000        -40.8875764867
    3.367000        -40.8573352142
    3.368000        -40.8269659064
    3.369000        -40.7964684959
    3.370000        -40.7658429163
    3.371000        -40.7350891027
    3.372000        -40.7042069914
    3.373000        -40.6731965198
    3.374000        -40.6420576269
    3.375000        -40.6107902527
    3.376000        -40.5793943385
    3.377000        -40.5478698271
    3.378000        -40.5162166622
    3.379000        -40.4844347890
    3.380000        -40.4525241540
    3.381000        -40.4204847048
    3.382000        -40.3883163903
    3.383000        -40.3560191607
    3.384000        -40.3235929675
    3.385000        -40.2910377632
    3.386000        -40.2583535019
    3.387000        -40.2255401387
    3.388000        -40.1925976300
    3.389000        -40.1595259334
    3.390000        -40.1263250079
    3.391000        -40.0929948136
    3.392000        -40.0595353119
    3.393000        -40.0259464653
    3.394000        -39.9922282377
    3.395000        -39.9583805942
    3.396000        -39.9244035010
    3.397000        -39.8902969256
    3.398000        -39.8560608368
    3.399000        -39.8216952046
    3.400000        -39.7872000000
    3.401000        -39.7525751956
    3.402000        -39.7178207648
    3.403000        -39.6829366826
    3.404000        -39.6479229249
    3.405000        -39.6127794691
    3.406000        -39.5775062935
    3.407000        -39.5421033778
    3.408000        -39.5065707028
    3.409000        -39.4709082507
    3.410000        -39.4351160046
    3.411000        -39.3991939490
    3.412000        -39.3631420696
    3.413000        -39.3269603531
    3.414000        -39.2906487877
    3.415000        -39.2542073626
    3.416000        -39.2176360681
    3.417000        -39.1809348958
    3.418000        -39.1441038385
    3.419000        -39.1071428902
    3.420000        -39.0700520460
    3.421000        -39.0328313022
    3.422000        -38.9954806562
    3.423000        -38.9580001068
    3.424000        -38.9203896538
    3.425000        -38.8826492981
    3.426000        -38.8447790419
    3.427000        -38.8067788886
    3.428000        -38.7686488425
    3.429000        -38.7303889095
    3.430000        -38.6919990962
    3.431000        -38.6534794106
    3.432000        -38.6148298619
    3.433000        -38.5760504603
    3.434000        -38.5371412173
    3.435000        -38.4981021453
    3.436000        -38.4589332582
    3.437000        -38.4196345707
    3.438000        -38.3802060989
    3.439000        -38.3406478599
    3.440000        -38.3009598720
    3.441000        -38.2611421546
    3.442000        -38.2211947282
    3.443000        -38.1811176145
    3.444000        -38.1409108364
    3.445000        -38.1005744177
    3.446000        -38.0601083836
    3.447000        -38.0195127602
    3.448000        -37.9787875747
    3.449000        -37.9379328558
    3.450000        -37.8969486328
    3.451000        -37.8558349365
    3.452000        -37.8145917986
    3.453000        -37.7732192521
    3.454000        -37.7317173308
    3.455000        -37.6900860700
    3.456000        -37.6483255058
    3.457000        -37.6064356755
    3.458000        -37.5644166176
    3.459000        -37.5222683716
    3.460000        -37.4799909780
    3.461000        -37.4375844786
    3.462000        -37.3950489163
    3.463000        -37.3523843348
    3.464000        -37.3095907792
    3.465000        -37.2666682955
    3.466000        -37.2236169309
    3.467000        -37.1804367336
    3.468000        -37.1371277530
    3.469000        -37.0936900395
    3.470000        -37.0501236444
    3.471000        -37.0064286205
    3.472000        -36.9626050212
    3.473000        -36.9186529014
    3.474000        -36.8745723167
    3.475000        -36.8303633240
    3.476000        -36.7860259812
    3.477000        -36.7415603472
    3.478000        -36.6969664821
    3.479000        -36.6522444470
    3.480000        -36.6073943040
    3.481000        -36.5624161163
    3.482000        -36.5173099481
    3.483000        -36.4720758647
    3.484000        -36.4267139325
    3.485000        -36.3812242189
    3.486000        -36.3356067923
    3.487000        -36.2898617221
    3.488000        -36.2439890790
    3.489000        -36.1979889344
    3.490000        -36.1518613611
    3.491000        -36.1056064325
    3.492000        -36.0592242234
    3.493000        -36.0127148094
    3.494000        -35.9660782673
    3.495000        -35.9193146749
    3.496000        -35.8724241108
    3.497000        -35.8254066550
    3.498000        -35.7782623882
    3.499000        -35.7309913922
    3.500000        -35.6835937500
    3.501000        -35.6360695454
    3.502000        -35.5884188632
    3.503000        -35.5406417894
    3.504000        -35.4927384108
    3.505000        -35.4447088154
    3.506000        -35.3965530920
    3.507000        -35.3482713307
    3.508000        -35.2998636222
    3.509000        -35.2513300586
    3.510000        -35.2026707327
    3.511000        -35.1538857384
    3.512000        -35.1049751706
    3.513000        -35.0559391252
    3.514000        -35.0067776991
    3.515000        -34.9574909901
    3.516000        -34.9080790971
    3.517000        -34.8585421199
    3.518000        -34.8088801593
    3.519000        -34.7590933171
    3.520000        -34.7091816960
    3.521000        -34.6591453998
    3.522000        -34.6089845332
    3.523000        -34.5586992019
    3.524000        -34.5082895124
    3.525000        -34.4577555725
    3.526000        -34.4070974907
    3.527000        -34.3563153765
    3.528000        -34.3054093404
    3.529000        -34.2543794939
    3.530000        -34.2032259493
    3.531000        -34.1519488201
    3.532000        -34.1005482206
    3.533000        -34.0490242659
    3.534000        -33.9973770725
    3.535000        -33.9456067572
    3.536000        -33.8937134384
    3.537000        -33.8416972351
    3.538000        -33.7895582671
    3.539000        -33.7372966554
    3.540000        -33.6849125220
    3.541000        -33.6324059895
    3.542000        -33.5797771818
    3.543000        -33.5270262233
    3.544000        -33.4741532398
    3.545000        -33.4211583578
    3.546000        -33.3680417045
    3.547000        -33.3148034085
    3.548000        -33.2614435990
    3.549000        -33.2079624061
    3.550000        -33.1543599609
    3.551000        -33.1006363956
    3.552000        -33.0467918429
    3.553000        -32.9928264367
    3.554000        -32.9387403118
    3.555000        -32.8845336038
    3.556000        -32.8302064492
    3.557000        -32.7757589856
    3.558000        -32.7211913512
    3.559000        -32.6665036853
    3.560000        -32.6116961280
    3.561000        -32.5567688204
    3.562000        -32.5017219044
    3.563000        -32.4465555229
    3.564000        -32.3912698194
    3.565000        -32.3358649387
    3.566000        -32.2803410261
    3.567000        -32.2246982280
    3.568000        -32.1689366917
    3.569000        -32.1130565652
    3.570000        -32.0570579976
    3.571000        -32.0009411386
    3.572000        -31.9447061391
    3.573000        -31.8883531505
    3.574000        -31.8318823254
    3.575000        -31.7752938171
    3.576000        -31.7185877798
    3.577000        -31.6617643685
    3.578000        -31.6048237391
    3.579000        -31.5477660484
    3.580000        -31.4905914540
    3.581000        -31.4333001144
    3.582000        -31.3758921888
    3.583000        -31.3183678375
    3.584000        -31.2607272215
    3.585000        -31.2029705027
    3.586000        -31.1450978436
    3.587000        -31.0871094079
    3.588000        -31.0290053600
    3.589000        -30.9707858651
    3.590000        -30.9124510892
    3.591000        -30.8540011992
    3.592000        -30.7954363628
    3.593000        -30.7367567486
    3.594000        -30.6779625259
    3.595000        -30.6190538649
    3.596000        -30.5600309367
    3.597000        -30.5008939130
    3.598000        -30.4416429665
    3.599000        -30.3822782708
    3.600000        -30.3228000000
    3.601000        -30.2632083293
    3.602000        -30.2035034345
    3.603000        -30.1436854925
    3.604000        -30.0837546806
    3.605000        -30.0237111773
    3.606000        -29.9635551616
    3.607000        -29.9032868135
    3.608000        -29.8429063137
    3.609000        -29.7824138437
    3.610000        -29.7218095858
    3.611000        -29.6610937232
    3.612000        -29.6002664396
    3.613000        -29.5393279199
    3.614000        -29.4782783495
    3.615000        -29.4171179145
    3.616000        -29.3558468021
    3.617000        -29.2944652001
    3.618000        -29.2329732971
    3.619000        -29.1713712823
    3.620000        -29.1096593460
    3.621000        -29.0478376791
    3.622000        -28.9859064732
    3.623000        -28.9238659208
    3.624000        -28.8617162151
    3.625000        -28.7994575500
    3.626000        -28.7370901204
    3.627000        -28.6746141217
    3.628000        -28.6120297502
    3.629000        -28.5493372029
    3.630000        -28.4865366774
    3.631000        -28.4236283725
    3.632000        -28.3606124872
    3.633000        -28.2974892217
    3.634000        -28.2342587766
    3.635000        -28.1709213535
    3.636000        -28.1074771547
    3.637000        -28.0439263830
    3.638000        -27.9802692422
    3.639000        -27.9165059369
    3.640000        -27.8526366720
    3.641000        -27.7886616536
    3.642000        -27.7245810883
    3.643000        -27.6603951835
    3.644000        -27.5961041473
    3.645000        -27.5317081884
    3.646000        -27.4672075165
    3.647000        -27.4026023418
    3.648000        -27.3378928752
    3.649000        -27.2730793285
    3.650000        -27.2081619141
    3.651000        -27.1431408450
    3.652000        -27.0780163351
    3.653000        -27.0127885989
    3.654000        -26.9474578517
    3.655000        -26.8820243094
    3.656000        -26.8164881886
    3.657000        -26.7508497067
    3.658000        -26.6851090817
    3.659000        -26.6192665323
    3.660000        -26.5533222780
    3.661000        -26.4872765388
    3.662000        -26.4211295356
    3.663000        -26.3548814898
    3.664000        -26.2885326236
    3.665000        -26.2220831599
    3.666000        -26.1555333222
    3.667000        -26.0888833347
    3.668000        -26.0221334223
    3.669000        -25.9552838106
    3.670000        -25.8883347257
    3.671000        -25.8212863946
    3.672000        -25.7541390449
    3.673000        -25.6868929048
    3.674000        -25.6195482032
    3.675000        -25.5521051697
    3.676000        -25.4845640344
    3.677000        -25.4169250284
    3.678000        -25.3491883831
    3.679000        -25.2813543307
    3.680000        -25.2134231040
    3.681000        -25.1453949366
    3.682000        -25.0772700626
    3.683000        -25.0090487168
    3.684000        -24.9407311346
    3.685000        -24.8723175521
    3.686000        -24.8038082060
    3.687000        -24.7352033337
    3.688000        -24.6665031731
    3.689000        -24.5977079629
    3.690000        -24.5288179423
    3.691000        -24.4598333513
    3.692000        -24.3907544302
    3.693000        -24.3215814204
    3.694000        -24.2523145634
    3.695000        -24.1829541018
    3.696000        -24.1135002785
    3.697000        -24.0439533371
    3.698000        -23.9743135219
    3.699000        -23.9045810777
    3.700000        -23.8347562500
    3.701000        -23.7648392848
    3.702000        -23.6948304289
    3.703000        -23.6247299295
    3.704000        -23.5545380345
    3.705000        -23.4842549923
    3.706000        -23.4138810522
    3.707000        -23.3434164637
    3.708000        -23.2728614771
    3.709000        -23.2022163434
    3.710000        -23.1314813139
    3.711000        -23.0606566408
    3.712000        -22.9897425767
    3.713000        -22.9187393747
    3.714000        -22.8476472888
    3.715000        -22.7764665733
    3.716000        -22.7051974832
    3.717000        -22.6338402740
    3.718000        -22.5623952018
    3.719000        -22.4908625234
    3.720000        -22.4192424960
    3.721000        -22.3475353774
    3.722000        -22.2757414261
    3.723000        -22.2038609010
    3.724000        -22.1318940617
    3.725000        -22.0598411682
    3.726000        -21.9877024812
    3.727000        -21.9154782619
    3.728000        -21.8431687721
    3.729000        -21.7707742740
    3.730000        -21.6982950306
    3.731000        -21.6257313052
    3.732000        -21.5530833618
    3.733000        -21.4803514650
    3.734000        -21.4075358798
    3.735000        -21.3346368717
    3.736000        -21.2616547069
    3.737000        -21.1885896521
    3.738000        -21.1154419744
    3.739000        -21.0422119416
    3.740000        -20.9688998220
    3.741000        -20.8955058843
    3.742000        -20.8220303979
    3.743000        -20.7484736326
    3.744000        -20.6748358587
    3.745000        -20.6011173472
    3.746000        -20.5273183695
    3.747000        -20.4534391974
    3.748000        -20.3794801035
    3.749000        -20.3054413606
    3.750000        -20.2313232422
    3.751000        -20.1571260223
    3.752000        -20.0828499753
    3.753000        -20.0084953763
    3.754000        -19.9340625007
    3.755000        -19.8595516245
    3.756000        -19.7849630241
    3.757000        -19.7102969765
    3.758000        -19.6355537593
    3.759000        -19.5607336503
    3.760000        -19.4858369280
    3.761000        -19.4108638714
    3.762000        -19.3358147598
    3.763000        -19.2606898731
    3.764000        -19.1854894919
    3.765000        -19.1102138969
    3.766000        -19.0348633694
    3.767000        -18.9594381913
    3.768000        -18.8839386450
    3.769000        -18.8083650130
    3.770000        -18.7327175788
    3.771000        -18.6569966260
    3.772000        -18.5812024387
    3.773000        -18.5053353017
    3.774000        -18.4293955000
    3.775000        -18.3533833191
    3.776000        -18.2772990451
    3.777000        -18.2011429644
    3.778000        -18.1249153640
    3.779000        -18.0486165313
    3.780000        -17.9722467540
    3.781000        -17.8958063205
    3.782000        -17.8192955194
    3.783000        -17.7427146399
    3.784000        -17.6660639716
    3.785000        -17.5893438046
    3.786000        -17.5125544293
    3.787000        -17.4356961367
    3.788000        -17.3587692181
    3.789000        -17.2817739653
    3.790000        -17.2047106704
    3.791000        -17.1275796262
    3.792000        -17.0503811257
    3.793000        -16.9731154623
    3.794000        -16.8957829300
    3.795000        -16.8183838231
    3.796000        -16.7409184363
    3.797000        -16.6633870649
    3.798000        -16.5857900043
    3.799000        -16.5081275505
    3.800000        -16.4304000000
    3.801000        -16.3526076495
    3.802000        -16.2747507963
    3.803000        -16.1968297379
    3.804000        -16.1188447723
    3.805000        -16.0407961980
    3.806000        -15.9626843137
    3.807000        -15.8845094187
    3.808000        -15.8062718126
    3.809000        -15.7279717952
    3.810000        -15.6496096671
    3.811000        -15.5711857288
    3.812000        -15.4927002817
    3.813000        -15.4141536272
    3.814000        -15.3355460672
    3.815000        -15.2568779040
    3.816000        -15.1781494402
    3.817000        -15.0993609790
    3.818000        -15.0205128236
    3.819000        -14.9416052779
    3.820000        -14.8626386460
    3.821000        -14.7836132324
    3.822000        -14.7045293421
    3.823000        -14.6253872802
    3.824000        -14.5461873524
    3.825000        -14.4669298645
    3.826000        -14.3876151230
    3.827000        -14.3082434344
    3.828000        -14.2288151059
    3.829000        -14.1493304447
    3.830000        -14.0697897587
    3.831000        -13.9901933558
    3.832000        -13.9105415445
    3.833000        -13.8308346335
    3.834000        -13.7510729319
    3.835000        -13.6712567492
    3.836000        -13.5913863952
    3.837000        -13.5114621798
    3.838000        -13.4314844136
    3.839000        -13.3514534073
    3.840000        -13.2713694720
    3.841000        -13.1912329191
    3.842000        -13.1110440605
    3.843000        -13.0308032080
    3.844000        -12.9505106742
    3.845000        -12.8701667716
    3.846000        -12.7897718134
    3.847000        -12.7093261129
    3.848000        -12.6288299837
    3.849000        -12.5482837397
    3.850000        -12.4676876953
    3.851000        -12.3870421650
    3.852000        -12.3063474636
    3.853000        -12.2256039063
    3.854000        -12.1448118087
    3.855000        -12.0639714864
    3.856000        -11.9830832555
    3.857000        -11.9021474325
    3.858000        -11.8211643338
    3.859000        -11.7401342766
    3.860000        -11.6590575780
    3.861000        -11.5779345555
    3.862000        -11.4967655269
    3.863000        -11.4155508104
    3.864000        -11.3342907241
    3.865000        -11.2529855869
    3.866000        -11.1716357176
    3.867000        -11.0902414353
    3.868000        -11.0088030596
    3.869000        -10.9273209101
    3.870000        -10.8457953069
    3.871000        -10.7642265702
    3.872000        -10.6826150206
    3.873000        -10.6009609787
    3.874000        -10.5192647657
    3.875000        -10.4375267029
    3.876000        -10.3557471117
    3.877000        -10.2739263141
    3.878000        -10.1920646320
    3.879000        -10.1101623878
    3.880000        -10.0282199040
    3.881000         -9.9462375034
    3.882000         -9.8642155091
    3.883000         -9.7821542444
    3.884000         -9.7000540327
    3.885000         -9.6179151978
    3.886000         -9.5357380637
    3.887000         -9.4535229547
    3.888000         -9.3712701952
    3.889000         -9.2889801098
    3.890000         -9.2066530236
    3.891000         -9.1242892615
    3.892000         -9.0418891491
    3.893000         -8.9594530119
    3.894000         -8.8769811756
    3.895000         -8.7944739663
    3.896000         -8.7119317102
    3.897000         -8.6293547338
    3.898000         -8.5467433636
    3.899000         -8.4640979267
    3.900000         -8.3814187500
    3.901000         -8.2987061608
    3.902000         -8.2159604866
    3.903000         -8.1331820551
    3.904000         -8.0503711941
    3.905000         -7.9675282318
    3.906000         -7.8846534963
    3.907000         -7.8017473162
    3.908000         -7.7188100200
    3.909000         -7.6358419367
    3.910000         -7.5528433952
    3.911000         -7.4698147248
    3.912000         -7.3867562548
    3.913000         -7.3036683148
    3.914000         -7.2205512346
    3.915000         -7.1374053440
    3.916000         -7.0542309733
    3.917000         -6.9710284526
    3.918000         -6.8877981123
    3.919000         -6.8045402832
    3.920000         -6.7212552960
    3.921000         -6.6379434816
    3.922000         -6.5546051711
    3.923000         -6.4712406957
    3.924000         -6.3878503870
    3.925000         -6.3044345764
    3.926000         -6.2209935957
    3.927000         -6.1375277768
    3.928000         -6.0540374517
    3.929000         -5.9705229526
    3.930000         -5.8869846118
    3.931000         -5.8034227618
    3.932000         -5.7198377351
    3.933000         -5.6362298646
    3.934000         -5.5525994831
    3.935000         -5.4689469237
    3.936000         -5.3852725194
    3.937000         -5.3015766036
    3.938000         -5.2178595097
    3.939000         -5.1341215713
    3.940000         -5.0503631220
    3.941000         -4.9665844956
    3.942000         -4.8827860260
    3.943000         -4.7989680473
    3.944000         -4.7151308936
    3.945000         -4.6312748992
    3.946000         -4.5474003984
    3.947000         -4.4635077258
    3.948000         -4.3795972159
    3.949000         -4.2956692036
    3.950000         -4.2117240234
    3.951000         -4.1277620105
    3.952000         -4.0437834998
    3.953000         -3.9597888264
    3.954000         -3.8757783256
    3.955000         -3.7917523327
    3.956000         -3.7077111830
    3.957000         -3.6236552120
    3.958000         -3.5395847554
    3.959000         -3.4555001488
    3.960000         -3.3714017280
    3.961000         -3.2872898288
    3.962000         -3.2031647871
    3.963000         -3.1190269389
    3.964000         -3.0348766204
    3.965000         -2.9507141676
    3.966000         -2.8665399167
    3.967000         -2.7823542042
    3.968000         -2.6981573662
    3.969000         -2.6139497394
    3.970000         -2.5297316601
    3.971000         -2.4455034649
    3.972000         -2.3612654904
    3.973000         -2.2770180734
    3.974000         -2.1927615505
    3.975000         -2.1084962585
    3.976000         -2.0242225344
    3.977000         -1.9399407149
    3.978000         -1.8556511370
    3.979000         -1.7713541377
    3.980000         -1.6870500540
    3.981000         -1.6027392230
    3.982000         -1.5184219819
    3.983000         -1.4340986677
    3.984000         -1.3497696177
    3.985000         -1.2654351691
    3.986000         -1.1810956591
    3.987000         -1.0967514250
    3.988000         -1.0124028042
    3.989000         -0.9280501340
    3.990000         -0.8436937517
    3.991000         -0.7593339947
    3.992000         -0.6749712006
    3.993000         -0.5906057065
    3.994000         -0.5062378501
    3.995000         -0.4218679688
    3.996000         -0.3374964000
    3.997000         -0.2531234813
    3.998000         -0.1687495500
    3.999000         -0.0843749437
    4.000000          0.0000000000
    4.001000          0.0843749438
    4.002000          0.1687495500
    4.003000          0.2531234813
    4.004000          0.3374964000
    4.005000          0.4218679688
    4.006000          0.5062378501
    4.007000          0.5906057065
    4.008000          0.6749712006
    4.009000          0.7593339947
    4.010000          0.8436937517
    4.011000          0.9280501340
    4.012000          1.0124028042
    4.013000          1.0967514250
    4.014000          1.1810956591
    4.015000          1.2654351691
    4.016000          1.3497696177
    4.017000          1.4340986677
    4.018000          1.5184219819
    4.019000          1.6027392230
    4.020000          1.6870500540
    4.021000          1.7713541377
    4.022000          1.8556511370
    4.023000          1.9399407149
    4.024000          2.0242225344
    4.025000          2.1084962585
    4.026000          2.1927615505
    4.027000          2.2770180734
    4.028000          2.3612654904
    4.029000          2.4455034649
    4.030000          2.5297316601
    4.031000          2.6139497394
    4.032000          2.6981573662
    4.033000          2.7823542042
    4.034000          2.8665399167
    4.035000          2.9507141676
    4.036000          3.0348766204
    4.037000          3.1190269389
    4.038000          3.2031647871
    4.039000          3.2872898288
    4.040000          3.3714017280
    4.041000          3.4555001488
    4.042000          3.5395847554
    4.043000          3.6236552120
    4.044000          3.7077111830
    4.045000          3.7917523327
    4.046000          3.8757783256
    4.047000          3.9597888264
    4.048000          4.0437834998
    4.049000          4.1277620105
    4.050000          4.2117240234
    4.051000          4.2956692036
    4.052000          4.3795972159
    4.053000          4.4635077258
    4.054000          4.5474003984
    4.055000          4.6312748992
    4.056000          4.7151308936
    4.057000          4.7989680473
    4.058000          4.8827860260
    4.059000          4.9665844956
    4.060000          5.0503631220
    4.061000          5.1341215713
    4.062000          5.2178595097
    4.063000          5.3015766036
    4.064000          5.3852725194
    4.065000          5.4689469237
    4.066000          5.5525994831
    4.067000          5.6362298646
    4.068000          5.7198377351
    4.069000          5.8034227618
    4.070000          5.8869846118
    4.071000          5.9705229526
    4.072000          6.0540374517
    4.073000          6.1375277768
    4.074000          6.2209935957
    4.075000          6.3044345764
    4.076000          6.3878503870
    4.077000          6.4712406957
    4.078000          6.5546051711
    4.079000          6.6379434816
    4.080000          6.7212552960
    4.081000          6.8045402832
    4.082000          6.8877981123
    4.083000          6.9710284526
    4.084000          7.0542309733
    4.085000          7.1374053440
    4.086000          7.2205512346
    4.087000          7.3036683148
    4.088000          7.3867562548
    4.089000          7.4698147248
    4.090000          7.5528433952
    4.091000          7.6358419367
    4.092000          7.7188100200
    4.093000          7.8017473162
    4.094000          7.8846534963
    4.095000          7.9675282318
    4.096000          8.0503711941
    4.097000          8.1331820551
    4.098000          8.2159604866
    4.099000          8.2987061608
    4.100000          8.3814187500
    4.101000          8.4640979267
    4.102000          8.5467433636
    4.103000          8.6293547338
    4.104000          8.7119317102
    4.105000          8.7944739663
    4.106000          8.8769811756
    4.107000          8.9594530119
    4.108000          9.0418891491
    4.109000          9.1242892615
    4.110000          9.2066530236
    4.111000          9.2889801098
    4.112000          9.3712701952
    4.113000          9.4535229547
    4.114000          9.5357380637
    4.115000          9.6179151978
    4.116000          9.7000540327
    4.117000          9.7821542444
    4.118000          9.8642155091
    4.119000          9.9462375034
    4.120000         10.0282199040
    4.121000         10.1101623878
    4.122000         10.1920646320
    4.123000         10.2739263141
    4.124000         10.3557471117
    4.125000         10.4375267029
    4.126000         10.5192647657
    4.127000         10.6009609787
    4.128000         10.6826150206
    4.129000         10.7642265702
    4.130000         10.8457953069
    4.131000         10.9273209101
    4.132000         11.0088030596
    4.133000         11.0902414353
    4.134000         11.1716357176
    4.135000         11.2529855869
    4.136000         11.3342907241
    4.137000         11.4155508104
    4.138000         11.4967655269
    4.139000         11.5779345555
    4.140000         11.6590575780
    4.141000         11.7401342766
    4.142000         11.8211643338
    4.143000         11.9021474325
    4.144000         11.9830832555
    4.145000         12.0639714864
    4.146000         12.1448118087
    4.147000         12.2256039063
    4.148000         12.3063474636
    4.149000         12.3870421650
    4.150000         12.4676876953
    4.151000         12.5482837397
    4.152000         12.6288299837
    4.153000         12.7093261129
    4.154000         12.7897718134
    4.155000         12.8701667716
    4.156000         12.9505106742
    4.157000         13.0308032080
    4.158000         13.1110440605
    4.159000         13.1912329191
    4.160000         13.2713694720
    4.161000         13.3514534073
    4.162000         13.4314844136
    4.163000         13.5114621798
    4.164000         13.5913863952
    4.165000         13.6712567492
    4.166000         13.7510729319
    4.167000         13.8308346335
    4.168000         13.9105415445
    4.169000         13.9901933558
    4.170000         14.0697897587
    4.171000         14.1493304447
    4.172000         14.2288151059
    4.173000         14.3082434344
    4.174000         14.3876151230
    4.175000         14.4669298645
    4.176000         14.5461873524
    4.177000         14.6253872802
    4.178000         14.7045293421
    4.179000         14.7836132324
    4.180000         14.8626386460
    4.181000         14.9416052779
    4.182000         15.0205128236
    4.183000         15.0993609790
    4.184000         15.1781494402
    4.185000         15.2568779040
    4.186000         15.3355460672
    4.187000         15.4141536272
    4.188000         15.4927002817
    4.189000         15.5711857288
    4.190000         15.6496096671
    4.191000         15.7279717952
    4.192000         15.8062718126
    4.193000         15.8845094187
    4.194000         15.9626843137
    4.195000         16.0407961980
    4.196000         16.1188447723
    4.197000         16.1968297379
    4.198000         16.2747507963
    4.199000         16.3526076495
    4.200000         16.4304000000
    4.201000         16.5081275505
    4.202000         16.5857900043
    4.203000         16.6633870649
    4.204000         16.7409184363
    4.205000         16.8183838231
    4.206000         16.8957829300
    4.207000         16.9731154623
    4.208000         17.0503811257
    4.209000         17.1275796262
    4.210000         17.2047106704
    4.211000         17.2817739653
    4.212000         17.3587692181
    4.213000         17.4356961367
    4.214000         17.5125544293
    4.215000         17.5893438046
    4.216000         17.6660639716
    4.217000         17.7427146399
    4.218000         17.8192955194
    4.219000         17.8958063205
    4.220000         17.9722467540
    4.221000         18.0486165313
    4.222000         18.1249153640
    4.223000         18.2011429644
    4.224000         18.2772990451
    4.225000         18.3533833191
    4.226000         18.4293955000
    4.227000         18.5053353017
    4.228000         18.5812024387
    4.229000         18.6569966260
    4.230000         18.7327175788
    4.231000         18.8083650130
    4.232000         18.8839386450
    4.233000         18.9594381913
    4.234000         19.0348633694
    4.235000         19.1102138969
    4.236000         19.1854894919
    4.237000         19.2606898731
    4.238000         19.3358147598
    4.239000         19.4108638714
    4.240000         19.4858369280
    4.241000         19.5607336503
    4.242000         19.6355537593
    4.243000         19.7102969765
    4.244000         19.7849630241
    4.245000         19.8595516245
    4.246000         19.9340625007
    4.247000         20.0084953763
    4.248000         20.0828499753
    4.249000         20.1571260223
    4.250000         20.2313232422
    4.251000         20.3054413606
    4.252000         20.3794801035
    4.253000         20.4534391974
    4.254000         20.5273183695
    4.255000         20.6011173472
    4.256000         20.6748358587
    4.257000         20.7484736326
    4.258000         20.8220303979
    4.259000         20.8955058843
    4.260000         20.9688998220
    4.261000         21.0422119416
    4.262000         21.1154419744
    4.263000         21.1885896521
    4.264000         21.2616547069
    4.265000         21.3346368717
    4.266000         21.4075358798
    4.267000         21.4803514650
    4.268000         21.5530833618
    4.269000         21.6257313052
    4.270000         21.6982950306
    4.271000         21.7707742740
    4.272000         21.8431687721
    4.273000         21.9154782619
    4.274000         21.9877024812
    4.275000         22.0598411682
    4.276000         22.1318940617
    4.277000         22.2038609010
    4.278000         22.2757414261
    4.279000         22.3475353774
    4.280000         22.4192424960
    4.281000         22.4908625234
    4.282000         22.5623952018
    4.283000         22.6338402740
    4.284000         22.7051974832
    4.285000         22.7764665733
    4.286000         22.8476472888
    4.287000         22.9187393747
    4.288000         22.9897425767
    4.289000         23.0606566408
    4.290000         23.1314813139
    4.291000         23.2022163434
    4.292000         23.2728614771
    4.293000         23.3434164637
    4.294000         23.4138810522
    4.295000         23.4842549923
    4.296000         23.5545380345
    4.297000         23.6247299295
    4.298000         23.6948304289
    4.299000         23.7648392848
    4.300000         23.8347562500
    4.301000         23.9045810777
    4.302000         23.9743135219
    4.303000         24.0439533371
    4.304000         24.1135002785
    4.305000         24.1829541018
    4.306000         24.2523145634
    4.307000         24.3215814204
    4.308000         24.3907544302
    4.309000         24.4598333513
    4.310000         24.5288179423
    4.311000         24.5977079629
    4.312000         24.6665031731
    4.313000         24.7352033337
    4.314000         24.8038082060
    4.315000         24.8723175521
    4.316000         24.9407311346
    4.317000         25.0090487168
    4.318000         25.0772700626
    4.319000         25.1453949366
    4.320000         25.2134231040
    4.321000         25.2813543307
    4.322000         25.3491883831
    4.323000         25.4169250284
    4.324000         25.4845640344
    4.325000         25.5521051697
    4.326000         25.6195482032
    4.327000         25.6868929048
    4.328000         25.7541390449
    4.329000         25.8212863946
    4.330000         25.8883347257
    4.331000         25.9552838106
    4.332000         26.0221334223
    4.333000         26.0888833347
    4.334000         26.1555333222
    4.335000         26.2220831599
    4.336000         26.2885326236
    4.337000         26.3548814898
    4.338000         26.4211295356
    4.339000         26.4872765388
    4.340000         26.5533222780
    4.341000         26.6192665323
    4.342000         26.6851090817
    4.343000         26.7508497067
    4.344000         26.8164881886
    4.345000         26.8820243094
    4.346000         26.9474578517
    4.347000         27.0127885989
    4.348000         27.0780163351
    4.349000         27.1431408450
    4.350000         27.2081619141
    4.351000         27.2730793285
    4.352000         27.3378928752
    4.353000         27.4026023418
    4.354000         27.4672075165
    4.355000         27.5317081884
    4.356000         27.5961041473
    4.357000         27.6603951835
    4.358000         27.7245810883
    4.359000         27.7886616536
    4.360000         27.8526366720
    4.361000         27.9165059369
    4.362000         27.9802692422
    4.363000         28.0439263830
    4.364000         28.1074771547
    4.365000         28.1709213535
    4.366000         28.2342587766
    4.367000         28.2974892217
    4.368000         28.3606124872
    4.369000         28.4236283725
    4.370000         28.4865366774
    4.371000         28.5493372029
    4.372000         28.6120297502
    4.373000         28.6746141217
    4.374000         28.7370901204
    4.375000         28.7994575500
    4.376000         28.8617162151
    4.377000         28.9238659208
    4.378000         28.9859064732
    4.379000         29.0478376791
    4.380000         29.1096593460
    4.381000         29.1713712823
    4.382000         29.2329732971
    4.383000         29.2944652001
    4.384000         29.3558468021
    4.385000         29.4171179145
    4.386000         29.4782783495
    4.387000         29.5393279199
    4.388000         29.6002664396
    4.389000         29.6610937232
    4.390000         29.7218095858
    4.391000         29.7824138437
    4.392000         29.8429063137
    4.393000         29.9032868135
    4.394000         29.9635551616
    4.395000         30.0237111773
    4.396000         30.0837546806
    4.397000         30.1436854925
    4.398000         30.2035034345
    4.399000         30.2632083293
    4.400000         30.3228000000
    4.401000         30.3822782708
    4.402000         30.4416429665
    4.403000         30.5008939130
    4.404000         30.5600309367
    4.405000         30.6190538649
    4.406000         30.6779625259
    4.407000         30.7367567486
    4.408000         30.7954363628
    4.409000         30.8540011992
    4.410000         30.9124510892
    4.411000         30.9707858651
    4.412000         31.0290053600
    4.413000         31.0871094079
    4.414000         31.1450978436
    4.415000         31.2029705027
    4.416000         31.2607272215
    4.417000         31.3183678375
    4.418000         31.3758921888
    4.419000         31.4333001144
    4.420000         31.4905914540
    4.421000         31.5477660484
    4.422000         31.6048237391
    4.423000         31.6617643685
    4.424000         31.7185877798
    4.425000         31.7752938171
    4.426000         31.8318823254
    4.427000         31.8883531505
    4.428000         31.9447061391
    4.429000         32.0009411386
    4.430000         32.0570579976
    4.431000         32.1130565652
    4.432000         32.1689366917
    4.433000         32.2246982280
    4.434000         32.2803410261
    4.435000         32.3358649387
    4.436000         32.3912698194
    4.437000         32.4465555229
    4.438000         32.5017219044
    4.439000         32.5567688204
    4.440000         32.6116961280
    4.441000         32.6665036853
    4.442000         32.7211913512
    4.443000         32.7757589856
    4.444000         32.8302064492
    4.445000         32.8845336038
    4.446000         32.9387403118
    4.447000         32.9928264367
    4.448000         33.0467918429
    4.449000         33.1006363956
    4.450000         33.1543599609
    4.451000         33.2079624061
    4.452000         33.2614435990
    4.453000         33.3148034085
    4.454000         33.3680417045
    4.455000         33.4211583578
    4.456000         33.4741532398
    4.457000         33.5270262233
    4.458000         33.5797771818
    4.459000         33.6324059895
    4.460000         33.6849125220
    4.461000         33.7372966554
    4.462000         33.7895582671
    4.463000         33.8416972351
    4.464000         33.8937134384
    4.465000         33.9456067572
    4.466000         33.9973770725
    4.467000         34.0490242659
    4.468000         34.1005482206
    4.469000         34.1519488201
    4.470000         34.2032259493
    4.471000         34.2543794939
    4.472000         34.3054093404
    4.473000         34.3563153765
    4.474000         34.4070974907
    4.475000         34.4577555725
    4.476000         34.5082895124
    4.477000         34.5586992019
    4.478000         34.6089845332
    4.479000         34.6591453998
    4.480000         34.7091816960
    4.481000         34.7590933171
    4.482000         34.8088801593
    4.483000         34.8585421199
    4.484000         34.9080790971
    4.485000         34.9574909901
    4.486000         35.0067776991
    4.487000         35.0559391252
    4.488000         35.1049751706
    4.489000         35.1538857384
    4.490000         35.2026707327
    4.491000         35.2513300586
    4.492000         35.2998636222
    4.493000         35.3482713307
    4.494000         35.3965530920
    4.495000         35.4447088154
    4.496000         35.4927384108
    4.497000         35.5406417894
    4.498000         35.5884188632
    4.499000         35.6360695454
    4.500000         35.6835937500
    4.501000         35.7309913922
    4.502000         35.7782623882
    4.503000         35.8254066550
    4.504000         35.8724241108
    4.505000         35.9193146749
    4.506000         35.9660782673
    4.507000         36.0127148094
    4.508000         36.0592242234
    4.509000         36.1056064325
    4.510000         36.1518613611
    4.511000         36.1979889344
    4.512000         36.2439890790
    4.513000         36.2898617221
    4.514000         36.3356067923
    4.515000         36.3812242189
    4.516000         36.4267139325
    4.517000         36.4720758647
    4.518000         36.5173099481
    4.519000         36.5624161163
    4.520000         36.6073943040
    4.521000         36.6522444470
    4.522000         36.6969664821
    4.523000         36.7415603472
    4.524000         36.7860259812
    4.525000         36.8303633240
    4.526000         36.8745723167
    4.527000         36.9186529014
    4.528000         36.9626050212
    4.529000         37.0064286205
    4.530000         37.0501236444
    4.531000         37.0936900395
    4.532000         37.1371277530
    4.533000         37.1804367336
    4.534000         37.2236169309
    4.535000         37.2666682955
    4.536000         37.3095907792
    4.537000         37.3523843348
    4.538000         37.3950489163
    4.539000         37.4375844786
    4.540000         37.4799909780
    4.541000         37.5222683716
    4.542000         37.5644166176
    4.543000         37.6064356755
    4.544000         37.6483255058
    4.545000         37.6900860700
    4.546000         37.7317173308
    4.547000         37.7732192521
    4.548000         37.8145917986
    4.549000         37.8558349365
    4.550000         37.8969486328
    4.551000         37.9379328558
    4.552000         37.9787875747
    4.553000         38.0195127602
    4.554000         38.0601083836
    4.555000         38.1005744177
    4.556000         38.1409108364
    4.557000         38.1811176145
    4.558000         38.2211947282
    4.559000         38.2611421546
    4.560000         38.3009598720
    4.561000         38.3406478599
    4.562000         38.3802060989
    4.563000         38.4196345707
    4.564000         38.4589332582
    4.565000         38.4981021453
    4.566000         38.5371412173
    4.567000         38.5760504603
    4.568000         38.6148298619
    4.569000         38.6534794106
    4.570000         38.6919990962
    4.571000         38.7303889095
    4.572000         38.7686488425
    4.573000         38.8067788886
    4.574000         38.8447790419
    4.575000         38.8826492981
    4.576000         38.9203896538
    4.577000         38.9580001068
    4.578000         38.9954806562
    4.579000         39.0328313022
    4.580000         39.0700520460
    4.581000         39.1071428902
    4.582000         39.1441038385
    4.583000         39.1809348958
    4.584000         39.2176360681
    4.585000         39.2542073626
    4.586000         39.2906487877
    4.587000         39.3269603531
    4.588000         39.3631420696
    4.589000         39.3991939490
    4.590000         39.4351160046
    4.591000         39.4709082507
    4.592000         39.5065707028
    4.593000         39.5421033778
    4.594000         39.5775062935
    4.595000         39.6127794691
    4.596000         39.6479229249
    4.597000         39.6829366826
    4.598000         39.7178207648
    4.599000         39.7525751956
    4.600000         39.7872000000
    4.601000         39.8216952046
    4.602000         39.8560608368
    4.603000         39.8902969256
    4.604000         39.9244035010
    4.605000         39.9583805942
    4.606000         39.9922282377
    4.607000         40.0259464653
    4.608000         40.0595353119
    4.609000         40.0929948136
    4.610000         40.1263250079
    4.611000         40.1595259334
    4.612000         40.1925976300
    4.613000         40.2255401387
    4.614000         40.2583535019
    4.615000         40.2910377632
    4.616000         40.3235929675
    4.617000         40.3560191607
    4.618000         40.3883163903
    4.619000         40.4204847048
    4.620000         40.4525241540
    4.621000         40.4844347890
    4.622000         40.5162166622
    4.623000         40.5478698271
    4.624000         40.5793943385
    4.625000         40.6107902527
    4.626000         40.6420576269
    4.627000         40.6731965198
    4.628000         40.7042069914
    4.629000         40.7350891027
    4.630000         40.7658429163
    4.631000         40.7964684959
    4.632000         40.8269659064
    4.633000         40.8573352142
    4.634000         40.8875764867
    4.635000         40.9176897929
    4.636000         40.9476752029
    4.637000         40.9775327881
    4.638000         41.0072626211
    4.639000         41.0368647760
    4.640000         41.0663393280
    4.641000         41.0956863537
    4.642000         41.1249059310
    4.643000         41.1539981391
    4.644000         41.1829630583
    4.645000         41.2118007706
    4.646000         41.2405113588
    4.647000         41.2690949075
    4.648000         41.2975515024
    4.649000         41.3258812303
    4.650000         41.3540841797
    4.651000         41.3821604401
    4.652000         41.4101101025
    4.653000         41.4379332591
    4.654000         41.4656300036
    4.655000         41.4932004308
    4.656000         41.5206446370
    4.657000         41.5479627196
    4.658000         41.5751547776
    4.659000         41.6022209112
    4.660000         41.6291612220
    4.661000         41.6559758128
    4.662000         41.6826647878
    4.663000         41.7092282525
    4.664000         41.7356663140
    4.665000         41.7619790803
    4.666000         41.7881666611
    4.667000         41.8142291674
    4.668000         41.8401667113
    4.669000         41.8659794065
    4.670000         41.8916673681
    4.671000         41.9172307122
    4.672000         41.9426695567
    4.673000         41.9679840205
    4.674000         41.9931742241
    4.675000         42.0182402893
    4.676000         42.0431823392
    4.677000         42.0680004982
    4.678000         42.0926948923
    4.679000         42.1172656487
    4.680000         42.1417128960
    4.681000         42.1660367642
    4.682000         42.1902373848
    4.683000         42.2143148903
    4.684000         42.2382694150
    4.685000         42.2621010944
    4.686000         42.2858100654
    4.687000         42.3093964662
    4.688000         42.3328604365
    4.689000         42.3562021175
    4.690000         42.3794216514
    4.691000         42.4025191823
    4.692000         42.4254948554
    4.693000         42.4483488172
    4.694000         42.4710812159
    4.695000         42.4936922009
    4.696000         42.5161819231
    4.697000         42.5385505347
    4.698000         42.5607981894
    4.699000         42.5829250424
    4.700000         42.6049312500
    4.701000         42.6268169702
    4.702000         42.6485823624
    4.703000         42.6702275874
    4.704000         42.6917528071
    4.705000         42.7131581854
    4.706000         42.7344438872
    4.707000         42.7556100789
    4.708000         42.7766569285
    4.709000         42.7975846052
    4.710000         42.8183932798
    4.711000         42.8390831245
    4.712000         42.8596543129
    4.713000         42.8801070201
    4.714000         42.9004414225
    4.715000         42.9206576982
    4.716000         42.9407560264
    4.717000         42.9607365881
    4.718000         42.9805995655
    4.719000         43.0003451424
    4.720000         43.0199735040
    4.721000         43.0394848369
    4.722000         43.0588793292
    4.723000         43.0781571705
    4.724000         43.0973185519
    4.725000         43.1163636658
    4.726000         43.1352927061
    4.727000         43.1541058684
    4.728000         43.1728033495
    4.729000         43.1913853478
    4.730000         43.2098520632
    4.731000         43.2282036969
    4.732000         43.2464404518
    4.733000         43.2645625321
    4.734000         43.2825701436
    4.735000         43.3004634935
    4.736000         43.3182427907
    4.737000         43.3359082453
    4.738000         43.3534600689
    4.739000         43.3708984750
    4.740000         43.3882236780
    4.741000         43.4054358943
    4.742000         43.4225353415
    4.743000         43.4395222388
    4.744000         43.4563968069
    4.745000         43.4731592680
    4.746000         43.4898098459
    4.747000         43.5063487657
    4.748000         43.5227762541
    4.749000         43.5390925395
    4.750000         43.5552978516
    4.751000         43.5713924215
    4.752000         43.5873764823
    4.753000         43.6032502680
    4.754000         43.6190140147
    4.755000         43.6346679595
    4.756000         43.6502123415
    4.757000         43.6656474011
    4.758000         43.6809733801
    4.759000         43.6961905220
    4.760000         43.7112990720
    4.761000         43.7262992765
    4.762000         43.7411913836
    4.763000         43.7559756429
    4.764000         43.7706523057
    4.765000         43.7852216246
    4.766000         43.7996838540
    4.767000         43.8140392495
    4.768000         43.8282880686
    4.769000         43.8424305703
    4.770000         43.8564670149
    4.771000         43.8703976646
    4.772000         43.8842227829
    4.773000         43.8979426349
    4.774000         43.9115574874
    4.775000         43.9250676086
    4.776000         43.9384732685
    4.777000         43.9517747384
    4.778000         43.9649722913
    4.779000         43.9780662018
    4.780000         43.9910567460
    4.781000         44.0039442016
    4.782000         44.0167288480
    4.783000         44.0294109660
    4.784000         44.0419908380
    4.785000         44.0544687481
    4.786000         44.0668449820
    4.787000         44.0791198269
    4.788000         44.0912935715
    4.789000         44.1033665063
    4.790000         44.1153389233
    4.791000         44.1272111161
    4.792000         44.1389833799
    4.793000         44.1506560115
    4.794000         44.1622293093
    4.795000         44.1737035734
    4.796000         44.1850791053
    4.797000         44.1963562082
    4.798000         44.2075351871
    4.799000         44.2186163483
    4.800000         44.2296000000
    4.801000         44.2404864518
    4.802000         44.2512760151
    4.803000         44.2619690027
    4.804000         44.2725657293
    4.805000         44.2830665110
    4.806000         44.2934716656
    4.807000         44.3037815126
    4.808000         44.3139963730
    4.809000         44.3241165696
    4.810000         44.3341424267
    4.811000         44.3440742702
    4.812000         44.3539124279
    4.813000         44.3636572289
    4.814000         44.3733090042
    4.815000         44.3828680863
    4.816000         44.3923348094
    4.817000         44.4017095094
    4.818000         44.4109925238
    4.819000         44.4201841917
    4.820000         44.4292848540
    4.821000         44.4382948531
    4.822000         44.4472145332
    4.823000         44.4560442401
    4.824000         44.4647843212
    4.825000         44.4734351257
    4.826000         44.4819970044
    4.827000         44.4904703097
    4.828000         44.4988553957
    4.829000         44.5071526183
    4.830000         44.5153623351
    4.831000         44.5234849050
    4.832000         44.5315206891
    4.833000         44.5394700498
    4.834000         44.5473333514
    4.835000         44.5551109597
    4.836000         44.5628032424
    4.837000         44.5704105688
    4.838000         44.5779333098
    4.839000         44.5853718381
    4.840000         44.5927265280
    4.841000         44.5999977557
    4.842000         44.6071858989
    4.843000         44.6142913371
    4.844000         44.6213144514
    4.845000         44.6282556248
    4.846000         44.6351152419
    4.847000         44.6418936889
    4.848000         44.6485913539
    4.849000         44.6552086266
    4.850000         44.6617458984
    4.851000         44.6682035626
    4.852000         44.6745820140
    4.853000         44.6808816493
    4.854000         44.6871028667
    4.855000         44.6932460664
    4.856000         44.6993116501
    4.857000         44.7053000214
    4.858000         44.7112115855
    4.859000         44.7170467495
    4.860000         44.7228059220
    4.861000         44.7284895136
    4.862000         44.7340979364
    4.863000         44.7396316045
    4.864000         44.7450909335
    4.865000         44.7504763408
    4.866000         44.7557882458
    4.867000         44.7610270693
    4.868000         44.7661932340
    4.869000         44.7712871644
    4.870000         44.7763092868
    4.871000         44.7812600291
    4.872000         44.7861398210
    4.873000         44.7909490941
    4.874000         44.7956882816
    4.875000         44.8003578186
    4.876000         44.8049581419
    4.877000         44.8094896900
    4.878000         44.8139529033
    4.879000         44.8183482240
    4.880000         44.8226760960
    4.881000         44.8269369649
    4.882000         44.8311312782
    4.883000         44.8352594852
    4.884000         44.8393220369
    4.885000         44.8433193862
    4.886000         44.8472519876
    4.887000         44.8511202976
    4.888000         44.8549247744
    4.889000         44.8586658780
    4.890000         44.8623440702
    4.891000         44.8659598145
    4.892000         44.8695135765
    4.893000         44.8730058232
    4.894000         44.8764370238
    4.895000         44.8798076490
    4.896000         44.8831181714
    4.897000         44.8863690656
    4.898000         44.8895608077
    4.899000         44.8926938759
    4.900000         44.8957687500
    4.901000         44.8987859118
    4.902000         44.9017458447
    4.903000         44.9046490342
    4.904000         44.9074959675
    4.905000         44.9102871335
    4.906000         44.9130230230
    4.907000         44.9157041289
    4.908000         44.9183309456
    4.909000         44.9209039694
    4.910000         44.9234236986
    4.911000         44.9258906331
    4.912000         44.9283052748
    4.913000         44.9306681276
    4.914000         44.9329796968
    4.915000         44.9352404900
    4.916000         44.9374510163
    4.917000         44.9396117870
    4.918000         44.9417233150
    4.919000         44.9437861151
    4.920000         44.9458007040
    4.921000         44.9477676003
    4.922000         44.9496873243
    4.923000         44.9515603984
    4.924000         44.9533873466
    4.925000         44.9551686951
    4.926000         44.9569049716
    4.927000         44.9585967060
    4.928000         44.9602444299
    4.929000         44.9618486767
    4.930000         44.9634099819
    4.931000         44.9649288828
    4.932000         44.9664059185
    4.933000         44.9678416300
    4.934000         44.9692365602
    4.935000         44.9705912541
    4.936000         44.9719062582
    4.937000         44.9731821212
    4.938000         44.9744193936
    4.939000         44.9756186278
    4.940000         44.9767803780
    4.941000         44.9779052005
    4.942000         44.9789936533
    4.943000         44.9800462965
    4.944000         44.9810636920
    4.945000         44.9820464036
    4.946000         44.9829949969
    4.947000         44.9839100398
    4.948000         44.9847921017
    4.949000         44.9856417540
    4.950000         44.9864595703
    4.951000         44.9872461258
    4.952000         44.9880019978
    4.953000         44.9887277654
    4.954000         44.9894240097
    4.955000         44.9900913138
    4.956000         44.9907302626
    4.957000         44.9913414431
    4.958000         44.9919254439
    4.959000         44.9924828560
    4.960000         44.9930142720
    4.961000         44.9935202866
    4.962000         44.9940014963
    4.963000         44.9944584997
    4.964000         44.9948918972
    4.965000         44.9953022914
    4.966000         44.9956902866
    4.967000         44.9960564892
    4.968000         44.9964015074
    4.969000         44.9967259515
    4.970000         44.9970304337
    4.971000         44.9973155682
    4.972000         44.9975819712
    4.973000         44.9978302607
    4.974000         44.9980610569
    4.975000         44.9982749817
    4.976000         44.9984726592
    4.977000         44.9986547155
    4.978000         44.9988217784
    4.979000         44.9989744779
    4.980000         44.9991134460
    4.981000         44.9992393166
    4.982000         44.9993527255
    4.983000         44.9994543106
    4.984000         44.9995447119
    4.985000         44.9996245712
    4.986000         44.9996945323
    4.987000         44.9997552411
    4.988000         44.9998073454
    4.989000         44.9998514951
    4.990000         44.9998883421
    4.991000         44.9999185401
    4.992000         44.9999427450
    4.993000         44.9999616148
    4.994000         44.9999758092
    4.995000         44.9999859902
    4.996000         44.9999928216
    4.997000         44.9999969693
    4.998000         44.9999991013
    4.999000         44.9999998876
    5.000000         45.0000000000
    5.001000         44.9999998876
    5.002000         44.9999991013
    5.003000         44.9999969693
    5.004000         44.9999928216
    5.005000         44.9999859902
    5.006000         44.9999758092
    5.007000         44.9999616148
    5.008000         44.9999427450
    5.009000         44.9999185401
    5.010000         44.9998883421
    5.011000         44.9998514951
    5.012000         44.9998073454
    5.013000         44.9997552411
    5.014000         44.9996945323
    5.015000         44.9996245712
    5.016000         44.9995447119
    5.017000         44.9994543106
    5.018000         44.9993527255
    5.019000         44.9992393166
    5.020000         44.9991134460
    5.021000         44.9989744779
    5.022000         44.9988217784
    5.023000         44.9986547155
    5.024000         44.9984726592
    5.025000         44.9982749817
    5.026000         44.9980610569
    5.027000         44.9978302607
    5.028000         44.9975819712
    5.029000         44.9973155682
    5.030000         44.9970304337
    5.031000         44.9967259515
    5.032000         44.9964015074
    5.033000         44.9960564892
    5.034000         44.9956902866
    5.035000         44.9953022914
    5.036000         44.9948918972
    5.037000         44.9944584997
    5.038000         44.9940014963
    5.039000         44.9935202866
    5.040000         44.9930142720
    5.041000         44.9924828560
    5.042000         44.9919254439
    5.043000         44.9913414431
    5.044000         44.9907302626
    5.045000         44.9900913138
    5.046000         44.9894240097
    5.047000         44.9887277654
    5.048000         44.9880019978
    5.049000         44.9872461258
    5.050000         44.9864595703
    5.051000         44.9856417540
    5.052000         44.9847921017
    5.053000         44.9839100398
    5.054000         44.9829949969
    5.055000         44.9820464036
    5.056000         44.9810636920
    5.057000         44.9800462965
    5.058000         44.9789936533
    5.059000         44.9779052005
    5.060000         44.9767803780
    5.061000         44.9756186278
    5.062000         44.9744193936
    5.063000         44.9731821212
    5.064000         44.9719062582
    5.065000         44.9705912541
    5.066000         44.9692365602
    5.067000         44.9678416300
    5.068000         44.9664059185
    5.069000         44.9649288828
    5.070000         44.9634099819
    5.071000         44.9618486767
    5.072000         44.9602444299
    5.073000         44.9585967060
    5.074000         44.9569049716
    5.075000         44.9551686951
    5.076000         44.9533873466
    5.077000         44.9515603984
    5.078000         44.9496873243
    5.079000         44.9477676003
    5.080000         44.9458007040
    5.081000         44.9437861151
    5.082000         44.9417233150
    5.083000         44.9396117870
    5.084000         44.9374510163
    5.085000         44.9352404900
    5.086000         44.9329796968
    5.087000         44.9306681276
    5.088000         44.9283052748
    5.089000         44.9258906331
    5.090000         44.9234236986
    5.091000         44.9209039694
    5.092000         44.9183309456
    5.093000         44.9157041289
    5.094000         44.9130230230
    5.095000         44.9102871335
    5.096000         44.9074959675
    5.097000         44.9046490342
    5.098000         44.9017458447
    5.099000         44.8987859118
    5.100000         44.8957687500
    5.101000         44.8926938759
    5.102000         44.8895608077
    5.103000         44.8863690656
    5.104000         44.8831181714
    5.105000         44.8798076490
    5.106000         44.8764370238
    5.107000         44.8730058232
    5.108000         44.8695135765
    5.109000         44.8659598145
    5.110000         44.8623440702
    5.111000         44.8586658780
    5.112000         44.8549247744
    5.113000         44.8511202976
    5.114000         44.8472519876
    5.115000         44.8433193862
    5.116000         44.8393220369
    5.117000         44.8352594852
    5.118000         44.8311312782
    5.119000         44.8269369649
    5.120000         44.8226760960
    5.121000         44.8183482240
    5.122000         44.8139529033
    5.123000         44.8094896900
    5.124000         44.8049581419
    5.125000         44.8003578186
    5.126000         44.7956882816
    5.127000         44.7909490941
    5.128000         44.7861398210
    5.129000         44.7812600291
    5.130000         44.7763092868
    5.131000         44.7712871644
    5.132000         44.7661932340
    5.133000         44.7610270693
    5.134000         44.7557882458
    5.135000         44.7504763408
    5.136000         44.7450909335
    5.137000         44.7396316045
    5.138000         44.7340979364
    5.139000         44.7284895136
    5.140000         44.7228059220
    5.141000         44.7170467495
    5.142000         44.7112115855
    5.143000         44.7053000214
    5.144000         44.6993116501
    5.145000         44.6932460664
    5.146000         44.6871028667
    5.147000         44.6808816493
    5.148000         44.6745820140
    5.149000         44.6682035626
    5.150000         44.6617458984
    5.151000         44.6552086266
    5.152000         44.6485913539
    5.153000         44.6418936889
    5.154000         44.6351152419
    5.155000         44.6282556248
    5.156000         44.6213144514
    5.157000         44.6142913371
    5.158000         44.6071858989
    5.159000         44.5999977557
    5.160000         44.5927265280
    5.161000         44.5853718381
    5.162000         44.5779333098
    5.163000         44.5704105688
    5.164000         44.5628032424
    5.165000         44.5551109597
    5.166000         44.5473333514
    5.167000         44.5394700498
    5.168000         44.5315206891
    5.169000         44.5234849050
    5.170000         44.5153623351
    5.171000         44.5071526183
    5.172000         44.4988553957
    5.173000         44.4904703097
    5.174000         44.4819970044
    5.175000         44.4734351257
    5.176000         44.4647843212
    5.177000         44.4560442401
    5.178000         44.4472145332
    5.179000         44.4382948531
    5.180000         44.4292848540
    5.181000         44.4201841917
    5.182000         44.4109925238
    5.183000         44.4017095094
    5.184000         44.3923348094
    5.185000         44.3828680863
    5.186000         44.3733090042
    5.187000         44.3636572289
    5.188000         44.3539124279
    5.189000         44.3440742702
    5.190000         44.3341424267
    5.191000         44.3241165696
    5.192000         44.3139963730
    5.193000         44.3037815126
    5.194000         44.2934716656
    5.195000         44.2830665110
    5.196000         44.2725657293
    5.197000         44.2619690027
    5.198000         44.2512760151
    5.199000         44.2404864518
    5.200000         44.2296000000
    5.201000         44.2186163483
    5.202000         44.2075351871
    5.203000         44.1963562082
    5.204000         44.1850791053
    5.205000         44.1737035734
    5.206000         44.1622293093
    5.207000         44.1506560115
    5.208000         44.1389833799
    5.209000         44.1272111161
    5.210000         44.1153389233
    5.211000         44.1033665063
    5.212000         44.0912935715
    5.213000         44.0791198269
    5.214000         44.0668449820
    5.215000         44.0544687481
    5.216000         44.0419908380
    5.217000         44.0294109660
    5.218000         44.0167288480
    5.219000         44.0039442016
    5.220000         43.9910567460
    5.221000         43.9780662018
    5.222000         43.9649722913
    5.223000         43.9517747384
    5.224000         43.9384732685
    5.225000         43.9250676086
    5.226000         43.9115574874
    5.227000         43.8979426349
    5.228000         43.8842227829
    5.229000         43.8703976646
    5.230000         43.8564670149
    5.231000         43.8424305703
    5.232000         43.8282880686
    5.233000         43.8140392495
    5.234000         43.7996838540
    5.235000         43.7852216246
    5.236000         43.7706523057
    5.237000         43.7559756429
    5.238000         43.7411913836
    5.239000         43.7262992765
    5.240000         43.7112990720
    5.241000         43.6961905220
    5.242000         43.6809733801
    5.243000         43.6656474011
    5.244000         43.6502123415
    5.245000         43.6346679595
    5.246000         43.6190140147
    5.247000         43.6032502680
    5.248000         43.5873764823
    5.249000         43.5713924215
    5.250000         43.5552978516
    5.251000         43.5390925395
    5.252000         43.5227762541
    5.253000         43.5063487657
    5.254000         43.4898098459
    5.255000         43.4731592680
    5.256000         43.4563968069
    5.257000         43.4395222388
    5.258000         43.4225353415
    5.259000         43.4054358943
    5.260000         43.3882236780
    5.261000         43.3708984750
    5.262000         43.3534600689
    5.263000         43.3359082453
    5.264000         43.3182427907
    5.265000         43.3004634935
    5.266000         43.2825701436
    5.267000         43.2645625321
    5.268000         43.2464404518
    5.269000         43.2282036969
    5.270000         43.2098520632
    5.271000         43.1913853478
    5.272000         43.1728033495
    5.273000         43.1541058684
    5.274000         43.1352927061
    5.275000         43.1163636658
    5.276000         43.0973185519
    5.277000         43.0781571705
    5.278000         43.0588793292
    5.279000         43.0394848369
    5.280000         43.0199735040
    5.281000         43.0003451424
    5.282000         42.9805995655
    5.283000         42.9607365881
    5.284000         42.9407560264
    5.285000         42.9206576982
    5.286000         42.9004414225
    5.287000         42.8801070201
    5.288000         42.8596543129
    5.289000         42.8390831245
    5.290000         42.8183932798
    5.291000         42.7975846052
    5.292000         42.7766569285
    5.293000         42.7556100789
    5.294000         42.7344438872
    5.295000         42.7131581854
    5.296000         42.6917528071
    5.297000         42.6702275874
    5.298000         42.6485823624
    5.299000         42.6268169702
    5.300000         42.6049312500
    5.301000         42.5829250424
    5.302000         42.5607981894
    5.303000         42.5385505347
    5.304000         42.5161819231
    5.305000         42.4936922009
    5.306000         42.4710812159
    5.307000         42.4483488172
    5.308000         42.4254948554
    5.309000         42.4025191823
    5.310000         42.3794216514
    5.311000         42.3562021175
    5.312000         42.3328604365
    5.313000         42.3093964662
    5.314000         42.2858100654
    5.315000         42.2621010944
    5.316000         42.2382694150
    5.317000         42.2143148903
    5.318000         42.1902373848
    5.319000         42.1660367642
    5.320000         42.1417128960
    5.321000         42.1172656487
    5.322000         42.0926948923
    5.323000         42.0680004982
    5.324000         42.0431823392
    5.325000         42.0182402893
    5.326000         41.9931742241
    5.327000         41.9679840205
    5.328000         41.9426695567
    5.329000         41.9172307122
    5.330000         41.8916673681
    5.331000         41.8659794065
    5.332000         41.8401667113
    5.333000         41.8142291674
    5.334000         41.7881666611
    5.335000         41.7619790803
    5.336000         41.7356663140
    5.337000         41.7092282525
    5.338000         41.6826647878
    5.339000         41.6559758128
    5.340000         41.6291612220
    5.341000         41.6022209112
    5.342000         41.5751547776
    5.343000         41.5479627196
    5.344000         41.5206446370
    5.345000         41.4932004308
    5.346000         41.4656300036
    5.347000         41.4379332591
    5.348000         41.4101101025
    5.349000         41.3821604401
    5.350000         41.3540841797
    5.351000         41.3258812303
    5.352000         41.2975515024
    5.353000         41.2690949075
    5.354000         41.2405113588
    5.355000         41.2118007706
    5.356000         41.1829630583
    5.357000         41.1539981391
    5.358000         41.1249059310
    5.359000         41.0956863537
    5.360000         41.0663393280
    5.361000         41.0368647760
    5.362000         41.0072626211
    5.363000         40.9775327881
    5.364000         40.9476752029
    5.365000         40.9176897929
    5.366000         40.8875764867
    5.367000         40.8573352142
    5.368000         40.8269659064
    5.369000         40.7964684959
    5.370000         40.7658429163
    5.371000         40.7350891027
    5.372000         40.7042069914
    5.373000         40.6731965198
    5.374000         40.6420576269
    5.375000         40.6107902527
    5.376000         40.5793943385
    5.377000         40.5478698271
    5.378000         40.5162166622
    5.379000         40.4844347890
    5.380000         40.4525241540
    5.381000         40.4204847048
    5.382000         40.3883163903
    5.383000         40.3560191607
    5.384000         40.3235929675
    5.385000         40.2910377632
    5.386000         40.2583535019
    5.387000         40.2255401387
    5.388000         40.1925976300
    5.389000         40.1595259334
    5.390000         40.1263250079
    5.391000         40.0929948136
    5.392000         40.0595353119
    5.393000         40.0259464653
    5.394000         39.9922282377
    5.395000         39.9583805942
    5.396000         39.9244035010
    5.397000         39.8902969256
    5.398000         39.8560608368
    5.399000         39.8216952046
    5.400000         39.7872000000
    5.401000         39.7525751956
    5.402000         39.7178207648
    5.403000         39.6829366826
    5.404000         39.6479229249
    5.405000         39.6127794691
    5.406000         39.5775062935
    5.407000         39.5421033778
    5.408000         39.5065707028
    5.409000         39.4709082507
    5.410000         39.4351160046
    5.411000         39.3991939490
    5.412000         39.3631420696
    5.413000         39.3269603531
    5.414000         39.2906487877
    5.415000         39.2542073626
    5.416000         39.2176360681
    5.417000         39.1809348958
    5.418000         39.1441038385
    5.419000         39.1071428902
    5.420000         39.0700520460
    5.421000         39.0328313022
    5.422000         38.9954806562
    5.423000         38.9580001068
    5.424000         38.9203896538
    5.425000         38.8826492981
    5.426000         38.8447790419
    5.427000         38.8067788886
    5.428000         38.7686488425
    5.429000         38.7303889095
    5.430000         38.6919990962
    5.431000         38.6534794106
    5.432000         38.6148298619
    5.433000         38.5760504603
    5.434000         38.5371412173
    5.435000         38.4981021453
    5.436000         38.4589332582
    5.437000         38.4196345707
    5.438000         38.3802060989
    5.439000         38.3406478599
    5.440000         38.3009598720
    5.441000         38.2611421546
    5.442000         38.2211947282
    5.443000         38.1811176145
    5.444000         38.1409108364
    5.445000         38.1005744177
    5.446000         38.0601083836
    5.447000         38.0195127602
    5.448000         37.9787875747
    5.449000         37.9379328558
    5.450000         37.8969486328
    5.451000         37.8558349365
    5.452000         37.8145917986
    5.453000         37.7732192521
    5.454000         37.7317173308
    5.455000         37.6900860700
    5.456000         37.6483255058
    5.457000         37.6064356755
    5.458000         37.5644166176
    5.459000         37.5222683716
    5.460000         37.4799909780
    5.461000         37.4375844786
    5.462000         37.3950489163
    5.463000         37.3523843348
    5.464000         37.3095907792
    5.465000         37.2666682955
    5.466000         37.2236169309
    5.467000         37.1804367336
    5.468000         37.1371277530
    5.469000         37.0936900395
    5.470000         37.0501236444
    5.471000         37.0064286205
    5.472000         36.9626050212
    5.473000         36.9186529014
    5.474000         36.8745723167
    5.475000         36.8303633240
    5.476000         36.7860259812
    5.477000         36.7415603472
    5.478000         36.6969664821
    5.479000         36.6522444470
    5.480000         36.6073943040
    5.481000         36.5624161163
    5.482000         36.5173099481
    5.483000         36.4720758647
    5.484000         36.4267139325
    5.485000         36.3812242189
    5.486000         36.3356067923
    5.487000         36.2898617221
    5.488000         36.2439890790
    5.489000         36.1979889344
    5.490000         36.1518613611
    5.491000         36.1056064325
    5.492000         36.0592242234
    5.493000         36.0127148094
    5.494000         35.9660782673
    5.495000         35.9193146749
    5.496000         35.8724241108
    5.497000         35.8254066550
    5.498000         35.7782623882
    5.499000         35.7309913922
    5.500000         35.6835937500
    5.501000         35.6360695454
    5.502000         35.5884188632
    5.503000         35.5406417894
    5.504000         35.4927384108
    5.505000         35.4447088154
    5.506000         35.3965530920
    5.507000         35.3482713307
    5.508000         35.2998636222
    5.509000         35.2513300586
    5.510000         35.2026707327
    5.511000         35.1538857384
    5.512000         35.1049751706
    5.513000         35.0559391252
    5.514000         35.0067776991
    5.515000         34.9574909901
    5.516000         34.9080790971
    5.517000         34.8585421199
    5.518000         34.8088801593
    5.519000         34.7590933171
    5.520000         34.7091816960
    5.521000         34.6591453998
    5.522000         34.6089845332
    5.523000         34.5586992019
    5.524000         34.5082895124
    5.525000         34.4577555725
    5.526000         34.4070974907
    5.527000         34.3563153765
    5.528000         34.3054093404
    5.529000         34.2543794939
    5.530000         34.2032259493
    5.531000         34.1519488201
    5.532000         34.1005482206
    5.533000         34.0490242659
    5.534000         33.9973770725
    5.535000         33.9456067572
    5.536000         33.8937134384
    5.537000         33.8416972351
    5.538000         33.7895582671
    5.539000         33.7372966554
    5.540000         33.6849125220
    5.541000         33.6324059895
    5.542000         33.5797771818
    5.543000         33.5270262233
    5.544000         33.4741532398
    5.545000         33.4211583578
    5.546000         33.3680417045
    5.547000         33.3148034085
    5.548000         33.2614435990
    5.549000         33.2079624061
    5.550000         33.1543599609
    5.551000         33.1006363956
    5.552000         33.0467918429
    5.553000         32.9928264367
    5.554000         32.9387403118
    5.555000         32.8845336038
    5.556000         32.8302064492
    5.557000         32.7757589856
    5.558000         32.7211913512
    5.559000         32.6665036853
    5.560000         32.6116961280
    5.561000         32.5567688204
    5.562000         32.5017219044
    5.563000         32.4465555229
    5.564000         32.3912698194
    5.565000         32.3358649387
    5.566000         32.2803410261
    5.567000         32.2246982280
    5.568000         32.1689366917
    5.569000         32.1130565652
    5.570000         32.0570579976
    5.571000         32.0009411386
    5.572000         31.9447061391
    5.573000         31.8883531505
    5.574000         31.8318823254
    5.575000         31.7752938171
    5.576000         31.7185877798
    5.577000         31.6617643685
    5.578000         31.6048237391
    5.579000         31.5477660484
    5.580000         31.4905914540
    5.581000         31.4333001144
    5.582000         31.3758921888
    5.583000         31.3183678375
    5.584000         31.2607272215
    5.585000         31.2029705027
    5.586000         31.1450978436
    5.587000         31.0871094079
    5.588000         31.0290053600
    5.589000         30.9707858651
    5.590000         30.9124510892
    5.591000         30.8540011992
    5.592000         30.7954363628
    5.593000         30.7367567486
    5.594000         30.6779625259
    5.595000         30.6190538649
    5.596000         30.5600309367
    5.597000         30.5008939130
    5.598000         30.4416429665
    5.599000         30.3822782708
    5.600000         30.3228000000
    5.601000         30.2632083293
    5.602000         30.2035034345
    5.603000         30.1436854925
    5.604000         30.0837546806
    5.605000         30.0237111773
    5.606000         29.9635551616
    5.607000         29.9032868135
    5.608000         29.8429063137
    5.609000         29.7824138437
    5.610000         29.7218095858
    5.611000         29.6610937232
    5.612000         29.6002664396
    5.613000         29.5393279199
    5.614000         29.4782783495
    5.615000         29.4171179145
    5.616000         29.3558468021
    5.617000         29.2944652001
    5.618000         29.2329732971
    5.619000         29.1713712823
    5.620000         29.1096593460
    5.621000         29.0478376791
    5.622000         28.9859064732
    5.623000         28.9238659208
    5.624000         28.8617162151
    5.625000         28.7994575500
    5.626000         28.7370901204
    5.627000         28.6746141217
    5.628000         28.6120297502
    5.629000         28.5493372029
    5.630000         28.4865366774
    5.631000         28.4236283725
    5.632000         28.3606124872
    5.633000         28.2974892217
    5.634000         28.2342587766
    5.635000         28.1709213535
    5.636000         28.1074771547
    5.637000         28.0439263830
    5.638000         27.9802692422
    5.639000         27.9165059369
    5.640000         27.8526366720
    5.641000         27.7886616536
    5.642000         27.7245810883
    5.643000         27.6603951835
    5.644000         27.5961041473
    5.645000         27.5317081884
    5.646000         27.4672075165
    5.647000         27.4026023418
    5.648000         27.3378928752
    5.649000         27.2730793285
    5.650000         27.2081619141
    5.651000         27.1431408450
    5.652000         27.0780163351
    5.653000         27.0127885989
    5.654000         26.9474578517
    5.655000         26.8820243094
    5.656000         26.8164881886
    5.657000         26.7508497067
    5.658000         26.6851090817
    5.659000         26.6192665323
    5.660000         26.5533222780
    5.661000         26.4872765388
    5.662000         26.4211295356
    5.663000         26.3548814898
    5.664000         26.2885326236
    5.665000         26.2220831599
    5.666000         26.1555333222
    5.667000         26.0888833347
    5.668000         26.0221334223
    5.669000         25.9552838106
    5.670000         25.8883347257
    5.671000         25.8212863946
    5.672000         25.7541390449
    5.673000         25.6868929048
    5.674000         25.6195482032
    5.675000         25.5521051697
    5.676000         25.4845640344
    5.677000         25.4169250284
    5.678000         25.3491883831
    5.679000         25.2813543307
    5.680000         25.2134231040
    5.681000         25.1453949366
    5.682000         25.0772700626
    5.683000         25.0090487168
    5.684000         24.9407311346
    5.685000         24.8723175521
    5.686000         24.8038082060
    5.687000         24.7352033337
    5.688000         24.6665031731
    5.689000         24.5977079629
    5.690000         24.5288179423
    5.691000         24.4598333513
    5.692000         24.3907544302
    5.693000         24.3215814204
    5.694000         24.2523145634
    5.695000         24.1829541018
    5.696000         24.1135002785
    5.697000         24.0439533371
    5.698000         23.9743135219
    5.699000         23.9045810777
    5.700000         23.8347562500
    5.701000         23.7648392848
    5.702000         23.6948304289
    5.703000         23.6247299295
    5.704000         23.5545380345
    5.705000         23.4842549923
    5.706000         23.4138810522
    5.707000         23.3434164637
    5.708000         23.2728614771
    5.709000         23.2022163434
    5.710000         23.1314813139
    5.711000         23.0606566408
    5.712000         22.9897425767
    5.713000         22.9187393747
    5.714000         22.8476472888
    5.715000         22.7764665733
    5.716000         22.7051974832
    5.717000         22.6338402740
    5.718000         22.5623952018
    5.719000         22.4908625234
    5.720000         22.4192424960
    5.721000         22.3475353774
    5.722000         22.2757414261
    5.723000         22.2038609010
    5.724000         22.1318940617
    5.725000         22.0598411682
    5.726000         21.9877024812
    5.727000         21.9154782619
    5.728000         21.8431687721
    5.729000         21.7707742740
    5.730000         21.6982950306
    5.731000         21.6257313052
    5.732000         21.5530833618
    5.733000         21.4803514650
    5.734000         21.4075358798
    5.735000         21.3346368717
    5.736000         21.2616547069
    5.737000         21.1885896521
    5.738000         21.1154419744
    5.739000         21.0422119416
    5.740000         20.9688998220
    5.741000         20.8955058843
    5.742000         20.8220303979
    5.743000         20.7484736326
    5.744000         20.6748358587
    5.745000         20.6011173472
    5.746000         20.5273183695
    5.747000         20.4534391974
    5.748000         20.3794801035
    5.749000         20.3054413606
    5.750000         20.2313232422
    5.751000         20.1571260223
    5.752000         20.0828499753
    5.753000         20.0084953763
    5.754000         19.9340625007
    5.755000         19.8595516245
    5.756000         19.7849630241
    5.757000         19.7102969765
    5.758000         19.6355537593
    5.759000         19.5607336503
    5.760000         19.4858369280
    5.761000         19.4108638714
    5.762000         19.3358147598
    5.763000         19.2606898731
    5.764000         19.1854894919
    5.765000         19.1102138969
    5.766000         19.0348633694
    5.767000         18.9594381913
    5.768000         18.8839386450
    5.769000         18.8083650130
    5.770000         18.7327175788
    5.771000         18.6569966260
    5.772000         18.5812024387
    5.773000         18.5053353017
    5.774000         18.4293955000
    5.775000         18.3533833191
    5.776000         18.2772990451
    5.777000         18.2011429644
    5.778000         18.1249153640
    5.779000         18.0486165313
    5.780000         17.9722467540
    5.781000         17.8958063205
    5.782000         17.8192955194
    5.783000         17.7427146399
    5.784000         17.6660639716
    5.785000         17.5893438046
    5.786000         17.5125544293
    5.787000         17.4356961367
    5.788000         17.3587692181
    5.789000         17.2817739653
    5.790000         17.2047106704
    5.791000         17.1275796262
    5.792000         17.0503811257
    5.793000         16.9731154623
    5.794000         16.8957829300
    5.795000         16.8183838231
    5.796000         16.7409184363
    5.797000         16.6633870649
    5.798000         16.5857900043
    5.799000         16.5081275505
    5.800000         16.4304000000
    5.801000         16.3526076495
    5.802000         16.2747507963
    5.803000         16.1968297379
    5.804000         16.1188447723
    5.805000         16.0407961980
    5.806000         15.9626843137
    5.807000         15.8845094187
    5.808000         15.8062718126
    5.809000         15.7279717952
    5.810000         15.6496096671
    5.811000         15.5711857288
    5.812000         15.4927002817
    5.813000         15.4141536272
    5.814000         15.3355460672
    5.815000         15.2568779040
    5.816000         15.1781494402
    5.817000         15.0993609790
    5.818000         15.0205128236
    5.819000         14.9416052779
    5.820000         14.8626386460
    5.821000         14.7836132324
    5.822000         14.7045293421
    5.823000         14.6253872802
    5.824000         14.5461873524
    5.825000         14.4669298645
    5.826000         14.3876151230
    5.827000         14.3082434344
    5.828000         14.2288151059
    5.829000         14.1493304447
    5.830000         14.0697897587
    5.831000         13.9901933558
    5.832000         13.9105415445
    5.833000         13.8308346335
    5.834000         13.7510729319
    5.835000         13.6712567492
    5.836000         13.5913863952
    5.837000         13.5114621798
    5.838000         13.4314844136
    5.839000         13.3514534073
    5.840000         13.2713694720
    5.841000         13.1912329191
    5.842000         13.1110440605
    5.843000         13.0308032080
    5.844000         12.9505106742
    5.845000         12.8701667716
    5.846000         12.7897718134
    5.847000         12.7093261129
    5.848000         12.6288299837
    5.849000         12.5482837397
    5.850000         12.4676876953
    5.851000         12.3870421650
    5.852000         12.3063474636
    5.853000         12.2256039063
    5.854000         12.1448118087
    5.855000         12.0639714864
    5.856000         11.9830832555
    5.857000         11.9021474325
    5.858000         11.8211643338
    5.859000         11.7401342766
    5.860000         11.6590575780
    5.861000         11.5779345555
    5.862000         11.4967655269
    5.863000         11.4155508104
    5.864000         11.3342907241
    5.865000         11.2529855869
    5.866000         11.1716357176
    5.867000         11.0902414353
    5.868000         11.0088030596
    5.869000         10.9273209101
    5.870000         10.8457953069
    5.871000         10.7642265702
    5.872000         10.6826150206
    5.873000         10.6009609787
    5.874000         10.5192647657
    5.875000         10.4375267029
    5.876000         10.3557471117
    5.877000         10.2739263141
    5.878000         10.1920646320
    5.879000         10.1101623878
    5.880000         10.0282199040
    5.881000          9.9462375034
    5.882000          9.8642155091
    5.883000          9.7821542444
    5.884000          9.7000540327
    5.885000          9.6179151978
    5.886000          9.5357380637
    5.887000          9.4535229547
    5.888000          9.3712701952
    5.889000          9.2889801098
    5.890000          9.2066530236
    5.891000          9.1242892615
    5.892000          9.0418891491
    5.893000          8.9594530119
    5.894000          8.8769811756
    5.895000          8.7944739663
    5.896000          8.7119317102
    5.897000          8.6293547338
    5.898000          8.5467433636
    5.899000          8.4640979267
    5.900000          8.3814187500
    5.901000          8.2987061608
    5.902000          8.2159604866
    5.903000          8.1331820551
    5.904000          8.0503711941
    5.905000          7.9675282318
    5.906000          7.8846534963
    5.907000          7.8017473162
    5.908000          7.7188100200
    5.909000          7.6358419367
    5.910000          7.5528433952
    5.911000          7.4698147248
    5.912000          7.3867562548
    5.913000          7.3036683148
    5.914000          7.2205512346
    5.915000          7.1374053440
    5.916000          7.0542309733
    5.917000          6.9710284526
    5.918000          6.8877981123
    5.919000          6.8045402832
    5.920000          6.7212552960
    5.921000          6.6379434816
    5.922000          6.5546051711
    5.923000          6.4712406957
    5.924000          6.3878503870
    5.925000          6.3044345764
    5.926000          6.2209935957
    5.927000          6.1375277768
    5.928000          6.0540374517
    5.929000          5.9705229526
    5.930000          5.8869846118
    5.931000          5.8034227618
    5.932000          5.7198377351
    5.933000          5.6362298646
    5.934000          5.5525994831
    5.935000          5.4689469237
    5.936000          5.3852725194
    5.937000          5.3015766036
    5.938000          5.2178595097
    5.939000          5.1341215713
    5.940000          5.0503631220
    5.941000          4.9665844956
    5.942000          4.8827860260
    5.943000          4.7989680473
    5.944000          4.7151308936
    5.945000          4.6312748992
    5.946000          4.5474003984
    5.947000          4.4635077258
    5.948000          4.3795972159
    5.949000          4.2956692036
    5.950000          4.2117240234
    5.951000          4.1277620105
    5.952000          4.0437834998
    5.953000          3.9597888264
    5.954000          3.8757783256
    5.955000          3.7917523327
    5.956000          3.7077111830
    5.957000          3.6236552120
    5.958000          3.5395847554
    5.959000          3.4555001488
    5.960000          3.3714017280
    5.961000          3.2872898288
    5.962000          3.2031647871
    5.963000          3.1190269389
    5.964000          3.0348766204
    5.965000          2.9507141676
    5.966000          2.8665399167
    5.967000          2.7823542042
    5.968000          2.6981573662
    5.969000          2.6139497394
    5.970000          2.5297316601
    5.971000          2.4455034649
    5.972000          2.3612654904
    5.973000          2.2770180734
    5.974000          2.1927615505
    5.975000          2.1084962585
    5.976000          2.0242225344
    5.977000          1.9399407149
    5.978000          1.8556511370
    5.979000          1.7713541377
    5.980000          1.6870500540
    5.981000          1.6027392230
    5.982000          1.5184219819
    5.983000          1.4340986677
    5.984000          1.3497696177
    5.985000          1.2654351691
    5.986000          1.1810956591
    5.987000          1.0967514250
    5.988000          1.0124028042
    5.989000          0.9280501340
    5.990000          0.8436937517
    5.991000          0.7593339947
    5.992000          0.6749712006
    5.993000          0.5906057065
    5.994000          0.5062378501
    5.995000          0.4218679688
    5.996000          0.3374964000
    5.997000          0.2531234813
    5.998000          0.1687495500
    5.999000          0.0843749437
    6.000000          0.0000000000
    6.001000         -0.0843749438
    6.002000         -0.1687495500
    6.003000         -0.2531234813
    6.004000         -0.3374964000
    6.005000         -0.4218679688
    6.006000         -0.5062378501
    6.007000         -0.5906057065
    6.008000         -0.6749712006
    6.009000         -0.7593339947
    6.010000         -0.8436937517
    6.011000         -0.9280501340
    6.012000         -1.0124028042
    6.013000         -1.0967514250
    6.014000         -1.1810956591
    6.015000         -1.2654351691
    6.016000         -1.3497696177
    6.017000         -1.4340986677
    6.018000         -1.5184219819
    6.019000         -1.6027392230
    6.020000         -1.6870500540
    6.021000         -1.7713541377
    6.022000         -1.8556511370
    6.023000         -1.9399407149
    6.024000         -2.0242225344
    6.025000         -2.1084962585
    6.026000         -2.1927615505
    6.027000         -2.2770180734
    6.028000         -2.3612654904
    6.029000         -2.4455034649
    6.030000         -2.5297316601
    6.031000         -2.6139497394
    6.032000         -2.6981573662
    6.033000         -2.7823542042
    6.034000         -2.8665399167
    6.035000         -2.9507141676
    6.036000         -3.0348766204
    6.037000         -3.1190269389
    6.038000         -3.2031647871
    6.039000         -3.2872898288
    6.040000         -3.3714017280
    6.041000         -3.4555001488
    6.042000         -3.5395847554
    6.043000         -3.6236552120
    6.044000         -3.7077111830
    6.045000         -3.7917523327
    6.046000         -3.8757783256
    6.047000         -3.9597888264
    6.048000         -4.0437834998
    6.049000         -4.1277620105
    6.050000         -4.2117240234
    6.051000         -4.2956692036
    6.052000         -4.3795972159
    6.053000         -4.4635077258
    6.054000         -4.5474003984
    6.055000         -4.6312748992
    6.056000         -4.7151308936
    6.057000         -4.7989680473
    6.058000         -4.8827860260
    6.059000         -4.9665844956
    6.060000         -5.0503631220
    6.061000         -5.1341215713
    6.062000         -5.2178595097
    6.063000         -5.3015766036
    6.064000         -5.3852725194
    6.065000         -5.4689469237
    6.066000         -5.5525994831
    6.067000         -5.6362298646
    6.068000         -5.7198377351
    6.069000         -5.8034227618
    6.070000         -5.8869846118
    6.071000         -5.9705229526
    6.072000         -6.0540374517
    6.073000         -6.1375277768
    6.074000         -6.2209935957
    6.075000         -6.3044345764
    6.076000         -6.3878503870
    6.077000         -6.4712406957
    6.078000         -6.5546051711
    6.079000         -6.6379434816
    6.080000         -6.7212552960
    6.081000         -6.8045402832
    6.082000         -6.8877981123
    6.083000         -6.9710284526
    6.084000         -7.0542309733
    6.085000         -7.1374053440
    6.086000         -7.2205512346
    6.087000         -7.3036683148
    6.088000         -7.3867562548
    6.089000         -7.4698147248
    6.090000         -7.5528433952
    6.091000         -7.6358419367
    6.092000         -7.7188100200
    6.093000         -7.8017473162
    6.094000         -7.8846534963
    6.095000         -7.9675282318
    6.096000         -8.0503711941
    6.097000         -8.1331820551
    6.098000         -8.2159604866
    6.099000         -8.2987061608
    6.100000         -8.3814187500
    6.101000         -8.4640979267
    6.102000         -8.5467433636
    6.103000         -8.6293547338
    6.104000         -8.7119317102
    6.105000         -8.7944739663
    6.106000         -8.8769811756
    6.107000         -8.9594530119
    6.108000         -9.0418891491
    6.109000         -9.1242892615
    6.110000         -9.2066530236
    6.111000         -9.2889801098
    6.112000         -9.3712701952
    6.113000         -9.4535229547
    6.114000         -9.5357380637
    6.115000         -9.6179151978
    6.116000         -9.7000540327
    6.117000         -9.7821542444
    6.118000         -9.8642155091
    6.119000         -9.9462375034
    6.120000        -10.0282199040
    6.121000        -10.1101623878
    6.122000        -10.1920646320
    6.123000        -10.2739263141
    6.124000        -10.3557471117
    6.125000        -10.4375267029
    6.126000        -10.5192647657
    6.127000        -10.6009609787
    6.128000        -10.6826150206
    6.129000        -10.7642265702
    6.130000        -10.8457953069
    6.131000        -10.9273209101
    6.132000        -11.0088030596
    6.133000        -11.0902414353
    6.134000        -11.1716357176
    6.135000        -11.2529855869
    6.136000        -11.3342907241
    6.137000        -11.4155508104
    6.138000        -11.4967655269
    6.139000        -11.5779345555
    6.140000        -11.6590575780
    6.141000        -11.7401342766
    6.142000        -11.8211643338
    6.143000        -11.9021474325
    6.144000        -11.9830832555
    6.145000        -12.0639714864
    6.146000        -12.1448118087
    6.147000        -12.2256039063
    6.148000        -12.3063474636
    6.149000        -12.3870421650
    6.150000        -12.4676876953
    6.151000        -12.5482837397
    6.152000        -12.6288299837
    6.153000        -12.7093261129
    6.154000        -12.7897718134
    6.155000        -12.8701667716
    6.156000        -12.9505106742
    6.157000        -13.0308032080
    6.158000        -13.1110440605
    6.159000        -13.1912329191
    6.160000        -13.2713694720
    6.161000        -13.3514534073
    6.162000        -13.4314844136
    6.163000        -13.5114621798
    6.164000        -13.5913863952
    6.165000        -13.6712567492
    6.166000        -13.7510729319
    6.167000        -13.8308346335
    6.168000        -13.9105415445
    6.169000        -13.9901933558
    6.170000        -14.0697897587
    6.171000        -14.1493304447
    6.172000        -14.2288151059
    6.173000        -14.3082434344
    6.174000        -14.3876151230
    6.175000        -14.4669298645
    6.176000        -14.5461873524
    6.177000        -14.6253872802
    6.178000        -14.7045293421
    6.179000        -14.7836132324
    6.180000        -14.8626386460
    6.181000        -14.9416052779
    6.182000        -15.0205128236
    6.183000        -15.0993609790
    6.184000        -15.1781494402
    6.185000        -15.2568779040
    6.186000        -15.3355460672
    6.187000        -15.4141536272
    6.188000        -15.4927002817
    6.189000        -15.5711857288
    6.190000        -15.6496096671
    6.191000        -15.7279717952
    6.192000        -15.8062718126
    6.193000        -15.8845094187
    6.194000        -15.9626843137
    6.195000        -16.0407961980
    6.196000        -16.1188447723
    6.197000        -16.1968297379
    6.198000        -16.2747507963
    6.199000        -16.3526076495
    6.200000        -16.4304000000
    6.201000        -16.5081275505
    6.202000        -16.5857900043
    6.203000        -16.6633870649
    6.204000        -16.7409184363
    6.205000        -16.8183838231
    6.206000        -16.8957829300
    6.207000        -16.9731154623
    6.208000        -17.0503811257
    6.209000        -17.1275796262
    6.210000        -17.2047106704
    6.211000        -17.2817739653
    6.212000        -17.3587692181
    6.213000        -17.4356961367
    6.214000        -17.5125544293
    6.215000        -17.5893438046
    6.216000        -17.6660639716
    6.217000        -17.7427146399
    6.218000        -17.8192955194
    6.219000        -17.8958063205
    6.220000        -17.9722467540
    6.221000        -18.0486165313
    6.222000        -18.1249153640
    6.223000        -18.2011429644
    6.224000        -18.2772990451
    6.225000        -18.3533833191
    6.226000        -18.4293955000
    6.227000        -18.5053353017
    6.228000        -18.5812024387
    6.229000        -18.6569966260
    6.230000        -18.7327175788
    6.231000        -18.8083650130
    6.232000        -18.8839386450
    6.233000        -18.9594381913
    6.234000        -19.0348633694
    6.235000        -19.1102138969
    6.236000        -19.1854894919
    6.237000        -19.2606898731
    6.238000        -19.3358147598
    6.239000        -19.4108638714
    6.240000        -19.4858369280
    6.241000        -19.5607336503
    6.242000        -19.6355537593
    6.243000        -19.7102969765
    6.244000        -19.7849630241
    6.245000        -19.8595516245
    6.246000        -19.9340625007
    6.247000        -20.0084953763
    6.248000        -20.0828499753
    6.249000        -20.1571260223
    6.250000        -20.2313232422
    6.251000        -20.3054413606
    6.252000        -20.3794801035
    6.253000        -20.4534391974
    6.254000        -20.5273183695
    6.255000        -20.6011173472
    6.256000        -20.6748358587
    6.257000        -20.7484736326
    6.258000        -20.8220303979
    6.259000        -20.8955058843
    6.260000        -20.9688998220
    6.261000        -21.0422119416
    6.262000        -21.1154419744
    6.263000        -21.1885896521
    6.264000        -21.2616547069
    6.265000        -21.3346368717
    6.266000        -21.4075358798
    6.267000        -21.4803514650
    6.268000        -21.5530833618
    6.269000        -21.6257313052
    6.270000        -21.6982950306
    6.271000        -21.7707742740
    6.272000        -21.8431687721
    6.273000        -21.9154782619
    6.274000        -21.9877024812
    6.275000        -22.0598411682
    6.276000        -22.1318940617
    6.277000        -22.2038609010
    6.278000        -22.2757414261
    6.279000        -22.3475353774
    6.280000        -22.4192424960
    6.281000        -22.4908625234
    6.282000        -22.5623952018
    6.283000        -22.6338402740
    6.284000        -22.7051974832
    6.285000        -22.7764665733
    6.286000        -22.8476472888
    6.287000        -22.9187393747
    6.288000        -22.9897425767
    6.289000        -23.0606566408
    6.290000        -23.1314813139
    6.291000        -23.2022163434
    6.292000        -23.2728614771
    6.293000        -23.3434164637
    6.294000        -23.4138810522
    6.295000        -23.4842549923
    6.296000        -23.5545380345
    6.297000        -23.6247299295
    6.298000        -23.6948304289
    6.299000        -23.7648392848
    6.300000        -23.8347562500
    6.301000        -23.9045810777
    6.302000        -23.9743135219
    6.303000        -24.0439533371
    6.304000        -24.1135002785
    6.305000        -24.1829541018
    6.306000        -24.2523145634
    6.307000        -24.3215814204
    6.308000        -24.3907544302
    6.309000        -24.4598333513
    6.310000        -24.5288179423
    6.311000        -24.5977079629
    6.312000        -24.6665031731
    6.313000        -24.7352033337
    6.314000        -24.8038082060
    6.315000        -24.8723175521
    6.316000        -24.9407311346
    6.317000        -25.0090487168
    6.318000        -25.0772700626
    6.319000        -25.1453949366
    6.320000        -25.2134231040
    6.321000        -25.2813543307
    6.322000        -25.3491883831
    6.323000        -25.4169250284
    6.324000        -25.4845640344
    6.325000        -25.5521051697
    6.326000        -25.6195482032
    6.327000        -25.6868929048
    6.328000        -25.7541390449
    6.329000        -25.8212863946
    6.330000        -25.8883347257
    6.331000        -25.9552838106
    6.332000        -26.0221334223
    6.333000        -26.0888833347
    6.334000        -26.1555333222
    6.335000        -26.2220831599
    6.336000        -26.2885326236
    6.337000        -26.3548814898
    6.338000        -26.4211295356
    6.339000        -26.4872765388
    6.340000        -26.5533222780
    6.341000        -26.6192665323
    6.342000        -26.6851090817
    6.343000        -26.7508497067
    6.344000        -26.8164881886
    6.345000        -26.8820243094
    6.346000        -26.9474578517
    6.347000        -27.0127885989
    6.348000        -27.0780163351
    6.349000        -27.1431408450
    6.350000        -27.2081619141
    6.351000        -27.2730793285
    6.352000        -27.3378928752
    6.353000        -27.4026023418
    6.354000        -27.4672075165
    6.355000        -27.5317081884
    6.356000        -27.5961041473
    6.357000        -27.6603951835
    6.358000        -27.7245810883
    6.359000        -27.7886616536
    6.360000        -27.8526366720
    6.361000        -27.9165059369
    6.362000        -27.9802692422
    6.363000        -28.0439263830
    6.364000        -28.1074771547
    6.365000        -28.1709213535
    6.366000        -28.2342587766
    6.367000        -28.2974892217
    6.368000        -28.3606124872
    6.369000        -28.4236283725
    6.370000        -28.4865366774
    6.371000        -28.5493372029
    6.372000        -28.6120297502
    6.373000        -28.6746141217
    6.374000        -28.7370901204
    6.375000        -28.7994575500
    6.376000        -28.8617162151
    6.377000        -28.9238659208
    6.378000        -28.9859064732
    6.379000        -29.0478376791
    6.380000        -29.1096593460
    6.381000        -29.1713712823
    6.382000        -29.2329732971
    6.383000        -29.2944652001
    6.384000        -29.3558468021
    6.385000        -29.4171179145
    6.386000        -29.4782783495
    6.387000        -29.5393279199
    6.388000        -29.6002664396
    6.389000        -29.6610937232
    6.390000        -29.7218095858
    6.391000        -29.7824138437
    6.392000        -29.8429063137
    6.393000        -29.9032868135
    6.394000        -29.9635551616
    6.395000        -30.0237111773
    6.396000        -30.0837546806
    6.397000        -30.1436854925
    6.398000        -30.2035034345
    6.399000        -30.2632083293
    6.400000        -30.3228000000
    6.401000        -30.3822782708
    6.402000        -30.4416429665
    6.403000        -30.5008939130
    6.404000        -30.5600309367
    6.405000        -30.6190538649
    6.406000        -30.6779625259
    6.407000        -30.7367567486
    6.408000        -30.7954363628
    6.409000        -30.8540011992
    6.410000        -30.9124510892
    6.411000        -30.9707858651
    6.412000        -31.0290053600
    6.413000        -31.0871094079
    6.414000        -31.1450978436
    6.415000        -31.2029705027
    6.416000        -31.2607272215
    6.417000        -31.3183678375
    6.418000        -31.3758921888
    6.419000        -31.4333001144
    6.420000        -31.4905914540
    6.421000        -31.5477660484
    6.422000        -31.6048237391
    6.423000        -31.6617643685
    6.424000        -31.7185877798
    6.425000        -31.7752938171
    6.426000        -31.8318823254
    6.427000        -31.8883531505
    6.428000        -31.9447061391
    6.429000        -32.0009411386
    6.430000        -32.0570579976
    6.431000        -32.1130565652
    6.432000        -32.1689366917
    6.433000        -32.2246982280
    6.434000        -32.2803410261
    6.435000        -32.3358649387
    6.436000        -32.3912698194
    6.437000        -32.4465555229
    6.438000        -32.5017219044
    6.439000        -32.5567688204
    6.440000        -32.6116961280
    6.441000        -32.6665036853
    6.442000        -32.7211913512
    6.443000        -32.7757589856
    6.444000        -32.8302064492
    6.445000        -32.8845336038
    6.446000        -32.9387403118
    6.447000        -32.9928264367
    6.448000        -33.0467918429
    6.449000        -33.1006363956
    6.450000        -33.1543599609
    6.451000        -33.2079624061
    6.452000        -33.2614435990
    6.453000        -33.3148034085
    6.454000        -33.3680417045
    6.455000        -33.4211583578
    6.456000        -33.4741532398
    6.457000        -33.5270262233
    6.458000        -33.5797771818
    6.459000        -33.6324059895
    6.460000        -33.6849125220
    6.461000        -33.7372966554
    6.462000        -33.7895582671
    6.463000        -33.8416972351
    6.464000        -33.8937134384
    6.465000        -33.9456067572
    6.466000        -33.9973770725
    6.467000        -34.0490242659
    6.468000        -34.1005482206
    6.469000        -34.1519488201
    6.470000        -34.2032259493
    6.471000        -34.2543794939
    6.472000        -34.3054093404
    6.473000        -34.3563153765
    6.474000        -34.4070974907
    6.475000        -34.4577555725
    6.476000        -34.5082895124
    6.477000        -34.5586992019
    6.478000        -34.6089845332
    6.479000        -34.6591453998
    6.480000        -34.7091816960
    6.481000        -34.7590933171
    6.482000        -34.8088801593
    6.483000        -34.8585421199
    6.484000        -34.9080790971
    6.485000        -34.9574909901
    6.486000        -35.0067776991
    6.487000        -35.0559391252
    6.488000        -35.1049751706
    6.489000        -35.1538857384
    6.490000        -35.2026707327
    6.491000        -35.2513300586
    6.492000        -35.2998636222
    6.493000        -35.3482713307
    6.494000        -35.3965530920
    6.495000        -35.4447088154
    6.496000        -35.4927384108
    6.497000        -35.5406417894
    6.498000        -35.5884188632
    6.499000        -35.6360695454
    6.500000        -35.6835937500
    6.501000        -35.7309913922
    6.502000        -35.7782623882
    6.503000        -35.8254066550
    6.504000        -35.8724241108
    6.505000        -35.9193146749
    6.506000        -35.9660782673
    6.507000        -36.0127148094
    6.508000        -36.0592242234
    6.509000        -36.1056064325
    6.510000        -36.1518613611
    6.511000        -36.1979889344
    6.512000        -36.2439890790
    6.513000        -36.2898617221
    6.514000        -36.3356067923
    6.515000        -36.3812242189
    6.516000        -36.4267139325
    6.517000        -36.4720758647
    6.518000        -36.5173099481
    6.519000        -36.5624161163
    6.520000        -36.6073943040
    6.521000        -36.6522444470
    6.522000        -36.6969664821
    6.523000        -36.7415603472
    6.524000        -36.7860259812
    6.525000        -36.8303633240
    6.526000        -36.8745723167
    6.527000        -36.9186529014
    6.528000        -36.9626050212
    6.529000        -37.0064286205
    6.530000        -37.0501236444
    6.531000        -37.0936900395
    6.532000        -37.1371277530
    6.533000        -37.1804367336
    6.534000        -37.2236169309
    6.535000        -37.2666682955
    6.536000        -37.3095907792
    6.537000        -37.3523843348
    6.538000        -37.3950489163
    6.539000        -37.4375844786
    6.540000        -37.4799909780
    6.541000        -37.5222683716
    6.542000        -37.5644166176
    6.543000        -37.6064356755
    6.544000        -37.6483255058
    6.545000        -37.6900860700
    6.546000        -37.7317173308
    6.547000        -37.7732192521
    6.548000        -37.8145917986
    6.549000        -37.8558349365
    6.550000        -37.8969486328
    6.551000        -37.9379328558
    6.552000        -37.9787875747
    6.553000        -38.0195127602
    6.554000        -38.0601083836
    6.555000        -38.1005744177
    6.556000        -38.1409108364
    6.557000        -38.1811176145
    6.558000        -38.2211947282
    6.559000        -38.2611421546
    6.560000        -38.3009598720
    6.561000        -38.3406478599
    6.562000        -38.3802060989
    6.563000        -38.4196345707
    6.564000        -38.4589332582
    6.565000        -38.4981021453
    6.566000        -38.5371412173
    6.567000        -38.5760504603
    6.568000        -38.6148298619
    6.569000        -38.6534794106
    6.570000        -38.6919990962
    6.571000        -38.7303889095
    6.572000        -38.7686488425
    6.573000        -38.8067788886
    6.574000        -38.8447790419
    6.575000        -38.8826492981
    6.576000        -38.9203896538
    6.577000        -38.9580001068
    6.578000        -38.9954806562
    6.579000        -39.0328313022
    6.580000        -39.0700520460
    6.581000        -39.1071428902
    6.582000        -39.1441038385
    6.583000        -39.1809348958
    6.584000        -39.2176360681
    6.585000        -39.2542073626
    6.586000        -39.2906487877
    6.587000        -39.3269603531
    6.588000        -39.3631420696
    6.589000        -39.3991939490
    6.590000        -39.4351160046
    6.591000        -39.4709082507
    6.592000        -39.5065707028
    6.593000        -39.5421033778
    6.594000        -39.5775062935
    6.595000        -39.6127794691
    6.596000        -39.6479229249
    6.597000        -39.6829366826
    6.598000        -39.7178207648
    6.599000        -39.7525751956
    6.600000        -39.7872000000
    6.601000        -39.8216952046
    6.602000        -39.8560608368
    6.603000        -39.8902969256
    6.604000        -39.9244035010
    6.605000        -39.9583805942
    6.606000        -39.9922282377
    6.607000        -40.0259464653
    6.608000        -40.0595353119
    6.609000        -40.0929948136
    6.610000        -40.1263250079
    6.611000        -40.1595259334
    6.612000        -40.1925976300
    6.613000        -40.2255401387
    6.614000        -40.2583535019
    6.615000        -40.2910377632
    6.616000        -40.3235929675
    6.617000        -40.3560191607
    6.618000        -40.3883163903
    6.619000        -40.4204847048
    6.620000        -40.4525241540
    6.621000        -40.4844347890
    6.622000        -40.5162166622
    6.623000        -40.5478698271
    6.624000        -40.5793943385
    6.625000        -40.6107902527
    6.626000        -40.6420576269
    6.627000        -40.6731965198
    6.628000        -40.7042069914
    6.629000        -40.7350891027
    6.630000        -40.7658429163
    6.631000        -40.7964684959
    6.632000        -40.8269659064
    6.633000        -40.8573352142
    6.634000        -40.8875764867
    6.635000        -40.9176897929
    6.636000        -40.9476752029
    6.637000        -40.9775327881
    6.638000        -41.0072626211
    6.639000        -41.0368647760
    6.640000        -41.0663393280
    6.641000        -41.0956863537
    6.642000        -41.1249059310
    6.643000        -41.1539981391
    6.644000        -41.1829630583
    6.645000        -41.2118007706
    6.646000        -41.2405113588
    6.647000        -41.2690949075
    6.648000        -41.2975515024
    6.649000        -41.3258812303
    6.650000        -41.3540841797
    6.651000        -41.3821604401
    6.652000        -41.4101101025
    6.653000        -41.4379332591
    6.654000        -41.4656300036
    6.655000        -41.4932004308
    6.656000        -41.5206446370
    6.657000        -41.5479627196
    6.658000        -41.5751547776
    6.659000        -41.6022209112
    6.660000        -41.6291612220
    6.661000        -41.6559758128
    6.662000        -41.6826647878
    6.663000        -41.7092282525
    6.664000        -41.7356663140
    6.665000        -41.7619790803
    6.666000        -41.7881666611
    6.667000        -41.8142291674
    6.668000        -41.8401667113
    6.669000        -41.8659794065
    6.670000        -41.8916673681
    6.671000        -41.9172307122
    6.672000        -41.9426695567
    6.673000        -41.9679840205
    6.674000        -41.9931742241
    6.675000        -42.0182402893
    6.676000        -42.0431823392
    6.677000        -42.0680004982
    6.678000        -42.0926948923
    6.679000        -42.1172656487
    6.680000        -42.1417128960
    6.681000        -42.1660367642
    6.682000        -42.1902373848
    6.683000        -42.2143148903
    6.684000        -42.2382694150
    6.685000        -42.2621010944
    6.686000        -42.2858100654
    6.687000        -42.3093964662
    6.688000        -42.3328604365
    6.689000        -42.3562021175
    6.690000        -42.3794216514
    6.691000        -42.4025191823
    6.692000        -42.4254948554
    6.693000        -42.4483488172
    6.694000        -42.4710812159
    6.695000        -42.4936922009
    6.696000        -42.5161819231
    6.697000        -42.5385505347
    6.698000        -42.5607981894
    6.699000        -42.5829250424
    6.700000        -42.6049312500
    6.701000        -42.6268169702
    6.702000        -42.6485823624
    6.703000        -42.6702275874
    6.704000        -42.6917528071
    6.705000        -42.7131581854
    6.706000        -42.7344438872
    6.707000        -42.7556100789
    6.708000        -42.7766569285
    6.709000        -42.7975846052
    6.710000        -42.8183932798
    6.711000        -42.8390831245
    6.712000        -42.8596543129
    6.713000        -42.8801070201
    6.714000        -42.9004414225
    6.715000        -42.9206576982
    6.716000        -42.9407560264
    6.717000        -42.9607365881
    6.718000        -42.9805995655
    6.719000        -43.0003451424
    6.720000        -43.0199735040
    6.721000        -43.0394848369
    6.722000        -43.0588793292
    6.723000        -43.0781571705
    6.724000        -43.0973185519
    6.725000        -43.1163636658
    6.726000        -43.1352927061
    6.727000        -43.1541058684
    6.728000        -43.1728033495
    6.729000        -43.1913853478
    6.730000        -43.2098520632
    6.731000        -43.2282036969
    6.732000        -43.2464404518
    6.733000        -43.2645625321
    6.734000        -43.2825701436
    6.735000        -43.3004634935
    6.736000        -43.3182427907
    6.737000        -43.3359082453
    6.738000        -43.3534600689
    6.739000        -43.3708984750
    6.740000        -43.3882236780
    6.741000        -43.4054358943
    6.742000        -43.4225353415
    6.743000        -43.4395222388
    6.744000        -43.4563968069
    6.745000        -43.4731592680
    6.746000        -43.4898098459
    6.747000        -43.5063487657
    6.748000        -43.5227762541
    6.749000        -43.5390925395
    6.750000        -43.5552978516
    6.751000        -43.5713924215
    6.752000        -43.5873764823
    6.753000        -43.6032502680
    6.754000        -43.6190140147
    6.755000        -43.6346679595
    6.756000        -43.6502123415
    6.757000        -43.6656474010
    6.758000        -43.6809733801
    6.759000        -43.6961905220
    6.760000        -43.7112990720
    6.761000        -43.7262992765
    6.762000        -43.7411913836
    6.763000        -43.7559756429
    6.764000        -43.7706523057
    6.765000        -43.7852216246
    6.766000        -43.7996838540
    6.767000        -43.8140392495
    6.768000        -43.8282880686
    6.769000        -43.8424305703
    6.770000        -43.8564670149
    6.771000        -43.8703976646
    6.772000        -43.8842227829
    6.773000        -43.8979426349
    6.774000        -43.9115574874
    6.775000        -43.9250676086
    6.776000        -43.9384732685
    6.777000        -43.9517747384
    6.778000        -43.9649722913
    6.779000        -43.9780662018
    6.780000        -43.9910567460
    6.781000        -44.0039442016
    6.782000        -44.0167288480
    6.783000        -44.0294109660
    6.784000        -44.0419908380
    6.785000        -44.0544687481
    6.786000        -44.0668449820
    6.787000        -44.0791198269
    6.788000        -44.0912935715
    6.789000        -44.1033665063
    6.790000        -44.1153389233
    6.791000        -44.1272111161
    6.792000        -44.1389833799
    6.793000        -44.1506560115
    6.794000        -44.1622293093
    6.795000        -44.1737035734
    6.796000        -44.1850791053
    6.797000        -44.1963562082
    6.798000        -44.2075351871
    6.799000        -44.2186163483
    6.800000        -44.2296000000
    6.801000        -44.2404864518
    6.802000        -44.2512760151
    6.803000        -44.2619690027
    6.804000        -44.2725657293
    6.805000        -44.2830665110
    6.806000        -44.2934716656
    6.807000        -44.3037815126
    6.808000        -44.3139963730
    6.809000        -44.3241165696
    6.810000        -44.3341424267
    6.811000        -44.3440742702
    6.812000        -44.3539124279
    6.813000        -44.3636572289
    6.814000        -44.3733090042
    6.815000        -44.3828680863
    6.816000        -44.3923348094
    6.817000        -44.4017095094
    6.818000        -44.4109925238
    6.819000        -44.4201841917
    6.820000        -44.4292848540
    6.821000        -44.4382948531
    6.822000        -44.4472145332
    6.823000        -44.4560442401
    6.824000        -44.4647843212
    6.825000        -44.4734351257
    6.826000        -44.4819970044
    6.827000        -44.4904703097
    6.828000        -44.4988553957
    6.829000        -44.5071526183
    6.830000        -44.5153623351
    6.831000        -44.5234849050
    6.832000        -44.5315206891
    6.833000        -44.5394700498
    6.834000        -44.5473333514
    6.835000        -44.5551109597
    6.836000        -44.5628032424
    6.837000        -44.5704105688
    6.838000        -44.5779333098
    6.839000        -44.5853718381
    6.840000        -44.5927265280
    6.841000        -44.5999977557
    6.842000        -44.6071858989
    6.843000        -44.6142913371
    6.844000        -44.6213144514
    6.845000        -44.6282556248
    6.846000        -44.6351152419
    6.847000        -44.6418936889
    6.848000        -44.6485913539
    6.849000        -44.6552086266
    6.850000        -44.6617458984
    6.851000        -44.6682035626
    6.852000        -44.6745820140
    6.853000        -44.6808816493
    6.854000        -44.6871028667
    6.855000        -44.6932460664
    6.856000        -44.6993116501
    6.857000        -44.7053000214
    6.858000        -44.7112115855
    6.859000        -44.7170467495
    6.860000        -44.7228059220
    6.861000        -44.7284895136
    6.862000        -44.7340979364
    6.863000        -44.7396316045
    6.864000        -44.7450909335
    6.865000        -44.7504763408
    6.866000        -44.7557882458
    6.867000        -44.7610270693
    6.868000        -44.7661932340
    6.869000        -44.7712871644
    6.870000        -44.7763092868
    6.871000        -44.7812600291
    6.872000        -44.7861398210
    6.873000        -44.7909490941
    6.874000        -44.7956882816
    6.875000        -44.8003578186
    6.876000        -44.8049581419
    6.877000        -44.8094896900
    6.878000        -44.8139529033
    6.879000        -44.8183482240
    6.880000        -44.8226760960
    6.881000        -44.8269369649
    6.882000        -44.8311312782
    6.883000        -44.8352594852
    6.884000        -44.8393220369
    6.885000        -44.8433193862
    6.886000        -44.8472519876
    6.887000        -44.8511202976
    6.888000        -44.8549247744
    6.889000        -44.8586658780
    6.890000        -44.8623440702
    6.891000        -44.8659598145
    6.892000        -44.8695135765
    6.893000        -44.8730058232
    6.894000        -44.8764370238
    6.895000        -44.8798076490
    6.896000        -44.8831181714
    6.897000        -44.8863690656
    6.898000        -44.8895608077
    6.899000        -44.8926938759
    6.900000        -44.8957687500
    6.901000        -44.8987859118
    6.902000        -44.9017458447
    6.903000        -44.9046490342
    6.904000        -44.9074959675
    6.905000        -44.9102871335
    6.906000        -44.9130230230
    6.907000        -44.9157041289
    6.908000        -44.9183309456
    6.909000        -44.9209039694
    6.910000        -44.9234236986
    6.911000        -44.9258906331
    6.912000        -44.9283052748
    6.913000        -44.9306681276
    6.914000        -44.9329796968
    6.915000        -44.9352404900
    6.916000        -44.9374510163
    6.917000        -44.9396117870
    6.918000        -44.9417233150
    6.919000        -44.9437861151
    6.920000        -44.9458007040
    6.921000        -44.9477676003
    6.922000        -44.9496873243
    6.923000        -44.9515603984
    6.924000        -44.9533873466
    6.925000        -44.9551686951
    6.926000        -44.9569049716
    6.927000        -44.9585967060
    6.928000        -44.9602444299
    6.929000        -44.9618486767
    6.930000        -44.9634099819
    6.931000        -44.9649288828
    6.932000        -44.9664059185
    6.933000        -44.9678416300
    6.934000        -44.9692365602
    6.935000        -44.9705912541
    6.936000        -44.9719062582
    6.937000        -44.9731821212
    6.938000        -44.9744193936
    6.939000        -44.9756186278
    6.940000        -44.9767803780
    6.941000        -44.9779052005
    6.942000        -44.9789936533
    6.943000        -44.9800462965
    6.944000        -44.9810636920
    6.945000        -44.9820464036
    6.946000        -44.9829949969
    6.947000        -44.9839100398
    6.948000        -44.9847921017
    6.949000        -44.9856417540
    6.950000        -44.9864595703
    6.951000        -44.9872461258
    6.952000        -44.9880019978
    6.953000        -44.9887277654
    6.954000        -44.9894240097
    6.955000        -44.9900913138
    6.956000        -44.9907302626
    6.957000        -44.9913414431
    6.958000        -44.9919254439
    6.959000        -44.9924828560
    6.960000        -44.9930142720
    6.961000        -44.9935202866
    6.962000        -44.9940014963
    6.963000        -44.9944584997
    6.964000        -44.9948918972
    6.965000        -44.9953022914
    6.966000        -44.9956902866
    6.967000        -44.9960564892
    6.968000        -44.9964015074
    6.969000        -44.9967259515
    6.970000        -44.9970304337
    6.971000        -44.9973155682
    6.972000        -44.9975819712
    6.973000        -44.9978302607
    6.974000        -44.9980610569
    6.975000        -44.9982749817
    6.976000        -44.9984726592
    6.977000        -44.9986547155
    6.978000        -44.9988217784
    6.979000        -44.9989744779
    6.980000        -44.9991134460
    6.981000        -44.9992393166
    6.982000        -44.9993527255
    6.983000        -44.9994543106
    6.984000        -44.9995447119
    6.985000        -44.9996245712
    6.986000        -44.9996945323
    6.987000        -44.9997552411
    6.988000        -44.9998073454
    6.989000        -44.9998514951
    6.990000        -44.9998883421
    6.991000        -44.9999185401
    6.992000        -44.9999427450
    6.993000        -44.9999616148
    6.994000        -44.9999758092
    6.995000        -44.9999859902
    6.996000        -44.9999928216
    6.997000        -44.9999969693
    6.998000        -44.9999991013
    6.999000        -44.9999998876
    7.000000        -45.0000000000
    7.001000        -44.9999995507
    7.002000        -44.9999964108
    7.003000        -44.9999879046
    7.004000        -44.9999713725
    7.005000        -44.9999441710
    7.006000        -44.9999036727
    7.007000        -44.9998472661
    7.008000        -44.9997723560
    7.009000        -44.9996763627
    7.010000        -44.9995567230
    7.011000        -44.9994108892
    7.012000        -44.9992363296
    7.013000        -44.9990305284
    7.014000        -44.9987909856
    7.015000        -44.9985152168
    7.016000        -44.9982007537
    7.017000        -44.9978451433
    7.018000        -44.9974459486
    7.019000        -44.9970007481
    7.020000        -44.9965071360
    7.021000        -44.9959627220
    7.022000        -44.9953651313
    7.023000        -44.9947120049
    7.024000        -44.9940009989
    7.025000        -44.9932297852
    7.026000        -44.9923960508
    7.027000        -44.9914974985
    7.028000        -44.9905318460
    7.029000        -44.9894968267
    7.030000        -44.9883901890
    7.031000        -44.9872096968
    7.032000        -44.9859531291
    7.033000        -44.9846182801
    7.034000        -44.9832029592
    7.035000        -44.9817049910
    7.036000        -44.9801222149
    7.037000        -44.9784524858
    7.038000        -44.9766936733
    7.039000        -44.9748436621
    7.040000        -44.9729003520
    7.041000        -44.9708616575
    7.042000        -44.9687255082
    7.043000        -44.9664898484
    7.044000        -44.9641526374
    7.045000        -44.9617118493
    7.046000        -44.9591654728
    7.047000        -44.9565115115
    7.048000        -44.9537479837
    7.049000        -44.9508729224
    7.050000        -44.9478843750
    7.051000        -44.9447804039
    7.052000        -44.9415590857
    7.053000        -44.9382185119
    7.054000        -44.9347567882
    7.055000        -44.9311720351
    7.056000        -44.9274623872
    7.057000        -44.9236259938
    7.058000        -44.9196610185
    7.059000        -44.9155656391
    7.060000        -44.9113380480
    7.061000        -44.9069764517
    7.062000        -44.9024790709
    7.063000        -44.8978441408
    7.064000        -44.8930699105
    7.065000        -44.8881546434
    7.066000        -44.8830966170
    7.067000        -44.8778941229
    7.068000        -44.8725454667
    7.069000        -44.8670489682
    7.070000        -44.8614029610
    7.071000        -44.8556057928
    7.072000        -44.8496558250
    7.073000        -44.8435514333
    7.074000        -44.8372910070
    7.075000        -44.8308729492
    7.076000        -44.8242956769
    7.077000        -44.8175576210
    7.078000        -44.8106572257
    7.079000        -44.8035929494
    7.080000        -44.7963632640
    7.081000        -44.7889666549
    7.082000        -44.7814016212
    7.083000        -44.7736666757
    7.084000        -44.7657603446
    7.085000        -44.7576811675
    7.086000        -44.7494276979
    7.087000        -44.7409985022
    7.088000        -44.7323921606
    7.089000        -44.7236072666
    7.090000        -44.7146424270
    7.091000        -44.7054962619
    7.092000        -44.6961674047
    7.093000        -44.6866545021
    7.094000        -44.6769562139
    7.095000        -44.6670712133
    7.096000        -44.6569981865
    7.097000        -44.6467358328
    7.098000        -44.6362828646
    7.099000        -44.6256380075
    7.100000        -44.6148000000
    7.101000        -44.6037675935
    7.102000        -44.5925395526
    7.103000        -44.5811146547
    7.104000        -44.5694916900
    7.105000        -44.5576694617
    7.106000        -44.5456467857
    7.107000        -44.5334224910
    7.108000        -44.5209954190
    7.109000        -44.5083644240
    7.110000        -44.4955283730
    7.111000        -44.4824861457
    7.112000        -44.4692366343
    7.113000        -44.4557787437
    7.114000        -44.4421113914
    7.115000        -44.4282335075
    7.116000        -44.4141440343
    7.117000        -44.3998419270
    7.118000        -44.3853261529
    7.119000        -44.3705956918
    7.120000        -44.3556495360
    7.121000        -44.3404866900
    7.122000        -44.3251061708
    7.123000        -44.3095070073
    7.124000        -44.2936882411
    7.125000        -44.2776489258
    7.126000        -44.2613881271
    7.127000        -44.2449049229
    7.128000        -44.2281984034
    7.129000        -44.2112676707
    7.130000        -44.1941118390
    7.131000        -44.1767300345
    7.132000        -44.1591213953
    7.133000        -44.1412850718
    7.134000        -44.1232202259
    7.135000        -44.1049260316
    7.136000        -44.0864016748
    7.137000        -44.0676463531
    7.138000        -44.0486592759
    7.139000        -44.0294396646
    7.140000        -44.0099867520
    7.141000        -43.9902997828
    7.142000        -43.9703780132
    7.143000        -43.9502207113
    7.144000        -43.9298271565
    7.145000        -43.9091966399
    7.146000        -43.8883284642
    7.147000        -43.8672219436
    7.148000        -43.8458764036
    7.149000        -43.8242911812
    7.150000        -43.8024656250
    7.151000        -43.7803990947
    7.152000        -43.7580909616
    7.153000        -43.7355406080
    7.154000        -43.7127474277
    7.155000        -43.6897108257
    7.156000        -43.6664302183
    7.157000        -43.6429050327
    7.158000        -43.6191347075
    7.159000        -43.5951186924
    7.160000        -43.5708564480
    7.161000        -43.5463474461
    7.162000        -43.5215911696
    7.163000        -43.4965871121
    7.164000        -43.4713347783
    7.165000        -43.4458336840
    7.166000        -43.4200833556
    7.167000        -43.3940833306
    7.168000        -43.3678331570
    7.169000        -43.3413323939
    7.170000        -43.3145806110
    7.171000        -43.2875773888
    7.172000        -43.2603223185
    7.173000        -43.2328150018
    7.174000        -43.2050550513
    7.175000        -43.1770420898
    7.176000        -43.1487757512
    7.177000        -43.1202556794
    7.178000        -43.0914815292
    7.179000        -43.0624529655
    7.180000        -43.0331696640
    7.181000        -43.0036313106
    7.182000        -42.9738376015
    7.183000        -42.9437882434
    7.184000        -42.9134829532
    7.185000        -42.8829214582
    7.186000        -42.8521034957
    7.187000        -42.8210288135
    7.188000        -42.7896971693
    7.189000        -42.7581083311
    7.190000        -42.7262620770
    7.191000        -42.6941581951
    7.192000        -42.6617964837
    7.193000        -42.6291767509
    7.194000        -42.5962988150
    7.195000        -42.5631625040
    7.196000        -42.5297676560
    7.197000        -42.4961141189
    7.198000        -42.4622017505
    7.199000        -42.4280304184
    7.200000        -42.3936000000
    7.201000        -42.3589103824
    7.202000        -42.3239614625
    7.203000        -42.2887531467
    7.204000        -42.2532853514
    7.205000        -42.2175580023
    7.206000        -42.1815710348
    7.207000        -42.1453243939
    7.208000        -42.1088180340
    7.209000        -42.0720519193
    7.210000        -42.0350260230
    7.211000        -41.9977403281
    7.212000        -41.9601948269
    7.213000        -41.9223895210
    7.214000        -41.8843244213
    7.215000        -41.8459995481
    7.216000        -41.8074149310
    7.217000        -41.7685706086
    7.218000        -41.7294666291
    7.219000        -41.6901030495
    7.220000        -41.6504799360
    7.221000        -41.6105973641
    7.222000        -41.5704554182
    7.223000        -41.5300541918
    7.224000        -41.4893937874
    7.225000        -41.4484743164
    7.226000        -41.4072958993
    7.227000        -41.3658586654
    7.228000        -41.3241627529
    7.229000        -41.2822083088
    7.230000        -41.2399954890
    7.231000        -41.1975244581
    7.232000        -41.1547953896
    7.233000        -41.1118084654
    7.234000        -41.0685638765
    7.235000        -41.0250618222
    7.236000        -40.9813025106
    7.237000        -40.9372861583
    7.238000        -40.8930129906
    7.239000        -40.8484832411
    7.240000        -40.8036971520
    7.241000        -40.7586549740
    7.242000        -40.7133569662
    7.243000        -40.6678033961
    7.244000        -40.6219945395
    7.245000        -40.5759306805
    7.246000        -40.5296121117
    7.247000        -40.4830391337
    7.248000        -40.4362120554
    7.249000        -40.3891311941
    7.250000        -40.3417968750
    7.251000        -40.2942094316
    7.252000        -40.2463692054
    7.253000        -40.1982765460
    7.254000        -40.1499318111
    7.255000        -40.1013353663
    7.256000        -40.0524875853
    7.257000        -40.0033888495
    7.258000        -39.9540395486
    7.259000        -39.9044400796
    7.260000        -39.8545908480
    7.261000        -39.8044922666
    7.262000        -39.7541447562
    7.263000        -39.7035487453
    7.264000        -39.6527046702
    7.265000        -39.6016129747
    7.266000        -39.5502741103
    7.267000        -39.4986885362
    7.268000        -39.4468567192
    7.269000        -39.3947791335
    7.270000        -39.3424562610
    7.271000        -39.2898885909
    7.272000        -39.2370766199
    7.273000        -39.1840208523
    7.274000        -39.1307217995
    7.275000        -39.0771799805
    7.276000        -39.0233959214
    7.277000        -38.9693701559
    7.278000        -38.9151032246
    7.279000        -38.8605956756
    7.280000        -38.8058480640
    7.281000        -38.7508609522
    7.282000        -38.6956349097
    7.283000        -38.6401705130
    7.284000        -38.5844683458
    7.285000        -38.5285289988
    7.286000        -38.4723530695
    7.287000        -38.4159411627
    7.288000        -38.3592938899
    7.289000        -38.3024118696
    7.290000        -38.2452957270
    7.291000        -38.1879460944
    7.292000        -38.1303636108
    7.293000        -38.0725489218
    7.294000        -38.0145026800
    7.295000        -37.9562255446
    7.296000        -37.8977181814
    7.297000        -37.8389812629
    7.298000        -37.7800154683
    7.299000        -37.7208214833
    7.300000        -37.6614000000
    7.301000        -37.6017517173
    7.302000        -37.5418773403
    7.303000        -37.4817775808
    7.304000        -37.4214531568
    7.305000        -37.3609047929
    7.306000        -37.3001332198
    7.307000        -37.2391391747
    7.308000        -37.1779234011
    7.309000        -37.1164866485
    7.310000        -37.0548296730
    7.311000        -36.9929532366
    7.312000        -36.9308581075
    7.313000        -36.8685450602
    7.314000        -36.8060148751
    7.315000        -36.7432683387
    7.316000        -36.6803062436
    7.317000        -36.6171293883
    7.318000        -36.5537385773
    7.319000        -36.4901346211
    7.320000        -36.4263183360
    7.321000        -36.3622905442
    7.322000        -36.2980520736
    7.323000        -36.2336037583
    7.324000        -36.1689464376
    7.325000        -36.1040809570
    7.326000        -36.0390081675
    7.327000        -35.9737289259
    7.328000        -35.9082440943
    7.329000        -35.8425545409
    7.330000        -35.7766611390
    7.331000        -35.7105647678
    7.332000        -35.6442663118
    7.333000        -35.5777666611
    7.334000        -35.5110667112
    7.335000        -35.4441673628
    7.336000        -35.3770695225
    7.337000        -35.3097741016
    7.338000        -35.2422820172
    7.339000        -35.1745941915
    7.340000        -35.1067115520
    7.341000        -35.0386350313
    7.342000        -34.9703655673
    7.343000        -34.9019041030
    7.344000        -34.8332515865
    7.345000        -34.7644089712
    7.346000        -34.6953772151
    7.347000        -34.6261572817
    7.348000        -34.5567501392
    7.349000        -34.4871567610
    7.350000        -34.4173781250
    7.351000        -34.3474152145
    7.352000        -34.2772690172
    7.353000        -34.2069405261
    7.354000        -34.1364307386
    7.355000        -34.0657406570
    7.356000        -33.9948712883
    7.357000        -33.9238236444
    7.358000        -33.8525987416
    7.359000        -33.7811976009
    7.360000        -33.7096212480
    7.361000        -33.6378707131
    7.362000        -33.5659470309
    7.363000        -33.4938512406
    7.364000        -33.4215843860
    7.365000        -33.3491475153
    7.366000        -33.2765416809
    7.367000        -33.2037679399
    7.368000        -33.1308273535
    7.369000        -33.0577209872
    7.370000        -32.9844499110
    7.371000        -32.9110151989
    7.372000        -32.8374179294
    7.373000        -32.7636591847
    7.374000        -32.6897400517
    7.375000        -32.6156616211
    7.376000        -32.5414249877
    7.377000        -32.4670312503
    7.378000        -32.3924815120
    7.379000        -32.3177768796
    7.380000        -32.2429184640
    7.381000        -32.1679073799
    7.382000        -32.0927447459
    7.383000        -32.0174316847
    7.384000        -31.9419693225
    7.385000        -31.8663587894
    7.386000        -31.7906012194
    7.387000        -31.7146977500
    7.388000        -31.6386495225
    7.389000        -31.5624576820
    7.390000        -31.4861233770
    7.391000        -31.4096477597
    7.392000        -31.3330319858
    7.393000        -31.2562772147
    7.394000        -31.1793846091
    7.395000        -31.1023553352
    7.396000        -31.0251905628
    7.397000        -30.9478914650
    7.398000        -30.8704592182
    7.399000        -30.7928950021
    7.400000        -30.7152000000
    7.401000        -30.6373753981
    7.402000        -30.5594223862
    7.403000        -30.4813421569
    7.404000        -30.4031359063
    7.405000        -30.3248048335
    7.406000        -30.2463501409
    7.407000        -30.1677730336
    7.408000        -30.0890747201
    7.409000        -30.0102564118
    7.410000        -29.9313193230
    7.411000        -29.8522646711
    7.412000        -29.7730936762
    7.413000        -29.6938075615
    7.414000        -29.6144075529
    7.415000        -29.5348948793
    7.416000        -29.4552707722
    7.417000        -29.3755364660
    7.418000        -29.2956931976
    7.419000        -29.2157422068
    7.420000        -29.1356847360
    7.421000        -29.0555220302
    7.422000        -28.9752553371
    7.423000        -28.8948859067
    7.424000        -28.8144149919
    7.425000        -28.7338438477
    7.426000        -28.6531737318
    7.427000        -28.5724059043
    7.428000        -28.4915416278
    7.429000        -28.4105821669
    7.430000        -28.3295287890
    7.431000        -28.2483827635
    7.432000        -28.1671453621
    7.433000        -28.0858178588
    7.434000        -28.0044015298
    7.435000        -27.9228976535
    7.436000        -27.8413075103
    7.437000        -27.7596323829
    7.438000        -27.6778735559
    7.439000        -27.5960323160
    7.440000        -27.5141099520
    7.441000        -27.4321077546
    7.442000        -27.3500270163
    7.443000        -27.2678690319
    7.444000        -27.1856350976
    7.445000        -27.1033265118
    7.446000        -27.0209445746
    7.447000        -26.9384905878
    7.448000        -26.8559658551
    7.449000        -26.7733716818
    7.450000        -26.6907093750
    7.451000        -26.6079802433
    7.452000        -26.5251855971
    7.453000        -26.4423267482
    7.454000        -26.3594050100
    7.455000        -26.2764216976
    7.456000        -26.1933781274
    7.457000        -26.1102756173
    7.458000        -26.0271154866
    7.459000        -25.9438990562
    7.460000        -25.8606276480
    7.461000        -25.7773025855
    7.462000        -25.6939251935
    7.463000        -25.6104967979
    7.464000        -25.5270187259
    7.465000        -25.4434923059
    7.466000        -25.3599188676
    7.467000        -25.2762997416
    7.468000        -25.1926362597
    7.469000        -25.1089297549
    7.470000        -25.0251815610
    7.471000        -24.9413930130
    7.472000        -24.8575654468
    7.473000        -24.7737001992
    7.474000        -24.6897986080
    7.475000        -24.6058620117
    7.476000        -24.5218917499
    7.477000        -24.4378891628
    7.478000        -24.3538555915
    7.479000        -24.2697923777
    7.480000        -24.1857008640
    7.481000        -24.1015823935
    7.482000        -24.0174383102
    7.483000        -23.9332699584
    7.484000        -23.8490786831
    7.485000        -23.7648658300
    7.486000        -23.6806327452
    7.487000        -23.5963807752
    7.488000        -23.5121112672
    7.489000        -23.4278255685
    7.490000        -23.3435250270
    7.491000        -23.2592109909
    7.492000        -23.1748848088
    7.493000        -23.0905478295
    7.494000        -23.0062014021
    7.495000        -22.9218468758
    7.496000        -22.8374856003
    7.497000        -22.7531189251
    7.498000        -22.6687482000
    7.499000        -22.5843747750
    7.500000        -22.5000000000
    7.501000        -22.4156252250
    7.502000        -22.3312518000
    7.503000        -22.2468810749
    7.504000        -22.1625143997
    7.505000        -22.0781531242
    7.506000        -21.9937985979
    7.507000        -21.9094521705
    7.508000        -21.8251151912
    7.509000        -21.7407890091
    7.510000        -21.6564749730
    7.511000        -21.5721744315
    7.512000        -21.4878887328
    7.513000        -21.4036192248
    7.514000        -21.3193672548
    7.515000        -21.2351341700
    7.516000        -21.1509213169
    7.517000        -21.0667300416
    7.518000        -20.9825616898
    7.519000        -20.8984176065
    7.520000        -20.8142991360
    7.521000        -20.7302076223
    7.522000        -20.6461444085
    7.523000        -20.5621108372
    7.524000        -20.4781082501
    7.525000        -20.3941379883
    7.526000        -20.3102013920
    7.527000        -20.2262998008
    7.528000        -20.1424345532
    7.529000        -20.0586069870
    7.530000        -19.9748184390
    7.531000        -19.8910702451
    7.532000        -19.8073637403
    7.533000        -19.7237002584
    7.534000        -19.6400811324
    7.535000        -19.5565076941
    7.536000        -19.4729812741
    7.537000        -19.3895032021
    7.538000        -19.3060748065
    7.539000        -19.2226974145
    7.540000        -19.1393723520
    7.541000        -19.0561009438
    7.542000        -18.9728845134
    7.543000        -18.8897243827
    7.544000        -18.8066218726
    7.545000        -18.7235783024
    7.546000        -18.6405949900
    7.547000        -18.5576732518
    7.548000        -18.4748144029
    7.549000        -18.3920197567
    7.550000        -18.3092906250
    7.551000        -18.2266283182
    7.552000        -18.1440341449
    7.553000        -18.0615094122
    7.554000        -17.9790554254
    7.555000        -17.8966734882
    7.556000        -17.8143649024
    7.557000        -17.7321309681
    7.558000        -17.6499729837
    7.559000        -17.5678922454
    7.560000        -17.4858900480
    7.561000        -17.4039676840
    7.562000        -17.3221264441
    7.563000        -17.2403676171
    7.564000        -17.1586924897
    7.565000        -17.0771023465
    7.566000        -16.9955984702
    7.567000        -16.9141821412
    7.568000        -16.8328546379
    7.569000        -16.7516172365
    7.570000        -16.6704712110
    7.571000        -16.5894178331
    7.572000        -16.5084583722
    7.573000        -16.4275940957
    7.574000        -16.3468262682
    7.575000        -16.2661561523
    7.576000        -16.1855850081
    7.577000        -16.1051140933
    7.578000        -16.0247446629
    7.579000        -15.9444779698
    7.580000        -15.8643152640
    7.581000        -15.7842577932
    7.582000        -15.7043068024
    7.583000        -15.6244635340
    7.584000        -15.5447292278
    7.585000        -15.4651051207
    7.586000        -15.3855924471
    7.587000        -15.3061924385
    7.588000        -15.2269063238
    7.589000        -15.1477353289
    7.590000        -15.0686806770
    7.591000        -14.9897435882
    7.592000        -14.9109252799
    7.593000        -14.8322269664
    7.594000        -14.7536498591
    7.595000        -14.6751951665
    7.596000        -14.5968640937
    7.597000        -14.5186578431
    7.598000        -14.4405776138
    7.599000        -14.3626246019
    7.600000        -14.2848000000
    7.601000        -14.2071049979
    7.602000        -14.1295407818
    7.603000        -14.0521085350
    7.604000        -13.9748094372
    7.605000        -13.8976446648
    7.606000        -13.8206153909
    7.607000        -13.7437227853
    7.608000        -13.6669680142
    7.609000        -13.5903522403
    7.610000        -13.5138766230
    7.611000        -13.4375423180
    7.612000        -13.3613504775
    7.613000        -13.2853022500
    7.614000        -13.2093987806
    7.615000        -13.1336412106
    7.616000        -13.0580306775
    7.617000        -12.9825683153
    7.618000        -12.9072552541
    7.619000        -12.8320926201
    7.620000        -12.7570815360
    7.621000        -12.6822231204
    7.622000        -12.6075184880
    7.623000        -12.5329687497
    7.624000        -12.4585750123
    7.625000        -12.3843383789
    7.626000        -12.3102599483
    7.627000        -12.2363408153
    7.628000        -12.1625820706
    7.629000        -12.0889848011
    7.630000        -12.0155500890
    7.631000        -11.9422790128
    7.632000        -11.8691726465
    7.633000        -11.7962320601
    7.634000        -11.7234583191
    7.635000        -11.6508524847
    7.636000        -11.5784156140
    7.637000        -11.5061487594
    7.638000        -11.4340529691
    7.639000        -11.3621292869
    7.640000        -11.2903787520
    7.641000        -11.2188023991
    7.642000        -11.1474012584
    7.643000        -11.0761763556
    7.644000        -11.0051287117
    7.645000        -10.9342593430
    7.646000        -10.8635692614
    7.647000        -10.7930594739
    7.648000        -10.7227309828
    7.649000        -10.6525847855
    7.650000        -10.5826218750
    7.651000        -10.5128432390
    7.652000        -10.4432498608
    7.653000        -10.3738427183
    7.654000        -10.3046227849
    7.655000        -10.2355910288
    7.656000        -10.1667484135
    7.657000        -10.0980958970
    7.658000        -10.0296344327
    7.659000         -9.9613649687
    7.660000         -9.8932884480
    7.661000         -9.8254058085
    7.662000         -9.7577179828
    7.663000         -9.6902258984
    7.664000         -9.6229304775
    7.665000         -9.5558326372
    7.666000         -9.4889332888
    7.667000         -9.4222333389
    7.668000         -9.3557336882
    7.669000         -9.2894352322
    7.670000         -9.2233388610
    7.671000         -9.1574454591
    7.672000         -9.0917559057
    7.673000         -9.0262710741
    7.674000         -8.9609918325
    7.675000         -8.8959190430
    7.676000         -8.8310535624
    7.677000         -8.7663962417
    7.678000         -8.7019479264
    7.679000         -8.6377094558
    7.680000         -8.5736816640
    7.681000         -8.5098653789
    7.682000         -8.4462614227
    7.683000         -8.3828706117
    7.684000         -8.3196937564
    7.685000         -8.2567316613
    7.686000         -8.1939851249
    7.687000         -8.1314549398
    7.688000         -8.0691418925
    7.689000         -8.0070467634
    7.690000         -7.9451703270
    7.691000         -7.8835133515
    7.692000         -7.8220765989
    7.693000         -7.7608608253
    7.694000         -7.6998667802
    7.695000         -7.6390952071
    7.696000         -7.5785468432
    7.697000         -7.5182224192
    7.698000         -7.4581226597
    7.699000         -7.3982482827
    7.700000         -7.3386000000
    7.701000         -7.2791785167
    7.702000         -7.2199845317
    7.703000         -7.1610187371
    7.704000         -7.1022818186
    7.705000         -7.0437744554
    7.706000         -6.9854973200
    7.707000         -6.9274510782
    7.708000         -6.8696363892
    7.709000         -6.8120539056
    7.710000         -6.7547042730
    7.711000         -6.6975881304
    7.712000         -6.6407061101
    7.713000         -6.5840588373
    7.714000         -6.5276469305
    7.715000         -6.4714710012
    7.716000         -6.4155316542
    7.717000         -6.3598294870
    7.718000         -6.3043650903
    7.719000         -6.2491390478
    7.720000         -6.1941519360
    7.721000         -6.1394043244
    7.722000         -6.0848967754
    7.723000         -6.0306298441
    7.724000         -5.9766040786
    7.725000         -5.9228200195
    7.726000         -5.8692782005
    7.727000         -5.8159791477
    7.728000         -5.7629233801
    7.729000         -5.7101114091
    7.730000         -5.6575437390
    7.731000         -5.6052208665
    7.732000         -5.5531432808
    7.733000         -5.5013114638
    7.734000         -5.4497258897
    7.735000         -5.3983870253
    7.736000         -5.3472953298
    7.737000         -5.2964512547
    7.738000         -5.2458552438
    7.739000         -5.1955077334
    7.740000         -5.1454091520
    7.741000         -5.0955599204
    7.742000         -5.0459604514
    7.743000         -4.9966111505
    7.744000         -4.9475124147
    7.745000         -4.8986646337
    7.746000         -4.8500681889
    7.747000         -4.8017234540
    7.748000         -4.7536307946
    7.749000         -4.7057905684
    7.750000         -4.6582031250
    7.751000         -4.6108688059
    7.752000         -4.5637879446
    7.753000         -4.5169608663
    7.754000         -4.4703878883
    7.755000         -4.4240693195
    7.756000         -4.3780054605
    7.757000         -4.3321966039
    7.758000         -4.2866430338
    7.759000         -4.2413450260
    7.760000         -4.1963028480
    7.761000         -4.1515167589
    7.762000         -4.1069870094
    7.763000         -4.0627138417
    7.764000         -4.0186974894
    7.765000         -3.9749381778
    7.766000         -3.9314361235
    7.767000         -3.8881915346
    7.768000         -3.8452046104
    7.769000         -3.8024755419
    7.770000         -3.7600045110
    7.771000         -3.7177916912
    7.772000         -3.6758372471
    7.773000         -3.6341413346
    7.774000         -3.5927041007
    7.775000         -3.5515256836
    7.776000         -3.5106062126
    7.777000         -3.4699458082
    7.778000         -3.4295445818
    7.779000         -3.3894026359
    7.780000         -3.3495200640
    7.781000         -3.3098969505
    7.782000         -3.2705333709
    7.783000         -3.2314293914
    7.784000         -3.1925850690
    7.785000         -3.1540004519
    7.786000         -3.1156755787
    7.787000         -3.0776104790
    7.788000         -3.0398051731
    7.789000         -3.0022596719
    7.790000         -2.9649739770
    7.791000         -2.9279480807
    7.792000         -2.8911819660
    7.793000         -2.8546756061
    7.794000         -2.8184289652
    7.795000         -2.7824419977
    7.796000         -2.7467146486
    7.797000         -2.7112468533
    7.798000         -2.6760385375
    7.799000         -2.6410896176
    7.800000         -2.6064000000
    7.801000         -2.5719695816
    7.802000         -2.5377982495
    7.803000         -2.5038858811
    7.804000         -2.4702323440
    7.805000         -2.4368374960
    7.806000         -2.4037011850
    7.807000         -2.3708232491
    7.808000         -2.3382035163
    7.809000         -2.3058418049
    7.810000         -2.2737379230
    7.811000         -2.2418916689
    7.812000         -2.2103028307
    7.813000         -2.1789711865
    7.814000         -2.1478965043
    7.815000         -2.1170785418
    7.816000         -2.0865170468
    7.817000         -2.0562117566
    7.818000         -2.0261623985
    7.819000         -1.9963686894
    7.820000         -1.9668303360
    7.821000         -1.9375470345
    7.822000         -1.9085184708
    7.823000         -1.8797443206
    7.824000         -1.8512242488
    7.825000         -1.8229579102
    7.826000         -1.7949449487
    7.827000         -1.7671849982
    7.828000         -1.7396776815
    7.829000         -1.7124226112
    7.830000         -1.6854193890
    7.831000         -1.6586676061
    7.832000         -1.6321668430
    7.833000         -1.6059166694
    7.834000         -1.5799166444
    7.835000         -1.5541663160
    7.836000         -1.5286652217
    7.837000         -1.5034128879
    7.838000         -1.4784088304
    7.839000         -1.4536525539
    7.840000         -1.4291435520
    7.841000         -1.4048813076
    7.842000         -1.3808652925
    7.843000         -1.3570949673
    7.844000         -1.3335697817
    7.845000         -1.3102891743
    7.846000         -1.2872525723
    7.847000         -1.2644593920
    7.848000         -1.2419090384
    7.849000         -1.2196009053
    7.850000         -1.1975343750
    7.851000         -1.1757088188
    7.852000         -1.1541235964
    7.853000         -1.1327780564
    7.854000         -1.1116715358
    7.855000         -1.0908033601
    7.856000         -1.0701728435
    7.857000         -1.0497792887
    7.858000         -1.0296219868
    7.859000         -1.0097002172
    7.860000         -0.9900132480
    7.861000         -0.9705603354
    7.862000         -0.9513407241
    7.863000         -0.9323536469
    7.864000         -0.9135983252
    7.865000         -0.8950739684
    7.866000         -0.8767797741
    7.867000         -0.8587149282
    7.868000         -0.8408786047
    7.869000         -0.8232699655
    7.870000         -0.8058881610
    7.871000         -0.7887323293
    7.872000         -0.7718015966
    7.873000         -0.7550950771
    7.874000         -0.7386118729
    7.875000         -0.7223510742
    7.876000         -0.7063117589
    7.877000         -0.6904929927
    7.878000         -0.6748938292
    7.879000         -0.6595133100
    7.880000         -0.6443504640
    7.881000         -0.6294043082
    7.882000         -0.6146738471
    7.883000         -0.6001580730
    7.884000         -0.5858559657
    7.885000         -0.5717664925
    7.886000         -0.5578886086
    7.887000         -0.5442212563
    7.888000         -0.5307633657
    7.889000         -0.5175138543
    7.890000         -0.5044716270
    7.891000         -0.4916355760
    7.892000         -0.4790045810
    7.893000         -0.4665775090
    7.894000         -0.4543532143
    7.895000         -0.4423305383
    7.896000         -0.4305083100
    7.897000         -0.4188853453
    7.898000         -0.4074604474
    7.899000         -0.3962324065
    7.900000         -0.3852000000
    7.901000         -0.3743619925
    7.902000         -0.3637171354
    7.903000         -0.3532641672
    7.904000         -0.3430018135
    7.905000         -0.3329287867
    7.906000         -0.3230437861
    7.907000         -0.3133454979
    7.908000         -0.3038325953
    7.909000         -0.2945037381
    7.910000         -0.2853575730
    7.911000         -0.2763927334
    7.912000         -0.2676078394
    7.913000         -0.2590014978
    7.914000         -0.2505723021
    7.915000         -0.2423188325
    7.916000         -0.2342396554
    7.917000         -0.2263333243
    7.918000         -0.2185983788
    7.919000         -0.2110333451
    7.920000         -0.2036367360
    7.921000         -0.1964070506
    7.922000         -0.1893427743
    7.923000         -0.1824423790
    7.924000         -0.1757043231
    7.925000         -0.1691270508
    7.926000         -0.1627089930
    7.927000         -0.1564485667
    7.928000         -0.1503441750
    7.929000         -0.1443942072
    7.930000         -0.1385970390
    7.931000         -0.1329510318
    7.932000         -0.1274545333
    7.933000         -0.1221058771
    7.934000         -0.1169033830
    7.935000         -0.1118453566
    7.936000         -0.1069300895
    7.937000         -0.1021558592
    7.938000         -0.0975209291
    7.939000         -0.0930235483
    7.940000         -0.0886619520
    7.941000         -0.0844343609
    7.942000         -0.0803389815
    7.943000         -0.0763740062
    7.944000         -0.0725376128
    7.945000         -0.0688279649
    7.946000         -0.0652432118
    7.947000         -0.0617814881
    7.948000         -0.0584409143
    7.949000         -0.0552195961
    7.950000         -0.0521156250
    7.951000         -0.0491270776
    7.952000         -0.0462520163
    7.953000         -0.0434884885
    7.954000         -0.0408345272
    7.955000         -0.0382881507
    7.956000         -0.0358473626
    7.957000         -0.0335101516
    7.958000         -0.0312744918
    7.959000         -0.0291383425
    7.960000         -0.0270996480
    7.961000         -0.0251563379
    7.962000         -0.0233063267
    7.963000         -0.0215475142
    7.964000         -0.0198777851
    7.965000         -0.0182950090
    7.966000         -0.0167970408
    7.967000         -0.0153817199
    7.968000         -0.0140468709
    7.969000         -0.0127903032
    7.970000         -0.0116098110
    7.971000         -0.0105031733
    7.972000         -0.0094681540
    7.973000         -0.0085025015
    7.974000         -0.0076039492
    7.975000         -0.0067702148
    7.976000         -0.0059990011
    7.977000         -0.0052879951
    7.978000         -0.0046348687
    7.979000         -0.0040372780
    7.980000         -0.0034928640
    7.981000         -0.0029992519
    7.982000         -0.0025540514
    7.983000         -0.0021548567
    7.984000         -0.0017992463
    7.985000         -0.0014847832
    7.986000         -0.0012090144
    7.987000         -0.0009694716
    7.988000         -0.0007636704
    7.989000         -0.0005891108
    7.990000         -0.0004432770
    7.991000         -0.0003236373
    7.992000         -0.0002276440
    7.993000         -0.0001527339
    7.994000         -0.0000963273
    7.995000         -0.0000558290
    7.996000         -0.0000286275
    7.997000         -0.0000120954
    7.998000         -0.0000035892
    7.999000         -0.0000004493
    8.000000          0.0000000000
    8.001000          0.0000000000
    8.002000          0.0000000000
    8.003000          0.0000000000
    8.004000          0.0000000000
    8.005000          0.0000000000
    8.006000          0.0000000000
    8.007000          0.0000000000
    8.008000          0.0000000000
    8.009000          0.0000000000
    8.010000          0.0000000000
    8.011000          0.0000000000
    8.012000          0.0000000000
    8.013000          0.0000000000
    8.014000          0.0000000000
    8.015000          0.0000000000
    8.016000          0.0000000000
    8.017000          0.0000000000
    8.018000          0.0000000000
    8.019000          0.0000000000
    8.020000          0.0000000000
    8.021000          0.0000000000
    8.022000          0.0000000000
    8.023000          0.0000000000
    8.024000          0.0000000000
    8.025000          0.0000000000
    8.026000          0.0000000000
    8.027000          0.0000000000
    8.028000          0.0000000000
    8.029000          0.0000000000
    8.030000          0.0000000000
    8.031000          0.0000000000
    8.032000          0.0000000000
    8.033000          0.0000000000
    8.034000          0.0000000000
    8.035000          0.0000000000
    8.036000          0.0000000000
    8.037000          0.0000000000
    8.038000          0.0000000000
    8.039000          0.0000000000
    8.040000          0.0000000000
    8.041000          0.0000000000
    8.042000          0.0000000000
    8.043000          0.0000000000
    8.044000          0.0000000000
    8.045000          0.0000000000
    8.046000          0.0000000000
    8.047000          0.0000000000
    8.048000          0.0000000000
    8.049000          0.0000000000
    8.050000          0.0000000000
    8.051000          0.0000000000
    8.052000          0.0000000000
    8.053000          0.0000000000
    8.054000          0.0000000000
    8.055000          0.0000000000
    8.056000          0.0000000000
    8.057000          0.0000000000
    8.058000          0.0000000000
    8.059000          0.0000000000
    8.060000          0.0000000000
    8.061000          0.0000000000
    8.062000          0.0000000000
    8.063000          0.0000000000
    8.064000          0.0000000000
    8.065000          0.0000000000
    8.066000          0.0000000000
    8.067000          0.0000000000
    8.068000          0.0000000000
    8.069000          0.0000000000
    8.070000          0.0000000000
    8.071000          0.0000000000
    8.072000          0.0000000000
    8.073000          0.0000000000
    8.074000          0.0000000000
    8.075000          0.0000000000
    8.076000          0.0000000000
    8.077000          0.0000000000
    8.078000          0.0000000000
    8.079000          0.0000000000
    8.080000          0.0000000000
    8.081000          0.0000000000
    8.082000          0.0000000000
    8.083000          0.0000000000
    8.084000          0.0000000000
    8.085000          0.0000000000
    8.086000          0.0000000000
    8.087000          0.0000000000
    8.088000          0.0000000000
    8.089000          0.0000000000
    8.090000          0.0000000000
    8.091000          0.0000000000
    8.092000          0.0000000000
    8.093000          0.0000000000
    8.094000          0.0000000000
    8.095000          0.0000000000
    8.096000          0.0000000000
    8.097000          0.0000000000
    8.098000          0.0000000000
    8.099000          0.0000000000
    8.100000          0.0000000000
    8.101000          0.0000000000
    8.102000          0.0000000000
    8.103000          0.0000000000
    8.104000          0.0000000000
    8.105000          0.0000000000
    8.106000          0.0000000000
    8.107000          0.0000000000
    8.108000          0.0000000000
    8.109000          0.0000000000
    8.110000          0.0000000000
    8.111000          0.0000000000
    8.112000          0.0000000000
    8.113000          0.0000000000
    8.114000          0.0000000000
    8.115000          0.0000000000
    8.116000          0.0000000000
    8.117000          0.0000000000
    8.118000          0.0000000000
    8.119000          0.0000000000
    8.120000          0.0000000000
    8.121000          0.0000000000
    8.122000          0.0000000000
    8.123000          0.0000000000
    8.124000          0.0000000000
    8.125000          0.0000000000
    8.126000          0.0000000000
    8.127000          0.0000000000
    8.128000          0.0000000000
    8.129000          0.0000000000
    8.130000          0.0000000000
    8.131000          0.0000000000
    8.132000          0.0000000000
    8.133000          0.0000000000
    8.134000          0.0000000000
    8.135000          0.0000000000
    8.136000          0.0000000000
    8.137000          0.0000000000
    8.138000          0.0000000000
    8.139000          0.0000000000
    8.140000          0.0000000000
    8.141000          0.0000000000
    8.142000          0.0000000000
    8.143000          0.0000000000
    8.144000          0.0000000000
    8.145000          0.0000000000
    8.146000          0.0000000000
    8.147000          0.0000000000
    8.148000          0.0000000000
    8.149000          0.0000000000
    8.150000          0.0000000000
    8.151000          0.0000000000
    8.152000          0.0000000000
    8.153000          0.0000000000
    8.154000          0.0000000000
    8.155000          0.0000000000
    8.156000          0.0000000000
    8.157000          0.0000000000
    8.158000          0.0000000000
    8.159000          0.0000000000
    8.160000          0.0000000000
    8.161000          0.0000000000
    8.162000          0.0000000000
    8.163000          0.0000000000
    8.164000          0.0000000000
    8.165000          0.0000000000
    8.166000          0.0000000000
    8.167000          0.0000000000
    8.168000          0.0000000000
    8.169000          0.0000000000
    8.170000          0.0000000000
    8.171000          0.0000000000
    8.172000          0.0000000000
    8.173000          0.0000000000
    8.174000          0.0000000000
    8.175000          0.0000000000
    8.176000          0.0000000000
    8.177000          0.0000000000
    8.178000          0.0000000000
    8.179000          0.0000000000
    8.180000          0.0000000000
    8.181000          0.0000000000
    8.182000          0.0000000000
    8.183000          0.0000000000
    8.184000          0.0000000000
    8.185000          0.0000000000
    8.186000          0.0000000000
    8.187000          0.0000000000
    8.188000          0.0000000000
    8.189000          0.0000000000
    8.190000          0.0000000000
    8.191000          0.0000000000
    8.192000          0.0000000000
    8.193000          0.0000000000
    8.194000          0.0000000000
    8.195000          0.0000000000
    8.196000          0.0000000000
    8.197000          0.0000000000
    8.198000          0.0000000000
    8.199000          0.0000000000
    8.200000          0.0000000000
    8.201000          0.0000000000
    8.202000          0.0000000000
    8.203000          0.0000000000
    8.204000          0.0000000000
    8.205000          0.0000000000
    8.206000          0.0000000000
    8.207000          0.0000000000
    8.208000          0.0000000000
    8.209000          0.0000000000
    8.210000          0.0000000000
    8.211000          0.0000000000
    8.212000          0.0000000000
    8.213000          0.0000000000
    8.214000          0.0000000000
    8.215000          0.0000000000
    8.216000          0.0000000000
    8.217000          0.0000000000
    8.218000          0.0000000000
    8.219000          0.0000000000
    8.220000          0.0000000000
    8.221000          0.0000000000
    8.222000          0.0000000000
    8.223000          0.0000000000
    8.224000          0.0000000000
    8.225000          0.0000000000
    8.226000          0.0000000000
    8.227000          0.0000000000
    8.228000          0.0000000000
    8.229000          0.0000000000
    8.230000          0.0000000000
    8.231000          0.0000000000
    8.232000          0.0000000000
    8.233000          0.0000000000
    8.234000          0.0000000000
    8.235000          0.0000000000
    8.236000          0.0000000000
    8.237000          0.0000000000
    8.238000          0.0000000000
    8.239000          0.0000000000
    8.240000          0.0000000000
    8.241000          0.0000000000
    8.242000          0.0000000000
    8.243000          0.0000000000
    8.244000          0.0000000000
    8.245000          0.0000000000
    8.246000          0.0000000000
    8.247000          0.0000000000
    8.248000          0.0000000000
    8.249000          0.0000000000
    8.250000          0.0000000000
    8.251000          0.0000000000
    8.252000          0.0000000000
    8.253000          0.0000000000
    8.254000          0.0000000000
    8.255000          0.0000000000
    8.256000          0.0000000000
    8.257000          0.0000000000
    8.258000          0.0000000000
    8.259000          0.0000000000
    8.260000          0.0000000000
    8.261000          0.0000000000
    8.262000          0.0000000000
    8.263000          0.0000000000
    8.264000          0.0000000000
    8.265000          0.0000000000
    8.266000          0.0000000000
    8.267000          0.0000000000
    8.268000          0.0000000000
    8.269000          0.0000000000
    8.270000          0.0000000000
    8.271000          0.0000000000
    8.272000          0.0000000000
    8.273000          0.0000000000
    8.274000          0.0000000000
    8.275000          0.0000000000
    8.276000          0.0000000000
    8.277000          0.0000000000
    8.278000          0.0000000000
    8.279000          0.0000000000
    8.280000          0.0000000000
    8.281000          0.0000000000
    8.282000          0.0000000000
    8.283000          0.0000000000
    8.284000          0.0000000000
    8.285000          0.0000000000
    8.286000          0.0000000000
    8.287000          0.0000000000
    8.288000          0.0000000000
    8.289000          0.0000000000
    8.290000          0.0000000000
    8.291000          0.0000000000
    8.292000          0.0000000000
    8.293000          0.0000000000
    8.294000          0.0000000000
    8.295000          0.0000000000
    8.296000          0.0000000000
    8.297000          0.0000000000
    8.298000          0.0000000000
    8.299000          0.0000000000
    8.300000          0.0000000000
    8.301000          0.0000000000
    8.302000          0.0000000000
    8.303000          0.0000000000
    8.304000          0.0000000000
    8.305000          0.0000000000
    8.306000          0.0000000000
    8.307000          0.0000000000
    8.308000          0.0000000000
    8.309000          0.0000000000
    8.310000          0.0000000000
    8.311000          0.0000000000
    8.312000          0.0000000000
    8.313000          0.0000000000
    8.314000          0.0000000000
    8.315000          0.0000000000
    8.316000          0.0000000000
    8.317000          0.0000000000
    8.318000          0.0000000000
    8.319000          0.0000000000
    8.320000          0.0000000000
    8.321000          0.0000000000
    8.322000          0.0000000000
    8.323000          0.0000000000
    8.324000          0.0000000000
    8.325000          0.0000000000
    8.326000          0.0000000000
    8.327000          0.0000000000
    8.328000          0.0000000000
    8.329000          0.0000000000
    8.330000          0.0000000000
    8.331000          0.0000000000
    8.332000          0.0000000000
    8.333000          0.0000000000
    8.334000          0.0000000000
    8.335000          0.0000000000
    8.336000          0.0000000000
    8.337000          0.0000000000
    8.338000          0.0000000000
    8.339000          0.0000000000
    8.340000          0.0000000000
    8.341000          0.0000000000
    8.342000          0.0000000000
    8.343000          0.0000000000
    8.344000          0.0000000000
    8.345000          0.0000000000
    8.346000          0.0000000000
    8.347000          0.0000000000
    8.348000          0.0000000000
    8.349000          0.0000000000
    8.350000          0.0000000000
    8.351000          0.0000000000
    8.352000          0.0000000000
    8.353000          0.0000000000
    8.354000          0.0000000000
    8.355000          0.0000000000
    8.356000          0.0000000000
    8.357000          0.0000000000
    8.358000          0.0000000000
    8.359000          0.0000000000
    8.360000          0.0000000000
    8.361000          0.0000000000
    8.362000          0.0000000000
    8.363000          0.0000000000
    8.364000          0.0000000000
    8.365000          0.0000000000
    8.366000          0.0000000000
    8.367000          0.0000000000
    8.368000          0.0000000000
    8.369000          0.0000000000
    8.370000          0.0000000000
    8.371000          0.0000000000
    8.372000          0.0000000000
    8.373000          0.0000000000
    8.374000          0.0000000000
    8.375000          0.0000000000
    8.376000          0.0000000000
    8.377000          0.0000000000
    8.378000          0.0000000000
    8.379000          0.0000000000
    8.380000          0.0000000000
    8.381000          0.0000000000
    8.382000          0.0000000000
    8.383000          0.0000000000
    8.384000          0.0000000000
    8.385000          0.0000000000
    8.386000          0.0000000000
    8.387000          0.0000000000
    8.388000          0.0000000000
    8.389000          0.0000000000
    8.390000          0.0000000000
    8.391000          0.0000000000
    8.392000          0.0000000000
    8.393000          0.0000000000
    8.394000          0.0000000000
    8.395000          0.0000000000
    8.396000          0.0000000000
    8.397000          0.0000000000
    8.398000          0.0000000000
    8.399000          0.0000000000
    8.400000          0.0000000000
    8.401000          0.0000000000
    8.402000          0.0000000000
    8.403000          0.0000000000
    8.404000          0.0000000000
    8.405000          0.0000000000
    8.406000          0.0000000000
    8.407000          0.0000000000
    8.408000          0.0000000000
    8.409000          0.0000000000
    8.410000          0.0000000000
    8.411000          0.0000000000
    8.412000          0.0000000000
    8.413000          0.0000000000
    8.414000          0.0000000000
    8.415000          0.0000000000
    8.416000          0.0000000000
    8.417000          0.0000000000
    8.418000          0.0000000000
    8.419000          0.0000000000
    8.420000          0.0000000000
    8.421000          0.0000000000
    8.422000          0.0000000000
    8.423000          0.0000000000
    8.424000          0.0000000000
    8.425000          0.0000000000
    8.426000          0.0000000000
    8.427000          0.0000000000
    8.428000          0.0000000000
    8.429000          0.0000000000
    8.430000          0.0000000000
    8.431000          0.0000000000
    8.432000          0.0000000000
    8.433000          0.0000000000
    8.434000          0.0000000000
    8.435000          0.0000000000
    8.436000          0.0000000000
    8.437000          0.0000000000
    8.438000          0.0000000000
    8.439000          0.0000000000
    8.440000          0.0000000000
    8.441000          0.0000000000
    8.442000          0.0000000000
    8.443000          0.0000000000
    8.444000          0.0000000000
    8.445000          0.0000000000
    8.446000          0.0000000000
    8.447000          0.0000000000
    8.448000          0.0000000000
    8.449000          0.0000000000
    8.450000          0.0000000000
    8.451000          0.0000000000
    8.452000          0.0000000000
    8.453000          0.0000000000
    8.454000          0.0000000000
    8.455000          0.0000000000
    8.456000          0.0000000000
    8.457000          0.0000000000
    8.458000          0.0000000000
    8.459000          0.0000000000
    8.460000          0.0000000000
    8.461000          0.0000000000
    8.462000          0.0000000000
    8.463000          0.0000000000
    8.464000          0.0000000000
    8.465000          0.0000000000
    8.466000          0.0000000000
    8.467000          0.0000000000
    8.468000          0.0000000000
    8.469000          0.0000000000
    8.470000          0.0000000000
    8.471000          0.0000000000
    8.472000          0.0000000000
    8.473000          0.0000000000
    8.474000          0.0000000000
    8.475000          0.0000000000
    8.476000          0.0000000000
    8.477000          0.0000000000
    8.478000          0.0000000000
    8.479000          0.0000000000
    8.480000          0.0000000000
    8.481000          0.0000000000
    8.482000          0.0000000000
    8.483000          0.0000000000
    8.484000          0.0000000000
    8.485000          0.0000000000
    8.486000          0.0000000000
    8.487000          0.0000000000
    8.488000          0.0000000000
    8.489000          0.0000000000
    8.490000          0.0000000000
    8.491000          0.0000000000
    8.492000          0.0000000000
    8.493000          0.0000000000
    8.494000          0.0000000000
    8.495000          0.0000000000
    8.496000          0.0000000000
    8.497000          0.0000000000
    8.498000          0.0000000000
    8.499000          0.0000000000
    8.500000          0.0000000000
    8.501000          0.0000000000
    8.502000          0.0000000000
    8.503000          0.0000000000
    8.504000          0.0000000000
    8.505000          0.0000000000
    8.506000          0.0000000000
    8.507000          0.0000000000
    8.508000          0.0000000000
    8.509000          0.0000000000
    8.510000          0.0000000000
    8.511000          0.0000000000
    8.512000          0.0000000000
    8.513000          0.0000000000
    8.514000          0.0000000000
    8.515000          0.0000000000
    8.516000          0.0000000000
    8.517000          0.0000000000
    8.518000          0.0000000000
    8.519000          0.0000000000
    8.520000          0.0000000000
    8.521000          0.0000000000
    8.522000          0.0000000000
    8.523000          0.0000000000
    8.524000          0.0000000000
    8.525000          0.0000000000
    8.526000          0.0000000000
    8.527000          0.0000000000
    8.528000          0.0000000000
    8.529000          0.0000000000
    8.530000          0.0000000000
    8.531000          0.0000000000
    8.532000          0.0000000000
    8.533000          0.0000000000
    8.534000          0.0000000000
    8.535000          0.0000000000
    8.536000          0.0000000000
    8.537000          0.0000000000
    8.538000          0.0000000000
    8.539000          0.0000000000
    8.540000          0.0000000000
    8.541000          0.0000000000
    8.542000          0.0000000000
    8.543000          0.0000000000
    8.544000          0.0000000000
    8.545000          0.0000000000
    8.546000          0.0000000000
    8.547000          0.0000000000
    8.548000          0.0000000000
    8.549000          0.0000000000
    8.550000          0.0000000000
    8.551000          0.0000000000
    8.552000          0.0000000000
    8.553000          0.0000000000
    8.554000          0.0000000000
    8.555000          0.0000000000
    8.556000          0.0000000000
    8.557000          0.0000000000
    8.558000          0.0000000000
    8.559000          0.0000000000
    8.560000          0.0000000000
    8.561000          0.0000000000
    8.562000          0.0000000000
    8.563000          0.0000000000
    8.564000          0.0000000000
    8.565000          0.0000000000
    8.566000          0.0000000000
    8.567000          0.0000000000
    8.568000          0.0000000000
    8.569000          0.0000000000
    8.570000          0.0000000000
    8.571000          0.0000000000
    8.572000          0.0000000000
    8.573000          0.0000000000
    8.574000          0.0000000000
    8.575000          0.0000000000
    8.576000          0.0000000000
    8.577000          0.0000000000
    8.578000          0.0000000000
    8.579000          0.0000000000
    8.580000          0.0000000000
    8.581000          0.0000000000
    8.582000          0.0000000000
    8.583000          0.0000000000
    8.584000          0.0000000000
    8.585000          0.0000000000
    8.586000          0.0000000000
    8.587000          0.0000000000
    8.588000          0.0000000000
    8.589000          0.0000000000
    8.590000          0.0000000000
    8.591000          0.0000000000
    8.592000          0.0000000000
    8.593000          0.0000000000
    8.594000          0.0000000000
    8.595000          0.0000000000
    8.596000          0.0000000000
    8.597000          0.0000000000
    8.598000          0.0000000000
    8.599000          0.0000000000
    8.600000          0.0000000000
    8.601000          0.0000000000
    8.602000          0.0000000000
    8.603000          0.0000000000
    8.604000          0.0000000000
    8.605000          0.0000000000
    8.606000          0.0000000000
    8.607000          0.0000000000
    8.608000          0.0000000000
    8.609000          0.0000000000
    8.610000          0.0000000000
    8.611000          0.0000000000
    8.612000          0.0000000000
    8.613000          0.0000000000
    8.614000          0.0000000000
    8.615000          0.0000000000
    8.616000          0.0000000000
    8.617000          0.0000000000
    8.618000          0.0000000000
    8.619000          0.0000000000
    8.620000          0.0000000000
    8.621000          0.0000000000
    8.622000          0.0000000000
    8.623000          0.0000000000
    8.624000          0.0000000000
    8.625000          0.0000000000
    8.626000          0.0000000000
    8.627000          0.0000000000
    8.628000          0.0000000000
    8.629000          0.0000000000
    8.630000          0.0000000000
    8.631000          0.0000000000
    8.632000          0.0000000000
    8.633000          0.0000000000
    8.634000          0.0000000000
    8.635000          0.0000000000
    8.636000          0.0000000000
    8.637000          0.0000000000
    8.638000          0.0000000000
    8.639000          0.0000000000
    8.640000          0.0000000000
    8.641000          0.0000000000
    8.642000          0.0000000000
    8.643000          0.0000000000
    8.644000          0.0000000000
    8.645000          0.0000000000
    8.646000          0.0000000000
    8.647000          0.0000000000
    8.648000          0.0000000000
    8.649000          0.0000000000
    8.650000          0.0000000000
    8.651000          0.0000000000
    8.652000          0.0000000000
    8.653000          0.0000000000
    8.654000          0.0000000000
    8.655000          0.0000000000
    8.656000          0.0000000000
    8.657000          0.0000000000
    8.658000          0.0000000000
    8.659000          0.0000000000
    8.660000          0.0000000000
    8.661000          0.0000000000
    8.662000          0.0000000000
    8.663000          0.0000000000
    8.664000          0.0000000000
    8.665000          0.0000000000
    8.666000          0.0000000000
    8.667000          0.0000000000
    8.668000          0.0000000000
    8.669000          0.0000000000
    8.670000          0.0000000000
    8.671000          0.0000000000
    8.672000          0.0000000000
    8.673000          0.0000000000
    8.674000          0.0000000000
    8.675000          0.0000000000
    8.676000          0.0000000000
    8.677000          0.0000000000
    8.678000          0.0000000000
    8.679000          0.0000000000
    8.680000          0.0000000000
    8.681000          0.0000000000
    8.682000          0.0000000000
    8.683000          0.0000000000
    8.684000          0.0000000000
    8.685000          0.0000000000
    8.686000          0.0000000000
    8.687000          0.0000000000
    8.688000          0.0000000000
    8.689000          0.0000000000
    8.690000          0.0000000000
    8.691000          0.0000000000
    8.692000          0.0000000000
    8.693000          0.0000000000
    8.694000          0.0000000000
    8.695000          0.0000000000
    8.696000          0.0000000000
    8.697000          0.0000000000
    8.698000          0.0000000000
    8.699000          0.0000000000
    8.700000          0.0000000000
    8.701000          0.0000000000
    8.702000          0.0000000000
    8.703000          0.0000000000
    8.704000          0.0000000000
    8.705000          0.0000000000
    8.706000          0.0000000000
    8.707000          0.0000000000
    8.708000          0.0000000000
    8.709000          0.0000000000
    8.710000          0.0000000000
    8.711000          0.0000000000
    8.712000          0.0000000000
    8.713000          0.0000000000
    8.714000          0.0000000000
    8.715000          0.0000000000
    8.716000          0.0000000000
    8.717000          0.0000000000
    8.718000          0.0000000000
    8.719000          0.0000000000
    8.720000          0.0000000000
    8.721000          0.0000000000
    8.722000          0.0000000000
    8.723000          0.0000000000
    8.724000          0.0000000000
    8.725000          0.0000000000
    8.726000          0.0000000000
    8.727000          0.0000000000
    8.728000          0.0000000000
    8.729000          0.0000000000
    8.730000          0.0000000000
    8.731000          0.0000000000
    8.732000          0.0000000000
    8.733000          0.0000000000
    8.734000          0.0000000000
    8.735000          0.0000000000
    8.736000          0.0000000000
    8.737000          0.0000000000
    8.738000          0.0000000000
    8.739000          0.0000000000
    8.740000          0.0000000000
    8.741000          0.0000000000
    8.742000          0.0000000000
    8.743000          0.0000000000
    8.744000          0.0000000000
    8.745000          0.0000000000
    8.746000          0.0000000000
    8.747000          0.0000000000
    8.748000          0.0000000000
    8.749000          0.0000000000
    8.750000          0.0000000000
    8.751000          0.0000000000
    8.752000          0.0000000000
    8.753000          0.0000000000
    8.754000          0.0000000000
    8.755000          0.0000000000
    8.756000          0.0000000000
    8.757000          0.0000000000
    8.758000          0.0000000000
    8.759000          0.0000000000
    8.760000          0.0000000000
    8.761000          0.0000000000
    8.762000          0.0000000000
    8.763000          0.0000000000
    8.764000          0.0000000000
    8.765000          0.0000000000
    8.766000          0.0000000000
    8.767000          0.0000000000
    8.768000          0.0000000000
    8.769000          0.0000000000
    8.770000          0.0000000000
    8.771000          0.0000000000
    8.772000          0.0000000000
    8.773000          0.0000000000
    8.774000          0.0000000000
    8.775000          0.0000000000
    8.776000          0.0000000000
    8.777000          0.0000000000
    8.778000          0.0000000000
    8.779000          0.0000000000
    8.780000          0.0000000000
    8.781000          0.0000000000
    8.782000          0.0000000000
    8.783000          0.0000000000
    8.784000          0.0000000000
    8.785000          0.0000000000
    8.786000          0.0000000000
    8.787000          0.0000000000
    8.788000          0.0000000000
    8.789000          0.0000000000
    8.790000          0.0000000000
    8.791000          0.0000000000
    8.792000          0.0000000000
    8.793000          0.0000000000
    8.794000          0.0000000000
    8.795000          0.0000000000
    8.796000          0.0000000000
    8.797000          0.0000000000
    8.798000          0.0000000000
    8.799000          0.0000000000
    8.800000          0.0000000000
    8.801000          0.0000000000
    8.802000          0.0000000000
    8.803000          0.0000000000
    8.804000          0.0000000000
    8.805000          0.0000000000
    8.806000          0.0000000000
    8.807000          0.0000000000
    8.808000          0.0000000000
    8.809000          0.0000000000
    8.810000          0.0000000000
    8.811000          0.0000000000
    8.812000          0.0000000000
    8.813000          0.0000000000
    8.814000          0.0000000000
    8.815000          0.0000000000
    8.816000          0.0000000000
    8.817000          0.0000000000
    8.818000          0.0000000000
    8.819000          0.0000000000
    8.820000          0.0000000000
    8.821000          0.0000000000
    8.822000          0.0000000000
    8.823000          0.0000000000
    8.824000          0.0000000000
    8.825000          0.0000000000
    8.826000          0.0000000000
    8.827000          0.0000000000
    8.828000          0.0000000000
    8.829000          0.0000000000
    8.830000          0.0000000000
    8.831000          0.0000000000
    8.832000          0.0000000000
    8.833000          0.0000000000
    8.834000          0.0000000000
    8.835000          0.0000000000
    8.836000          0.0000000000
    8.837000          0.0000000000
    8.838000          0.0000000000
    8.839000          0.0000000000
    8.840000          0.0000000000
    8.841000          0.0000000000
    8.842000          0.0000000000
    8.843000          0.0000000000
    8.844000          0.0000000000
    8.845000          0.0000000000
    8.846000          0.0000000000
    8.847000          0.0000000000
    8.848000          0.0000000000
    8.849000          0.0000000000
    8.850000          0.0000000000
    8.851000          0.0000000000
    8.852000          0.0000000000
    8.853000          0.0000000000
    8.854000          0.0000000000
    8.855000          0.0000000000
    8.856000          0.0000000000
    8.857000          0.0000000000
    8.858000          0.0000000000
    8.859000          0.0000000000
    8.860000          0.0000000000
    8.861000          0.0000000000
    8.862000          0.0000000000
    8.863000          0.0000000000
    8.864000          0.0000000000
    8.865000          0.0000000000
    8.866000          0.0000000000
    8.867000          0.0000000000
    8.868000          0.0000000000
    8.869000          0.0000000000
    8.870000          0.0000000000
    8.871000          0.0000000000
    8.872000          0.0000000000
    8.873000          0.0000000000
    8.874000          0.0000000000
    8.875000          0.0000000000
    8.876000          0.0000000000
    8.877000          0.0000000000
    8.878000          0.0000000000
    8.879000          0.0000000000
    8.880000          0.0000000000
    8.881000          0.0000000000
    8.882000          0.0000000000
    8.883000          0.0000000000
    8.884000          0.0000000000
    8.885000          0.0000000000
    8.886000          0.0000000000
    8.887000          0.0000000000
    8.888000          0.0000000000
    8.889000          0.0000000000
    8.890000          0.0000000000
    8.891000          0.0000000000
    8.892000          0.0000000000
    8.893000          0.0000000000
    8.894000          0.0000000000
    8.895000          0.0000000000
    8.896000          0.0000000000
    8.897000          0.0000000000
    8.898000          0.0000000000
    8.899000          0.0000000000
    8.900000          0.0000000000
    8.901000          0.0000000000
    8.902000          0.0000000000
    8.903000          0.0000000000
    8.904000          0.0000000000
    8.905000          0.0000000000
    8.906000          0.0000000000
    8.907000          0.0000000000
    8.908000          0.0000000000
    8.909000          0.0000000000
    8.910000          0.0000000000
    8.911000          0.0000000000
    8.912000          0.0000000000
    8.913000          0.0000000000
    8.914000          0.0000000000
    8.915000          0.0000000000
    8.916000          0.0000000000
    8.917000          0.0000000000
    8.918000          0.0000000000
    8.919000          0.0000000000
    8.920000          0.0000000000
    8.921000          0.0000000000
    8.922000          0.0000000000
    8.923000          0.0000000000
    8.924000          0.0000000000
    8.925000          0.0000000000
    8.926000          0.0000000000
    8.927000          0.0000000000
    8.928000          0.0000000000
    8.929000          0.0000000000
    8.930000          0.0000000000
    8.931000          0.0000000000
    8.932000          0.0000000000
    8.933000          0.0000000000
    8.934000          0.0000000000
    8.935000          0.0000000000
    8.936000          0.0000000000
    8.937000          0.0000000000
    8.938000          0.0000000000
    8.939000          0.0000000000
    8.940000          0.0000000000
    8.941000          0.0000000000
    8.942000          0.0000000000
    8.943000          0.0000000000
    8.944000          0.0000000000
    8.945000          0.0000000000
    8.946000          0.0000000000
    8.947000          0.0000000000
    8.948000          0.0000000000
    8.949000          0.0000000000
    8.950000          0.0000000000
    8.951000          0.0000000000
    8.952000          0.0000000000
    8.953000          0.0000000000
    8.954000          0.0000000000
    8.955000          0.0000000000
    8.956000          0.0000000000
    8.957000          0.0000000000
    8.958000          0.0000000000
    8.959000          0.0000000000
    8.960000          0.0000000000
    8.961000          0.0000000000
    8.962000          0.0000000000
    8.963000          0.0000000000
    8.964000          0.0000000000
    8.965000          0.0000000000
    8.966000          0.0000000000
    8.967000          0.0000000000
    8.968000          0.0000000000
    8.969000          0.0000000000
    8.970000          0.0000000000
    8.971000          0.0000000000
    8.972000          0.0000000000
    8.973000          0.0000000000
    8.974000          0.0000000000
    8.975000          0.0000000000
    8.976000          0.0000000000
    8.977000          0.0000000000
    8.978000          0.0000000000
    8.979000          0.0000000000
    8.980000          0.0000000000
    8.981000          0.0000000000
    8.982000          0.0000000000
    8.983000          0.0000000000
    8.984000          0.0000000000
    8.985000          0.0000000000
    8.986000          0.0000000000
    8.987000          0.0000000000
    8.988000          0.0000000000
    8.989000          0.0000000000
    8.990000          0.0000000000
    8.991000          0.0000000000
    8.992000          0.0000000000
    8.993000          0.0000000000
    8.994000          0.0000000000
    8.995000          0.0000000000
    8.996000          0.0000000000
    8.997000          0.0000000000
    8.998000          0.0000000000
    8.999000          0.0000000000
    9.000000          0.0000000000
    9.001000          0.0000000000
    9.002000          0.0000000000
    9.003000          0.0000000000
    9.004000          0.0000000000
    9.005000          0.0000000000
    9.006000          0.0000000000
    9.007000          0.0000000000
    9.008000          0.0000000000
    9.009000          0.0000000000
    9.010000          0.0000000000
    9.011000          0.0000000000
    9.012000          0.0000000000
    9.013000          0.0000000000
    9.014000          0.0000000000
    9.015000          0.0000000000
    9.016000          0.0000000000
    9.017000          0.0000000000
    9.018000          0.0000000000
    9.019000          0.0000000000
    9.020000          0.0000000000
    9.021000          0.0000000000
    9.022000          0.0000000000
    9.023000          0.0000000000
    9.024000          0.0000000000
    9.025000          0.0000000000
    9.026000          0.0000000000
    9.027000          0.0000000000
    9.028000          0.0000000000
    9.029000          0.0000000000
    9.030000          0.0000000000
    9.031000          0.0000000000
    9.032000          0.0000000000
    9.033000          0.0000000000
    9.034000          0.0000000000
    9.035000          0.0000000000
    9.036000          0.0000000000
    9.037000          0.0000000000
    9.038000          0.0000000000
    9.039000          0.0000000000
    9.040000          0.0000000000
    9.041000          0.0000000000
    9.042000          0.0000000000
    9.043000          0.0000000000
    9.044000          0.0000000000
    9.045000          0.0000000000
    9.046000          0.0000000000
    9.047000          0.0000000000
    9.048000          0.0000000000
    9.049000          0.0000000000
    9.050000          0.0000000000
    9.051000          0.0000000000
    9.052000          0.0000000000
    9.053000          0.0000000000
    9.054000          0.0000000000
    9.055000          0.0000000000
    9.056000          0.0000000000
    9.057000          0.0000000000
    9.058000          0.0000000000
    9.059000          0.0000000000
    9.060000          0.0000000000
    9.061000          0.0000000000
    9.062000          0.0000000000
    9.063000          0.0000000000
    9.064000          0.0000000000
    9.065000          0.0000000000
    9.066000          0.0000000000
    9.067000          0.0000000000
    9.068000          0.0000000000
    9.069000          0.0000000000
    9.070000          0.0000000000
    9.071000          0.0000000000
    9.072000          0.0000000000
    9.073000          0.0000000000
    9.074000          0.0000000000
    9.075000          0.0000000000
    9.076000          0.0000000000
    9.077000          0.0000000000
    9.078000          0.0000000000
    9.079000          0.0000000000
    9.080000          0.0000000000
    9.081000          0.0000000000
    9.082000          0.0000000000
    9.083000          0.0000000000
    9.084000          0.0000000000
    9.085000          0.0000000000
    9.086000          0.0000000000
    9.087000          0.0000000000
    9.088000          0.0000000000
    9.089000          0.0000000000
    9.090000          0.0000000000
    9.091000          0.0000000000
    9.092000          0.0000000000
    9.093000          0.0000000000
    9.094000          0.0000000000
    9.095000          0.0000000000
    9.096000          0.0000000000
    9.097000          0.0000000000
    9.098000          0.0000000000
    9.099000          0.0000000000
    9.100000          0.0000000000
    9.101000          0.0000000000
    9.102000          0.0000000000
    9.103000          0.0000000000
    9.104000          0.0000000000
    9.105000          0.0000000000
    9.106000          0.0000000000
    9.107000          0.0000000000
    9.108000          0.0000000000
    9.109000          0.0000000000
    9.110000          0.0000000000
    9.111000          0.0000000000
    9.112000          0.0000000000
    9.113000          0.0000000000
    9.114000          0.0000000000
    9.115000          0.0000000000
    9.116000          0.0000000000
    9.117000          0.0000000000
    9.118000          0.0000000000
    9.119000          0.0000000000
    9.120000          0.0000000000
    9.121000          0.0000000000
    9.122000          0.0000000000
    9.123000          0.0000000000
    9.124000          0.0000000000
    9.125000          0.0000000000
    9.126000          0.0000000000
    9.127000          0.0000000000
    9.128000          0.0000000000
    9.129000          0.0000000000
    9.130000          0.0000000000
    9.131000          0.0000000000
    9.132000          0.0000000000
    9.133000          0.0000000000
    9.134000          0.0000000000
    9.135000          0.0000000000
    9.136000          0.0000000000
    9.137000          0.0000000000
    9.138000          0.0000000000
    9.139000          0.0000000000
    9.140000          0.0000000000
    9.141000          0.0000000000
    9.142000          0.0000000000
    9.143000          0.0000000000
    9.144000          0.0000000000
    9.145000          0.0000000000
    9.146000          0.0000000000
    9.147000          0.0000000000
    9.148000          0.0000000000
    9.149000          0.0000000000
    9.150000          0.0000000000
    9.151000          0.0000000000
    9.152000          0.0000000000
    9.153000          0.0000000000
    9.154000          0.0000000000
    9.155000          0.0000000000
    9.156000          0.0000000000
    9.157000          0.0000000000
    9.158000          0.0000000000
    9.159000          0.0000000000
    9.160000          0.0000000000
    9.161000          0.0000000000
    9.162000          0.0000000000
    9.163000          0.0000000000
    9.164000          0.0000000000
    9.165000          0.0000000000
    9.166000          0.0000000000
    9.167000          0.0000000000
    9.168000          0.0000000000
    9.169000          0.0000000000
    9.170000          0.0000000000
    9.171000          0.0000000000
    9.172000          0.0000000000
    9.173000          0.0000000000
    9.174000          0.0000000000
    9.175000          0.0000000000
    9.176000          0.0000000000
    9.177000          0.0000000000
    9.178000          0.0000000000
    9.179000          0.0000000000
    9.180000          0.0000000000
    9.181000          0.0000000000
    9.182000          0.0000000000
    9.183000          0.0000000000
    9.184000          0.0000000000
    9.185000          0.0000000000
    9.186000          0.0000000000
    9.187000          0.0000000000
    9.188000          0.0000000000
    9.189000          0.0000000000
    9.190000          0.0000000000
    9.191000          0.0000000000
    9.192000          0.0000000000
    9.193000          0.0000000000
    9.194000          0.0000000000
    9.195000          0.0000000000
    9.196000          0.0000000000
    9.197000          0.0000000000
    9.198000          0.0000000000
    9.199000          0.0000000000
    9.200000          0.0000000000
    9.201000          0.0000000000
    9.202000          0.0000000000
    9.203000          0.0000000000
    9.204000          0.0000000000
    9.205000          0.0000000000
    9.206000          0.0000000000
    9.207000          0.0000000000
    9.208000          0.0000000000
    9.209000          0.0000000000
    9.210000          0.0000000000
    9.211000          0.0000000000
    9.212000          0.0000000000
    9.213000          0.0000000000
    9.214000          0.0000000000
    9.215000          0.0000000000
    9.216000          0.0000000000
    9.217000          0.0000000000
    9.218000          0.0000000000
    9.219000          0.0000000000
    9.220000          0.0000000000
    9.221000          0.0000000000
    9.222000          0.0000000000
    9.223000          0.0000000000
    9.224000          0.0000000000
    9.225000          0.0000000000
    9.226000          0.0000000000
    9.227000          0.0000000000
    9.228000          0.0000000000
    9.229000          0.0000000000
    9.230000          0.0000000000
    9.231000          0.0000000000
    9.232000          0.0000000000
    9.233000          0.0000000000
    9.234000          0.0000000000
    9.235000          0.0000000000
    9.236000          0.0000000000
    9.237000          0.0000000000
    9.238000          0.0000000000
    9.239000          0.0000000000
    9.240000          0.0000000000
    9.241000          0.0000000000
    9.242000          0.0000000000
    9.243000          0.0000000000
    9.244000          0.0000000000
    9.245000          0.0000000000
    9.246000          0.0000000000
    9.247000          0.0000000000
    9.248000          0.0000000000
    9.249000          0.0000000000
    9.250000          0.0000000000
    9.251000          0.0000000000
    9.252000          0.0000000000
    9.253000          0.0000000000
    9.254000          0.0000000000
    9.255000          0.0000000000
    9.256000          0.0000000000
    9.257000          0.0000000000
    9.258000          0.0000000000
    9.259000          0.0000000000
    9.260000          0.0000000000
    9.261000          0.0000000000
    9.262000          0.0000000000
    9.263000          0.0000000000
    9.264000          0.0000000000
    9.265000          0.0000000000
    9.266000          0.0000000000
    9.267000          0.0000000000
    9.268000          0.0000000000
    9.269000          0.0000000000
    9.270000          0.0000000000
    9.271000          0.0000000000
    9.272000          0.0000000000
    9.273000          0.0000000000
    9.274000          0.0000000000
    9.275000          0.0000000000
    9.276000          0.0000000000
    9.277000          0.0000000000
    9.278000          0.0000000000
    9.279000          0.0000000000
    9.280000          0.0000000000
    9.281000          0.0000000000
    9.282000          0.0000000000
    9.283000          0.0000000000
    9.284000          0.0000000000
    9.285000          0.0000000000
    9.286000          0.0000000000
    9.287000          0.0000000000
    9.288000          0.0000000000
    9.289000          0.0000000000
    9.290000          0.0000000000
    9.291000          0.0000000000
    9.292000          0.0000000000
    9.293000          0.0000000000
    9.294000          0.0000000000
    9.295000          0.0000000000
    9.296000          0.0000000000
    9.297000          0.0000000000
    9.298000          0.0000000000
    9.299000          0.0000000000
    9.300000          0.0000000000
    9.301000          0.0000000000
    9.302000          0.0000000000
    9.303000          0.0000000000
    9.304000          0.0000000000
    9.305000          0.0000000000
    9.306000          0.0000000000
    9.307000          0.0000000000
    9.308000          0.0000000000
    9.309000          0.0000000000
    9.310000          0.0000000000
    9.311000          0.0000000000
    9.312000          0.0000000000
    9.313000          0.0000000000
    9.314000          0.0000000000
    9.315000          0.0000000000
    9.316000          0.0000000000
    9.317000          0.0000000000
    9.318000          0.0000000000
    9.319000          0.0000000000
    9.320000          0.0000000000
    9.321000          0.0000000000
    9.322000          0.0000000000
    9.323000          0.0000000000
    9.324000          0.0000000000
    9.325000          0.0000000000
    9.326000          0.0000000000
    9.327000          0.0000000000
    9.328000          0.0000000000
    9.329000          0.0000000000
    9.330000          0.0000000000
    9.331000          0.0000000000
    9.332000          0.0000000000
    9.333000          0.0000000000
    9.334000          0.0000000000
    9.335000          0.0000000000
    9.336000          0.0000000000
    9.337000          0.0000000000
    9.338000          0.0000000000
    9.339000          0.0000000000
    9.340000          0.0000000000
    9.341000          0.0000000000
    9.342000          0.0000000000
    9.343000          0.0000000000
    9.344000          0.0000000000
    9.345000          0.0000000000
    9.346000          0.0000000000
    9.347000          0.0000000000
    9.348000          0.0000000000
    9.349000          0.0000000000
    9.350000          0.0000000000
    9.351000          0.0000000000
    9.352000          0.0000000000
    9.353000          0.0000000000
    9.354000          0.0000000000
    9.355000          0.0000000000
    9.356000          0.0000000000
    9.357000          0.0000000000
    9.358000          0.0000000000
    9.359000          0.0000000000
    9.360000          0.0000000000
    9.361000          0.0000000000
    9.362000          0.0000000000
    9.363000          0.0000000000
    9.364000          0.0000000000
    9.365000          0.0000000000
    9.366000          0.0000000000
    9.367000          0.0000000000
    9.368000          0.0000000000
    9.369000          0.0000000000
    9.370000          0.0000000000
    9.371000          0.0000000000
    9.372000          0.0000000000
    9.373000          0.0000000000
    9.374000          0.0000000000
    9.375000          0.0000000000
    9.376000          0.0000000000
    9.377000          0.0000000000
    9.378000          0.0000000000
    9.379000          0.0000000000
    9.380000          0.0000000000
    9.381000          0.0000000000
    9.382000          0.0000000000
    9.383000          0.0000000000
    9.384000          0.0000000000
    9.385000          0.0000000000
    9.386000          0.0000000000
    9.387000          0.0000000000
    9.388000          0.0000000000
    9.389000          0.0000000000
    9.390000          0.0000000000
    9.391000          0.0000000000
    9.392000          0.0000000000
    9.393000          0.0000000000
    9.394000          0.0000000000
    9.395000          0.0000000000
    9.396000          0.0000000000
    9.397000          0.0000000000
    9.398000          0.0000000000
    9.399000          0.0000000000
    9.400000          0.0000000000
    9.401000          0.0000000000
    9.402000          0.0000000000
    9.403000          0.0000000000
    9.404000          0.0000000000
    9.405000          0.0000000000
    9.406000          0.0000000000
    9.407000          0.0000000000
    9.408000          0.0000000000
    9.409000          0.0000000000
    9.410000          0.0000000000
    9.411000          0.0000000000
    9.412000          0.0000000000
    9.413000          0.0000000000
    9.414000          0.0000000000
    9.415000          0.0000000000
    9.416000          0.0000000000
    9.417000          0.0000000000
    9.418000          0.0000000000
    9.419000          0.0000000000
    9.420000          0.0000000000
    9.421000          0.0000000000
    9.422000          0.0000000000
    9.423000          0.0000000000
    9.424000          0.0000000000
    9.425000          0.0000000000
    9.426000          0.0000000000
    9.427000          0.0000000000
    9.428000          0.0000000000
    9.429000          0.0000000000
    9.430000          0.0000000000
    9.431000          0.0000000000
    9.432000          0.0000000000
    9.433000          0.0000000000
    9.434000          0.0000000000
    9.435000          0.0000000000
    9.436000          0.0000000000
    9.437000          0.0000000000
    9.438000          0.0000000000
    9.439000          0.0000000000
    9.440000          0.0000000000
    9.441000          0.0000000000
    9.442000          0.0000000000
    9.443000          0.0000000000
    9.444000          0.0000000000
    9.445000          0.0000000000
    9.446000          0.0000000000
    9.447000          0.0000000000
    9.448000          0.0000000000
    9.449000          0.0000000000
    9.450000          0.0000000000
    9.451000          0.0000000000
    9.452000          0.0000000000
    9.453000          0.0000000000
    9.454000          0.0000000000
    9.455000          0.0000000000
    9.456000          0.0000000000
    9.457000          0.0000000000
    9.458000          0.0000000000
    9.459000          0.0000000000
    9.460000          0.0000000000
    9.461000          0.0000000000
    9.462000          0.0000000000
    9.463000          0.0000000000
    9.464000          0.0000000000
    9.465000          0.0000000000
    9.466000          0.0000000000
    9.467000          0.0000000000
    9.468000          0.0000000000
    9.469000          0.0000000000
    9.470000          0.0000000000
    9.471000          0.0000000000
    9.472000          0.0000000000
    9.473000          0.0000000000
    9.474000          0.0000000000
    9.475000          0.0000000000
    9.476000          0.0000000000
    9.477000          0.0000000000
    9.478000          0.0000000000
    9.479000          0.0000000000
    9.480000          0.0000000000
    9.481000          0.0000000000
    9.482000          0.0000000000
    9.483000          0.0000000000
    9.484000          0.0000000000
    9.485000          0.0000000000
    9.486000          0.0000000000
    9.487000          0.0000000000
    9.488000          0.0000000000
    9.489000          0.0000000000
    9.490000          0.0000000000
    9.491000          0.0000000000
    9.492000          0.0000000000
    9.493000          0.0000000000
    9.494000          0.0000000000
    9.495000          0.0000000000
    9.496000          0.0000000000
    9.497000          0.0000000000
    9.498000          0.0000000000
    9.499000          0.0000000000
    9.500000          0.0000000000
    9.501000          0.0000000000
    9.502000          0.0000000000
    9.503000          0.0000000000
    9.504000          0.0000000000
    9.505000          0.0000000000
    9.506000          0.0000000000
    9.507000          0.0000000000
    9.508000          0.0000000000
    9.509000          0.0000000000
    9.510000          0.0000000000
    9.511000          0.0000000000
    9.512000          0.0000000000
    9.513000          0.0000000000
    9.514000          0.0000000000
    9.515000          0.0000000000
    9.516000          0.0000000000
    9.517000          0.0000000000
    9.518000          0.0000000000
    9.519000          0.0000000000
    9.520000          0.0000000000
    9.521000          0.0000000000
    9.522000          0.0000000000
    9.523000          0.0000000000
    9.524000          0.0000000000
    9.525000          0.0000000000
    9.526000          0.0000000000
    9.527000          0.0000000000
    9.528000          0.0000000000
    9.529000          0.0000000000
    9.530000          0.0000000000
    9.531000          0.0000000000
    9.532000          0.0000000000
    9.533000          0.0000000000
    9.534000          0.0000000000
    9.535000          0.0000000000
    9.536000          0.0000000000
    9.537000          0.0000000000
    9.538000          0.0000000000
    9.539000          0.0000000000
    9.540000          0.0000000000
    9.541000          0.0000000000
    9.542000          0.0000000000
    9.543000          0.0000000000
    9.544000          0.0000000000
    9.545000          0.0000000000
    9.546000          0.0000000000
    9.547000          0.0000000000
    9.548000          0.0000000000
    9.549000          0.0000000000
    9.550000          0.0000000000
    9.551000          0.0000000000
    9.552000          0.0000000000
    9.553000          0.0000000000
    9.554000          0.0000000000
    9.555000          0.0000000000
    9.556000          0.0000000000
    9.557000          0.0000000000
    9.558000          0.0000000000
    9.559000          0.0000000000
    9.560000          0.0000000000
    9.561000          0.0000000000
    9.562000          0.0000000000
    9.563000          0.0000000000
    9.564000          0.0000000000
    9.565000          0.0000000000
    9.566000          0.0000000000
    9.567000          0.0000000000
    9.568000          0.0000000000
    9.569000          0.0000000000
    9.570000          0.0000000000
    9.571000          0.0000000000
    9.572000          0.0000000000
    9.573000          0.0000000000
    9.574000          0.0000000000
    9.575000          0.0000000000
    9.576000          0.0000000000
    9.577000          0.0000000000
    9.578000          0.0000000000
    9.579000          0.0000000000
    9.580000          0.0000000000
    9.581000          0.0000000000
    9.582000          0.0000000000
    9.583000          0.0000000000
    9.584000          0.0000000000
    9.585000          0.0000000000
    9.586000          0.0000000000
    9.587000          0.0000000000
    9.588000          0.0000000000
    9.589000          0.0000000000
    9.590000          0.0000000000
    9.591000          0.0000000000
    9.592000          0.0000000000
    9.593000          0.0000000000
    9.594000          0.0000000000
    9.595000          0.0000000000
    9.596000          0.0000000000
    9.597000          0.0000000000
    9.598000          0.0000000000
    9.599000          0.0000000000
    9.600000          0.0000000000
    9.601000          0.0000000000
    9.602000          0.0000000000
    9.603000          0.0000000000
    9.604000          0.0000000000
    9.605000          0.0000000000
    9.606000          0.0000000000
    9.607000          0.0000000000
    9.608000          0.0000000000
    9.609000          0.0000000000
    9.610000          0.0000000000
    9.611000          0.0000000000
    9.612000          0.0000000000
    9.613000          0.0000000000
    9.614000          0.0000000000
    9.615000          0.0000000000
    9.616000          0.0000000000
    9.617000          0.0000000000
    9.618000          0.0000000000
    9.619000          0.0000000000
    9.620000          0.0000000000
    9.621000          0.0000000000
    9.622000          0.0000000000
    9.623000          0.0000000000
    9.624000          0.0000000000
    9.625000          0.0000000000
    9.626000          0.0000000000
    9.627000          0.0000000000
    9.628000          0.0000000000
    9.629000          0.0000000000
    9.630000          0.0000000000
    9.631000          0.0000000000
    9.632000          0.0000000000
    9.633000          0.0000000000
    9.634000          0.0000000000
    9.635000          0.0000000000
    9.636000          0.0000000000
    9.637000          0.0000000000
    9.638000          0.0000000000
    9.639000          0.0000000000
    9.640000          0.0000000000
    9.641000          0.0000000000
    9.642000          0.0000000000
    9.643000          0.0000000000
    9.644000          0.0000000000
    9.645000          0.0000000000
    9.646000          0.0000000000
    9.647000          0.0000000000
    9.648000          0.0000000000
    9.649000          0.0000000000
    9.650000          0.0000000000
    9.651000          0.0000000000
    9.652000          0.0000000000
    9.653000          0.0000000000
    9.654000          0.0000000000
    9.655000          0.0000000000
    9.656000          0.0000000000
    9.657000          0.0000000000
    9.658000          0.0000000000
    9.659000          0.0000000000
    9.660000          0.0000000000
    9.661000          0.0000000000
    9.662000          0.0000000000
    9.663000          0.0000000000
    9.664000          0.0000000000
    9.665000          0.0000000000
    9.666000          0.0000000000
    9.667000          0.0000000000
    9.668000          0.0000000000
    9.669000          0.0000000000
    9.670000          0.0000000000
    9.671000          0.0000000000
    9.672000          0.0000000000
    9.673000          0.0000000000
    9.674000          0.0000000000
    9.675000          0.0000000000
    9.676000          0.0000000000
    9.677000          0.0000000000
    9.678000          0.0000000000
    9.679000          0.0000000000
    9.680000          0.0000000000
    9.681000          0.0000000000
    9.682000          0.0000000000
    9.683000          0.0000000000
    9.684000          0.0000000000
    9.685000          0.0000000000
    9.686000          0.0000000000
    9.687000          0.0000000000
    9.688000          0.0000000000
    9.689000          0.0000000000
    9.690000          0.0000000000
    9.691000          0.0000000000
    9.692000          0.0000000000
    9.693000          0.0000000000
    9.694000          0.0000000000
    9.695000          0.0000000000
    9.696000          0.0000000000
    9.697000          0.0000000000
    9.698000          0.0000000000
    9.699000          0.0000000000
    9.700000          0.0000000000
    9.701000          0.0000000000
    9.702000          0.0000000000
    9.703000          0.0000000000
    9.704000          0.0000000000
    9.705000          0.0000000000
    9.706000          0.0000000000
    9.707000          0.0000000000
    9.708000          0.0000000000
    9.709000          0.0000000000
    9.710000          0.0000000000
    9.711000          0.0000000000
    9.712000          0.0000000000
    9.713000          0.0000000000
    9.714000          0.0000000000
    9.715000          0.0000000000
    9.716000          0.0000000000
    9.717000          0.0000000000
    9.718000          0.0000000000
    9.719000          0.0000000000
    9.720000          0.0000000000
    9.721000          0.0000000000
    9.722000          0.0000000000
    9.723000          0.0000000000
    9.724000          0.0000000000
    9.725000          0.0000000000
    9.726000          0.0000000000
    9.727000          0.0000000000
    9.728000          0.0000000000
    9.729000          0.0000000000
    9.730000          0.0000000000
    9.731000          0.0000000000
    9.732000          0.0000000000
    9.733000          0.0000000000
    9.734000          0.0000000000
    9.735000          0.0000000000
    9.736000          0.0000000000
    9.737000          0.0000000000
    9.738000          0.0000000000
    9.739000          0.0000000000
    9.740000          0.0000000000
    9.741000          0.0000000000
    9.742000          0.0000000000
    9.743000          0.0000000000
    9.744000          0.0000000000
    9.745000          0.0000000000
    9.746000          0.0000000000
    9.747000          0.0000000000
    9.748000          0.0000000000
    9.749000          0.0000000000
    9.750000          0.0000000000
    9.751000          0.0000000000
    9.752000          0.0000000000
    9.753000          0.0000000000
    9.754000          0.0000000000
    9.755000          0.0000000000
    9.756000          0.0000000000
    9.757000          0.0000000000
    9.758000          0.0000000000
    9.759000          0.0000000000
    9.760000          0.0000000000
    9.761000          0.0000000000
    9.762000          0.0000000000
    9.763000          0.0000000000
    9.764000          0.0000000000
    9.765000          0.0000000000
    9.766000          0.0000000000
    9.767000          0.0000000000
    9.768000          0.0000000000
    9.769000          0.0000000000
    9.770000          0.0000000000
    9.771000          0.0000000000
    9.772000          0.0000000000
    9.773000          0.0000000000
    9.774000          0.0000000000
    9.775000          0.0000000000
    9.776000          0.0000000000
    9.777000          0.0000000000
    9.778000          0.0000000000
    9.779000          0.0000000000
    9.780000          0.0000000000
    9.781000          0.0000000000
    9.782000          0.0000000000
    9.783000          0.0000000000
    9.784000          0.0000000000
    9.785000          0.0000000000
    9.786000          0.0000000000
    9.787000          0.0000000000
    9.788000          0.0000000000
    9.789000          0.0000000000
    9.790000          0.0000000000
    9.791000          0.0000000000
    9.792000          0.0000000000
    9.793000          0.0000000000
    9.794000          0.0000000000
    9.795000          0.0000000000
    9.796000          0.0000000000
    9.797000          0.0000000000
    9.798000          0.0000000000
    9.799000          0.0000000000
    9.800000          0.0000000000
    9.801000          0.0000000000
    9.802000          0.0000000000
    9.803000          0.0000000000
    9.804000          0.0000000000
    9.805000          0.0000000000
    9.806000          0.0000000000
    9.807000          0.0000000000
    9.808000          0.0000000000
    9.809000          0.0000000000
    9.810000          0.0000000000
    9.811000          0.0000000000
    9.812000          0.0000000000
    9.813000          0.0000000000
    9.814000          0.0000000000
    9.815000          0.0000000000
    9.816000          0.0000000000
    9.817000          0.0000000000
    9.818000          0.0000000000
    9.819000          0.0000000000
    9.820000          0.0000000000
    9.821000          0.0000000000
    9.822000          0.0000000000
    9.823000          0.0000000000
    9.824000          0.0000000000
    9.825000          0.0000000000
    9.826000          0.0000000000
    9.827000          0.0000000000
    9.828000          0.0000000000
    9.829000          0.0000000000
    9.830000          0.0000000000
    9.831000          0.0000000000
    9.832000          0.0000000000
    9.833000          0.0000000000
    9.834000          0.0000000000
    9.835000          0.0000000000
    9.836000          0.0000000000
    9.837000          0.0000000000
    9.838000          0.0000000000
    9.839000          0.0000000000
    9.840000          0.0000000000
    9.841000          0.0000000000
    9.842000          0.0000000000
    9.843000          0.0000000000
    9.844000          0.0000000000
    9.845000          0.0000000000
    9.846000          0.0000000000
    9.847000          0.0000000000
    9.848000          0.0000000000
    9.849000          0.0000000000
    9.850000          0.0000000000
    9.851000          0.0000000000
    9.852000          0.0000000000
    9.853000          0.0000000000
    9.854000          0.0000000000
    9.855000          0.0000000000
    9.856000          0.0000000000
    9.857000          0.0000000000
    9.858000          0.0000000000
    9.859000          0.0000000000
    9.860000          0.0000000000
    9.861000          0.0000000000
    9.862000          0.0000000000
    9.863000          0.0000000000
    9.864000          0.0000000000
    9.865000          0.0000000000
    9.866000          0.0000000000
    9.867000          0.0000000000
    9.868000          0.0000000000
    9.869000          0.0000000000
    9.870000          0.0000000000
    9.871000          0.0000000000
    9.872000          0.0000000000
    9.873000          0.0000000000
    9.874000          0.0000000000
    9.875000          0.0000000000
    9.876000          0.0000000000
    9.877000          0.0000000000
    9.878000          0.0000000000
    9.879000          0.0000000000
    9.880000          0.0000000000
    9.881000          0.0000000000
    9.882000          0.0000000000
    9.883000          0.0000000000
    9.884000          0.0000000000
    9.885000          0.0000000000
    9.886000          0.0000000000
    9.887000          0.0000000000
    9.888000          0.0000000000
    9.889000          0.0000000000
    9.890000          0.0000000000
    9.891000          0.0000000000
    9.892000          0.0000000000
    9.893000          0.0000000000
    9.894000          0.0000000000
    9.895000          0.0000000000
    9.896000          0.0000000000
    9.897000          0.0000000000
    9.898000          0.0000000000
    9.899000          0.0000000000
    9.900000          0.0000000000
    9.901000          0.0000000000
    9.902000          0.0000000000
    9.903000          0.0000000000
    9.904000          0.0000000000
    9.905000          0.0000000000
    9.906000          0.0000000000
    9.907000          0.0000000000
    9.908000          0.0000000000
    9.909000          0.0000000000
    9.910000          0.0000000000
    9.911000          0.0000000000
    9.912000          0.0000000000
    9.913000          0.0000000000
    9.914000          0.0000000000
    9.915000          0.0000000000
    9.916000          0.0000000000
    9.917000          0.0000000000
    9.918000          0.0000000000
    9.919000          0.0000000000
    9.920000          0.0000000000
    9.921000          0.0000000000
    9.922000          0.0000000000
    9.923000          0.0000000000
    9.924000          0.0000000000
    9.925000          0.0000000000
    9.926000          0.0000000000
    9.927000          0.0000000000
    9.928000          0.0000000000
    9.929000          0.0000000000
    9.930000          0.0000000000
    9.931000          0.0000000000
    9.932000          0.0000000000
    9.933000          0.0000000000
    9.934000          0.0000000000
    9.935000          0.0000000000
    9.936000          0.0000000000
    9.937000          0.0000000000
    9.938000          0.0000000000
    9.939000          0.0000000000
    9.940000          0.0000000000
    9.941000          0.0000000000
    9.942000          0.0000000000
    9.943000          0.0000000000
    9.944000          0.0000000000
    9.945000          0.0000000000
    9.946000          0.0000000000
    9.947000          0.0000000000
    9.948000          0.0000000000
    9.949000          0.0000000000
    9.950000          0.0000000000
    9.951000          0.0000000000
    9.952000          0.0000000000
    9.953000          0.0000000000
    9.954000          0.0000000000
    9.955000          0.0000000000
    9.956000          0.0000000000
    9.957000          0.0000000000
    9.958000          0.0000000000
    9.959000          0.0000000000
    9.960000          0.0000000000
    9.961000          0.0000000000
    9.962000          0.0000000000
    9.963000          0.0000000000
    9.964000          0.0000000000
    9.965000          0.0000000000
    9.966000          0.0000000000
    9.967000          0.0000000000
    9.968000          0.0000000000
    9.969000          0.0000000000
    9.970000          0.0000000000
    9.971000          0.0000000000
    9.972000          0.0000000000
    9.973000          0.0000000000
    9.974000          0.0000000000
    9.975000          0.0000000000
    9.976000          0.0000000000
    9.977000          0.0000000000
    9.978000          0.0000000000
    9.979000          0.0000000000
    9.980000          0.0000000000
    9.981000          0.0000000000
    9.982000          0.0000000000
    9.983000          0.0000000000
    9.984000          0.0000000000
    9.985000          0.0000000000
    9.986000          0.0000000000
    9.987000          0.0000000000
    9.988000          0.0000000000
    9.989000          0.0000000000
    9.990000          0.0000000000
    9.991000          0.0000000000
    9.992000          0.0000000000
    9.993000          0.0000000000
    9.994000          0.0000000000
    9.995000          0.0000000000
    9.996000          0.0000000000
    9.997000          0.0000000000
    9.998000          0.0000000000
    9.999000          0.0000000000
   10.000000          0.0000000000
   10.001000          0.0000000000
   10.002000          0.0000000000
   10.003000          0.0000000000
   10.004000          0.0000000000
   10.005000          0.0000000000
   10.006000          0.0000000000
   10.007000          0.0000000000
   10.008000          0.0000000000
   10.009000          0.0000000000
   10.010000          0.0000000000
   10.011000          0.0000000000
   10.012000          0.0000000000
   10.013000          0.0000000000
   10.014000          0.0000000000
   10.015000          0.0000000000
   10.016000          0.0000000000
   10.017000          0.0000000000
   10.018000          0.0000000000
   10.019000          0.0000000000
   10.020000          0.0000000000
   10.021000          0.0000000000
   10.022000          0.0000000000
   10.023000          0.0000000000
   10.024000          0.0000000000
   10.025000          0.0000000000
   10.026000          0.0000000000
   10.027000          0.0000000000
   10.028000          0.0000000000
   10.029000          0.0000000000
   10.030000          0.0000000000
   10.031000          0.0000000000
   10.032000          0.0000000000
   10.033000          0.0000000000
   10.034000          0.0000000000
   10.035000          0.0000000000
   10.036000          0.0000000000
   10.037000          0.0000000000
   10.038000          0.0000000000
   10.039000          0.0000000000
   10.040000          0.0000000000
   10.041000          0.0000000000
   10.042000          0.0000000000
   10.043000          0.0000000000
   10.044000          0.0000000000
   10.045000          0.0000000000
   10.046000          0.0000000000
   10.047000          0.0000000000
   10.048000          0.0000000000
   10.049000          0.0000000000
   10.050000          0.0000000000
   10.051000          0.0000000000
   10.052000          0.0000000000
   10.053000          0.0000000000
   10.054000          0.0000000000
   10.055000          0.0000000000
   10.056000          0.0000000000
   10.057000          0.0000000000
   10.058000          0.0000000000
   10.059000          0.0000000000
   10.060000          0.0000000000
   10.061000          0.0000000000
   10.062000          0.0000000000
   10.063000          0.0000000000
   10.064000          0.0000000000
   10.065000          0.0000000000
   10.066000          0.0000000000
   10.067000          0.0000000000
   10.068000          0.0000000000
   10.069000          0.0000000000
   10.070000          0.0000000000
   10.071000          0.0000000000
   10.072000          0.0000000000
   10.073000          0.0000000000
   10.074000          0.0000000000
   10.075000          0.0000000000
   10.076000          0.0000000000
   10.077000          0.0000000000
   10.078000          0.0000000000
   10.079000          0.0000000000
   10.080000          0.0000000000
   10.081000          0.0000000000
   10.082000          0.0000000000
   10.083000          0.0000000000
   10.084000          0.0000000000
   10.085000          0.0000000000
   10.086000          0.0000000000
   10.087000          0.0000000000
   10.088000          0.0000000000
   10.089000          0.0000000000
   10.090000          0.0000000000
   10.091000          0.0000000000
   10.092000          0.0000000000
   10.093000          0.0000000000
   10.094000          0.0000000000
   10.095000          0.0000000000
   10.096000          0.0000000000
   10.097000          0.0000000000
   10.098000          0.0000000000
   10.099000          0.0000000000
   10.100000          0.0000000000
   10.101000          0.0000000000
   10.102000          0.0000000000
   10.103000          0.0000000000
   10.104000          0.0000000000
   10.105000          0.0000000000
   10.106000          0.0000000000
   10.107000          0.0000000000
   10.108000          0.0000000000
   10.109000          0.0000000000
   10.110000          0.0000000000
   10.111000          0.0000000000
   10.112000          0.0000000000
   10.113000          0.0000000000
   10.114000          0.0000000000
   10.115000          0.0000000000
   10.116000          0.0000000000
   10.117000          0.0000000000
   10.118000          0.0000000000
   10.119000          0.0000000000
   10.120000          0.0000000000
   10.121000          0.0000000000
   10.122000          0.0000000000
   10.123000          0.0000000000
   10.124000          0.0000000000
   10.125000          0.0000000000
   10.126000          0.0000000000
   10.127000          0.0000000000
   10.128000          0.0000000000
   10.129000          0.0000000000
   10.130000          0.0000000000
   10.131000          0.0000000000
   10.132000          0.0000000000
   10.133000          0.0000000000
   10.134000          0.0000000000
   10.135000          0.0000000000
   10.136000          0.0000000000
   10.137000          0.0000000000
   10.138000          0.0000000000
   10.139000          0.0000000000
   10.140000          0.0000000000
   10.141000          0.0000000000
   10.142000          0.0000000000
   10.143000          0.0000000000
   10.144000          0.0000000000
   10.145000          0.0000000000
   10.146000          0.0000000000
   10.147000          0.0000000000
   10.148000          0.0000000000
   10.149000          0.0000000000
   10.150000          0.0000000000
   10.151000          0.0000000000
   10.152000          0.0000000000
   10.153000          0.0000000000
   10.154000          0.0000000000
   10.155000          0.0000000000
   10.156000          0.0000000000
   10.157000          0.0000000000
   10.158000          0.0000000000
   10.159000          0.0000000000
   10.160000          0.0000000000
   10.161000          0.0000000000
   10.162000          0.0000000000
   10.163000          0.0000000000
   10.164000          0.0000000000
   10.165000          0.0000000000
   10.166000          0.0000000000
   10.167000          0.0000000000
   10.168000          0.0000000000
   10.169000          0.0000000000
   10.170000          0.0000000000
   10.171000          0.0000000000
   10.172000          0.0000000000
   10.173000          0.0000000000
   10.174000          0.0000000000
   10.175000          0.0000000000
   10.176000          0.0000000000
   10.177000          0.0000000000
   10.178000          0.0000000000
   10.179000          0.0000000000
   10.180000          0.0000000000
   10.181000          0.0000000000
   10.182000          0.0000000000
   10.183000          0.0000000000
   10.184000          0.0000000000
   10.185000          0.0000000000
   10.186000          0.0000000000
   10.187000          0.0000000000
   10.188000          0.0000000000
   10.189000          0.0000000000
   10.190000          0.0000000000
   10.191000          0.0000000000
   10.192000          0.0000000000
   10.193000          0.0000000000
   10.194000          0.0000000000
   10.195000          0.0000000000
   10.196000          0.0000000000
   10.197000          0.0000000000
   10.198000          0.0000000000
   10.199000          0.0000000000
   10.200000          0.0000000000
   10.201000          0.0000000000
   10.202000          0.0000000000
   10.203000          0.0000000000
   10.204000          0.0000000000
   10.205000          0.0000000000
   10.206000          0.0000000000
   10.207000          0.0000000000
   10.208000          0.0000000000
   10.209000          0.0000000000
   10.210000          0.0000000000
   10.211000          0.0000000000
   10.212000          0.0000000000
   10.213000          0.0000000000
   10.214000          0.0000000000
   10.215000          0.0000000000
   10.216000          0.0000000000
   10.217000          0.0000000000
   10.218000          0.0000000000
   10.219000          0.0000000000
   10.220000          0.0000000000
   10.221000          0.0000000000
   10.222000          0.0000000000
   10.223000          0.0000000000
   10.224000          0.0000000000
   10.225000          0.0000000000
   10.226000          0.0000000000
   10.227000          0.0000000000
   10.228000          0.0000000000
   10.229000          0.0000000000
   10.230000          0.0000000000
   10.231000          0.0000000000
   10.232000          0.0000000000
   10.233000          0.0000000000
   10.234000          0.0000000000
   10.235000          0.0000000000
   10.236000          0.0000000000
   10.237000          0.0000000000
   10.238000          0.0000000000
   10.239000          0.0000000000
   10.240000          0.0000000000
   10.241000          0.0000000000
   10.242000          0.0000000000
   10.243000          0.0000000000
   10.244000          0.0000000000
   10.245000          0.0000000000
   10.246000          0.0000000000
   10.247000          0.0000000000
   10.248000          0.0000000000
   10.249000          0.0000000000
   10.250000          0.0000000000
   10.251000          0.0000000000
   10.252000          0.0000000000
   10.253000          0.0000000000
   10.254000          0.0000000000
   10.255000          0.0000000000
   10.256000          0.0000000000
   10.257000          0.0000000000
   10.258000          0.0000000000
   10.259000          0.0000000000
   10.260000          0.0000000000
   10.261000          0.0000000000
   10.262000          0.0000000000
   10.263000          0.0000000000
   10.264000          0.0000000000
   10.265000          0.0000000000
   10.266000          0.0000000000
   10.267000          0.0000000000
   10.268000          0.0000000000
   10.269000          0.0000000000
   10.270000          0.0000000000
   10.271000          0.0000000000
   10.272000          0.0000000000
   10.273000          0.0000000000
   10.274000          0.0000000000
   10.275000          0.0000000000
   10.276000          0.0000000000
   10.277000          0.0000000000
   10.278000          0.0000000000
   10.279000          0.0000000000
   10.280000          0.0000000000
   10.281000          0.0000000000
   10.282000          0.0000000000
   10.283000          0.0000000000
   10.284000          0.0000000000
   10.285000          0.0000000000
   10.286000          0.0000000000
   10.287000          0.0000000000
   10.288000          0.0000000000
   10.289000          0.0000000000
   10.290000          0.0000000000
   10.291000          0.0000000000
   10.292000          0.0000000000
   10.293000          0.0000000000
   10.294000          0.0000000000
   10.295000          0.0000000000
   10.296000          0.0000000000
   10.297000          0.0000000000
   10.298000          0.0000000000
   10.299000          0.0000000000
   10.300000          0.0000000000
   10.301000          0.0000000000
   10.302000          0.0000000000
   10.303000          0.0000000000
   10.304000          0.0000000000
   10.305000          0.0000000000
   10.306000          0.0000000000
   10.307000          0.0000000000
   10.308000          0.0000000000
   10.309000          0.0000000000
   10.310000          0.0000000000
   10.311000          0.0000000000
   10.312000          0.0000000000
   10.313000          0.0000000000
   10.314000          0.0000000000
   10.315000          0.0000000000
   10.316000          0.0000000000
   10.317000          0.0000000000
   10.318000          0.0000000000
   10.319000          0.0000000000
   10.320000          0.0000000000
   10.321000          0.0000000000
   10.322000          0.0000000000
   10.323000          0.0000000000
   10.324000          0.0000000000
   10.325000          0.0000000000
   10.326000          0.0000000000
   10.327000          0.0000000000
   10.328000          0.0000000000
   10.329000          0.0000000000
   10.330000          0.0000000000
   10.331000          0.0000000000
   10.332000          0.0000000000
   10.333000          0.0000000000
   10.334000          0.0000000000
   10.335000          0.0000000000
   10.336000          0.0000000000
   10.337000          0.0000000000
   10.338000          0.0000000000
   10.339000          0.0000000000
   10.340000          0.0000000000
   10.341000          0.0000000000
   10.342000          0.0000000000
   10.343000          0.0000000000
   10.344000          0.0000000000
   10.345000          0.0000000000
   10.346000          0.0000000000
   10.347000          0.0000000000
   10.348000          0.0000000000
   10.349000          0.0000000000
   10.350000          0.0000000000
   10.351000          0.0000000000
   10.352000          0.0000000000
   10.353000          0.0000000000
   10.354000          0.0000000000
   10.355000          0.0000000000
   10.356000          0.0000000000
   10.357000          0.0000000000
   10.358000          0.0000000000
   10.359000          0.0000000000
   10.360000          0.0000000000
   10.361000          0.0000000000
   10.362000          0.0000000000
   10.363000          0.0000000000
   10.364000          0.0000000000
   10.365000          0.0000000000
   10.366000          0.0000000000
   10.367000          0.0000000000
   10.368000          0.0000000000
   10.369000          0.0000000000
   10.370000          0.0000000000
   10.371000          0.0000000000
   10.372000          0.0000000000
   10.373000          0.0000000000
   10.374000          0.0000000000
   10.375000          0.0000000000
   10.376000          0.0000000000
   10.377000          0.0000000000
   10.378000          0.0000000000
   10.379000          0.0000000000
   10.380000          0.0000000000
   10.381000          0.0000000000
   10.382000          0.0000000000
   10.383000          0.0000000000
   10.384000          0.0000000000
   10.385000          0.0000000000
   10.386000          0.0000000000
   10.387000          0.0000000000
   10.388000          0.0000000000
   10.389000          0.0000000000
   10.390000          0.0000000000
   10.391000          0.0000000000
   10.392000          0.0000000000
   10.393000          0.0000000000
   10.394000          0.0000000000
   10.395000          0.0000000000
   10.396000          0.0000000000
   10.397000          0.0000000000
   10.398000          0.0000000000
   10.399000          0.0000000000
   10.400000          0.0000000000
   10.401000          0.0000000000
   10.402000          0.0000000000
   10.403000          0.0000000000
   10.404000          0.0000000000
   10.405000          0.0000000000
   10.406000          0.0000000000
   10.407000          0.0000000000
   10.408000          0.0000000000
   10.409000          0.0000000000
   10.410000          0.0000000000
   10.411000          0.0000000000
   10.412000          0.0000000000
   10.413000          0.0000000000
   10.414000          0.0000000000
   10.415000          0.0000000000
   10.416000          0.0000000000
   10.417000          0.0000000000
   10.418000          0.0000000000
   10.419000          0.0000000000
   10.420000          0.0000000000
   10.421000          0.0000000000
   10.422000          0.0000000000
   10.423000          0.0000000000
   10.424000          0.0000000000
   10.425000          0.0000000000
   10.426000          0.0000000000
   10.427000          0.0000000000
   10.428000          0.0000000000
   10.429000          0.0000000000
   10.430000          0.0000000000
   10.431000          0.0000000000
   10.432000          0.0000000000
   10.433000          0.0000000000
   10.434000          0.0000000000
   10.435000          0.0000000000
   10.436000          0.0000000000
   10.437000          0.0000000000
   10.438000          0.0000000000
   10.439000          0.0000000000
   10.440000          0.0000000000
   10.441000          0.0000000000
   10.442000          0.0000000000
   10.443000          0.0000000000
   10.444000          0.0000000000
   10.445000          0.0000000000
   10.446000          0.0000000000
   10.447000          0.0000000000
   10.448000          0.0000000000
   10.449000          0.0000000000
   10.450000          0.0000000000
   10.451000          0.0000000000
   10.452000          0.0000000000
   10.453000          0.0000000000
   10.454000          0.0000000000
   10.455000          0.0000000000
   10.456000          0.0000000000
   10.457000          0.0000000000
   10.458000          0.0000000000
   10.459000          0.0000000000
   10.460000          0.0000000000
   10.461000          0.0000000000
   10.462000          0.0000000000
   10.463000          0.0000000000
   10.464000          0.0000000000
   10.465000          0.0000000000
   10.466000          0.0000000000
   10.467000          0.0000000000
   10.468000          0.0000000000
   10.469000          0.0000000000
   10.470000          0.0000000000
   10.471000          0.0000000000
   10.472000          0.0000000000
   10.473000          0.0000000000
   10.474000          0.0000000000
   10.475000          0.0000000000
   10.476000          0.0000000000
   10.477000          0.0000000000
   10.478000          0.0000000000
   10.479000          0.0000000000
   10.480000          0.0000000000
   10.481000          0.0000000000
   10.482000          0.0000000000
   10.483000          0.0000000000
   10.484000          0.0000000000
   10.485000          0.0000000000
   10.486000          0.0000000000
   10.487000          0.0000000000
   10.488000          0.0000000000
   10.489000          0.0000000000
   10.490000          0.0000000000
   10.491000          0.0000000000
   10.492000          0.0000000000
   10.493000          0.0000000000
   10.494000          0.0000000000
   10.495000          0.0000000000
   10.496000          0.0000000000
   10.497000          0.0000000000
   10.498000          0.0000000000
   10.499000          0.0000000000
   10.500000          0.0000000000
   10.501000          0.0000000000
   10.502000          0.0000000000
   10.503000          0.0000000000
   10.504000          0.0000000000
   10.505000          0.0000000000
   10.506000          0.0000000000
   10.507000          0.0000000000
   10.508000          0.0000000000
   10.509000          0.0000000000
   10.510000          0.0000000000
   10.511000          0.0000000000
   10.512000          0.0000000000
   10.513000          0.0000000000
   10.514000          0.0000000000
   10.515000          0.0000000000
   10.516000          0.0000000000
   10.517000          0.0000000000
   10.518000          0.0000000000
   10.519000          0.0000000000
   10.520000          0.0000000000
   10.521000          0.0000000000
   10.522000          0.0000000000
   10.523000          0.0000000000
   10.524000          0.0000000000
   10.525000          0.0000000000
   10.526000          0.0000000000
   10.527000          0.0000000000
   10.528000          0.0000000000
   10.529000          0.0000000000
   10.530000          0.0000000000
   10.531000          0.0000000000
   10.532000          0.0000000000
   10.533000          0.0000000000
   10.534000          0.0000000000
   10.535000          0.0000000000
   10.536000          0.0000000000
   10.537000          0.0000000000
   10.538000          0.0000000000
   10.539000          0.0000000000
   10.540000          0.0000000000
   10.541000          0.0000000000
   10.542000          0.0000000000
   10.543000          0.0000000000
   10.544000          0.0000000000
   10.545000          0.0000000000
   10.546000          0.0000000000
   10.547000          0.0000000000
   10.548000          0.0000000000
   10.549000          0.0000000000
   10.550000          0.0000000000
   10.551000          0.0000000000
   10.552000          0.0000000000
   10.553000          0.0000000000
   10.554000          0.0000000000
   10.555000          0.0000000000
   10.556000          0.0000000000
   10.557000          0.0000000000
   10.558000          0.0000000000
   10.559000          0.0000000000
   10.560000          0.0000000000
   10.561000          0.0000000000
   10.562000          0.0000000000
   10.563000          0.0000000000
   10.564000          0.0000000000
   10.565000          0.0000000000
   10.566000          0.0000000000
   10.567000          0.0000000000
   10.568000          0.0000000000
   10.569000          0.0000000000
   10.570000          0.0000000000
   10.571000          0.0000000000
   10.572000          0.0000000000
   10.573000          0.0000000000
   10.574000          0.0000000000
   10.575000          0.0000000000
   10.576000          0.0000000000
   10.577000          0.0000000000
   10.578000          0.0000000000
   10.579000          0.0000000000
   10.580000          0.0000000000
   10.581000          0.0000000000
   10.582000          0.0000000000
   10.583000          0.0000000000
   10.584000          0.0000000000
   10.585000          0.0000000000
   10.586000          0.0000000000
   10.587000          0.0000000000
   10.588000          0.0000000000
   10.589000          0.0000000000
   10.590000          0.0000000000
   10.591000          0.0000000000
   10.592000          0.0000000000
   10.593000          0.0000000000
   10.594000          0.0000000000
   10.595000          0.0000000000
   10.596000          0.0000000000
   10.597000          0.0000000000
   10.598000          0.0000000000
   10.599000          0.0000000000
   10.600000          0.0000000000
   10.601000          0.0000000000
   10.602000          0.0000000000
   10.603000          0.0000000000
   10.604000          0.0000000000
   10.605000          0.0000000000
   10.606000          0.0000000000
   10.607000          0.0000000000
   10.608000          0.0000000000
   10.609000          0.0000000000
   10.610000          0.0000000000
   10.611000          0.0000000000
   10.612000          0.0000000000
   10.613000          0.0000000000
   10.614000          0.0000000000
   10.615000          0.0000000000
   10.616000          0.0000000000
   10.617000          0.0000000000
   10.618000          0.0000000000
   10.619000          0.0000000000
   10.620000          0.0000000000
   10.621000          0.0000000000
   10.622000          0.0000000000
   10.623000          0.0000000000
   10.624000          0.0000000000
   10.625000          0.0000000000
   10.626000          0.0000000000
   10.627000          0.0000000000
   10.628000          0.0000000000
   10.629000          0.0000000000
   10.630000          0.0000000000
   10.631000          0.0000000000
   10.632000          0.0000000000
   10.633000          0.0000000000
   10.634000          0.0000000000
   10.635000          0.0000000000
   10.636000          0.0000000000
   10.637000          0.0000000000
   10.638000          0.0000000000
   10.639000          0.0000000000
   10.640000          0.0000000000
   10.641000          0.0000000000
   10.642000          0.0000000000
   10.643000          0.0000000000
   10.644000          0.0000000000
   10.645000          0.0000000000
   10.646000          0.0000000000
   10.647000          0.0000000000
   10.648000          0.0000000000
   10.649000          0.0000000000
   10.650000          0.0000000000
   10.651000          0.0000000000
   10.652000          0.0000000000
   10.653000          0.0000000000
   10.654000          0.0000000000
   10.655000          0.0000000000
   10.656000          0.0000000000
   10.657000          0.0000000000
   10.658000          0.0000000000
   10.659000          0.0000000000
   10.660000          0.0000000000
   10.661000          0.0000000000
   10.662000          0.0000000000
   10.663000          0.0000000000
   10.664000          0.0000000000
   10.665000          0.0000000000
   10.666000          0.0000000000
   10.667000          0.0000000000
   10.668000          0.0000000000
   10.669000          0.0000000000
   10.670000          0.0000000000
   10.671000          0.0000000000
   10.672000          0.0000000000
   10.673000          0.0000000000
   10.674000          0.0000000000
   10.675000          0.0000000000
   10.676000          0.0000000000
   10.677000          0.0000000000
   10.678000          0.0000000000
   10.679000          0.0000000000
   10.680000          0.0000000000
   10.681000          0.0000000000
   10.682000          0.0000000000
   10.683000          0.0000000000
   10.684000          0.0000000000
   10.685000          0.0000000000
   10.686000          0.0000000000
   10.687000          0.0000000000
   10.688000          0.0000000000
   10.689000          0.0000000000
   10.690000          0.0000000000
   10.691000          0.0000000000
   10.692000          0.0000000000
   10.693000          0.0000000000
   10.694000          0.0000000000
   10.695000          0.0000000000
   10.696000          0.0000000000
   10.697000          0.0000000000
   10.698000          0.0000000000
   10.699000          0.0000000000
   10.700000          0.0000000000
   10.701000          0.0000000000
   10.702000          0.0000000000
   10.703000          0.0000000000
   10.704000          0.0000000000
   10.705000          0.0000000000
   10.706000          0.0000000000
   10.707000          0.0000000000
   10.708000          0.0000000000
   10.709000          0.0000000000
   10.710000          0.0000000000
   10.711000          0.0000000000
   10.712000          0.0000000000
   10.713000          0.0000000000
   10.714000          0.0000000000
   10.715000          0.0000000000
   10.716000          0.0000000000
   10.717000          0.0000000000
   10.718000          0.0000000000
   10.719000          0.0000000000
   10.720000          0.0000000000
   10.721000          0.0000000000
   10.722000          0.0000000000
   10.723000          0.0000000000
   10.724000          0.0000000000
   10.725000          0.0000000000
   10.726000          0.0000000000
   10.727000          0.0000000000
   10.728000          0.0000000000
   10.729000          0.0000000000
   10.730000          0.0000000000
   10.731000          0.0000000000
   10.732000          0.0000000000
   10.733000          0.0000000000
   10.734000          0.0000000000
   10.735000          0.0000000000
   10.736000          0.0000000000
   10.737000          0.0000000000
   10.738000          0.0000000000
   10.739000          0.0000000000
   10.740000          0.0000000000
   10.741000          0.0000000000
   10.742000          0.0000000000
   10.743000          0.0000000000
   10.744000          0.0000000000
   10.745000          0.0000000000
   10.746000          0.0000000000
   10.747000          0.0000000000
   10.748000          0.0000000000
   10.749000          0.0000000000
   10.750000          0.0000000000
   10.751000          0.0000000000
   10.752000          0.0000000000
   10.753000          0.0000000000
   10.754000          0.0000000000
   10.755000          0.0000000000
   10.756000          0.0000000000
   10.757000          0.0000000000
   10.758000          0.0000000000
   10.759000          0.0000000000
   10.760000          0.0000000000
   10.761000          0.0000000000
   10.762000          0.0000000000
   10.763000          0.0000000000
   10.764000          0.0000000000
   10.765000          0.0000000000
   10.766000          0.0000000000
   10.767000          0.0000000000
   10.768000          0.0000000000
   10.769000          0.0000000000
   10.770000          0.0000000000
   10.771000          0.0000000000
   10.772000          0.0000000000
   10.773000          0.0000000000
   10.774000          0.0000000000
   10.775000          0.0000000000
   10.776000          0.0000000000
   10.777000          0.0000000000
   10.778000          0.0000000000
   10.779000          0.0000000000
   10.780000          0.0000000000
   10.781000          0.0000000000
   10.782000          0.0000000000
   10.783000          0.0000000000
   10.784000          0.0000000000
   10.785000          0.0000000000
   10.786000          0.0000000000
   10.787000          0.0000000000
   10.788000          0.0000000000
   10.789000          0.0000000000
   10.790000          0.0000000000
   10.791000          0.0000000000
   10.792000          0.0000000000
   10.793000          0.0000000000
   10.794000          0.0000000000
   10.795000          0.0000000000
   10.796000          0.0000000000
   10.797000          0.0000000000
   10.798000          0.0000000000
   10.799000          0.0000000000
   10.800000          0.0000000000
   10.801000          0.0000000000
   10.802000          0.0000000000
   10.803000          0.0000000000
   10.804000          0.0000000000
   10.805000          0.0000000000
   10.806000          0.0000000000
   10.807000          0.0000000000
   10.808000          0.0000000000
   10.809000          0.0000000000
   10.810000          0.0000000000
   10.811000          0.0000000000
   10.812000          0.0000000000
   10.813000          0.0000000000
   10.814000          0.0000000000
   10.815000          0.0000000000
   10.816000          0.0000000000
   10.817000          0.0000000000
   10.818000          0.0000000000
   10.819000          0.0000000000
   10.820000          0.0000000000
   10.821000          0.0000000000
   10.822000          0.0000000000
   10.823000          0.0000000000
   10.824000          0.0000000000
   10.825000          0.0000000000
   10.826000          0.0000000000
   10.827000          0.0000000000
   10.828000          0.0000000000
   10.829000          0.0000000000
   10.830000          0.0000000000
   10.831000          0.0000000000
   10.832000          0.0000000000
   10.833000          0.0000000000
   10.834000          0.0000000000
   10.835000          0.0000000000
   10.836000          0.0000000000
   10.837000          0.0000000000
   10.838000          0.0000000000
   10.839000          0.0000000000
   10.840000          0.0000000000
   10.841000          0.0000000000
   10.842000          0.0000000000
   10.843000          0.0000000000
   10.844000          0.0000000000
   10.845000          0.0000000000
   10.846000          0.0000000000
   10.847000          0.0000000000
   10.848000          0.0000000000
   10.849000          0.0000000000
   10.850000          0.0000000000
   10.851000          0.0000000000
   10.852000          0.0000000000
   10.853000          0.0000000000
   10.854000          0.0000000000
   10.855000          0.0000000000
   10.856000          0.0000000000
   10.857000          0.0000000000
   10.858000          0.0000000000
   10.859000          0.0000000000
   10.860000          0.0000000000
   10.861000          0.0000000000
   10.862000          0.0000000000
   10.863000          0.0000000000
   10.864000          0.0000000000
   10.865000          0.0000000000
   10.866000          0.0000000000
   10.867000          0.0000000000
   10.868000          0.0000000000
   10.869000          0.0000000000
   10.870000          0.0000000000
   10.871000          0.0000000000
   10.872000          0.0000000000
   10.873000          0.0000000000
   10.874000          0.0000000000
   10.875000          0.0000000000
   10.876000          0.0000000000
   10.877000          0.0000000000
   10.878000          0.0000000000
   10.879000          0.0000000000
   10.880000          0.0000000000
   10.881000          0.0000000000
   10.882000          0.0000000000
   10.883000          0.0000000000
   10.884000          0.0000000000
   10.885000          0.0000000000
   10.886000          0.0000000000
   10.887000          0.0000000000
   10.888000          0.0000000000
   10.889000          0.0000000000
   10.890000          0.0000000000
   10.891000          0.0000000000
   10.892000          0.0000000000
   10.893000          0.0000000000
   10.894000          0.0000000000
   10.895000          0.0000000000
   10.896000          0.0000000000
   10.897000          0.0000000000
   10.898000          0.0000000000
   10.899000          0.0000000000
   10.900000          0.0000000000
   10.901000          0.0000000000
   10.902000          0.0000000000
   10.903000          0.0000000000
   10.904000          0.0000000000
   10.905000          0.0000000000
   10.906000          0.0000000000
   10.907000          0.0000000000
   10.908000          0.0000000000
   10.909000          0.0000000000
   10.910000          0.0000000000
   10.911000          0.0000000000
   10.912000          0.0000000000
   10.913000          0.0000000000
   10.914000          0.0000000000
   10.915000          0.0000000000
   10.916000          0.0000000000
   10.917000          0.0000000000
   10.918000          0.0000000000
   10.919000          0.0000000000
   10.920000          0.0000000000
   10.921000          0.0000000000
   10.922000          0.0000000000
   10.923000          0.0000000000
   10.924000          0.0000000000
   10.925000          0.0000000000
   10.926000          0.0000000000
   10.927000          0.0000000000
   10.928000          0.0000000000
   10.929000          0.0000000000
   10.930000          0.0000000000
   10.931000          0.0000000000
   10.932000          0.0000000000
   10.933000          0.0000000000
   10.934000          0.0000000000
   10.935000          0.0000000000
   10.936000          0.0000000000
   10.937000          0.0000000000
   10.938000          0.0000000000
   10.939000          0.0000000000
   10.940000          0.0000000000
   10.941000          0.0000000000
   10.942000          0.0000000000
   10.943000          0.0000000000
   10.944000          0.0000000000
   10.945000          0.0000000000
   10.946000          0.0000000000
   10.947000          0.0000000000
   10.948000          0.0000000000
   10.949000          0.0000000000
   10.950000          0.0000000000
   10.951000          0.0000000000
   10.952000          0.0000000000
   10.953000          0.0000000000
   10.954000          0.0000000000
   10.955000          0.0000000000
   10.956000          0.0000000000
   10.957000          0.0000000000
   10.958000          0.0000000000
   10.959000          0.0000000000
   10.960000          0.0000000000
   10.961000          0.0000000000
   10.962000          0.0000000000
   10.963000          0.0000000000
   10.964000          0.0000000000
   10.965000          0.0000000000
   10.966000          0.0000000000
   10.967000          0.0000000000
   10.968000          0.0000000000
   10.969000          0.0000000000
   10.970000          0.0000000000
   10.971000          0.0000000000
   10.972000          0.0000000000
   10.973000          0.0000000000
   10.974000          0.0000000000
   10.975000          0.0000000000
   10.976000          0.0000000000
   10.977000          0.0000000000
   10.978000          0.0000000000
   10.979000          0.0000000000
   10.980000          0.0000000000
   10.981000          0.0000000000
   10.982000          0.0000000000
   10.983000          0.0000000000
   10.984000          0.0000000000
   10.985000          0.0000000000
   10.986000          0.0000000000
   10.987000          0.0000000000
   10.988000          0.0000000000
   10.989000          0.0000000000
   10.990000          0.0000000000
   10.991000          0.0000000000
   10.992000          0.0000000000
   10.993000          0.0000000000
   10.994000          0.0000000000
   10.995000          0.0000000000
   10.996000          0.0000000000
   10.997000          0.0000000000
   10.998000          0.0000000000
   10.999000          0.0000000000
   11.000000          0.0000000000
   11.001000          0.0000000000
   11.002000          0.0000000000
   11.003000          0.0000000000
   11.004000          0.0000000000
   11.005000          0.0000000000
   11.006000          0.0000000000
   11.007000          0.0000000000
   11.008000          0.0000000000
   11.009000          0.0000000000
   11.010000          0.0000000000
   11.011000          0.0000000000
   11.012000          0.0000000000
   11.013000          0.0000000000
   11.014000          0.0000000000
   11.015000          0.0000000000
   11.016000          0.0000000000
   11.017000          0.0000000000
   11.018000          0.0000000000
   11.019000          0.0000000000
   11.020000          0.0000000000
   11.021000          0.0000000000
   11.022000          0.0000000000
   11.023000          0.0000000000
   11.024000          0.0000000000
   11.025000          0.0000000000
   11.026000          0.0000000000
   11.027000          0.0000000000
   11.028000          0.0000000000
   11.029000          0.0000000000
   11.030000          0.0000000000
   11.031000          0.0000000000
   11.032000          0.0000000000
   11.033000          0.0000000000
   11.034000          0.0000000000
   11.035000          0.0000000000
   11.036000          0.0000000000
   11.037000          0.0000000000
   11.038000          0.0000000000
   11.039000          0.0000000000
   11.040000          0.0000000000
   11.041000          0.0000000000
   11.042000          0.0000000000
   11.043000          0.0000000000
   11.044000          0.0000000000
   11.045000          0.0000000000
   11.046000          0.0000000000
   11.047000          0.0000000000
   11.048000          0.0000000000
   11.049000          0.0000000000
   11.050000          0.0000000000
   11.051000          0.0000000000
   11.052000          0.0000000000
   11.053000          0.0000000000
   11.054000          0.0000000000
   11.055000          0.0000000000
   11.056000          0.0000000000
   11.057000          0.0000000000
   11.058000          0.0000000000
   11.059000          0.0000000000
   11.060000          0.0000000000
   11.061000          0.0000000000
   11.062000          0.0000000000
   11.063000          0.0000000000
   11.064000          0.0000000000
   11.065000          0.0000000000
   11.066000          0.0000000000
   11.067000          0.0000000000
   11.068000          0.0000000000
   11.069000          0.0000000000
   11.070000          0.0000000000
   11.071000          0.0000000000
   11.072000          0.0000000000
   11.073000          0.0000000000
   11.074000          0.0000000000
   11.075000          0.0000000000
   11.076000          0.0000000000
   11.077000          0.0000000000
   11.078000          0.0000000000
   11.079000          0.0000000000
   11.080000          0.0000000000
   11.081000          0.0000000000
   11.082000          0.0000000000
   11.083000          0.0000000000
   11.084000          0.0000000000
   11.085000          0.0000000000
   11.086000          0.0000000000
   11.087000          0.0000000000
   11.088000          0.0000000000
   11.089000          0.0000000000
   11.090000          0.0000000000
   11.091000          0.0000000000
   11.092000          0.0000000000
   11.093000          0.0000000000
   11.094000          0.0000000000
   11.095000          0.0000000000
   11.096000          0.0000000000
   11.097000          0.0000000000
   11.098000          0.0000000000
   11.099000          0.0000000000
   11.100000          0.0000000000
   11.101000          0.0000000000
   11.102000          0.0000000000
   11.103000          0.0000000000
   11.104000          0.0000000000
   11.105000          0.0000000000
   11.106000          0.0000000000
   11.107000          0.0000000000
   11.108000          0.0000000000
   11.109000          0.0000000000
   11.110000          0.0000000000
   11.111000          0.0000000000
   11.112000          0.0000000000
   11.113000          0.0000000000
   11.114000          0.0000000000
   11.115000          0.0000000000
   11.116000          0.0000000000
   11.117000          0.0000000000
   11.118000          0.0000000000
   11.119000          0.0000000000
   11.120000          0.0000000000
   11.121000          0.0000000000
   11.122000          0.0000000000
   11.123000          0.0000000000
   11.124000          0.0000000000
   11.125000          0.0000000000
   11.126000          0.0000000000
   11.127000          0.0000000000
   11.128000          0.0000000000
   11.129000          0.0000000000
   11.130000          0.0000000000
   11.131000          0.0000000000
   11.132000          0.0000000000
   11.133000          0.0000000000
   11.134000          0.0000000000
   11.135000          0.0000000000
   11.136000          0.0000000000
   11.137000          0.0000000000
   11.138000          0.0000000000
   11.139000          0.0000000000
   11.140000          0.0000000000
   11.141000          0.0000000000
   11.142000          0.0000000000
   11.143000          0.0000000000
   11.144000          0.0000000000
   11.145000          0.0000000000
   11.146000          0.0000000000
   11.147000          0.0000000000
   11.148000          0.0000000000
   11.149000          0.0000000000
   11.150000          0.0000000000
   11.151000          0.0000000000
   11.152000          0.0000000000
   11.153000          0.0000000000
   11.154000          0.0000000000
   11.155000          0.0000000000
   11.156000          0.0000000000
   11.157000          0.0000000000
   11.158000          0.0000000000
   11.159000          0.0000000000
   11.160000          0.0000000000
   11.161000          0.0000000000
   11.162000          0.0000000000
   11.163000          0.0000000000
   11.164000          0.0000000000
   11.165000          0.0000000000
   11.166000          0.0000000000
   11.167000          0.0000000000
   11.168000          0.0000000000
   11.169000          0.0000000000
   11.170000          0.0000000000
   11.171000          0.0000000000
   11.172000          0.0000000000
   11.173000          0.0000000000
   11.174000          0.0000000000
   11.175000          0.0000000000
   11.176000          0.0000000000
   11.177000          0.0000000000
   11.178000          0.0000000000
   11.179000          0.0000000000
   11.180000          0.0000000000
   11.181000          0.0000000000
   11.182000          0.0000000000
   11.183000          0.0000000000
   11.184000          0.0000000000
   11.185000          0.0000000000
   11.186000          0.0000000000
   11.187000          0.0000000000
   11.188000          0.0000000000
   11.189000          0.0000000000
   11.190000          0.0000000000
   11.191000          0.0000000000
   11.192000          0.0000000000
   11.193000          0.0000000000
   11.194000          0.0000000000
   11.195000          0.0000000000
   11.196000          0.0000000000
   11.197000          0.0000000000
   11.198000          0.0000000000
   11.199000          0.0000000000
   11.200000          0.0000000000
   11.201000          0.0000000000
   11.202000          0.0000000000
   11.203000          0.0000000000
   11.204000          0.0000000000
   11.205000          0.0000000000
   11.206000          0.0000000000
   11.207000          0.0000000000
   11.208000          0.0000000000
   11.209000          0.0000000000
   11.210000          0.0000000000
   11.211000          0.0000000000
   11.212000          0.0000000000
   11.213000          0.0000000000
   11.214000          0.0000000000
   11.215000          0.0000000000
   11.216000          0.0000000000
   11.217000          0.0000000000
   11.218000          0.0000000000
   11.219000          0.0000000000
   11.220000          0.0000000000
   11.221000          0.0000000000
   11.222000          0.0000000000
   11.223000          0.0000000000
   11.224000          0.0000000000
   11.225000          0.0000000000
   11.226000          0.0000000000
   11.227000          0.0000000000
   11.228000          0.0000000000
   11.229000          0.0000000000
   11.230000          0.0000000000
   11.231000          0.0000000000
   11.232000          0.0000000000
   11.233000          0.0000000000
   11.234000          0.0000000000
   11.235000          0.0000000000
   11.236000          0.0000000000
   11.237000          0.0000000000
   11.238000          0.0000000000
   11.239000          0.0000000000
   11.240000          0.0000000000
   11.241000          0.0000000000
   11.242000          0.0000000000
   11.243000          0.0000000000
   11.244000          0.0000000000
   11.245000          0.0000000000
   11.246000          0.0000000000
   11.247000          0.0000000000
   11.248000          0.0000000000
   11.249000          0.0000000000
   11.250000          0.0000000000
   11.251000          0.0000000000
   11.252000          0.0000000000
   11.253000          0.0000000000
   11.254000          0.0000000000
   11.255000          0.0000000000
   11.256000          0.0000000000
   11.257000          0.0000000000
   11.258000          0.0000000000
   11.259000          0.0000000000
   11.260000          0.0000000000
   11.261000          0.0000000000
   11.262000          0.0000000000
   11.263000          0.0000000000
   11.264000          0.0000000000
   11.265000          0.0000000000
   11.266000          0.0000000000
   11.267000          0.0000000000
   11.268000          0.0000000000
   11.269000          0.0000000000
   11.270000          0.0000000000
   11.271000          0.0000000000
   11.272000          0.0000000000
   11.273000          0.0000000000
   11.274000          0.0000000000
   11.275000          0.0000000000
   11.276000          0.0000000000
   11.277000          0.0000000000
   11.278000          0.0000000000
   11.279000          0.0000000000
   11.280000          0.0000000000
   11.281000          0.0000000000
   11.282000          0.0000000000
   11.283000          0.0000000000
   11.284000          0.0000000000
   11.285000          0.0000000000
   11.286000          0.0000000000
   11.287000          0.0000000000
   11.288000          0.0000000000
   11.289000          0.0000000000
   11.290000          0.0000000000
   11.291000          0.0000000000
   11.292000          0.0000000000
   11.293000          0.0000000000
   11.294000          0.0000000000
   11.295000          0.0000000000
   11.296000          0.0000000000
   11.297000          0.0000000000
   11.298000          0.0000000000
   11.299000          0.0000000000
   11.300000          0.0000000000
   11.301000          0.0000000000
   11.302000          0.0000000000
   11.303000          0.0000000000
   11.304000          0.0000000000
   11.305000          0.0000000000
   11.306000          0.0000000000
   11.307000          0.0000000000
   11.308000          0.0000000000
   11.309000          0.0000000000
   11.310000          0.0000000000
   11.311000          0.0000000000
   11.312000          0.0000000000
   11.313000          0.0000000000
   11.314000          0.0000000000
   11.315000          0.0000000000
   11.316000          0.0000000000
   11.317000          0.0000000000
   11.318000          0.0000000000
   11.319000          0.0000000000
   11.320000          0.0000000000
   11.321000          0.0000000000
   11.322000          0.0000000000
   11.323000          0.0000000000
   11.324000          0.0000000000
   11.325000          0.0000000000
   11.326000          0.0000000000
   11.327000          0.0000000000
   11.328000          0.0000000000
   11.329000          0.0000000000
   11.330000          0.0000000000
   11.331000          0.0000000000
   11.332000          0.0000000000
   11.333000          0.0000000000
   11.334000          0.0000000000
   11.335000          0.0000000000
   11.336000          0.0000000000
   11.337000          0.0000000000
   11.338000          0.0000000000
   11.339000          0.0000000000
   11.340000          0.0000000000
   11.341000          0.0000000000
   11.342000          0.0000000000
   11.343000          0.0000000000
   11.344000          0.0000000000
   11.345000          0.0000000000
   11.346000          0.0000000000
   11.347000          0.0000000000
   11.348000          0.0000000000
   11.349000          0.0000000000
   11.350000          0.0000000000
   11.351000          0.0000000000
   11.352000          0.0000000000
   11.353000          0.0000000000
   11.354000          0.0000000000
   11.355000          0.0000000000
   11.356000          0.0000000000
   11.357000          0.0000000000
   11.358000          0.0000000000
   11.359000          0.0000000000
   11.360000          0.0000000000
   11.361000          0.0000000000
   11.362000          0.0000000000
   11.363000          0.0000000000
   11.364000          0.0000000000
   11.365000          0.0000000000
   11.366000          0.0000000000
   11.367000          0.0000000000
   11.368000          0.0000000000
   11.369000          0.0000000000
   11.370000          0.0000000000
   11.371000          0.0000000000
   11.372000          0.0000000000
   11.373000          0.0000000000
   11.374000          0.0000000000
   11.375000          0.0000000000
   11.376000          0.0000000000
   11.377000          0.0000000000
   11.378000          0.0000000000
   11.379000          0.0000000000
   11.380000          0.0000000000
   11.381000          0.0000000000
   11.382000          0.0000000000
   11.383000          0.0000000000
   11.384000          0.0000000000
   11.385000          0.0000000000
   11.386000          0.0000000000
   11.387000          0.0000000000
   11.388000          0.0000000000
   11.389000          0.0000000000
   11.390000          0.0000000000
   11.391000          0.0000000000
   11.392000          0.0000000000
   11.393000          0.0000000000
   11.394000          0.0000000000
   11.395000          0.0000000000
   11.396000          0.0000000000
   11.397000          0.0000000000
   11.398000          0.0000000000
   11.399000          0.0000000000
   11.400000          0.0000000000
   11.401000          0.0000000000
   11.402000          0.0000000000
   11.403000          0.0000000000
   11.404000          0.0000000000
   11.405000          0.0000000000
   11.406000          0.0000000000
   11.407000          0.0000000000
   11.408000          0.0000000000
   11.409000          0.0000000000
   11.410000          0.0000000000
   11.411000          0.0000000000
   11.412000          0.0000000000
   11.413000          0.0000000000
   11.414000          0.0000000000
   11.415000          0.0000000000
   11.416000          0.0000000000
   11.417000          0.0000000000
   11.418000          0.0000000000
   11.419000          0.0000000000
   11.420000          0.0000000000
   11.421000          0.0000000000
   11.422000          0.0000000000
   11.423000          0.0000000000
   11.424000          0.0000000000
   11.425000          0.0000000000
   11.426000          0.0000000000
   11.427000          0.0000000000
   11.428000          0.0000000000
   11.429000          0.0000000000
   11.430000          0.0000000000
   11.431000          0.0000000000
   11.432000          0.0000000000
   11.433000          0.0000000000
   11.434000          0.0000000000
   11.435000          0.0000000000
   11.436000          0.0000000000
   11.437000          0.0000000000
   11.438000          0.0000000000
   11.439000          0.0000000000
   11.440000          0.0000000000
   11.441000          0.0000000000
   11.442000          0.0000000000
   11.443000          0.0000000000
   11.444000          0.0000000000
   11.445000          0.0000000000
   11.446000          0.0000000000
   11.447000          0.0000000000
   11.448000          0.0000000000
   11.449000          0.0000000000
   11.450000          0.0000000000
   11.451000          0.0000000000
   11.452000          0.0000000000
   11.453000          0.0000000000
   11.454000          0.0000000000
   11.455000          0.0000000000
   11.456000          0.0000000000
   11.457000          0.0000000000
   11.458000          0.0000000000
   11.459000          0.0000000000
   11.460000          0.0000000000
   11.461000          0.0000000000
   11.462000          0.0000000000
   11.463000          0.0000000000
   11.464000          0.0000000000
   11.465000          0.0000000000
   11.466000          0.0000000000
   11.467000          0.0000000000
   11.468000          0.0000000000
   11.469000          0.0000000000
   11.470000          0.0000000000
   11.471000          0.0000000000
   11.472000          0.0000000000
   11.473000          0.0000000000
   11.474000          0.0000000000
   11.475000          0.0000000000
   11.476000          0.0000000000
   11.477000          0.0000000000
   11.478000          0.0000000000
   11.479000          0.0000000000
   11.480000          0.0000000000
   11.481000          0.0000000000
   11.482000          0.0000000000
   11.483000          0.0000000000
   11.484000          0.0000000000
   11.485000          0.0000000000
   11.486000          0.0000000000
   11.487000          0.0000000000
   11.488000          0.0000000000
   11.489000          0.0000000000
   11.490000          0.0000000000
   11.491000          0.0000000000
   11.492000          0.0000000000
   11.493000          0.0000000000
   11.494000          0.0000000000
   11.495000          0.0000000000
   11.496000          0.0000000000
   11.497000          0.0000000000
   11.498000          0.0000000000
   11.499000          0.0000000000
   11.500000          0.0000000000
   11.501000          0.0000000000
   11.502000          0.0000000000
   11.503000          0.0000000000
   11.504000          0.0000000000
   11.505000          0.0000000000
   11.506000          0.0000000000
   11.507000          0.0000000000
   11.508000          0.0000000000
   11.509000          0.0000000000
   11.510000          0.0000000000
   11.511000          0.0000000000
   11.512000          0.0000000000
   11.513000          0.0000000000
   11.514000          0.0000000000
   11.515000          0.0000000000
   11.516000          0.0000000000
   11.517000          0.0000000000
   11.518000          0.0000000000
   11.519000          0.0000000000
   11.520000          0.0000000000
   11.521000          0.0000000000
   11.522000          0.0000000000
   11.523000          0.0000000000
   11.524000          0.0000000000
   11.525000          0.0000000000
   11.526000          0.0000000000
   11.527000          0.0000000000
   11.528000          0.0000000000
   11.529000          0.0000000000
   11.530000          0.0000000000
   11.531000          0.0000000000
   11.532000          0.0000000000
   11.533000          0.0000000000
   11.534000          0.0000000000
   11.535000          0.0000000000
   11.536000          0.0000000000
   11.537000          0.0000000000
   11.538000          0.0000000000
   11.539000          0.0000000000
   11.540000          0.0000000000
   11.541000          0.0000000000
   11.542000          0.0000000000
   11.543000          0.0000000000
   11.544000          0.0000000000
   11.545000          0.0000000000
   11.546000          0.0000000000
   11.547000          0.0000000000
   11.548000          0.0000000000
   11.549000          0.0000000000
   11.550000          0.0000000000
   11.551000          0.0000000000
   11.552000          0.0000000000
   11.553000          0.0000000000
   11.554000          0.0000000000
   11.555000          0.0000000000
   11.556000          0.0000000000
   11.557000          0.0000000000
   11.558000          0.0000000000
   11.559000          0.0000000000
   11.560000          0.0000000000
   11.561000          0.0000000000
   11.562000          0.0000000000
   11.563000          0.0000000000
   11.564000          0.0000000000
   11.565000          0.0000000000
   11.566000          0.0000000000
   11.567000          0.0000000000
   11.568000          0.0000000000
   11.569000          0.0000000000
   11.570000          0.0000000000
   11.571000          0.0000000000
   11.572000          0.0000000000
   11.573000          0.0000000000
   11.574000          0.0000000000
   11.575000          0.0000000000
   11.576000          0.0000000000
   11.577000          0.0000000000
   11.578000          0.0000000000
   11.579000          0.0000000000
   11.580000          0.0000000000
   11.581000          0.0000000000
   11.582000          0.0000000000
   11.583000          0.0000000000
   11.584000          0.0000000000
   11.585000          0.0000000000
   11.586000          0.0000000000
   11.587000          0.0000000000
   11.588000          0.0000000000
   11.589000          0.0000000000
   11.590000          0.0000000000
   11.591000          0.0000000000
   11.592000          0.0000000000
   11.593000          0.0000000000
   11.594000          0.0000000000
   11.595000          0.0000000000
   11.596000          0.0000000000
   11.597000          0.0000000000
   11.598000          0.0000000000
   11.599000          0.0000000000
   11.600000          0.0000000000
   11.601000          0.0000000000
   11.602000          0.0000000000
   11.603000          0.0000000000
   11.604000          0.0000000000
   11.605000          0.0000000000
   11.606000          0.0000000000
   11.607000          0.0000000000
   11.608000          0.0000000000
   11.609000          0.0000000000
   11.610000          0.0000000000
   11.611000          0.0000000000
   11.612000          0.0000000000
   11.613000          0.0000000000
   11.614000          0.0000000000
   11.615000          0.0000000000
   11.616000          0.0000000000
   11.617000          0.0000000000
   11.618000          0.0000000000
   11.619000          0.0000000000
   11.620000          0.0000000000
   11.621000          0.0000000000
   11.622000          0.0000000000
   11.623000          0.0000000000
   11.624000          0.0000000000
   11.625000          0.0000000000
   11.626000          0.0000000000
   11.627000          0.0000000000
   11.628000          0.0000000000
   11.629000          0.0000000000
   11.630000          0.0000000000
   11.631000          0.0000000000
   11.632000          0.0000000000
   11.633000          0.0000000000
   11.634000          0.0000000000
   11.635000          0.0000000000
   11.636000          0.0000000000
   11.637000          0.0000000000
   11.638000          0.0000000000
   11.639000          0.0000000000
   11.640000          0.0000000000
   11.641000          0.0000000000
   11.642000          0.0000000000
   11.643000          0.0000000000
   11.644000          0.0000000000
   11.645000          0.0000000000
   11.646000          0.0000000000
   11.647000          0.0000000000
   11.648000          0.0000000000
   11.649000          0.0000000000
   11.650000          0.0000000000
   11.651000          0.0000000000
   11.652000          0.0000000000
   11.653000          0.0000000000
   11.654000          0.0000000000
   11.655000          0.0000000000
   11.656000          0.0000000000
   11.657000          0.0000000000
   11.658000          0.0000000000
   11.659000          0.0000000000
   11.660000          0.0000000000
   11.661000          0.0000000000
   11.662000          0.0000000000
   11.663000          0.0000000000
   11.664000          0.0000000000
   11.665000          0.0000000000
   11.666000          0.0000000000
   11.667000          0.0000000000
   11.668000          0.0000000000
   11.669000          0.0000000000
   11.670000          0.0000000000
   11.671000          0.0000000000
   11.672000          0.0000000000
   11.673000          0.0000000000
   11.674000          0.0000000000
   11.675000          0.0000000000
   11.676000          0.0000000000
   11.677000          0.0000000000
   11.678000          0.0000000000
   11.679000          0.0000000000
   11.680000          0.0000000000
   11.681000          0.0000000000
   11.682000          0.0000000000
   11.683000          0.0000000000
   11.684000          0.0000000000
   11.685000          0.0000000000
   11.686000          0.0000000000
   11.687000          0.0000000000
   11.688000          0.0000000000
   11.689000          0.0000000000
   11.690000          0.0000000000
   11.691000          0.0000000000
   11.692000          0.0000000000
   11.693000          0.0000000000
   11.694000          0.0000000000
   11.695000          0.0000000000
   11.696000          0.0000000000
   11.697000          0.0000000000
   11.698000          0.0000000000
   11.699000          0.0000000000
   11.700000          0.0000000000
   11.701000          0.0000000000
   11.702000          0.0000000000
   11.703000          0.0000000000
   11.704000          0.0000000000
   11.705000          0.0000000000
   11.706000          0.0000000000
   11.707000          0.0000000000
   11.708000          0.0000000000
   11.709000          0.0000000000
   11.710000          0.0000000000
   11.711000          0.0000000000
   11.712000          0.0000000000
   11.713000          0.0000000000
   11.714000          0.0000000000
   11.715000          0.0000000000
   11.716000          0.0000000000
   11.717000          0.0000000000
   11.718000          0.0000000000
   11.719000          0.0000000000
   11.720000          0.0000000000
   11.721000          0.0000000000
   11.722000          0.0000000000
   11.723000          0.0000000000
   11.724000          0.0000000000
   11.725000          0.0000000000
   11.726000          0.0000000000
   11.727000          0.0000000000
   11.728000          0.0000000000
   11.729000          0.0000000000
   11.730000          0.0000000000
   11.731000          0.0000000000
   11.732000          0.0000000000
   11.733000          0.0000000000
   11.734000          0.0000000000
   11.735000          0.0000000000
   11.736000          0.0000000000
   11.737000          0.0000000000
   11.738000          0.0000000000
   11.739000          0.0000000000
   11.740000          0.0000000000
   11.741000          0.0000000000
   11.742000          0.0000000000
   11.743000          0.0000000000
   11.744000          0.0000000000
   11.745000          0.0000000000
   11.746000          0.0000000000
   11.747000          0.0000000000
   11.748000          0.0000000000
   11.749000          0.0000000000
   11.750000          0.0000000000
   11.751000          0.0000000000
   11.752000          0.0000000000
   11.753000          0.0000000000
   11.754000          0.0000000000
   11.755000          0.0000000000
   11.756000          0.0000000000
   11.757000          0.0000000000
   11.758000          0.0000000000
   11.759000          0.0000000000
   11.760000          0.0000000000
   11.761000          0.0000000000
   11.762000          0.0000000000
   11.763000          0.0000000000
   11.764000          0.0000000000
   11.765000          0.0000000000
   11.766000          0.0000000000
   11.767000          0.0000000000
   11.768000          0.0000000000
   11.769000          0.0000000000
   11.770000          0.0000000000
   11.771000          0.0000000000
   11.772000          0.0000000000
   11.773000          0.0000000000
   11.774000          0.0000000000
   11.775000          0.0000000000
   11.776000          0.0000000000
   11.777000          0.0000000000
   11.778000          0.0000000000
   11.779000          0.0000000000
   11.780000          0.0000000000
   11.781000          0.0000000000
   11.782000          0.0000000000
   11.783000          0.0000000000
   11.784000          0.0000000000
   11.785000          0.0000000000
   11.786000          0.0000000000
   11.787000          0.0000000000
   11.788000          0.0000000000
   11.789000          0.0000000000
   11.790000          0.0000000000
   11.791000          0.0000000000
   11.792000          0.0000000000
   11.793000          0.0000000000
   11.794000          0.0000000000
   11.795000          0.0000000000
   11.796000          0.0000000000
   11.797000          0.0000000000
   11.798000          0.0000000000
   11.799000          0.0000000000
   11.800000          0.0000000000
   11.801000          0.0000000000
   11.802000          0.0000000000
   11.803000          0.0000000000
   11.804000          0.0000000000
   11.805000          0.0000000000
   11.806000          0.0000000000
   11.807000          0.0000000000
   11.808000          0.0000000000
   11.809000          0.0000000000
   11.810000          0.0000000000
   11.811000          0.0000000000
   11.812000          0.0000000000
   11.813000          0.0000000000
   11.814000          0.0000000000
   11.815000          0.0000000000
   11.816000          0.0000000000
   11.817000          0.0000000000
   11.818000          0.0000000000
   11.819000          0.0000000000
   11.820000          0.0000000000
   11.821000          0.0000000000
   11.822000          0.0000000000
   11.823000          0.0000000000
   11.824000          0.0000000000
   11.825000          0.0000000000
   11.826000          0.0000000000
   11.827000          0.0000000000
   11.828000          0.0000000000
   11.829000          0.0000000000
   11.830000          0.0000000000
   11.831000          0.0000000000
   11.832000          0.0000000000
   11.833000          0.0000000000
   11.834000          0.0000000000
   11.835000          0.0000000000
   11.836000          0.0000000000
   11.837000          0.0000000000
   11.838000          0.0000000000
   11.839000          0.0000000000
   11.840000          0.0000000000
   11.841000          0.0000000000
   11.842000          0.0000000000
   11.843000          0.0000000000
   11.844000          0.0000000000
   11.845000          0.0000000000
   11.846000          0.0000000000
   11.847000          0.0000000000
   11.848000          0.0000000000
   11.849000          0.0000000000
   11.850000          0.0000000000
   11.851000          0.0000000000
   11.852000          0.0000000000
   11.853000          0.0000000000
   11.854000          0.0000000000
   11.855000          0.0000000000
   11.856000          0.0000000000
   11.857000          0.0000000000
   11.858000          0.0000000000
   11.859000          0.0000000000
   11.860000          0.0000000000
   11.861000          0.0000000000
   11.862000          0.0000000000
   11.863000          0.0000000000
   11.864000          0.0000000000
   11.865000          0.0000000000
   11.866000          0.0000000000
   11.867000          0.0000000000
   11.868000          0.0000000000
   11.869000          0.0000000000
   11.870000          0.0000000000
   11.871000          0.0000000000
   11.872000          0.0000000000
   11.873000          0.0000000000
   11.874000          0.0000000000
   11.875000          0.0000000000
   11.876000          0.0000000000
   11.877000          0.0000000000
   11.878000          0.0000000000
   11.879000          0.0000000000
   11.880000          0.0000000000
   11.881000          0.0000000000
   11.882000          0.0000000000
   11.883000          0.0000000000
   11.884000          0.0000000000
   11.885000          0.0000000000
   11.886000          0.0000000000
   11.887000          0.0000000000
   11.888000          0.0000000000
   11.889000          0.0000000000
   11.890000          0.0000000000
   11.891000          0.0000000000
   11.892000          0.0000000000
   11.893000          0.0000000000
   11.894000          0.0000000000
   11.895000          0.0000000000
   11.896000          0.0000000000
   11.897000          0.0000000000
   11.898000          0.0000000000
   11.899000          0.0000000000
   11.900000          0.0000000000
   11.901000          0.0000000000
   11.902000          0.0000000000
   11.903000          0.0000000000
   11.904000          0.0000000000
   11.905000          0.0000000000
   11.906000          0.0000000000
   11.907000          0.0000000000
   11.908000          0.0000000000
   11.909000          0.0000000000
   11.910000          0.0000000000
   11.911000          0.0000000000
   11.912000          0.0000000000
   11.913000          0.0000000000
   11.914000          0.0000000000
   11.915000          0.0000000000
   11.916000          0.0000000000
   11.917000          0.0000000000
   11.918000          0.0000000000
   11.919000          0.0000000000
   11.920000          0.0000000000
   11.921000          0.0000000000
   11.922000          0.0000000000
   11.923000          0.0000000000
   11.924000          0.0000000000
   11.925000          0.0000000000
   11.926000          0.0000000000
   11.927000          0.0000000000
   11.928000          0.0000000000
   11.929000          0.0000000000
   11.930000          0.0000000000
   11.931000          0.0000000000
   11.932000          0.0000000000
   11.933000          0.0000000000
   11.934000          0.0000000000
   11.935000          0.0000000000
   11.936000          0.0000000000
   11.937000          0.0000000000
   11.938000          0.0000000000
   11.939000          0.0000000000
   11.940000          0.0000000000
   11.941000          0.0000000000
   11.942000          0.0000000000
   11.943000          0.0000000000
   11.944000          0.0000000000
   11.945000          0.0000000000
   11.946000          0.0000000000
   11.947000          0.0000000000
   11.948000          0.0000000000
   11.949000          0.0000000000
   11.950000          0.0000000000
   11.951000          0.0000000000
   11.952000          0.0000000000
   11.953000          0.0000000000
   11.954000          0.0000000000
   11.955000          0.0000000000
   11.956000          0.0000000000
   11.957000          0.0000000000
   11.958000          0.0000000000
   11.959000          0.0000000000
   11.960000          0.0000000000
   11.961000          0.0000000000
   11.962000          0.0000000000
   11.963000          0.0000000000
   11.964000          0.0000000000
   11.965000          0.0000000000
   11.966000          0.0000000000
   11.967000          0.0000000000
   11.968000          0.0000000000
   11.969000          0.0000000000
   11.970000          0.0000000000
   11.971000          0.0000000000
   11.972000          0.0000000000
   11.973000          0.0000000000
   11.974000          0.0000000000
   11.975000          0.0000000000
   11.976000          0.0000000000
   11.977000          0.0000000000
   11.978000          0.0000000000
   11.979000          0.0000000000
   11.980000          0.0000000000
   11.981000          0.0000000000
   11.982000          0.0000000000
   11.983000          0.0000000000
   11.984000          0.0000000000
   11.985000          0.0000000000
   11.986000          0.0000000000
   11.987000          0.0000000000
   11.988000          0.0000000000
   11.989000          0.0000000000
   11.990000          0.0000000000
   11.991000          0.0000000000
   11.992000          0.0000000000
   11.993000          0.0000000000
   11.994000          0.0000000000
   11.995000          0.0000000000
   11.996000          0.0000000000
   11.997000          0.0000000000
   11.998000          0.0000000000
   11.999000          0.0000000000
   12.000000          0.0000000000
